candidate_id,jurisdiction,title,year_start,year_end,year_text,inquiry_family,discovery_source,candidate_page,verification_status,recommendation_tracking_status,notes
rc-candidate-0001,Commonwealth,"Royal Commission appointed to inquire into and report upon the arrangements made for the transport of troops returning from service in South Africa in the S.S. ""Drayton Grange"" (1902)",1902,1902,1902,royal_commission,https://en.wikipedia.org/wiki/List_of_Australian_royal_commissions,,candidate_unverified,not_assessed,
rc-candidate-0002,Commonwealth,Royal Commission on sites for the seat of government of the Commonwealth (1903),1903,1903,1903,royal_commission,https://en.wikipedia.org/wiki/List_of_Australian_royal_commissions,,candidate_unverified,not_assessed,
rc-candidate-0003,Commonwealth,Royal Commission on the Bonuses for Manufactures Bill (1903–1904),1903,1904,1903–1904,royal_commission,https://en.wikipedia.org/wiki/List_of_Australian_royal_commissions,,candidate_unverified,not_assessed,
rc-candidate-0004,Commonwealth,Royal Commission on the butter industry (1904–1905),1904,1905,1904–1905,royal_commission,https://en.wikipedia.org/wiki/List_of_Australian_royal_commissions,,candidate_unverified,not_assessed,
rc-candidate-0005,Commonwealth,Royal Commission on the Navigation Bill (1904–1906),1904,1906,1904–1906,royal_commission,https://en.wikipedia.org/wiki/List_of_Australian_royal_commissions,,candidate_unverified,not_assessed,
rc-candidate-0006,Commonwealth,"Royal Commission on the affray at Goaribari Island, British New Guinea, on 6 March 1904 (1904)",1904,1904,1904 1904,royal_commission,https://en.wikipedia.org/wiki/List_of_Australian_royal_commissions,https://en.wikipedia.org/wiki/Goaribari_Island,candidate_unverified,not_assessed,
rc-candidate-0007,Commonwealth,Royal Commission on customs and excise tariffs (1904–1907),1904,1907,1904–1907,royal_commission,https://en.wikipedia.org/wiki/List_of_Australian_royal_commissions,,candidate_unverified,not_assessed,
rc-candidate-0008,Commonwealth,Royal Commission on old-age pensions (1905–1906),1905,1906,1905–1906,royal_commission,https://en.wikipedia.org/wiki/List_of_Australian_royal_commissions,,candidate_unverified,not_assessed,
rc-candidate-0009,Commonwealth,Royal Commission on the tobacco monopoly (1905–1906),1905,1906,1905–1906,royal_commission,https://en.wikipedia.org/wiki/List_of_Australian_royal_commissions,,candidate_unverified,not_assessed,
rc-candidate-0010,Commonwealth,Royal Commission on ocean shipping service (1906),1906,1906,1906,royal_commission,https://en.wikipedia.org/wiki/List_of_Australian_royal_commissions,,candidate_unverified,not_assessed,
rc-candidate-0011,Commonwealth,"British New Guinea—Royal Commission of inquiry into the present conditions, including the method of government, of the Territory of Papua, and the best means of their improvement (1906–1907)",1906,1907,1906–1907,royal_commission,https://en.wikipedia.org/wiki/List_of_Australian_royal_commissions,,candidate_unverified,not_assessed,
rc-candidate-0012,Commonwealth,"Royal Commission on secret drugs, cures, and foods (1906–1907)",1906,1907,1906–1907,royal_commission,https://en.wikipedia.org/wiki/List_of_Australian_royal_commissions,,candidate_unverified,not_assessed,
rc-candidate-0013,Commonwealth,Royal Commission on postal services (1908–1910),1908,1910,1908–1910,royal_commission,https://en.wikipedia.org/wiki/List_of_Australian_royal_commissions,,candidate_unverified,not_assessed,
rc-candidate-0014,Commonwealth,Royal Commission on insurance (1908–1910),1908,1910,1908–1910,royal_commission,https://en.wikipedia.org/wiki/List_of_Australian_royal_commissions,,candidate_unverified,not_assessed,
rc-candidate-0015,Commonwealth,Royal Commission on stripper harvesters and drills (1908–1909),1908,1909,1908–1909,royal_commission,https://en.wikipedia.org/wiki/List_of_Australian_royal_commissions,,candidate_unverified,not_assessed,
rc-candidate-0016,Commonwealth,Royal Commission on Tasmanian customs leakage (1910–1911),1910,1911,1910–1911,royal_commission,https://en.wikipedia.org/wiki/List_of_Australian_royal_commissions,,candidate_unverified,not_assessed,
rc-candidate-0017,Commonwealth,Royal Commission on the sugar industry (1911–1912),1911,1912,1911–1912,royal_commission,https://en.wikipedia.org/wiki/List_of_Australian_royal_commissions,,candidate_unverified,not_assessed,
rc-candidate-0018,Commonwealth,Royal Commission on the pearl-shelling industry (1912–1916),1912,1916,1912–1916,royal_commission,https://en.wikipedia.org/wiki/List_of_Australian_royal_commissions,,candidate_unverified,not_assessed,
rc-candidate-0019,Commonwealth,Royal Commission on the fruit industry (1912–1914),1912,1914,1912–1914,royal_commission,https://en.wikipedia.org/wiki/List_of_Australian_royal_commissions,,candidate_unverified,not_assessed,
rc-candidate-0020,Commonwealth,Royal Commission appointed to inquire into certain charges against Mr. Henry Chinn (1913),1913,1913,1913,royal_commission,https://en.wikipedia.org/wiki/List_of_Australian_royal_commissions,,candidate_unverified,not_assessed,
rc-candidate-0021,Commonwealth,Royal Commission on Northern Territory railways and ports (1913–1914),1913,1914,1913–1914,royal_commission,https://en.wikipedia.org/wiki/List_of_Australian_royal_commissions,,candidate_unverified,not_assessed,
rc-candidate-0022,Commonwealth,Royal Commission on powellised timber (1913–1914),1913,1914,1913–1914,royal_commission,https://en.wikipedia.org/wiki/List_of_Australian_royal_commissions,,candidate_unverified,not_assessed,
rc-candidate-0023,Commonwealth,Royal Commission upon the Commonwealth electoral law and administration (1914–1915),1914,1915,1914–1915,royal_commission,https://en.wikipedia.org/wiki/List_of_Australian_royal_commissions,,candidate_unverified,not_assessed,
rc-candidate-0024,Commonwealth,Royal Commission on meat export trade (1914),1914,1914,1914,royal_commission,https://en.wikipedia.org/wiki/List_of_Australian_royal_commissions,,candidate_unverified,not_assessed,
rc-candidate-0025,Commonwealth,Royal Commission on food supplies and trade and industry during the war (1914),1914,1914,1914,royal_commission,https://en.wikipedia.org/wiki/List_of_Australian_royal_commissions,,candidate_unverified,not_assessed,
rc-candidate-0026,Commonwealth,Royal Commission on mail services and trade development between Australia and the New Hebrides (1915),1915,1915,1915,royal_commission,https://en.wikipedia.org/wiki/List_of_Australian_royal_commissions,,candidate_unverified,not_assessed,
rc-candidate-0027,Commonwealth,"Royal Commission on Liverpool Military Camp, New South Wales (1915)",1915,1915,1915,royal_commission,https://en.wikipedia.org/wiki/List_of_Australian_royal_commissions,,candidate_unverified,not_assessed,
rc-candidate-0028,Commonwealth,Royal Commission on the charges made by D. L. Gilchrist concerning the construction of the western section of the Kalgoorlie to Port Augusta Railway (1916),1916,1916,1916,royal_commission,https://en.wikipedia.org/wiki/List_of_Australian_royal_commissions,,candidate_unverified,not_assessed,
rc-candidate-0029,Commonwealth,Royal Commission to inquire into and report upon certain charges against the Administrator and other officers of the Northern Territory Administration (1916),1916,1916,1916,royal_commission,https://en.wikipedia.org/wiki/List_of_Australian_royal_commissions,,candidate_unverified,not_assessed,
rc-candidate-0030,Commonwealth,Royal Commission on Federal Capital Administration (1916–1917),1916,1917,1916–1917,royal_commission,https://en.wikipedia.org/wiki/List_of_Australian_royal_commissions,,candidate_unverified,not_assessed,
rc-candidate-0031,Commonwealth,"Royal Commission on Java and the East Indies, Singapore and the Straits Settlements (1917–1918)",1917,1918,1917–1918,royal_commission,https://en.wikipedia.org/wiki/List_of_Australian_royal_commissions,,candidate_unverified,not_assessed,
rc-candidate-0032,Commonwealth,Royal Commission on Navy and Defence Administration (1917–1919),1917,1919,1917–1919,royal_commission,https://en.wikipedia.org/wiki/List_of_Australian_royal_commissions,,candidate_unverified,not_assessed,
rc-candidate-0033,Commonwealth,Royal Commission on the war—Australian Imperial Force. Report as to number of members fit for active service and number of reinforcements and enlistments required (1918),1918,1918,1918,royal_commission,https://en.wikipedia.org/wiki/List_of_Australian_royal_commissions,,candidate_unverified,not_assessed,
rc-candidate-0034,Commonwealth,"Royal Commission on Public Service administration, Commonwealth of Australia (1918–1920)",1918,1920,1918–1920,royal_commission,https://en.wikipedia.org/wiki/List_of_Australian_royal_commissions,,candidate_unverified,not_assessed,
rc-candidate-0035,Commonwealth,Royal Commission upon the public expenditure of the Commonwealth of Australia with a view to effecting economies (1918–1921),1918,1921,1918–1921,royal_commission,https://en.wikipedia.org/wiki/List_of_Australian_royal_commissions,,candidate_unverified,not_assessed,
rc-candidate-0036,Commonwealth,Royal Commission on taxation of leasehold estates in Crown lands (1918–1919),1918,1919,1918–1919,royal_commission,https://en.wikipedia.org/wiki/List_of_Australian_royal_commissions,,candidate_unverified,not_assessed,
rc-candidate-0037,Commonwealth,Royal Commission on the sugar industry (1919–1920),1919,1920,1919–1920,royal_commission,https://en.wikipedia.org/wiki/List_of_Australian_royal_commissions,,candidate_unverified,not_assessed,
rc-candidate-0038,Commonwealth,Royal Commission on industrial troubles on Melbourne wharfs (1919–1920),1919,1920,1919–1920,royal_commission,https://en.wikipedia.org/wiki/List_of_Australian_royal_commissions,,candidate_unverified,not_assessed,
rc-candidate-0039,Commonwealth,Royal Commission on late German New Guinea (1919–1920),1919,1920,1919–1920,royal_commission,https://en.wikipedia.org/wiki/List_of_Australian_royal_commissions,,candidate_unverified,not_assessed,
rc-candidate-0040,Commonwealth,"Royal Commission to inquire into complaints by the munition worker passengers to Australia by the transport ""Bahia Castillo"" (1919)",1919,1919,1919,royal_commission,https://en.wikipedia.org/wiki/List_of_Australian_royal_commissions,,candidate_unverified,not_assessed,
rc-candidate-0041,Commonwealth,Royal Commission on Northern Territory Administration (1919–1920),1919,1920,1919–1920,royal_commission,https://en.wikipedia.org/wiki/List_of_Australian_royal_commissions,,candidate_unverified,not_assessed,
rc-candidate-0042,Commonwealth,Royal Commission on the basic wage (1919–1920),1919,1920,1919–1920,royal_commission,https://en.wikipedia.org/wiki/List_of_Australian_royal_commissions,,candidate_unverified,not_assessed,
rc-candidate-0043,Commonwealth,Royal Commission on taxation (1920–1923),1920,1923,1920–1923,royal_commission,https://en.wikipedia.org/wiki/List_of_Australian_royal_commissions,,candidate_unverified,not_assessed,
rc-candidate-0044,Commonwealth,Royal Commission on the increase of the selling price of coal (1920),1920,1920,1920,royal_commission,https://en.wikipedia.org/wiki/List_of_Australian_royal_commissions,,candidate_unverified,not_assessed,
rc-candidate-0045,Commonwealth,,,,,royal_commission,https://en.wikipedia.org/wiki/List_of_Australian_royal_commissions,,candidate_unverified,not_assessed,
rc-candidate-0046,Commonwealth,Royal Commission on the matter of uniform railway gauge (1921),1921,1921,1921,royal_commission,https://en.wikipedia.org/wiki/List_of_Australian_royal_commissions,https://en.wikipedia.org/wiki/Royal_Commission_on_the_matter_of_uniform_railway_gauge,candidate_unverified,not_assessed,
rc-candidate-0047,Commonwealth,Royal Commission on pillaging of ships' cargoes (1921),1921,1921,1921,royal_commission,https://en.wikipedia.org/wiki/List_of_Australian_royal_commissions,,candidate_unverified,not_assessed,
rc-candidate-0048,Commonwealth,Royal Commission on Cockatoo Island Dockyard (1921),1921,1921,1921,royal_commission,https://en.wikipedia.org/wiki/List_of_Australian_royal_commissions,,candidate_unverified,not_assessed,
rc-candidate-0049,Commonwealth,Royal Commission upon the loyalty to the British Crown of German Nationals resident in Australia whose property is liable to a charge created by the Treaty of Peace Regulations made under the Treaty of Peace (Germany) Act 1919–1920 (1921),1919,1921,1919–1920 1921,royal_commission,https://en.wikipedia.org/wiki/List_of_Australian_royal_commissions,,candidate_unverified,not_assessed,
rc-candidate-0050,Commonwealth,"Royal Commission on the circumstances attending the supposed loss at sea of the steamship ""Sumatra"" (1923)",1923,1923,1923,royal_commission,https://en.wikipedia.org/wiki/List_of_Australian_royal_commissions,,candidate_unverified,not_assessed,
rc-candidate-0051,Commonwealth,"Royal Commission in connection with sugar purchases by the Commonwealth through Mr. W. E. Davies in September and October, 1920 (1923–1924)",1920,1924,1920 1923–1924,royal_commission,https://en.wikipedia.org/wiki/List_of_Australian_royal_commissions,,candidate_unverified,not_assessed,
rc-candidate-0052,Commonwealth,"Royal Commission in connection with joinery supplied to the War Service Homes Commissioner in March, 1920 (1923–1924)",1920,1924,1920 1923–1924,royal_commission,https://en.wikipedia.org/wiki/List_of_Australian_royal_commissions,,candidate_unverified,not_assessed,
rc-candidate-0053,Commonwealth,Royal Commission on the Navigation Act (1923–1925),1923,1925,1923–1925,royal_commission,https://en.wikipedia.org/wiki/List_of_Australian_royal_commissions,,candidate_unverified,not_assessed,
rc-candidate-0054,Commonwealth,Royal Commission on national insurance (1923–1927),1923,1927,1923–1927,royal_commission,https://en.wikipedia.org/wiki/List_of_Australian_royal_commissions,https://en.wikipedia.org/wiki/Royal_Commission_on_national_insurance,candidate_unverified,not_assessed,
rc-candidate-0055,Commonwealth,Royal Commission on the method for determining the unimproved value of land held under Crown leases (1924–1925),1924,1925,1924–1925,royal_commission,https://en.wikipedia.org/wiki/List_of_Australian_royal_commissions,,candidate_unverified,not_assessed,
rc-candidate-0056,Commonwealth,Royal Commission on the assessment of war service disabilities (1924–1925),1924,1925,1924–1925,royal_commission,https://en.wikipedia.org/wiki/List_of_Australian_royal_commissions,,candidate_unverified,not_assessed,
rc-candidate-0057,Commonwealth,"Royal Commission to inquire into extracts from the reports in Parliamentary Debates of speeches made by Mr. Scullin in the House of Representatives on 7 and 19 August 1924, in relation to land tax matters (1924–1925)",1924,1925,1924 1924–1925,royal_commission,https://en.wikipedia.org/wiki/List_of_Australian_royal_commissions,,candidate_unverified,not_assessed,
rc-candidate-0058,Commonwealth,"Royal Commission on the finances of Western Australia, as affected by Federation (1924–1925)",1924,1925,1924–1925,royal_commission,https://en.wikipedia.org/wiki/List_of_Australian_royal_commissions,,candidate_unverified,not_assessed,
rc-candidate-0059,Commonwealth,Royal Commission on health (1925–1926),1925,1926,1925–1926,royal_commission,https://en.wikipedia.org/wiki/List_of_Australian_royal_commissions,,candidate_unverified,not_assessed,
rc-candidate-0060,Commonwealth,Royal Commission on Norfolk Island affairs (1926),1926,1926,1926,royal_commission,https://en.wikipedia.org/wiki/List_of_Australian_royal_commissions,,candidate_unverified,not_assessed,
rc-candidate-0061,Commonwealth,Royal Commission on certain matters in connexion with the British Phosphate Commission (1926),1926,1926,1926,royal_commission,https://en.wikipedia.org/wiki/List_of_Australian_royal_commissions,,candidate_unverified,not_assessed,
rc-candidate-0062,Commonwealth,Royal Commission on wireless (1927),1927,1927,1927,royal_commission,https://en.wikipedia.org/wiki/List_of_Australian_royal_commissions,,candidate_unverified,not_assessed,
rc-candidate-0063,Commonwealth,Royal Commission on the Edie Creek (New Guinea) leases (1927),1927,1927,1927,royal_commission,https://en.wikipedia.org/wiki/List_of_Australian_royal_commissions,,candidate_unverified,not_assessed,
rc-candidate-0064,Commonwealth,Royal Commission on the Moving Picture Industry in Australia (1927–1928),1927,1928,1927–1928,royal_commission,https://en.wikipedia.org/wiki/List_of_Australian_royal_commissions,https://en.wikipedia.org/wiki/Royal_Commission_on_the_Moving_Picture_Industry_in_Australia,candidate_unverified,not_assessed,
rc-candidate-0065,Commonwealth,Royal Commission on the Constitution (1927–1929),1927,1929,1927–1929,royal_commission,https://en.wikipedia.org/wiki/List_of_Australian_royal_commissions,,candidate_unverified,not_assessed,
rc-candidate-0066,Commonwealth,Royal Commission on child endowment or family allowances (1927–1929),1927,1929,1927–1929,royal_commission,https://en.wikipedia.org/wiki/List_of_Australian_royal_commissions,,candidate_unverified,not_assessed,
rc-candidate-0067,Commonwealth,Royal Commission of inquiry into fatalities at Bundaberg (1928),1928,1928,1928,royal_commission,https://en.wikipedia.org/wiki/List_of_Australian_royal_commissions,https://en.wikipedia.org/wiki/Bundaberg_tragedy,candidate_unverified,not_assessed,
rc-candidate-0068,Commonwealth,Royal Commission appointed to inquire into statements in the press in regard to offers alleged to have been made to members to resign seats in the Federal Parliament (1928),1928,1928,1928,royal_commission,https://en.wikipedia.org/wiki/List_of_Australian_royal_commissions,,candidate_unverified,not_assessed,
rc-candidate-0069,Commonwealth,"Royal Commission on the finances of South Australia, as affected by Federation (1928–1929)",1928,1929,1928–1929,royal_commission,https://en.wikipedia.org/wiki/List_of_Australian_royal_commissions,,candidate_unverified,not_assessed,
rc-candidate-0070,Commonwealth,Royal Commission on the coal industry (1929),1929,1929,1929,royal_commission,https://en.wikipedia.org/wiki/List_of_Australian_royal_commissions,,candidate_unverified,not_assessed,
rc-candidate-0071,Commonwealth,Royal Commission appointed to inquire into allegations affecting members of the Parliamentary Joint Committee of Public Accounts in connexion with claims made by broadcasting companies against the Commonwealth Government (1930),1930,1930,1930,royal_commission,https://en.wikipedia.org/wiki/List_of_Australian_royal_commissions,,candidate_unverified,not_assessed,
rc-candidate-0072,Commonwealth,Royal Commission on Jacob Johnson (1931),1931,1931,1931,royal_commission,https://en.wikipedia.org/wiki/List_of_Australian_royal_commissions,,candidate_unverified,not_assessed,
rc-candidate-0073,Commonwealth,Royal Commission on performing rights (1932–1933),1932,1933,1932–1933,royal_commission,https://en.wikipedia.org/wiki/List_of_Australian_royal_commissions,,candidate_unverified,not_assessed,
rc-candidate-0074,Commonwealth,Royal Commission on taxation (1932–1934),1932,1934,1932–1934,royal_commission,https://en.wikipedia.org/wiki/List_of_Australian_royal_commissions,,candidate_unverified,not_assessed,
rc-candidate-0075,Commonwealth,Royal Commission on mineral oils and petrol and other products of mineral oils (1933–1935),1933,1935,1933–1935,royal_commission,https://en.wikipedia.org/wiki/List_of_Australian_royal_commissions,,candidate_unverified,not_assessed,
rc-candidate-0076,Commonwealth,"Royal Commission on the wheat, flour and bread industries (1934–1936)",1934,1936,1934–1936,royal_commission,https://en.wikipedia.org/wiki/List_of_Australian_royal_commissions,,candidate_unverified,not_assessed,
rc-candidate-0077,Commonwealth,Royal Commission appointed to inquire into and report upon the circumstances associated with the retirement of Lieutenant-Commander Alan Dermot Casey from the Royal Australian Navy (1934),1934,1934,1934,royal_commission,https://en.wikipedia.org/wiki/List_of_Australian_royal_commissions,,candidate_unverified,not_assessed,
rc-candidate-0078,Commonwealth,Royal Commission appointed to inquire into the monetary and banking systems at present in operation in Australia (1935–1937),1935,1937,1935–1937,royal_commission,https://en.wikipedia.org/wiki/List_of_Australian_royal_commissions,,candidate_unverified,not_assessed,
rc-candidate-0079,Commonwealth,Royal Commission on doctors' remuneration for national insurance service and other contract practice (1938),1938,1938,1938,royal_commission,https://en.wikipedia.org/wiki/List_of_Australian_royal_commissions,,candidate_unverified,not_assessed,
rc-candidate-0080,Commonwealth,"Royal Commission regarding the contract for the erection of additions to the General Post Office, Sydney (1939)",1939,1939,1939,royal_commission,https://en.wikipedia.org/wiki/List_of_Australian_royal_commissions,"https://en.wikipedia.org/wiki/Royal_Commission_regarding_the_contract_for_the_erection_of_additions_to_the_General_Post_Office,_Sydney",candidate_unverified,not_assessed,
rc-candidate-0081,Commonwealth,"Royal Commission to inquire into and report upon the contract or contracts with Abbco Bread Co. Pty. Limited for the supply of bread to the Department of the Army, and other matters (1941)",1941,1941,1941,royal_commission,https://en.wikipedia.org/wiki/List_of_Australian_royal_commissions,,candidate_unverified,not_assessed,
rc-candidate-0082,Commonwealth,"Royal Commission to inquire into circumstances under which certain public monies were used and to whom, and for what purposes such moneys were paid (1941)",1941,1941,1941,royal_commission,https://en.wikipedia.org/wiki/List_of_Australian_royal_commissions,https://en.wikipedia.org/wiki/Winkler_case,candidate_unverified,not_assessed,
rc-candidate-0083,Commonwealth,"Royal Commission in the matter of an inquiry into a statement that there was a document missing from the official files in relation to ""The Brisbane Line"" (1943)",1943,1943,1943,royal_commission,https://en.wikipedia.org/wiki/List_of_Australian_royal_commissions,https://en.wikipedia.org/wiki/Brisbane_Line,candidate_unverified,not_assessed,
rc-candidate-0084,Commonwealth,"Royal Commission to inquire into and report upon certain transactions of the Sydney Land Sales Control Office, and the Canberra Land Sales Control Office of the Treasury (1947)",1947,1947,1947,royal_commission,https://en.wikipedia.org/wiki/List_of_Australian_royal_commissions,,candidate_unverified,not_assessed,
rc-candidate-0085,Commonwealth,Royal Commission appointed to inquire into certain transactions in relation to timber rights in the Territory of Papua-New Guinea (1949),1949,1949,1949,royal_commission,https://en.wikipedia.org/wiki/List_of_Australian_royal_commissions,,candidate_unverified,not_assessed,
rc-candidate-0086,Commonwealth,Royal Commission on the Port Augusta to Alice Springs Railway (1951–1952),1951,1952,1951–1952,royal_commission,https://en.wikipedia.org/wiki/List_of_Australian_royal_commissions,,candidate_unverified,not_assessed,
rc-candidate-0087,Commonwealth,Royal Commission on television (1953–1954),1953,1954,1953–1954,royal_commission,https://en.wikipedia.org/wiki/List_of_Australian_royal_commissions,,candidate_unverified,not_assessed,
rc-candidate-0088,Commonwealth,Royal Commission on Espionage (1954–1955),1954,1955,1954–1955,royal_commission,https://en.wikipedia.org/wiki/List_of_Australian_royal_commissions,https://en.wikipedia.org/wiki/Royal_Commission_on_Espionage,candidate_unverified,not_assessed,
rc-candidate-0089,Commonwealth,Royal Commission on alleged improper practices and improper refusal to co-operate with the Victoria Police Force on the part of persons employed in the Postmaster-General's Department in Victoria in relation to illegal gambling (1962–1963),1962,1963,1962–1963,royal_commission,https://en.wikipedia.org/wiki/List_of_Australian_royal_commissions,,candidate_unverified,not_assessed,
rc-candidate-0090,Commonwealth,Royal Commission on loss of HMAS Voyager (1964),1964,1964,1964,royal_commission,https://en.wikipedia.org/wiki/List_of_Australian_royal_commissions,https://en.wikipedia.org/wiki/Royal_Commission_on_loss_of_HMAS_Voyager,candidate_unverified,not_assessed,
rc-candidate-0091,Commonwealth,Royal Commission on the statement of Lieutenant Commander Cabban and matters incidental thereto (1967–1968),1967,1968,1967–1968,royal_commission,https://en.wikipedia.org/wiki/List_of_Australian_royal_commissions,https://en.wikipedia.org/wiki/Royal_Commission_on_the_statement_of_Lieutenant_Commander_Cabban_and_matters_incidental_thereto,candidate_unverified,not_assessed,
rc-candidate-0092,Commonwealth,Royal Commission into Exploratory and Production Drilling for Petroleum in the Area of the Great Barrier Reef (1970–1974),1970,1974,1970–1974,royal_commission,https://en.wikipedia.org/wiki/List_of_Australian_royal_commissions,,candidate_unverified,not_assessed,
rc-candidate-0093,Commonwealth,Aboriginal Land Rights Commission (1973–1974),1973,1974,1973–1974,royal_commission,https://en.wikipedia.org/wiki/List_of_Australian_royal_commissions,https://en.wikipedia.org/wiki/Aboriginal_Land_Rights_Commission,candidate_unverified,not_assessed,
rc-candidate-0094,Commonwealth,Australian Post Office Commission of inquiry (1973–1974),1973,1974,1973–1974,commission_of_inquiry,https://en.wikipedia.org/wiki/List_of_Australian_royal_commissions,,candidate_unverified,not_assessed,
rc-candidate-0095,Commonwealth,Commission of inquiry into land tenures (1973–1976),1973,1976,1973–1976,commission_of_inquiry,https://en.wikipedia.org/wiki/List_of_Australian_royal_commissions,,candidate_unverified,not_assessed,
rc-candidate-0096,Commonwealth,National Estate Committee of Inquiry (1973-1974),1973,1974,1973-1974,royal_commission,https://en.wikipedia.org/wiki/List_of_Australian_royal_commissions,,candidate_unverified,not_assessed,
rc-candidate-0097,Commonwealth,Royal Commission on petroleum (1973–1976),1973,1976,1973–1976,royal_commission,https://en.wikipedia.org/wiki/List_of_Australian_royal_commissions,,candidate_unverified,not_assessed,
rc-candidate-0098,Commonwealth,Commission of Inquiry into the maritime industry (1973–1976),1973,1976,1973–1976,commission_of_inquiry,https://en.wikipedia.org/wiki/List_of_Australian_royal_commissions,,candidate_unverified,not_assessed,
rc-candidate-0099,Commonwealth,Independent Inquiry into Frequency Modulation Broadcasting (1973–1974),1973,1974,1973–1974,royal_commission,https://en.wikipedia.org/wiki/List_of_Australian_royal_commissions,https://en.wikipedia.org/wiki/Independent_Inquiry_into_Frequency_Modulation_Broadcasting,candidate_unverified,not_assessed,
rc-candidate-0100,Commonwealth,Commission of Inquiry into transport to and from Tasmania (1974–1976),1974,1976,1974–1976,commission_of_inquiry,https://en.wikipedia.org/wiki/List_of_Australian_royal_commissions,,candidate_unverified,not_assessed,
rc-candidate-0101,Commonwealth,Royal Commission on Australian Government Administration (1974–1976),1974,1976,1974–1976,royal_commission,https://en.wikipedia.org/wiki/List_of_Australian_royal_commissions,,candidate_unverified,not_assessed,
rc-candidate-0102,Commonwealth,Royal Commission on Human Relationships (1974–1978),1974,1978,1974–1978,royal_commission,https://en.wikipedia.org/wiki/List_of_Australian_royal_commissions,https://en.wikipedia.org/wiki/Royal_Commission_on_Human_Relationships,candidate_unverified,not_assessed,
rc-candidate-0103,Commonwealth,Royal Commission on Intelligence and Security (1974–1977),1974,1977,1974–1977,royal_commission,https://en.wikipedia.org/wiki/List_of_Australian_royal_commissions,https://en.wikipedia.org/wiki/Royal_Commission_on_Intelligence_and_Security,candidate_unverified,not_assessed,
rc-candidate-0104,Commonwealth,Royal Commission into alleged payments to maritime unions (1974–1976),1974,1976,1974–1976,royal_commission,https://en.wikipedia.org/wiki/List_of_Australian_royal_commissions,,candidate_unverified,not_assessed,
rc-candidate-0105,Commonwealth,Royal Commission to inquire into and report upon certain incidents in which Aborigines were involved in the Laverton area (1975–1976),1975,1976,1975–1976,royal_commission,https://en.wikipedia.org/wiki/List_of_Australian_royal_commissions,,candidate_unverified,not_assessed,
rc-candidate-0106,Commonwealth,Royal Commission on Norfolk Island (1975–1976),1975,1976,1975–1976,royal_commission,https://en.wikipedia.org/wiki/List_of_Australian_royal_commissions,,candidate_unverified,not_assessed,
rc-candidate-0107,Commonwealth,Australian Royal Commission of inquiry into drugs (1977–1980),1977,1980,1977–1980,royal_commission,https://en.wikipedia.org/wiki/List_of_Australian_royal_commissions,,candidate_unverified,not_assessed,
rc-candidate-0108,Commonwealth,"Royal Commission of inquiry into matters in relation to electoral redistribution Queensland, 1977 (1978)",1977,1978,1977 1978,royal_commission,https://en.wikipedia.org/wiki/List_of_Australian_royal_commissions,,candidate_unverified,not_assessed,
rc-candidate-0109,Commonwealth,Commission of inquiry into the efficiency and administration of hospitals (1979–1981),1979,1981,1979–1981,commission_of_inquiry,https://en.wikipedia.org/wiki/List_of_Australian_royal_commissions,,candidate_unverified,not_assessed,
rc-candidate-0110,Commonwealth,Commission of inquiry into the viability of the Christmas Island phosphate industry (1979–1980),1979,1980,1979–1980,commission_of_inquiry,https://en.wikipedia.org/wiki/List_of_Australian_royal_commissions,,candidate_unverified,not_assessed,
rc-candidate-0111,Commonwealth,Royal Commission on the activities of the Federated Ship Painters and Dockers Union (1980–1984),1980,1984,1980–1984,royal_commission,https://en.wikipedia.org/wiki/List_of_Australian_royal_commissions,https://en.wikipedia.org/wiki/Royal_Commission_on_the_activities_of_the_Federated_Ship_Painters_and_Dockers_Union,candidate_unverified,not_assessed,
rc-candidate-0112,Commonwealth,Royal Commission of Inquiry into Drug Trafficking (1981–1983),1981,1983,1981–1983,royal_commission,https://en.wikipedia.org/wiki/List_of_Australian_royal_commissions,https://en.wikipedia.org/wiki/Royal_Commission_of_Inquiry_into_Drug_Trafficking,candidate_unverified,not_assessed,
rc-candidate-0113,Commonwealth,Royal Commission into the activities of the Australian Building Construction Employees' and Builders Labourers' Federation (1981–1982),1981,1982,1981–1982,royal_commission,https://en.wikipedia.org/wiki/List_of_Australian_royal_commissions,https://en.wikipedia.org/wiki/Builders_Labourers_Federation,candidate_unverified,not_assessed,
rc-candidate-0114,Commonwealth,Royal Commission into Australian meat industry (1981–1982),1981,1982,1981–1982,royal_commission,https://en.wikipedia.org/wiki/List_of_Australian_royal_commissions,https://en.wikipedia.org/wiki/Australian_meat_substitution_scandal,candidate_unverified,not_assessed,
rc-candidate-0115,Commonwealth,Royal Commission of Inquiry into the activities of the Nugan Hand Group (1983–1985),1983,1985,1983–1985,royal_commission,https://en.wikipedia.org/wiki/List_of_Australian_royal_commissions,https://en.wikipedia.org/wiki/Royal_Commission_of_Inquiry_into_the_activities_of_the_Nugan_Hand_Group,candidate_unverified,not_assessed,
rc-candidate-0116,Commonwealth,Royal Commission on the use and effects of chemical agents on Australian personnel in Vietnam (1983–1985),1983,1985,1983–1985,royal_commission,https://en.wikipedia.org/wiki/List_of_Australian_royal_commissions,,candidate_unverified,not_assessed,
rc-candidate-0117,Commonwealth,Royal Commission on Australia's security and intelligence agencies (1983–1985),1983,1985,1983–1985,royal_commission,https://en.wikipedia.org/wiki/List_of_Australian_royal_commissions,,candidate_unverified,not_assessed,
rc-candidate-0118,Commonwealth,Commission of inquiry into compensation arising from social security conspiracy prosecutions (1984–1986),1984,1986,1984–1986,commission_of_inquiry,https://en.wikipedia.org/wiki/List_of_Australian_royal_commissions,,candidate_unverified,not_assessed,
rc-candidate-0119,Commonwealth,Royal Commission into British nuclear tests in Australia (1984–1985),1984,1985,1984–1985,royal_commission,https://en.wikipedia.org/wiki/List_of_Australian_royal_commissions,https://en.wikipedia.org/wiki/McClelland_Royal_Commission,candidate_unverified,not_assessed,
rc-candidate-0120,Commonwealth,Royal Commission of inquiry into alleged telephone interceptions (1985–1986),1985,1986,1985–1986,royal_commission,https://en.wikipedia.org/wiki/List_of_Australian_royal_commissions,,candidate_unverified,not_assessed,
rc-candidate-0121,Commonwealth,Royal Commission of inquiry into the Chamberlain convictions (1986–1987),1986,1987,1986–1987,royal_commission,https://en.wikipedia.org/wiki/List_of_Australian_royal_commissions,https://en.wikipedia.org/wiki/Death_of_Azaria_Chamberlain,candidate_unverified,not_assessed,
rc-candidate-0122,Commonwealth,"Royal Commission into grain storage, handling and transport (1986–1988)",1986,1988,1986–1988,royal_commission,https://en.wikipedia.org/wiki/List_of_Australian_royal_commissions,,candidate_unverified,not_assessed,
rc-candidate-0123,Commonwealth,Royal Commission into Aboriginal Deaths in Custody (1987–1991),1987,1991,1987–1991,royal_commission,https://en.wikipedia.org/wiki/List_of_Australian_royal_commissions,https://en.wikipedia.org/wiki/Royal_Commission_into_Aboriginal_Deaths_in_Custody,candidate_unverified,not_assessed,
rc-candidate-0124,Commonwealth,Commission of inquiry into the Australian Secret Intelligence Service (1994–1995),1994,1995,1994–1995,commission_of_inquiry,https://en.wikipedia.org/wiki/List_of_Australian_royal_commissions,,candidate_unverified,not_assessed,
rc-candidate-0125,Commonwealth,Royal Commission of inquiry into the leasing by the Commonwealth of accommodation in Centenary House (1994),1994,1994,1994,royal_commission,https://en.wikipedia.org/wiki/List_of_Australian_royal_commissions,,candidate_unverified,not_assessed,
rc-candidate-0126,Commonwealth,Commission of Inquiry into the relations between the CAA and Seaview Air (1994–1996),1994,1996,1994–1996,commission_of_inquiry,https://en.wikipedia.org/wiki/List_of_Australian_royal_commissions,,candidate_unverified,not_assessed,
rc-candidate-0127,Commonwealth,Royal Commission into HIH Insurance (2001–2003),2001,2003,2001–2003,royal_commission,https://en.wikipedia.org/wiki/List_of_Australian_royal_commissions,https://en.wikipedia.org/wiki/Royal_Commission_into_HIH_Insurance,candidate_unverified,not_assessed,
rc-candidate-0128,Commonwealth,Royal Commission into the Building and Construction Industry (2001–2003),2001,2003,2001–2003,royal_commission,https://en.wikipedia.org/wiki/List_of_Australian_royal_commissions,https://en.wikipedia.org/wiki/Royal_Commission_into_the_Building_and_Construction_Industry,candidate_unverified,not_assessed,
rc-candidate-0129,Commonwealth,Royal Commission to Inquire into the Centenary House Lease (2004),2004,2004,2004,royal_commission,https://en.wikipedia.org/wiki/List_of_Australian_royal_commissions,,candidate_unverified,not_assessed,
rc-candidate-0130,Commonwealth,Inquiry into certain Australian companies in relation to the UN Oil-For-Food Programme (2005–2006),2005,2006,2005–2006,royal_commission,https://en.wikipedia.org/wiki/List_of_Australian_royal_commissions,https://en.wikipedia.org/wiki/Cole_Inquiry,candidate_unverified,not_assessed,
rc-candidate-0131,Commonwealth,Equine Influenza Inquiry (2008),2008,2008,2008,royal_commission,https://en.wikipedia.org/wiki/List_of_Australian_royal_commissions,,candidate_unverified,not_assessed,
rc-candidate-0132,Commonwealth,Royal Commission into Institutional Responses to Child Sexual Abuse (2013–2017),2013,2017,2013–2017,royal_commission,https://en.wikipedia.org/wiki/List_of_Australian_royal_commissions,https://en.wikipedia.org/wiki/Royal_Commission_into_Institutional_Responses_to_Child_Sexual_Abuse,candidate_unverified,not_assessed,
rc-candidate-0133,Commonwealth,Royal Commission into the Home Insulation Program (2013–2014),2013,2014,2013–2014,royal_commission,https://en.wikipedia.org/wiki/List_of_Australian_royal_commissions,https://en.wikipedia.org/wiki/Royal_Commission_into_the_Home_Insulation_Program,candidate_unverified,not_assessed,
rc-candidate-0134,Commonwealth,Royal Commission into Trade Union Governance and Corruption (2014–2015),2014,2015,2014–2015,royal_commission,https://en.wikipedia.org/wiki/List_of_Australian_royal_commissions,https://en.wikipedia.org/wiki/Royal_Commission_into_Trade_Union_Governance_and_Corruption,candidate_unverified,not_assessed,
rc-candidate-0135,Commonwealth,Royal Commission into the Child Protection and Youth Detention Systems of the Government of the Northern Territory (2016–2017),2016,2017,2016–2017,royal_commission,https://en.wikipedia.org/wiki/List_of_Australian_royal_commissions,https://en.wikipedia.org/wiki/Royal_Commission_into_the_Child_Protection_and_Youth_Detention_Systems_of_the_Government_of_the_Northern_Territory,candidate_unverified,not_assessed,
rc-candidate-0136,Commonwealth,"Royal Commission into Misconduct in the Banking, Superannuation and Financial Services Industry (2017–2019)",2017,2019,2017–2019,royal_commission,https://en.wikipedia.org/wiki/List_of_Australian_royal_commissions,"https://en.wikipedia.org/wiki/Royal_Commission_into_Misconduct_in_the_Banking,_Superannuation_and_Financial_Services_Industry",candidate_unverified,not_assessed,
rc-candidate-0137,Commonwealth,Royal Commission into Aged Care Quality and Safety (2018–2021),2018,2021,2018–2021,royal_commission,https://en.wikipedia.org/wiki/List_of_Australian_royal_commissions,https://en.wikipedia.org/wiki/Royal_Commission_into_Aged_Care_Quality_and_Safety,candidate_unverified,not_assessed,
rc-candidate-0138,Commonwealth,"Royal Commission into Violence, Abuse, Neglect and Exploitation of People with Disability (2019–2023)",2019,2023,2019–2023,royal_commission,https://en.wikipedia.org/wiki/List_of_Australian_royal_commissions,"https://en.wikipedia.org/wiki/Royal_Commission_into_Violence,_Abuse,_Neglect_and_Exploitation_of_People_with_Disability",candidate_unverified,not_assessed,
rc-candidate-0139,Commonwealth,Royal Commission into National Natural Disaster Arrangements (2020),2020,2020,2020,royal_commission,https://en.wikipedia.org/wiki/List_of_Australian_royal_commissions,https://en.wikipedia.org/wiki/Royal_Commission_into_National_Natural_Disaster_Arrangements,candidate_unverified,not_assessed,
rc-candidate-0140,Commonwealth,Royal Commission into the Robodebt Scheme (2022–2023),2022,2023,2022–2023,royal_commission,https://en.wikipedia.org/wiki/List_of_Australian_royal_commissions,https://en.wikipedia.org/wiki/Royal_Commission_into_the_Robodebt_Scheme,candidate_unverified,not_assessed,
rc-candidate-0141,Commonwealth,Royal Commission into Defence and Veteran Suicide (2021–2024),2021,2024,2021–2024,royal_commission,https://en.wikipedia.org/wiki/List_of_Australian_royal_commissions,https://en.wikipedia.org/wiki/Royal_Commission_into_Defence_and_Veteran_Suicide,candidate_unverified,not_assessed,
rc-candidate-0142,Commonwealth,Royal Commission on Antisemitism and Social Cohesion (2026–),2026,2026,2026,royal_commission,https://en.wikipedia.org/wiki/List_of_Australian_royal_commissions,https://en.wikipedia.org/wiki/Royal_Commission_on_Antisemitism_and_Social_Cohesion,candidate_unverified,not_assessed,
rc-candidate-0143,New South Wales,Royal Commission of Inquiry into the Condition of the Harbour of Port Jackson (1865–1866),1865,1866,1865–1866,royal_commission,https://en.wikipedia.org/wiki/List_of_New_South_Wales_royal_commissions,,candidate_unverified,not_assessed,
rc-candidate-0144,New South Wales,"Royal Commission to enquire into crime in the Braidwood District (1867) (Clarke brothers, bushrangers)",1867,1867,1867,royal_commission,https://en.wikipedia.org/wiki/List_of_New_South_Wales_royal_commissions,https://en.wikipedia.org/wiki/Clarke_brothers,candidate_unverified,not_assessed,
rc-candidate-0145,New South Wales,"Royal Commission of Enquiry into certain charges referred against and by Mr Farrand, Police Magistrate and Mr Parker, Clerk of Petty Sessions, at Forbes (c. 1868–c. 1869)",1868,1869,1868 1869,royal_commission,https://en.wikipedia.org/wiki/List_of_New_South_Wales_royal_commissions,,candidate_unverified,not_assessed,
rc-candidate-0146,New South Wales,"Royal Commission of Enquiry into certain cases of Alleged Kidnapping of Natives of the Loyalty Islands, in the years 1865–1868; and the state and probable results of Polynesian Immigration (1869)",1865,1869,1865–1868 1869,royal_commission,https://en.wikipedia.org/wiki/List_of_New_South_Wales_royal_commissions,,candidate_unverified,not_assessed,
rc-candidate-0147,New South Wales,Royal Commission of Inquiry into the Working of the present Gold Fields Act and Regulations of New South Wales and into the best means of securing a permanent water supply for the Gold Fields of the Colony (1870–1871),1870,1871,1870–1871,royal_commission,https://en.wikipedia.org/wiki/List_of_New_South_Wales_royal_commissions,,candidate_unverified,not_assessed,
rc-candidate-0148,New South Wales,"Royal Commission appointed to inquire into and report upon the working and management of the public charities of the Colony (""Royal Commission into Public Charities""), (1873)",1873,1873,1873,royal_commission,https://en.wikipedia.org/wiki/List_of_New_South_Wales_royal_commissions,,candidate_unverified,not_assessed,
rc-candidate-0149,New South Wales,"Royal Commission on Oyster Culture (""Oyster Culture Commission""), (1876–1877)",1876,1877,1876–1877,royal_commission,https://en.wikipedia.org/wiki/List_of_New_South_Wales_royal_commissions,,candidate_unverified,not_assessed,
rc-candidate-0150,New South Wales,"Royal Commission to inquire into and report upon the general management and discipline of the gaol at Berrima (""Berrima Gaol Inquiry Commission""), (1878)",1878,1878,1878,royal_commission,https://en.wikipedia.org/wiki/List_of_New_South_Wales_royal_commissions,https://en.wikipedia.org/wiki/Berrima_Gaol,candidate_unverified,not_assessed,
rc-candidate-0151,New South Wales,Royal Commission to inquire into and report upon the working of the Real Property Acts (1879),1879,1879,1879,royal_commission,https://en.wikipedia.org/wiki/List_of_New_South_Wales_royal_commissions,,candidate_unverified,not_assessed,
rc-candidate-0152,New South Wales,Royal Commission of Inquiry into the conduct of Frederick William Meymott (1880),1880,1880,1880,royal_commission,https://en.wikipedia.org/wiki/List_of_New_South_Wales_royal_commissions,,candidate_unverified,not_assessed,
rc-candidate-0153,New South Wales,"Royal Commission of Inquiry into the Management of the Quarantine Station North Head and the hulk Faraway (""Rendell Royal Commission""), (1881)",1881,1881,1881,royal_commission,https://en.wikipedia.org/wiki/List_of_New_South_Wales_royal_commissions,https://en.wikipedia.org/wiki/North_Head_Quarantine_Station,candidate_unverified,not_assessed,
rc-candidate-0154,New South Wales,"Royal Commission to inquire into the working of the laws and regulations, and to the arrangement made from time to time for the establishment and maintenance of the military forces of New South Wales (""Military Defences Inquiry Commission""), (1881)",1881,1881,1881,royal_commission,https://en.wikipedia.org/wiki/List_of_New_South_Wales_royal_commissions,,candidate_unverified,not_assessed,
rc-candidate-0155,New South Wales,"Royal Commission to inquire into the expenditure and distribution of £17,100 to the Milburn Creek Copper-mining Company limited.",,,,royal_commission,https://en.wikipedia.org/wiki/List_of_New_South_Wales_royal_commissions,,candidate_unverified,not_assessed,
rc-candidate-0156,New South Wales,"Royal Commission into the working of the Friendly Societies Act, 37 Vic. No.4 (1881–1882)",1881,1882,1881–1882,royal_commission,https://en.wikipedia.org/wiki/List_of_New_South_Wales_royal_commissions,,candidate_unverified,not_assessed,
rc-candidate-0157,New South Wales,Royal Commission on Noxious and Offensive Trades (1882),1882,1882,1882,royal_commission,https://en.wikipedia.org/wiki/List_of_New_South_Wales_royal_commissions,,candidate_unverified,not_assessed,
rc-candidate-0158,New South Wales,Royal Commission on the Conservation of Water (1884–1887),1884,1887,1884–1887,royal_commission,https://en.wikipedia.org/wiki/List_of_New_South_Wales_royal_commissions,,candidate_unverified,not_assessed,
rc-candidate-0159,New South Wales,Royal Commission on Collieries (1886),1886,1886,1886,royal_commission,https://en.wikipedia.org/wiki/List_of_New_South_Wales_royal_commissions,,candidate_unverified,not_assessed,
rc-candidate-0160,New South Wales,Royal Commission into the Bulli Colliery Explosion (1887),1887,1887,1887,royal_commission,https://en.wikipedia.org/wiki/List_of_New_South_Wales_royal_commissions,https://en.wikipedia.org/wiki/Bulli_mine_disaster,candidate_unverified,not_assessed,
rc-candidate-0161,New South Wales,Theatres Royal Commission (1887),1887,1887,1887,royal_commission,https://en.wikipedia.org/wiki/List_of_New_South_Wales_royal_commissions,,candidate_unverified,not_assessed,
rc-candidate-0162,New South Wales,Cox Royal Commission (1888),1888,1888,1888,royal_commission,https://en.wikipedia.org/wiki/List_of_New_South_Wales_royal_commissions,,candidate_unverified,not_assessed,
rc-candidate-0163,New South Wales,Royal Commission into the alleged tampering with letters of John Deasy (1889),1889,1889,1889,royal_commission,https://en.wikipedia.org/wiki/List_of_New_South_Wales_royal_commissions,,candidate_unverified,not_assessed,
rc-candidate-0164,New South Wales,"Royal Commission into alleged unfitness of William Meeke Fehon for appointment as one of the Commissioners for Railways (""Fehon Inquiry Commission""), (1889)",1889,1889,1889,royal_commission,https://en.wikipedia.org/wiki/List_of_New_South_Wales_royal_commissions,https://en.wikipedia.org/wiki/William_Meeke_Fehon,candidate_unverified,not_assessed,
rc-candidate-0165,New South Wales,Royal Commission on Strikes (1890–1891),1890,1891,1890–1891,royal_commission,https://en.wikipedia.org/wiki/List_of_New_South_Wales_royal_commissions,,candidate_unverified,not_assessed,
rc-candidate-0166,New South Wales,Darley Royal Commission (1891),1891,1891,1891,royal_commission,https://en.wikipedia.org/wiki/List_of_New_South_Wales_royal_commissions,https://en.wikipedia.org/wiki/Wikipedia:Please_clarify,candidate_unverified,not_assessed,
rc-candidate-0167,New South Wales,"Royal Commission on Alleged Chinese Gambling and Immorality (""Manning Royal Commission""), (1891)",1891,1891,1891,royal_commission,https://en.wikipedia.org/wiki/List_of_New_South_Wales_royal_commissions,,candidate_unverified,not_assessed,
rc-candidate-0168,New South Wales,Royal Commission on City and Suburban Railways (1890–1891),1890,1891,1890–1891,royal_commission,https://en.wikipedia.org/wiki/List_of_New_South_Wales_royal_commissions,,candidate_unverified,not_assessed,
rc-candidate-0169,New South Wales,"Royal Commission appointed to inquire into the charges against Mr. E.M.G. Eddy, the Chief Commissioner of Railways (1892)",1892,1892,1892,royal_commission,https://en.wikipedia.org/wiki/List_of_New_South_Wales_royal_commissions,https://en.wikipedia.org/wiki/Edward_Miller_Gard_Eddy,candidate_unverified,not_assessed,
rc-candidate-0170,New South Wales,Royal Commission of inquiry into the alleged defectiveness and unsuitability of the Baldwin Locomotives (1892),1892,1892,1892,royal_commission,https://en.wikipedia.org/wiki/List_of_New_South_Wales_royal_commissions,,candidate_unverified,not_assessed,
rc-candidate-0171,New South Wales,"Royal Commission of Inquiry into the Civil Service (""Littlejohn Royal Commission""), (1894–1895)",1894,1895,1894–1895,royal_commission,https://en.wikipedia.org/wiki/List_of_New_South_Wales_royal_commissions,,candidate_unverified,not_assessed,
rc-candidate-0172,New South Wales,Royal Commission into the Working of the Deeds and Search Branch of the Registrar-General's Department (1893),1893,1893,1893,royal_commission,https://en.wikipedia.org/wiki/List_of_New_South_Wales_royal_commissions,,candidate_unverified,not_assessed,
rc-candidate-0173,New South Wales,Royal Commission of Inquiry into the Coal Mining Regulation Bill (1895),1895,1895,1895,royal_commission,https://en.wikipedia.org/wiki/List_of_New_South_Wales_royal_commissions,,candidate_unverified,not_assessed,
rc-candidate-0174,New South Wales,"Royal Commission of Inquiry into the case of George Dean (""George Dean Royal Commission""), (1895)",1895,1895,1895,royal_commission,https://en.wikipedia.org/wiki/List_of_New_South_Wales_royal_commissions,https://en.wikipedia.org/wiki/Royal_Commission_of_Inquiry_into_the_case_of_George_Dean,candidate_unverified,not_assessed,
rc-candidate-0175,New South Wales,"Royal Commission of Inquiry into the case of Mr Charles Herbert Battye, Inspector of Conditional Purchases, charged with having accepted a bribe (1896)",1896,1896,1896,royal_commission,https://en.wikipedia.org/wiki/List_of_New_South_Wales_royal_commissions,,candidate_unverified,not_assessed,
rc-candidate-0176,New South Wales,Royal Commission on City Railway Extension (1896–1897),1896,1897,1896–1897,royal_commission,https://en.wikipedia.org/wiki/List_of_New_South_Wales_royal_commissions,,candidate_unverified,not_assessed,
rc-candidate-0177,New South Wales,Royal Commission into the Albert mining district (1897),1897,1897,1897,royal_commission,https://en.wikipedia.org/wiki/List_of_New_South_Wales_royal_commissions,,candidate_unverified,not_assessed,
rc-candidate-0178,New South Wales,Royal Commission of Inquiry into the cause of the dangers to which vessels carrying coal are said to be peculiarly liable (1896–1897),1896,1897,1896–1897,royal_commission,https://en.wikipedia.org/wiki/List_of_New_South_Wales_royal_commissions,,candidate_unverified,not_assessed,
rc-candidate-0179,New South Wales,Royal Commission of Inquiry into the Management of the Metropolitan Water and Sewerage Board (1897),1897,1897,1897,royal_commission,https://en.wikipedia.org/wiki/List_of_New_South_Wales_royal_commissions,https://en.wikipedia.org/wiki/Metropolitan_Water_and_Sewerage_Board,candidate_unverified,not_assessed,
rc-candidate-0180,New South Wales,"Royal Commission of Inquiry into the Institution for the Blind, Strathfield (1897–1898)",1897,1898,1897–1898,royal_commission,https://en.wikipedia.org/wiki/List_of_New_South_Wales_royal_commissions,,candidate_unverified,not_assessed,
rc-candidate-0181,New South Wales,Royal Commission of Inquiry into the Management of the Marine Board (1897),1897,1897,1897,royal_commission,https://en.wikipedia.org/wiki/List_of_New_South_Wales_royal_commissions,,candidate_unverified,not_assessed,
rc-candidate-0182,New South Wales,"Royal Commission of Inquiry into charges by Robert Henry Levien, Esquire, M.P., against certain members of the Legislative Assembly (1898)",1898,1898,1898,royal_commission,https://en.wikipedia.org/wiki/List_of_New_South_Wales_royal_commissions,https://en.wikipedia.org/wiki/Robert_Henry_Levien,candidate_unverified,not_assessed,
rc-candidate-0183,New South Wales,"Royal Commission of Inquiry into certain allegations concerning the conduct of the Honourable James Henry Young, Secretary for Public Works, during the recent Election for the Hastings and the Macleay Electorate, and into the circumstances and proceedings (1898)",1898,1898,1898,royal_commission,https://en.wikipedia.org/wiki/List_of_New_South_Wales_royal_commissions,https://en.wikipedia.org/wiki/James_Henry_Young,candidate_unverified,not_assessed,
rc-candidate-0184,New South Wales,Royal Commission on Sites for the Seat of Government of the Commonwealth (1899–1900),1899,1900,1899–1900,royal_commission,https://en.wikipedia.org/wiki/List_of_New_South_Wales_royal_commissions,,candidate_unverified,not_assessed,
rc-candidate-0185,New South Wales,Royal Commission of Inquiry into certain questions relating to the conduct of Mr James Roberts as Tramway Manager (1900),1900,1900,1900,royal_commission,https://en.wikipedia.org/wiki/List_of_New_South_Wales_royal_commissions,,candidate_unverified,not_assessed,
rc-candidate-0186,New South Wales,Royal Commission of Inquiry into the case of William Creswell (1900),1900,1900,1900,royal_commission,https://en.wikipedia.org/wiki/List_of_New_South_Wales_royal_commissions,,candidate_unverified,not_assessed,
rc-candidate-0187,New South Wales,"Royal Commission of Inquiry into certain charges preferred against Sub-Treasurer Fowler, West Maitland (1900)",1900,1900,1900,royal_commission,https://en.wikipedia.org/wiki/List_of_New_South_Wales_royal_commissions,,candidate_unverified,not_assessed,
rc-candidate-0188,New South Wales,"Royal Commission on Primary, Secondary, Technical and other Branches of Education (""Knibbs-Turner Royal Commission""), (1902)",1902,1902,1902,royal_commission,https://en.wikipedia.org/wiki/List_of_New_South_Wales_royal_commissions,,candidate_unverified,not_assessed,
rc-candidate-0189,New South Wales,Royal Commission on a Charge against Sergeant James Hogg (1902),1902,1902,1902,royal_commission,https://en.wikipedia.org/wiki/List_of_New_South_Wales_royal_commissions,,candidate_unverified,not_assessed,
rc-candidate-0190,New South Wales,Royal Commission of Inquiry respecting the Mount Kembla Colliery Disaster (1902–1903),1902,1903,1902–1903,royal_commission,https://en.wikipedia.org/wiki/List_of_New_South_Wales_royal_commissions,https://en.wikipedia.org/wiki/Mount_Kembla,candidate_unverified,not_assessed,
rc-candidate-0191,New South Wales,Royal Commission of Inquiry into the Working and Administration of the Government Docks and Workshops at Cockatoo Island (1903),1903,1903,1903,royal_commission,https://en.wikipedia.org/wiki/List_of_New_South_Wales_royal_commissions,,candidate_unverified,not_assessed,
rc-candidate-0192,New South Wales,Royal Commission into Norfolk Island Affairs (1903),1903,1903,1903,royal_commission,https://en.wikipedia.org/wiki/List_of_New_South_Wales_royal_commissions,,candidate_unverified,not_assessed,
rc-candidate-0193,New South Wales,Royal Commission on the Decline of the Birth-Rate and on the Mortality of Infants in New South Wales (1904),1904,1904,1904,royal_commission,https://en.wikipedia.org/wiki/List_of_New_South_Wales_royal_commissions,,candidate_unverified,not_assessed,
rc-candidate-0194,New South Wales,Railway Locomotives Royal Commission (1904),1904,1904,1904,royal_commission,https://en.wikipedia.org/wiki/List_of_New_South_Wales_royal_commissions,https://en.wikipedia.org/w/index.php?title=Railway_Locomotives_Royal_Commission&action=edit&redlink=1,candidate_unverified,not_assessed,
rc-candidate-0195,New South Wales,Royal Commission of Inquiry into the cost of the Cataract Dam (1905),1905,1905,1905,royal_commission,https://en.wikipedia.org/wiki/List_of_New_South_Wales_royal_commissions,,candidate_unverified,not_assessed,
rc-candidate-0196,New South Wales,Royal Commission of Inquiry into the Railway Administration (1905–1906),1905,1906,1905–1906,royal_commission,https://en.wikipedia.org/wiki/List_of_New_South_Wales_royal_commissions,,candidate_unverified,not_assessed,
rc-candidate-0197,New South Wales,"Royal Commission of Inquiry into the administration of the Lands Department (1905–1907) (which found Paddy Crick, the former Secretary for Lands, corruptly received payments from a land agent).",1905,1907,1905–1907,royal_commission,https://en.wikipedia.org/wiki/List_of_New_South_Wales_royal_commissions,https://en.wikipedia.org/wiki/Paddy_Crick,candidate_unverified,not_assessed,
rc-candidate-0198,New South Wales,Royal Commission on the Federal Navigation Bill (1906),1906,1906,1906,royal_commission,https://en.wikipedia.org/wiki/List_of_New_South_Wales_royal_commissions,,candidate_unverified,not_assessed,
rc-candidate-0199,New South Wales,"Royal Commission (No 2) of Inquiry into Claims of Members of New South Wales Contingents in South Africa (""Royal Commission into Boer War veterans"") (1907)",1907,1907,1907,royal_commission,https://en.wikipedia.org/wiki/List_of_New_South_Wales_royal_commissions,,candidate_unverified,not_assessed,
rc-candidate-0200,New South Wales,"Royal Commission on Coal Mining Disputes, Newcastle and Gunnedah Districts (1907–1909)",1907,1909,1907–1909,royal_commission,https://en.wikipedia.org/wiki/List_of_New_South_Wales_royal_commissions,,candidate_unverified,not_assessed,
rc-candidate-0201,New South Wales,Royal Commission for the Improvement of the City of Sydney and Its Suburbs (1908),1908,1908,1908,royal_commission,https://en.wikipedia.org/wiki/List_of_New_South_Wales_royal_commissions,https://en.wikipedia.org/wiki/City_of_Sydney,candidate_unverified,not_assessed,
rc-candidate-0202,New South Wales,Forestry Royal Commission (1908),1908,1908,1908,royal_commission,https://en.wikipedia.org/wiki/List_of_New_South_Wales_royal_commissions,https://en.wikipedia.org/w/index.php?title=Forestry_Royal_Commission&action=edit&redlink=1,candidate_unverified,not_assessed,
rc-candidate-0203,New South Wales,"Royal Commission on Communication between Sydney and North Sydney (""Royal Commission into Sydney Harbour crossing"") (1908–1909)",1908,1909,1908–1909,royal_commission,https://en.wikipedia.org/wiki/List_of_New_South_Wales_royal_commissions,,candidate_unverified,not_assessed,
rc-candidate-0204,New South Wales,Royal Commission for the Improvement of the City of Sydney and its Suburbs (1908–1909),1908,1909,1908–1909,royal_commission,https://en.wikipedia.org/wiki/List_of_New_South_Wales_royal_commissions,,candidate_unverified,not_assessed,
rc-candidate-0205,New South Wales,Royal Commission into Saturday Half Holiday (1909),1909,1909,1909,royal_commission,https://en.wikipedia.org/wiki/List_of_New_South_Wales_royal_commissions,,candidate_unverified,not_assessed,
rc-candidate-0206,New South Wales,Royal Commission into Coal loader (1909),1909,1909,1909,royal_commission,https://en.wikipedia.org/wiki/List_of_New_South_Wales_royal_commissions,https://en.wikipedia.org/w/index.php?title=Royal_Commission_into_Coal_loader&action=edit&redlink=1,candidate_unverified,not_assessed,
rc-candidate-0207,New South Wales,"Royal Commission of Inquiry into certain allegations made by Police Constables Mitchell and Styles, against Sergeant Sheehy, and 1st class Constable Boon, in connection with the death of Walter Bosworth in a police cell, at Bathurst on 28 January 1911 (c. 1911)",1911,1911,1911 1911,royal_commission,https://en.wikipedia.org/wiki/List_of_New_South_Wales_royal_commissions,,candidate_unverified,not_assessed,
rc-candidate-0208,New South Wales,Royal Commission of Inquiry into the alleged treatment of Prisoner Joseph Henry Denmead and certain representations made by Thomas Love (1911),1911,1911,1911,royal_commission,https://en.wikipedia.org/wiki/List_of_New_South_Wales_royal_commissions,,candidate_unverified,not_assessed,
rc-candidate-0209,New South Wales,Royal Commission of Inquiry into the Administration of the Fire Brigades Act (1911),1911,1911,1911,royal_commission,https://en.wikipedia.org/wiki/List_of_New_South_Wales_royal_commissions,,candidate_unverified,not_assessed,
rc-candidate-0210,New South Wales,Royal Commission of Inquiry into certain allegations made by Police Constable Fortescue Mitchell and Police Constable Sidney Thomas Styles (1911),1911,1911,1911,royal_commission,https://en.wikipedia.org/wiki/List_of_New_South_Wales_royal_commissions,,candidate_unverified,not_assessed,
rc-candidate-0211,New South Wales,Royal Commission of Inquiry into the best methods of working the thick coal seams in the Maitland-Cessnock District (1911),1911,1911,1911,royal_commission,https://en.wikipedia.org/wiki/List_of_New_South_Wales_royal_commissions,,candidate_unverified,not_assessed,
rc-candidate-0212,New South Wales,Piddington Royal Commission (1911),1911,1911,1911,royal_commission,https://en.wikipedia.org/wiki/List_of_New_South_Wales_royal_commissions,https://en.wikipedia.org/w/index.php?title=Piddington_Royal_Commission&action=edit&redlink=1,candidate_unverified,not_assessed,
rc-candidate-0213,New South Wales,Langwell Royal Commission (1911),1911,1911,1911,royal_commission,https://en.wikipedia.org/wiki/List_of_New_South_Wales_royal_commissions,https://en.wikipedia.org/w/index.php?title=Langwell_Royal_Commission&action=edit&redlink=1,candidate_unverified,not_assessed,
rc-candidate-0214,New South Wales,Blacket Royal Commission (1912),1912,1912,1912,royal_commission,https://en.wikipedia.org/wiki/List_of_New_South_Wales_royal_commissions,https://en.wikipedia.org/w/index.php?title=Blacket_Royal_Commission&action=edit&redlink=1,candidate_unverified,not_assessed,
rc-candidate-0215,New South Wales,Bavin Royal Commission (1912),1912,1912,1912,royal_commission,https://en.wikipedia.org/wiki/List_of_New_South_Wales_royal_commissions,https://en.wikipedia.org/w/index.php?title=Bavin_Royal_Commission&action=edit&redlink=1,candidate_unverified,not_assessed,
rc-candidate-0216,New South Wales,Royal Commission of Inquiry into charges preferred against the Minister for Public Works (1912),1912,1912,1912,royal_commission,https://en.wikipedia.org/wiki/List_of_New_South_Wales_royal_commissions,,candidate_unverified,not_assessed,
rc-candidate-0217,New South Wales,Railway locomotives Royal Commission (1912),1912,1912,1912,royal_commission,https://en.wikipedia.org/wiki/List_of_New_South_Wales_royal_commissions,https://en.wikipedia.org/w/index.php?title=Railway_locomotives_Royal_Commission&action=edit&redlink=1,candidate_unverified,not_assessed,
rc-candidate-0218,New South Wales,Royal Commission into South Maitland coalfields (1912),1912,1912,1912,royal_commission,https://en.wikipedia.org/wiki/List_of_New_South_Wales_royal_commissions,https://en.wikipedia.org/w/index.php?title=Royal_Commission_into_South_Maitland_coalfields&action=edit&redlink=1,candidate_unverified,not_assessed,
rc-candidate-0219,New South Wales,"Royal Commission into the Administration of the Mental Hospital and the Reception House for the Insane, Darlinghurst (1913)",1913,1913,1913,royal_commission,https://en.wikipedia.org/wiki/List_of_New_South_Wales_royal_commissions,,candidate_unverified,not_assessed,
rc-candidate-0220,New South Wales,Piddington Royal Commission (1913),1913,1913,1913,royal_commission,https://en.wikipedia.org/wiki/List_of_New_South_Wales_royal_commissions,https://en.wikipedia.org/w/index.php?title=Piddington_Royal_Commission&action=edit&redlink=1,candidate_unverified,not_assessed,
rc-candidate-0221,New South Wales,Thompson Royal Commission (1913),1913,1913,1913,royal_commission,https://en.wikipedia.org/wiki/List_of_New_South_Wales_royal_commissions,https://en.wikipedia.org/w/index.php?title=Thompson_Royal_Commission&action=edit&redlink=1,candidate_unverified,not_assessed,
rc-candidate-0222,New South Wales,Royal Commission on the purchase by the Government of the Boorabil Estate and adjoining improvement leases (1914),1914,1914,1914,royal_commission,https://en.wikipedia.org/wiki/List_of_New_South_Wales_royal_commissions,,candidate_unverified,not_assessed,
rc-candidate-0223,New South Wales,Cocks Royal Commission (1914),1914,1914,1914,royal_commission,https://en.wikipedia.org/wiki/List_of_New_South_Wales_royal_commissions,https://en.wikipedia.org/w/index.php?title=Cocks_Royal_Commission&action=edit&redlink=1,candidate_unverified,not_assessed,
rc-candidate-0224,New South Wales,"Royal Commission of inquiry respecting the Wheat Acquisition Act (""Ferguson Royal Commission""), (1915)",1915,1915,1915,royal_commission,https://en.wikipedia.org/wiki/List_of_New_South_Wales_royal_commissions,,candidate_unverified,not_assessed,
rc-candidate-0225,New South Wales,Royal Commission of Inquiry into the Administration of the Dental Board and the Conduct of its Registrar (1915),1915,1915,1915,royal_commission,https://en.wikipedia.org/wiki/List_of_New_South_Wales_royal_commissions,,candidate_unverified,not_assessed,
rc-candidate-0226,New South Wales,Carmichael Royal Commission (1915),1915,1915,1915,royal_commission,https://en.wikipedia.org/wiki/List_of_New_South_Wales_royal_commissions,https://en.wikipedia.org/w/index.php?title=Carmichael_Royal_Commission&action=edit&redlink=1,candidate_unverified,not_assessed,
rc-candidate-0227,New South Wales,Royal Commission of Inquiry into allegations of corruption in connection with proposed State monopoly of petrol industry (1916),1916,1916,1916,royal_commission,https://en.wikipedia.org/wiki/List_of_New_South_Wales_royal_commissions,,candidate_unverified,not_assessed,
rc-candidate-0228,New South Wales,"Royal Commission on the charges made by Richard Price against the Minister for Lands, William Ashford (1917)",1917,1917,1917,royal_commission,https://en.wikipedia.org/wiki/List_of_New_South_Wales_royal_commissions,https://en.wikipedia.org/wiki/Richard_Price_(New_South_Wales_politician),candidate_unverified,not_assessed,
rc-candidate-0229,New South Wales,"Royal Commission of Inquiry into Allegations as to bribery of Mr P.Lamph, a member of the Licensing Court at Bowraville, by Mr G.B. Kritsch, in connection with an application by Mr M. Wallace for a publican's licence at Macksville (1917)",1917,1917,1917,royal_commission,https://en.wikipedia.org/wiki/List_of_New_South_Wales_royal_commissions,,candidate_unverified,not_assessed,
rc-candidate-0230,New South Wales,Royal Commission to Enquire into the Public Service of New South Wales (1917–18),1917,1917,1917–18,royal_commission,https://en.wikipedia.org/wiki/List_of_New_South_Wales_royal_commissions,,candidate_unverified,not_assessed,
rc-candidate-0231,New South Wales,"Royal Commission Respecting the Inquiry on the Homebush Abattoirs and the Meat Industry Act, 1915 (1918)",1915,1918,1915 1918,royal_commission,https://en.wikipedia.org/wiki/List_of_New_South_Wales_royal_commissions,,candidate_unverified,not_assessed,
rc-candidate-0232,New South Wales,Harvey Royal Commission (1918),1918,1918,1918,royal_commission,https://en.wikipedia.org/wiki/List_of_New_South_Wales_royal_commissions,https://en.wikipedia.org/w/index.php?title=Harvey_Royal_Commission&action=edit&redlink=1,candidate_unverified,not_assessed,
rc-candidate-0233,New South Wales,Allard Royal Commission (1918),1918,1918,1918,royal_commission,https://en.wikipedia.org/wiki/List_of_New_South_Wales_royal_commissions,https://en.wikipedia.org/w/index.php?title=Allard_Royal_Commission&action=edit&redlink=1,candidate_unverified,not_assessed,
rc-candidate-0234,New South Wales,Railway time cards Royal Commission (1918),1918,1918,1918,royal_commission,https://en.wikipedia.org/wiki/List_of_New_South_Wales_royal_commissions,https://en.wikipedia.org/w/index.php?title=Railway_time_cards_Royal_Commission&action=edit&redlink=1,candidate_unverified,not_assessed,
rc-candidate-0235,New South Wales,Allard Royal Commission II (1919),1919,1919,1919,royal_commission,https://en.wikipedia.org/wiki/List_of_New_South_Wales_royal_commissions,https://en.wikipedia.org/w/index.php?title=Allard_Royal_Commission_II&action=edit&redlink=1,candidate_unverified,not_assessed,
rc-candidate-0236,New South Wales,Campbell Royal Commission (1919),1919,1919,1919,royal_commission,https://en.wikipedia.org/wiki/List_of_New_South_Wales_royal_commissions,https://en.wikipedia.org/w/index.php?title=Campbell_Royal_Commission&action=edit&redlink=1,candidate_unverified,not_assessed,
rc-candidate-0237,New South Wales,Greater Newcastle Royal Commission (1919),1919,1919,1919,royal_commission,https://en.wikipedia.org/wiki/List_of_New_South_Wales_royal_commissions,https://en.wikipedia.org/w/index.php?title=Greater_Newcastle_Royal_Commission&action=edit&redlink=1,candidate_unverified,not_assessed,
rc-candidate-0238,New South Wales,Royal Commission respecting the inquiry into the George Georgeson wheat contract (1919),1919,1919,1919,royal_commission,https://en.wikipedia.org/wiki/List_of_New_South_Wales_royal_commissions,,candidate_unverified,not_assessed,
rc-candidate-0239,New South Wales,"Royal Commission of Inquiry into the State Wheat Pool (""Pring Royal Commission""), (1919–1921)",1919,1921,1919–1921,royal_commission,https://en.wikipedia.org/wiki/List_of_New_South_Wales_royal_commissions,,candidate_unverified,not_assessed,
rc-candidate-0240,New South Wales,Royal Commission of Inquiry into the Matter of the Trial and Conviction and Sentences Imposed on Charles Reeve and Others (1920),1920,1920,1920,royal_commission,https://en.wikipedia.org/wiki/List_of_New_South_Wales_royal_commissions,,candidate_unverified,not_assessed,
rc-candidate-0241,New South Wales,"Royal Commission of Inquiry into certain charges against Messrs. Dooley, Mutch, and Johnston, members of the Legislative Assembly of New South Wales (1920)",1920,1920,1920,royal_commission,https://en.wikipedia.org/wiki/List_of_New_South_Wales_royal_commissions,,candidate_unverified,not_assessed,
rc-candidate-0242,New South Wales,Royal Commission of Inquiry into the Coal Mining Industry and the Coal Trade in the State of New South Wales (1919–c. 1921),1919,1921,1919 1921,royal_commission,https://en.wikipedia.org/wiki/List_of_New_South_Wales_royal_commissions,,candidate_unverified,not_assessed,
rc-candidate-0243,New South Wales,Allard Royal Commission (1920),1920,1920,1920,royal_commission,https://en.wikipedia.org/wiki/List_of_New_South_Wales_royal_commissions,https://en.wikipedia.org/w/index.php?title=Allard_Royal_Commission&action=edit&redlink=1,candidate_unverified,not_assessed,
rc-candidate-0244,New South Wales,Beeby Royal Commission (1920),1920,1920,1920,royal_commission,https://en.wikipedia.org/wiki/List_of_New_South_Wales_royal_commissions,https://en.wikipedia.org/w/index.php?title=Beeby_Royal_Commission&action=edit&redlink=1,candidate_unverified,not_assessed,
rc-candidate-0245,New South Wales,Edmunds Royal Commission (1920),1920,1920,1920,royal_commission,https://en.wikipedia.org/wiki/List_of_New_South_Wales_royal_commissions,https://en.wikipedia.org/w/index.php?title=Edmunds_Royal_Commission&action=edit&redlink=1,candidate_unverified,not_assessed,
rc-candidate-0246,New South Wales,"Royal Commission of Inquiry into the Administration of the Returned Soldiers' Settlement Branch, Department of Lands (1920–1921)",1920,1921,1920–1921,royal_commission,https://en.wikipedia.org/wiki/List_of_New_South_Wales_royal_commissions,,candidate_unverified,not_assessed,
rc-candidate-0247,New South Wales,Wade Royal Commission (1921),1921,1921,1921,royal_commission,https://en.wikipedia.org/wiki/List_of_New_South_Wales_royal_commissions,https://en.wikipedia.org/w/index.php?title=Wade_Royal_Commission&action=edit&redlink=1,candidate_unverified,not_assessed,
rc-candidate-0248,New South Wales,Royal Commission into Rail gauge in Australia (1921),1921,1921,1921,royal_commission,https://en.wikipedia.org/wiki/List_of_New_South_Wales_royal_commissions,https://en.wikipedia.org/w/index.php?title=Royal_Commission_into_Rail_gauge_in_Australia&action=edit&redlink=1,candidate_unverified,not_assessed,
rc-candidate-0249,New South Wales,Royal Commission on Lunacy Law and Administration (1922–1923),1922,1923,1922–1923,royal_commission,https://en.wikipedia.org/wiki/List_of_New_South_Wales_royal_commissions,,candidate_unverified,not_assessed,
rc-candidate-0250,New South Wales,Royal Commission of Enquiry into the Question of the Constitution of a Harbour Trust to control the administration of the Port of Newcastle (1922–1923),1922,1923,1922–1923,royal_commission,https://en.wikipedia.org/wiki/List_of_New_South_Wales_royal_commissions,,candidate_unverified,not_assessed,
rc-candidate-0251,New South Wales,Royal Commission into Closer Settlement (1924),1924,1924,1924,royal_commission,https://en.wikipedia.org/wiki/List_of_New_South_Wales_royal_commissions,https://en.wikipedia.org/w/index.php?title=Royal_Commission_into_Closer_settlement&action=edit&redlink=1,candidate_unverified,not_assessed,
rc-candidate-0252,New South Wales,Royal Commission of Inquiry into Redistribution of Wards (1924),1924,1924,1924,royal_commission,https://en.wikipedia.org/wiki/List_of_New_South_Wales_royal_commissions,,candidate_unverified,not_assessed,
rc-candidate-0253,New South Wales,Royal Commission of Inquiry into the Railway and Tramway Services (1924),1924,1924,1924,royal_commission,https://en.wikipedia.org/wiki/List_of_New_South_Wales_royal_commissions,,candidate_unverified,not_assessed,
rc-candidate-0254,New South Wales,Campbell Royal Commission (1924),1924,1924,1924,royal_commission,https://en.wikipedia.org/wiki/List_of_New_South_Wales_royal_commissions,https://en.wikipedia.org/w/index.php?title=Campbell_Royal_Commission&action=edit&redlink=1,candidate_unverified,not_assessed,
rc-candidate-0255,New South Wales,"Royal Commission of Inquiry respecting the conduct of Aldermen of the Municipal Council of Sydney in connection with certain matters (""Lamb Royal Commission""), (1924–1925)",1924,1925,1924–1925,royal_commission,https://en.wikipedia.org/wiki/List_of_New_South_Wales_royal_commissions,,candidate_unverified,not_assessed,
rc-candidate-0256,New South Wales,Royal Commission of Inquiry into Certain Allegations regarding the purchase and re-sale of cornsacks by the Minister for Agriculture (1925),1925,1925,1925,royal_commission,https://en.wikipedia.org/wiki/List_of_New_South_Wales_royal_commissions,,candidate_unverified,not_assessed,
rc-candidate-0257,New South Wales,"New States Royal Commission of Inquiry (""Cohen Royal Commission"") (1924-5)",1924,1924,1924,royal_commission,https://en.wikipedia.org/wiki/List_of_New_South_Wales_royal_commissions,https://en.wikipedia.org/w/index.php?title=Cohen_Royal_Commission&action=edit&redlink=1,candidate_unverified,not_assessed,
rc-candidate-0258,New South Wales,Harvey Royal Commission (1927),1927,1927,1927,royal_commission,https://en.wikipedia.org/wiki/List_of_New_South_Wales_royal_commissions,https://en.wikipedia.org/w/index.php?title=Harvey_Royal_Commission&action=edit&redlink=1,candidate_unverified,not_assessed,
rc-candidate-0259,New South Wales,Royal Commission into Bunnerong Powerhouse (1928),1928,1928,1928,royal_commission,https://en.wikipedia.org/wiki/List_of_New_South_Wales_royal_commissions,https://en.wikipedia.org/w/index.php?title=Royal_Commission_into_Bunnerong_Powerhouse&action=edit&redlink=1,candidate_unverified,not_assessed,
rc-candidate-0260,New South Wales,Davidson Royal Commission (Campsie busses) (1929),1929,1929,1929,royal_commission,https://en.wikipedia.org/wiki/List_of_New_South_Wales_royal_commissions,https://en.wikipedia.org/w/index.php?title=Davidson_Royal_Commission&action=edit&redlink=1,candidate_unverified,not_assessed,
rc-candidate-0261,New South Wales,"Royal Commission of Inquiry into the Coal Industry (""Davidson Royal Commission – Coal""), (1929–1930)",1929,1930,1929–1930,royal_commission,https://en.wikipedia.org/wiki/List_of_New_South_Wales_royal_commissions,,candidate_unverified,not_assessed,
rc-candidate-0262,New South Wales,Royal Commission into the Parramatta by-election (1929),1929,1929,1929,royal_commission,https://en.wikipedia.org/wiki/List_of_New_South_Wales_royal_commissions,https://en.wikipedia.org/w/index.php?title=Royal_Commission_into_the_Parramatta_by-election&action=edit&redlink=1,candidate_unverified,not_assessed,
rc-candidate-0263,New South Wales,Royal Commission of Inquiry into the Administration of the Newcastle District Abattoir Board (1930),1930,1930,1930,royal_commission,https://en.wikipedia.org/wiki/List_of_New_South_Wales_royal_commissions,,candidate_unverified,not_assessed,
rc-candidate-0264,New South Wales,Shand Royal Commission (1931),1931,1931,1931,royal_commission,https://en.wikipedia.org/wiki/List_of_New_South_Wales_royal_commissions,https://en.wikipedia.org/w/index.php?title=Shand_Royal_Commission&action=edit&redlink=1,candidate_unverified,not_assessed,
rc-candidate-0265,New South Wales,Prior Royal Commission (1931),1931,1931,1931,royal_commission,https://en.wikipedia.org/wiki/List_of_New_South_Wales_royal_commissions,https://en.wikipedia.org/w/index.php?title=Prior_Royal_Commission&action=edit&redlink=1,candidate_unverified,not_assessed,
rc-candidate-0266,New South Wales,Royal Commission of Inquiry into the Administration of the Western Division of New South Wales (1931),1931,1931,1931,royal_commission,https://en.wikipedia.org/wiki/List_of_New_South_Wales_royal_commissions,,candidate_unverified,not_assessed,
rc-candidate-0267,New South Wales,Royal Commission into the Administration of the Milk Act (1931),1931,1931,1931,royal_commission,https://en.wikipedia.org/wiki/List_of_New_South_Wales_royal_commissions,,candidate_unverified,not_assessed,
rc-candidate-0268,New South Wales,"Royal Commission on Greyhound Racing and Fruit Machines (""Rogers Royal Commission""), (1932)",1932,1932,1932,royal_commission,https://en.wikipedia.org/wiki/List_of_New_South_Wales_royal_commissions,,candidate_unverified,not_assessed,
rc-candidate-0269,New South Wales,Royal Commission on matters concerning the promotion and operations of certain companies in New South Wales (1934–1935),1934,1935,1934–1935,royal_commission,https://en.wikipedia.org/wiki/List_of_New_South_Wales_royal_commissions,,candidate_unverified,not_assessed,
rc-candidate-0270,New South Wales,Gepp Royal Commission (1935),1935,1935,1935,royal_commission,https://en.wikipedia.org/wiki/List_of_New_South_Wales_royal_commissions,https://en.wikipedia.org/w/index.php?title=Gepp_Royal_Commission&action=edit&redlink=1,candidate_unverified,not_assessed,
rc-candidate-0271,New South Wales,"Royal Commission of Inquiry Respecting Areas in the State of New South Wales Suitable for Self-Government as States in the Commonwealth of Australia (""Nicholas Royal Commission""), (1933–1935)",1933,1935,1933–1935,royal_commission,https://en.wikipedia.org/wiki/List_of_New_South_Wales_royal_commissions,https://en.wikipedia.org/wiki/Nicholas_Royal_Commission,candidate_unverified,not_assessed,
rc-candidate-0272,New South Wales,Royal Commission on matters concerning the promotion and operations of certain companies in New South Wales (1935),1935,1935,1935,royal_commission,https://en.wikipedia.org/wiki/List_of_New_South_Wales_royal_commissions,,candidate_unverified,not_assessed,
rc-candidate-0273,New South Wales,Royal Commission into the Price of Bread (1935-6),1935,1935,1935,royal_commission,https://en.wikipedia.org/wiki/List_of_New_South_Wales_royal_commissions,,candidate_unverified,not_assessed,
rc-candidate-0274,New South Wales,"Royal Commission into Matters Affecting the Lands Department and Western Lands Commission (""White Royal Commission""), (1935–1936)",1935,1936,1935–1936,royal_commission,https://en.wikipedia.org/wiki/List_of_New_South_Wales_royal_commissions,,candidate_unverified,not_assessed,
rc-candidate-0275,New South Wales,Markell Royal Commission (1937),1937,1937,1937,royal_commission,https://en.wikipedia.org/wiki/List_of_New_South_Wales_royal_commissions,https://en.wikipedia.org/w/index.php?title=Markell_Royal_Commission&action=edit&redlink=1,candidate_unverified,not_assessed,
rc-candidate-0276,New South Wales,"Royal Commission of Inquiry into Charges of Fraud and Corruption in connection with the Sale of State Industrial Undertakings (""Rogers Royal Commission""), (1937–1938)",1937,1938,1937–1938,royal_commission,https://en.wikipedia.org/wiki/List_of_New_South_Wales_royal_commissions,,candidate_unverified,not_assessed,
rc-candidate-0277,New South Wales,Royal Commission of Inquiry into the Fruit Industry of New South Wales (1937–1939),1937,1939,1937–1939,royal_commission,https://en.wikipedia.org/wiki/List_of_New_South_Wales_royal_commissions,,candidate_unverified,not_assessed,
rc-candidate-0278,New South Wales,Royal Commission on Safety and Health of Workers in Coal Mines (1938–1939),1938,1939,1938–1939,royal_commission,https://en.wikipedia.org/wiki/List_of_New_South_Wales_royal_commissions,,candidate_unverified,not_assessed,
rc-candidate-0279,New South Wales,Royal Commission into the Compulsory Retirement of Employees in Coal and Oil Shale Mines in New South Wales at the age of 60 years (1940–1941),1940,1941,1940–1941,royal_commission,https://en.wikipedia.org/wiki/List_of_New_South_Wales_royal_commissions,,candidate_unverified,not_assessed,
rc-candidate-0280,New South Wales,"Royal Commission into whether The Honourable Vernon Haddon Treatt, Minister of Justice for the state of New South Wales, was guilty of any improper conduct in recommending the reduction of a fine imposed upon the Abbco Bread Company Proprietary Limited (1941)",1941,1941,1941,royal_commission,https://en.wikipedia.org/wiki/List_of_New_South_Wales_royal_commissions,,candidate_unverified,not_assessed,
rc-candidate-0281,New South Wales,"Royal Commission on Local Government Boundaries (""Clancy Royal Commission""), (1945–1946)",1945,1946,1945–1946,royal_commission,https://en.wikipedia.org/wiki/List_of_New_South_Wales_royal_commissions,,candidate_unverified,not_assessed,
rc-candidate-0282,New South Wales,Royal Commission of Inquiry into the Gas Industry (1948–1949),1948,1949,1948–1949,royal_commission,https://en.wikipedia.org/wiki/List_of_New_South_Wales_royal_commissions,,candidate_unverified,not_assessed,
rc-candidate-0283,New South Wales,"Royal Commission of Inquiry into the conduct of Mr Frederick Joseph Cahill, MLA, concerning matters relating to the provision of transport facilities by the Department of Railways for the conveyance of magnesite for Non – Metallic Ltd. (1950)",1950,1950,1950,royal_commission,https://en.wikipedia.org/wiki/List_of_New_South_Wales_royal_commissions,https://en.wikipedia.org/wiki/Joseph_Cahill,candidate_unverified,not_assessed,
rc-candidate-0284,New South Wales,Royal Commission of Inquiry as to the conviction of Frederick Lincoln McDermott for the Murder of William Henry Lavers (1951–1952),1951,1952,1951–1952,royal_commission,https://en.wikipedia.org/wiki/List_of_New_South_Wales_royal_commissions,,candidate_unverified,not_assessed,
rc-candidate-0285,New South Wales,Royal Commission of Inquiry into matters relating to Joshua George Arthur and Reginald Aubrey Doyle (1953),1953,1953,1953,royal_commission,https://en.wikipedia.org/wiki/List_of_New_South_Wales_royal_commissions,https://en.wikipedia.org/wiki/Royal_Commission_into_Joshua_Arthur,candidate_unverified,not_assessed,
rc-candidate-0286,New South Wales,Royal Commission on Liquor Laws in New South Wales (1951–1954),1951,1954,1951–1954,royal_commission,https://en.wikipedia.org/wiki/List_of_New_South_Wales_royal_commissions,,candidate_unverified,not_assessed,
rc-candidate-0287,New South Wales,Royal Commission of Inquiry into certain matters relating to David Edward Studley-Ruxton (1954),1954,1954,1954,royal_commission,https://en.wikipedia.org/wiki/List_of_New_South_Wales_royal_commissions,,candidate_unverified,not_assessed,
rc-candidate-0288,New South Wales,"Royal Commission of Inquiry into statements made by the Auditor-General in his Annual Report for the Year Ended 30 June 1958, concerning the Minister for Housing, the Honourable Abram Landa (""Royal Commission into Abe Landa"") (1958)",1958,1958,1958 1958,royal_commission,https://en.wikipedia.org/wiki/List_of_New_South_Wales_royal_commissions,https://en.wikipedia.org/wiki/Abe_Landa,candidate_unverified,not_assessed,
rc-candidate-0289,New South Wales,Royal Commission of Inquiry in respect of certain matters relating to Callan Park Mental Hospital (1960–1961),1960,1961,1960–1961,royal_commission,https://en.wikipedia.org/wiki/List_of_New_South_Wales_royal_commissions,,candidate_unverified,not_assessed,
rc-candidate-0290,New South Wales,"Royal Commission of Inquiry on the Landlord and Tenant (Amendment) Act, 1948, as amended (1960–1961)",1948,1961,1948 1960–1961,royal_commission,https://en.wikipedia.org/wiki/List_of_New_South_Wales_royal_commissions,,candidate_unverified,not_assessed,
rc-candidate-0291,New South Wales,Royal Commission into Off-the-Course Betting in New South Wales (1962–1963),1962,1963,1962–1963,royal_commission,https://en.wikipedia.org/wiki/List_of_New_South_Wales_royal_commissions,,candidate_unverified,not_assessed,
rc-candidate-0292,New South Wales,"Royal Commission of Inquiry into Rating, Valuation and Local Government Finance (1965–1967)",1965,1967,1965–1967,royal_commission,https://en.wikipedia.org/wiki/List_of_New_South_Wales_royal_commissions,,candidate_unverified,not_assessed,
rc-candidate-0293,New South Wales,Royal Commission on Petroleum (Commonwealth) (1973–1976),1973,1976,1973–1976,royal_commission,https://en.wikipedia.org/wiki/List_of_New_South_Wales_royal_commissions,,candidate_unverified,not_assessed,
rc-candidate-0294,New South Wales,"Royal Commission of Inquiry In Respect Of Certain Matters Relating to Allegations of Organised Crime in Clubs (""Moffitt Royal Commission""), (1973–1974)",1973,1974,1973–1974,royal_commission,https://en.wikipedia.org/wiki/List_of_New_South_Wales_royal_commissions,https://en.wikipedia.org/wiki/Moffitt_Royal_Commission,candidate_unverified,not_assessed,
rc-candidate-0295,New South Wales,"Royal Commission into New South Wales Prisons (""Nagle Royal Commission""), (1976–1978)",1976,1978,1976–1978,royal_commission,https://en.wikipedia.org/wiki/List_of_New_South_Wales_royal_commissions,https://en.wikipedia.org/wiki/Royal_Commission_into_New_South_Wales_Prisons,candidate_unverified,not_assessed,
rc-candidate-0296,New South Wales,"Royal Commission into Drug Trafficking (""Woodward Royal Commission""), (1977–1979)",1977,1979,1977–1979,royal_commission,https://en.wikipedia.org/wiki/List_of_New_South_Wales_royal_commissions,https://en.wikipedia.org/wiki/Royal_Commission_into_Drug_Trafficking,candidate_unverified,not_assessed,
rc-candidate-0297,New South Wales,"Royal Commission of Inquiry into Drug Trafficking (""Stewart Royal Commission""), (1981–1983)",1981,1983,1981–1983,royal_commission,https://en.wikipedia.org/wiki/List_of_New_South_Wales_royal_commissions,https://en.wikipedia.org/wiki/Royal_Commission_of_Inquiry_into_Drug_Trafficking,candidate_unverified,not_assessed,
rc-candidate-0298,New South Wales,"Royal Commission of Inquiry into Certain Committal Proceedings against K.E. Humphreys (1983) (""Street Royal Commission""), informally known as the ""Wran Royal Commission"".",1983,1983,1983,royal_commission,https://en.wikipedia.org/wiki/List_of_New_South_Wales_royal_commissions,https://en.wikipedia.org/wiki/Kevin_Humphreys_(rugby_league),candidate_unverified,not_assessed,
rc-candidate-0299,New South Wales,Royal Commission of Inquiry into the activities of the Nugan Hand Group (1985),1985,1985,1985,royal_commission,https://en.wikipedia.org/wiki/List_of_New_South_Wales_royal_commissions,https://en.wikipedia.org/wiki/Royal_Commission_of_Inquiry_into_the_activities_of_the_Nugan_Hand_Group,candidate_unverified,not_assessed,
rc-candidate-0300,New South Wales,"Royal Commission into the former Chelmsford Private Hospital and Mental Health Services in New South Wales (""Chelmsford Royal Commission""), (1989–1990)",1989,1990,1989–1990,royal_commission,https://en.wikipedia.org/wiki/List_of_New_South_Wales_royal_commissions,https://en.wikipedia.org/wiki/Chelmsford_Royal_Commission,candidate_unverified,not_assessed,
rc-candidate-0301,New South Wales,"Royal Commission into the Arrest, Charging and Withdrawal of Charges against Harold James Blackburn and Matters Associated Therewith (""Blackburn Royal Commission""), (1989–1990)",1989,1990,1989–1990,royal_commission,https://en.wikipedia.org/wiki/List_of_New_South_Wales_royal_commissions,,candidate_unverified,not_assessed,
rc-candidate-0302,New South Wales,"Royal Commission into Productivity in the Building Industry in New South Wales (""Gyles Royal Commission""), (1992)",1992,1992,1992,royal_commission,https://en.wikipedia.org/wiki/List_of_New_South_Wales_royal_commissions,,candidate_unverified,not_assessed,
rc-candidate-0303,New South Wales,"Royal Commission into the New South Wales Police Service (""Wood Royal Commission""), (1994–1997)",1994,1997,1994–1997,royal_commission,https://en.wikipedia.org/wiki/List_of_New_South_Wales_royal_commissions,https://en.wikipedia.org/wiki/Royal_Commission_into_the_New_South_Wales_Police_Service,candidate_unverified,not_assessed,
rc-candidate-0304,New South Wales,Royal Commission into Institutional Responses to Child Sexual Abuse (2013–2017),2013,2017,2013–2017,royal_commission,https://en.wikipedia.org/wiki/List_of_New_South_Wales_royal_commissions,https://en.wikipedia.org/wiki/Royal_Commission_into_Institutional_Responses_to_Child_Sexual_Abuse,candidate_unverified,not_assessed,
rc-candidate-0305,Queensland,Royal Commission on the management of the Woogaroo Lunatic Asylum and the Lunatic Reception Houses of the Colony (1877),1877,1877,1877,royal_commission,https://en.wikipedia.org/wiki/List_of_Queensland_commissions_of_inquiry,https://en.wikipedia.org/w/index.php?title=Royal_Commission_on_the_management_of_the_Woogaroo_Lunatic_Asylum_and_the_Lunatic_Reception_Houses_of_the_Colony&action=edit&redlink=1,candidate_unverified,not_assessed,
rc-candidate-0306,Queensland,"Royal Commission into the Constitution, Administration and Working of the Criminal Investigation Branch of the Police Force of Queensland (1899)",1899,1899,1899,royal_commission,https://en.wikipedia.org/wiki/List_of_Queensland_commissions_of_inquiry,"https://en.wikipedia.org/w/index.php?title=Royal_Commission_into_the_Constitution,_Administration_and_Working_of_the_Criminal_Investigation_Branch_of_the_Police_Force_of_Queensland&action=edit&redlink=1",candidate_unverified,not_assessed,
rc-candidate-0307,Queensland,Royal Commission of Inquiry on Licensing and Liquor Laws (1901),1901,1901,1901,royal_commission,https://en.wikipedia.org/wiki/List_of_Queensland_commissions_of_inquiry,https://en.wikipedia.org/w/index.php?title=Royal_Commission_of_Inquiry_on_Licensing_and_Liquor_Laws&action=edit&redlink=1,candidate_unverified,not_assessed,
rc-candidate-0308,Queensland,Royal Commission into the Kedron Park Racecourse (1921),1921,1921,1921,royal_commission,https://en.wikipedia.org/wiki/List_of_Queensland_commissions_of_inquiry,https://en.wikipedia.org/w/index.php?title=Royal_Commission_into_the_Kedron_Park_Racecourse&action=edit&redlink=1,candidate_unverified,not_assessed,
rc-candidate-0309,Queensland,Royal Commission of Inquiry into Collinsville State Coal Mine (1923),1923,1923,1923,royal_commission,https://en.wikipedia.org/wiki/List_of_Queensland_commissions_of_inquiry,https://en.wikipedia.org/w/index.php?title=Royal_Commission_of_Inquiry_into_Collinsville_State_Coal_Mine&action=edit&redlink=1,candidate_unverified,not_assessed,
rc-candidate-0310,Queensland,Royal Commission on Racing and Racecourses (1930),1930,1930,1930,royal_commission,https://en.wikipedia.org/wiki/List_of_Queensland_commissions_of_inquiry,https://en.wikipedia.org/w/index.php?title=Royal_Commission_on_Racing_and_Racecourses&action=edit&redlink=1,candidate_unverified,not_assessed,
rc-candidate-0311,Queensland,"Commission of Inquiry into the Escape of Certain Prisoners from HM Prison, Brisbane (1947)",1947,1947,1947,commission_of_inquiry,https://en.wikipedia.org/wiki/List_of_Queensland_commissions_of_inquiry,"https://en.wikipedia.org/w/index.php?title=Commission_of_Inquiry_into_the_Escape_of_Certain_Prisoners_from_HM_Prison,_Brisbane&action=edit&redlink=1",candidate_unverified,not_assessed,
rc-candidate-0312,Queensland,"Commission of Inquiry into the Sawmilling Industry, the Industry of the Manufacture of Plywood and the Industry of the Manufacture of Joinery in the State of Queensland (1949)",1949,1949,1949,commission_of_inquiry,https://en.wikipedia.org/wiki/List_of_Queensland_commissions_of_inquiry,"https://en.wikipedia.org/w/index.php?title=Commission_of_Inquiry_into_the_Sawmilling_Industry,_the_Industry_of_the_Manufacture_of_Plywood_and_the_Industry_of_the_Manufacture_of_Joinery_in_the_State_of_Queensland&action=edit&redlink=1",candidate_unverified,not_assessed,
rc-candidate-0313,Queensland,Royal Commission into Allegations of Corruption relating to dealing with certain Crown Leaseholds in Queensland (1956),1956,1956,1956,royal_commission,https://en.wikipedia.org/wiki/List_of_Queensland_commissions_of_inquiry,https://en.wikipedia.org/w/index.php?title=Royal_Commission_into_Allegations_of_Corruption_relating_to_dealing_with_certain_Crown_Leaseholds_in_Queensland&action=edit&redlink=1,candidate_unverified,not_assessed,
rc-candidate-0314,Queensland,"Commission of Inquiry into the Farm Home for Boys, Westbrook (1961)",1961,1961,1961,commission_of_inquiry,https://en.wikipedia.org/wiki/List_of_Queensland_commissions_of_inquiry,"https://en.wikipedia.org/w/index.php?title=Commission_of_Inquiry_into_the_Farm_Home_for_Boys,_Westbrook&action=edit&redlink=1",candidate_unverified,not_assessed,
rc-candidate-0315,Queensland,Royal Commission Appointed to Inquire into and Report on Certain Matters Relating to Members of the Police Force and the National Hotel (1963),1963,1963,1963,royal_commission,https://en.wikipedia.org/wiki/List_of_Queensland_commissions_of_inquiry,https://en.wikipedia.org/w/index.php?title=Royal_Commission_Appointed_to_Inquire_into_and_Report_on_Certain_Matters_Relating_to_Members_of_the_Police_Force_and_the_National_Hotel&action=edit&redlink=1,candidate_unverified,not_assessed,
rc-candidate-0316,Queensland,Commission Of Inquiry Into Circumstances Surrounding Certain Matters Relating To Robert Andrew Somerville (1972),1972,1972,1972,commission_of_inquiry,https://en.wikipedia.org/wiki/List_of_Queensland_commissions_of_inquiry,https://en.wikipedia.org/w/index.php?title=Commission_Of_Inquiry_Into_Circumstances_Surrounding_Certain_Matters_Relating_To_Robert_Andrew_Somerville&action=edit&redlink=1,candidate_unverified,not_assessed,
rc-candidate-0317,Queensland,Commission of Inquiry into the Status of Women in Queensland (1974),1974,1974,1974,commission_of_inquiry,https://en.wikipedia.org/wiki/List_of_Queensland_commissions_of_inquiry,https://en.wikipedia.org/w/index.php?title=Commission_of_Inquiry_into_the_Status_of_Women_in_Queensland&action=edit&redlink=1,candidate_unverified,not_assessed,
rc-candidate-0318,Queensland,Royal Commission of Inquiry into Drug Trafficking (1981),1981,1981,1981,royal_commission,https://en.wikipedia.org/wiki/List_of_Queensland_commissions_of_inquiry,https://en.wikipedia.org/wiki/Royal_Commission_of_Inquiry_into_Drug_Trafficking,candidate_unverified,not_assessed,
rc-candidate-0319,Queensland,Parliamentary Judges Commission of Inquiry (1988–1989),1988,1989,1988–1989,commission_of_inquiry,https://en.wikipedia.org/wiki/List_of_Queensland_commissions_of_inquiry,https://en.wikipedia.org/w/index.php?title=Parliamentary_Judges_Commission_of_Inquiry&action=edit&redlink=1,candidate_unverified,not_assessed,
rc-candidate-0320,Queensland,Commission of Inquiry into the Care and Treatment of Patients in the Psychiatric Unit of the Townsville General Hospital (1991),1991,1991,1991,commission_of_inquiry,https://en.wikipedia.org/wiki/List_of_Queensland_commissions_of_inquiry,https://en.wikipedia.org/w/index.php?title=Commission_of_Inquiry_into_the_Care_and_Treatment_of_Patients_in_the_Psychiatric_Unit_of_the_Townsville_General_Hospital&action=edit&redlink=1,candidate_unverified,not_assessed,
rc-candidate-0321,Queensland,Commission of Inquiry into Operation Trident (1993),1993,1993,1993,commission_of_inquiry,https://en.wikipedia.org/wiki/List_of_Queensland_commissions_of_inquiry,https://en.wikipedia.org/w/index.php?title=Commission_of_Inquiry_into_Operation_Trident&action=edit&redlink=1,candidate_unverified,not_assessed,
rc-candidate-0322,Queensland,Commission of Inquiry into Abuse of Children in Queensland Institutions – commonly known as the Forde Inquiry (1998–1999),1998,1999,1998–1999,commission_of_inquiry,https://en.wikipedia.org/wiki/List_of_Queensland_commissions_of_inquiry,https://en.wikipedia.org/wiki/Forde_Inquiry,candidate_unverified,not_assessed,
rc-candidate-0323,Queensland,Queensland Public Hospitals Commission of Inquiry (2005),2005,2005,2005,commission_of_inquiry,https://en.wikipedia.org/wiki/List_of_Queensland_commissions_of_inquiry,https://en.wikipedia.org/wiki/Queensland_Public_Hospitals_Commission_of_Inquiry,candidate_unverified,not_assessed,
rc-candidate-0324,Queensland,Queensland Fuel Subsidy Commission of Inquiry (2007),2007,2007,2007,commission_of_inquiry,https://en.wikipedia.org/wiki/List_of_Queensland_commissions_of_inquiry,https://en.wikipedia.org/w/index.php?title=Queensland_Fuel_Subsidy_Commission_of_Inquiry&action=edit&redlink=1,candidate_unverified,not_assessed,
rc-candidate-0325,Queensland,Queensland Floods Commission of Inquiry (2011),2011,2011,2011,commission_of_inquiry,https://en.wikipedia.org/wiki/List_of_Queensland_commissions_of_inquiry,https://en.wikipedia.org/wiki/Commission_of_Inquiry_into_the_2010%E2%80%9311_Queensland_floods,candidate_unverified,not_assessed,
rc-candidate-0326,Queensland,Queensland Child Protection Commission of Inquiry (2012–2013),2012,2013,2012–2013,commission_of_inquiry,https://en.wikipedia.org/wiki/List_of_Queensland_commissions_of_inquiry,https://en.wikipedia.org/w/index.php?title=Queensland_Child_Protection_Commission_of_Inquiry&action=edit&redlink=1,candidate_unverified,not_assessed,
rc-candidate-0327,Queensland,Queensland Health Payroll System Commission of Inquiry (2013),2013,2013,2013,commission_of_inquiry,https://en.wikipedia.org/wiki/List_of_Queensland_commissions_of_inquiry,https://en.wikipedia.org/wiki/Queensland_Health#Payroll_System_Commission_of_Inquiry,candidate_unverified,not_assessed,
rc-candidate-0328,Queensland,Queensland Racing Commission of Inquiry (2013–2014),2013,2014,2013–2014,commission_of_inquiry,https://en.wikipedia.org/wiki/List_of_Queensland_commissions_of_inquiry,https://en.wikipedia.org/w/index.php?title=Queensland_Racing_Commission_of_Inquiry&action=edit&redlink=1,candidate_unverified,not_assessed,
rc-candidate-0329,Queensland,Queensland Organised Crime Commission of Inquiry (2015),2015,2015,2015,commission_of_inquiry,https://en.wikipedia.org/wiki/List_of_Queensland_commissions_of_inquiry,https://en.wikipedia.org/w/index.php?title=Queensland_Organised_Crime_Commission_of_Inquiry&action=edit&redlink=1,candidate_unverified,not_assessed,
rc-candidate-0330,Queensland,Grantham Floods Commission of Inquiry (2015),2015,2015,2015,commission_of_inquiry,https://en.wikipedia.org/wiki/List_of_Queensland_commissions_of_inquiry,https://en.wikipedia.org/w/index.php?title=Grantham_Floods_Commission_of_Inquiry&action=edit&redlink=1,candidate_unverified,not_assessed,
rc-candidate-0331,Queensland,Barrett Adolescent Centre Commission of Inquiry (2015–2016),2015,2016,2015–2016,commission_of_inquiry,https://en.wikipedia.org/wiki/List_of_Queensland_commissions_of_inquiry,https://en.wikipedia.org/w/index.php?title=Barrett_Adolescent_Centre_Commission_of_Inquiry&action=edit&redlink=1,candidate_unverified,not_assessed,
rc-candidate-0332,Queensland,Queensland Rail Train Crewing Practices Commission of Inquiry (2016–2017),2016,2017,2016–2017,commission_of_inquiry,https://en.wikipedia.org/wiki/List_of_Queensland_commissions_of_inquiry,https://en.wikipedia.org/wiki/Queensland_Rail#Redcliffe_Peninsula_railway_line_and_subsequent_driver_shortages,candidate_unverified,not_assessed,
rc-candidate-0333,Queensland,Commission of Inquiry into Forensic DNA Testing in Queensland (2022) Subsequent Inquiry: Commission of Inquiry to examine DNA Project 13 concerns (2023),2022,2023,2022 2023,commission_of_inquiry,https://en.wikipedia.org/wiki/List_of_Queensland_commissions_of_inquiry,,candidate_unverified,not_assessed,
rc-candidate-0334,Queensland,Commission of Inquiry relating to the Crime and Corruption Commission (2022),2022,2022,2022,commission_of_inquiry,https://en.wikipedia.org/wiki/List_of_Queensland_commissions_of_inquiry,https://en.wikipedia.org/wiki/Crime_and_Corruption_Commission,candidate_unverified,not_assessed,
rc-candidate-0335,Queensland,Independent Commission of Inquiry into Queensland Police Service responses to domestic and family violence (2022),2022,2022,2022,commission_of_inquiry,https://en.wikipedia.org/wiki/List_of_Queensland_commissions_of_inquiry,https://en.wikipedia.org/wiki/Queensland_Police_Service,candidate_unverified,not_assessed,
rc-candidate-0336,Queensland,Child Safety Commission of Inquiry (2025–),2025,2025,2025,commission_of_inquiry,https://en.wikipedia.org/wiki/List_of_Queensland_commissions_of_inquiry,,candidate_unverified,not_assessed,
rc-candidate-0337,Queensland,Commission of Inquiry into the CFMEU and Misconduct in the Construction Industry (2025–),2025,2025,2025,commission_of_inquiry,https://en.wikipedia.org/wiki/List_of_Queensland_commissions_of_inquiry,"https://en.wikipedia.org/wiki/Construction,_Forestry_and_Maritime_Employees_Union",candidate_unverified,not_assessed,
rc-candidate-0338,Queensland,Subsequent Inquiry: Commission of Inquiry to examine DNA Project 13 concerns (2023),2023,2023,2023,commission_of_inquiry,https://en.wikipedia.org/wiki/List_of_Queensland_commissions_of_inquiry,,candidate_unverified,not_assessed,
rc-candidate-0339,South Australia,"Royal Commission appointed by the Governor-in-Chief to inquire into the loss of the ""SS Admella""",1859,1859,1859,royal_commission,https://en.wikipedia.org/wiki/List_of_South_Australian_royal_commissions,https://en.wikipedia.org/wiki/SS_Admella#Aftermath,candidate_unverified,not_assessed,
rc-candidate-0340,South Australia,Royal commission on real property law,1861,1861,1861,royal_commission,https://en.wikipedia.org/wiki/List_of_South_Australian_royal_commissions,,candidate_unverified,not_assessed,
rc-candidate-0341,South Australia,Royal Commission on the Customs House,1864,1864,1864,royal_commission,https://en.wikipedia.org/wiki/List_of_South_Australian_royal_commissions,,candidate_unverified,not_assessed,
rc-candidate-0342,South Australia,"Royal Commission appointed to inquire into and report on the management, etc. of the Lunatic Asylum and Hospital",1864,1864,1864,royal_commission,https://en.wikipedia.org/wiki/List_of_South_Australian_royal_commissions,,candidate_unverified,not_assessed,
rc-candidate-0343,South Australia,Royal Commission appointed by the Governor-in-Chief to report on colonial defences,1865,1865,1865,royal_commission,https://en.wikipedia.org/wiki/List_of_South_Australian_royal_commissions,,candidate_unverified,not_assessed,
rc-candidate-0344,South Australia,Royal Commission appointed by the Governor-in-Chief to inquire into the state of the northern runs,1865,1865,1865,royal_commission,https://en.wikipedia.org/wiki/List_of_South_Australian_royal_commissions,,candidate_unverified,not_assessed,
rc-candidate-0345,South Australia,Royal Commission on the Port Harbour,1865,1866,1865–1866,royal_commission,https://en.wikipedia.org/wiki/List_of_South_Australian_royal_commissions,,candidate_unverified,not_assessed,
rc-candidate-0346,South Australia,Royal Commission appointed by the Governor-in-Chief to inquire into the working of the Lands Titles Registration Office,1866,1866,1866,royal_commission,https://en.wikipedia.org/wiki/List_of_South_Australian_royal_commissions,,candidate_unverified,not_assessed,
rc-candidate-0347,South Australia,Royal Commission appointed by the Governor-in-Chief to inquire into the management of the Northern Territory expedition,1866,1866,1866,royal_commission,https://en.wikipedia.org/wiki/List_of_South_Australian_royal_commissions,https://en.wikipedia.org/wiki/Northern_Territory,candidate_unverified,not_assessed,
rc-candidate-0348,South Australia,Commission of Inquiry into management of Police Force,1866,1866,1866,commission_of_inquiry,https://en.wikipedia.org/wiki/List_of_South_Australian_royal_commissions,,candidate_unverified,not_assessed,
rc-candidate-0349,South Australia,Royal Commission appointed by the Governor-in-Chief to inquire into the state of runs suffering from drought,1867,1867,1867,royal_commission,https://en.wikipedia.org/wiki/List_of_South_Australian_royal_commissions,,candidate_unverified,not_assessed,
rc-candidate-0350,South Australia,Royal Commission appointed by the Governor-in-Chief to inquire charges against Waterworks Engineer,1867,1867,1867,royal_commission,https://en.wikipedia.org/wiki/List_of_South_Australian_royal_commissions,,candidate_unverified,not_assessed,
rc-candidate-0351,South Australia,Royal Commission appointed by the Governor-in-Chief to inquire and report upon the diseases in cereals,1867,1868,1867–1868,royal_commission,https://en.wikipedia.org/wiki/List_of_South_Australian_royal_commissions,,candidate_unverified,not_assessed,
rc-candidate-0352,South Australia,Royal Commission to inquire into and report upon the public accounts,1869,1869,1869,royal_commission,https://en.wikipedia.org/wiki/List_of_South_Australian_royal_commissions,,candidate_unverified,not_assessed,
rc-candidate-0353,South Australia,"Royal Commission appointed to inquire into the Intestacy, Real Property, and Testamentary Causes Acts",1872,1873,1872–1873,royal_commission,https://en.wikipedia.org/wiki/List_of_South_Australian_royal_commissions,,candidate_unverified,not_assessed,
rc-candidate-0354,South Australia,Commission of Inquiry appointed to inquire into matters in dispute in connection with the Hope Valley aqueduct contract,1873,1873,1873,commission_of_inquiry,https://en.wikipedia.org/wiki/List_of_South_Australian_royal_commissions,"https://en.wikipedia.org/wiki/Hope_Valley,_South_Australia",candidate_unverified,not_assessed,
rc-candidate-0355,South Australia,Royal Commission appointed to consider the whole matter of remuneration and classification of the Civil Service,1873,1874,1873–1874,royal_commission,https://en.wikipedia.org/wiki/List_of_South_Australian_royal_commissions,,candidate_unverified,not_assessed,
rc-candidate-0356,South Australia,Royal Commission appointed to inquire into the whole question of the new Institute and Museum,1873,1874,1873–1874,royal_commission,https://en.wikipedia.org/wiki/List_of_South_Australian_royal_commissions,,candidate_unverified,not_assessed,
rc-candidate-0357,South Australia,Royal Commission appointed to inquire into the alcoholic strength of South Australian wines,1874,1874,1874,royal_commission,https://en.wikipedia.org/wiki/List_of_South_Australian_royal_commissions,,candidate_unverified,not_assessed,
rc-candidate-0358,South Australia,"Royal Commission appointed to inquire into and report upon the plans submitted in competition for the new Parliament houses and the new Institute and Museum, and the sites best suited for their erection",1874,1874,1874,royal_commission,https://en.wikipedia.org/wiki/List_of_South_Australian_royal_commissions,,candidate_unverified,not_assessed,
rc-candidate-0359,South Australia,Royal Commission appointed to inquire into the organisation and working of the Post Office Department,1874,1874,1874,royal_commission,https://en.wikipedia.org/wiki/List_of_South_Australian_royal_commissions,,candidate_unverified,not_assessed,
rc-candidate-0360,South Australia,Royal Commission appointed to inquire into the subject of railway construction,1874,1875,1874–1875,royal_commission,https://en.wikipedia.org/wiki/List_of_South_Australian_royal_commissions,,candidate_unverified,not_assessed,
rc-candidate-0361,South Australia,Royal Commission appointed to inquire into the best means of providing agricultural and technical education,1875,1875,1875,royal_commission,https://en.wikipedia.org/wiki/List_of_South_Australian_royal_commissions,,candidate_unverified,not_assessed,
rc-candidate-0362,South Australia,Royal Commission appointed to inquire into the whole question of sanitation for the Province,1875,1876,1875–1876,royal_commission,https://en.wikipedia.org/wiki/List_of_South_Australian_royal_commissions,,candidate_unverified,not_assessed,
rc-candidate-0363,South Australia,Royal Commission appointed to consider and report upon the whole question of the defences of the Province,1876,1876,1876,royal_commission,https://en.wikipedia.org/wiki/List_of_South_Australian_royal_commissions,,candidate_unverified,not_assessed,
rc-candidate-0364,South Australia,"Royal Commission appointed to report on the principles and working of tribunals of commerce, etc., etc.",1877,1878,1877–1878,royal_commission,https://en.wikipedia.org/wiki/List_of_South_Australian_royal_commissions,,candidate_unverified,not_assessed,
rc-candidate-0365,South Australia,Royal Commission appointed to report on the Parliament buildings site,1878,1878,1878,royal_commission,https://en.wikipedia.org/wiki/List_of_South_Australian_royal_commissions,,candidate_unverified,not_assessed,
rc-candidate-0366,South Australia,Royal Commission appointed to report on the liquor laws,1879,1879,1879,royal_commission,https://en.wikipedia.org/wiki/List_of_South_Australian_royal_commissions,,candidate_unverified,not_assessed,
rc-candidate-0367,South Australia,Royal Commission appointed to report on public finance,1879,1882,1879–1882,royal_commission,https://en.wikipedia.org/wiki/List_of_South_Australian_royal_commissions,,candidate_unverified,not_assessed,
rc-candidate-0368,South Australia,Royal Commission appointed to inquire into the Parliament buildings site,1879,1879,1879,royal_commission,https://en.wikipedia.org/wiki/List_of_South_Australian_royal_commissions,,candidate_unverified,not_assessed,
rc-candidate-0369,South Australia,Royal Commission appointed to report on the public works,1879,1882,1879–1882,royal_commission,https://en.wikipedia.org/wiki/List_of_South_Australian_royal_commissions,,candidate_unverified,not_assessed,
rc-candidate-0370,South Australia,Royal Commission on sewage farm site,1879,1879,1879,royal_commission,https://en.wikipedia.org/wiki/List_of_South_Australian_royal_commissions,,candidate_unverified,not_assessed,
rc-candidate-0371,South Australia,Royal Commission appointed to report on wharves and jetties,1880,1881,1880–1881,royal_commission,https://en.wikipedia.org/wiki/List_of_South_Australian_royal_commissions,,candidate_unverified,not_assessed,
rc-candidate-0372,South Australia,Royal Commission appointed to report on the alleged injuries by sparrows,1881,1881,1881,royal_commission,https://en.wikipedia.org/wiki/List_of_South_Australian_royal_commissions,,candidate_unverified,not_assessed,
rc-candidate-0373,South Australia,Royal Commission on the working of the Education Acts,1881,1882,1881–1882,royal_commission,https://en.wikipedia.org/wiki/List_of_South_Australian_royal_commissions,,candidate_unverified,not_assessed,
rc-candidate-0374,South Australia,Royal Commission appointed to report on electoral districts,1882,1882,1882,royal_commission,https://en.wikipedia.org/wiki/List_of_South_Australian_royal_commissions,,candidate_unverified,not_assessed,
rc-candidate-0375,South Australia,"Royal Commission appointed to report on the Destitute Act, 1881",1883,1881,1883–1885,royal_commission,https://en.wikipedia.org/wiki/List_of_South_Australian_royal_commissions,,candidate_unverified,not_assessed,
rc-candidate-0376,South Australia,Royal Commission appointed to report upon the Adelaide and Parkside Lunatic Asylums,1883,1884,1883–1884,royal_commission,https://en.wikipedia.org/wiki/List_of_South_Australian_royal_commissions,"https://en.wikipedia.org/wiki/Parkside,_South_Australia",candidate_unverified,not_assessed,
rc-candidate-0377,South Australia,Royal Commission on railways,1883,1884,1883–1884,royal_commission,https://en.wikipedia.org/wiki/List_of_South_Australian_royal_commissions,,candidate_unverified,not_assessed,
rc-candidate-0378,South Australia,Royal Commission on Government Stores,1886,1887,1886–1887,royal_commission,https://en.wikipedia.org/wiki/List_of_South_Australian_royal_commissions,,candidate_unverified,not_assessed,
rc-candidate-0379,South Australia,Royal Commission on Transcontinental railway,1887,1887,1887,royal_commission,https://en.wikipedia.org/wiki/List_of_South_Australian_royal_commissions,,candidate_unverified,not_assessed,
rc-candidate-0380,South Australia,Royal Commission on the utilisation of River Murray waters,1887,1887,1887,royal_commission,https://en.wikipedia.org/wiki/List_of_South_Australian_royal_commissions,https://en.wikipedia.org/wiki/River_Murray,candidate_unverified,not_assessed,
rc-candidate-0381,South Australia,Royal Commission on the land laws of South Australia,1888,1888,1888,royal_commission,https://en.wikipedia.org/wiki/List_of_South_Australian_royal_commissions,,candidate_unverified,not_assessed,
rc-candidate-0382,South Australia,Civil Service Commission,1888,1891,1888–1891,royal_commission,https://en.wikipedia.org/wiki/List_of_South_Australian_royal_commissions,,candidate_unverified,not_assessed,
rc-candidate-0383,South Australia,Royal Commission appointed to consider the desirability of establishing a State Bank and Royal Mint,1888,1889,1888–1889,royal_commission,https://en.wikipedia.org/wiki/List_of_South_Australian_royal_commissions,https://en.wikipedia.org/wiki/State_Bank_of_South_Australia,candidate_unverified,not_assessed,
rc-candidate-0384,South Australia,Barossa water commission,1889,1889,1889,royal_commission,https://en.wikipedia.org/wiki/List_of_South_Australian_royal_commissions,https://en.wikipedia.org/wiki/Barossa_Valley,candidate_unverified,not_assessed,
rc-candidate-0385,South Australia,Royal Commission on an Angaston railway,1889,1890,1889–1890,royal_commission,https://en.wikipedia.org/wiki/List_of_South_Australian_royal_commissions,"https://en.wikipedia.org/wiki/Angaston,_South_Australia",candidate_unverified,not_assessed,
rc-candidate-0386,South Australia,Mining Commission,1889,1890,1889–1890,royal_commission,https://en.wikipedia.org/wiki/List_of_South_Australian_royal_commissions,,candidate_unverified,not_assessed,
rc-candidate-0387,South Australia,Queensland border railway commission,1890,1890,1890,royal_commission,https://en.wikipedia.org/wiki/List_of_South_Australian_royal_commissions,https://en.wikipedia.org/wiki/Queensland,candidate_unverified,not_assessed,
rc-candidate-0388,South Australia,Royal Commission on the Water Conservation Department,1890,1890,1890,royal_commission,https://en.wikipedia.org/wiki/List_of_South_Australian_royal_commissions,,candidate_unverified,not_assessed,
rc-candidate-0389,South Australia,Royal Commission on intercolonial free trade,1890,1890,1890,royal_commission,https://en.wikipedia.org/wiki/List_of_South_Australian_royal_commissions,,candidate_unverified,not_assessed,
rc-candidate-0390,South Australia,Royal Commission on landing and embarking European mails,1890,1891,1890–1891,royal_commission,https://en.wikipedia.org/wiki/List_of_South_Australian_royal_commissions,,candidate_unverified,not_assessed,
rc-candidate-0391,South Australia,Royal Commission on the Port Augusta and Cockburn railway,1890,1891,1890–1891,royal_commission,https://en.wikipedia.org/wiki/List_of_South_Australian_royal_commissions,https://en.wikipedia.org/wiki/Port_Augusta,candidate_unverified,not_assessed,
rc-candidate-0392,South Australia,Royal Commission on the question of the best route for the Blyth railway extension,1891,1891,1891,royal_commission,https://en.wikipedia.org/wiki/List_of_South_Australian_royal_commissions,"https://en.wikipedia.org/wiki/Blyth,_South_Australia",candidate_unverified,not_assessed,
rc-candidate-0393,South Australia,Pastoral lands commission,1891,1891,1891,royal_commission,https://en.wikipedia.org/wiki/List_of_South_Australian_royal_commissions,,candidate_unverified,not_assessed,
rc-candidate-0394,South Australia,Royal Commission on the valuations of pastoral improvements,1891,1892,1891–1892,royal_commission,https://en.wikipedia.org/wiki/List_of_South_Australian_royal_commissions,,candidate_unverified,not_assessed,
rc-candidate-0395,South Australia,Royal Commission on the south-east drainage system,1892,1892,1892,royal_commission,https://en.wikipedia.org/wiki/List_of_South_Australian_royal_commissions,,candidate_unverified,not_assessed,
rc-candidate-0396,South Australia,Orroroo and Port Germein railway commission,1892,1892,1892,royal_commission,https://en.wikipedia.org/wiki/List_of_South_Australian_royal_commissions,"https://en.wikipedia.org/wiki/Orroroo,_South_Australia",candidate_unverified,not_assessed,
rc-candidate-0397,South Australia,Royal Commission appointed to inquire into the question of the expediency of constructing a graving dock in South Australia at the public expense,1892,1892,1892,royal_commission,https://en.wikipedia.org/wiki/List_of_South_Australian_royal_commissions,,candidate_unverified,not_assessed,
rc-candidate-0398,South Australia,Shops and factories commission,1892,1892,1892,royal_commission,https://en.wikipedia.org/wiki/List_of_South_Australian_royal_commissions,,candidate_unverified,not_assessed,
rc-candidate-0399,South Australia,Royal Commission on main roads,1892,1892,1892,royal_commission,https://en.wikipedia.org/wiki/List_of_South_Australian_royal_commissions,,candidate_unverified,not_assessed,
rc-candidate-0400,South Australia,Royal Commission on stores,1893,1893,1893,royal_commission,https://en.wikipedia.org/wiki/List_of_South_Australian_royal_commissions,,candidate_unverified,not_assessed,
rc-candidate-0401,South Australia,Vermin-proof fencing commission,1893,1893,1893,royal_commission,https://en.wikipedia.org/wiki/List_of_South_Australian_royal_commissions,,candidate_unverified,not_assessed,
rc-candidate-0402,South Australia,Royal Commission on the Northern Territory,1895,1895,1895,royal_commission,https://en.wikipedia.org/wiki/List_of_South_Australian_royal_commissions,https://en.wikipedia.org/wiki/Northern_Territory,candidate_unverified,not_assessed,
rc-candidate-0403,South Australia,Royal Commission on the Adelaide Hospital,1895,1895,1895,royal_commission,https://en.wikipedia.org/wiki/List_of_South_Australian_royal_commissions,https://en.wikipedia.org/wiki/Royal_Adelaide_Hospital,candidate_unverified,not_assessed,
rc-candidate-0404,South Australia,Royal Commission on the Beetaloo waterworks,1896,1896,1896,royal_commission,https://en.wikipedia.org/wiki/List_of_South_Australian_royal_commissions,https://en.wikipedia.org/wiki/Beetaloo,candidate_unverified,not_assessed,
rc-candidate-0405,South Australia,Royal Commission on the Government wharves,1896,1897,1896–1897,royal_commission,https://en.wikipedia.org/wiki/List_of_South_Australian_royal_commissions,,candidate_unverified,not_assessed,
rc-candidate-0406,South Australia,Royal Commission on the Bundaleer waterworks,1897,1897,1897,royal_commission,https://en.wikipedia.org/wiki/List_of_South_Australian_royal_commissions,"https://en.wikipedia.org/w/index.php?title=Bundaleer,_South_Australia&action=edit&redlink=1",candidate_unverified,not_assessed,
rc-candidate-0407,South Australia,Royal Commission on the aged poor,1897,1898,1897–1898,royal_commission,https://en.wikipedia.org/wiki/List_of_South_Australian_royal_commissions,,candidate_unverified,not_assessed,
rc-candidate-0408,South Australia,South-eastern drainage commission,1898,1899,1898–1899,royal_commission,https://en.wikipedia.org/wiki/List_of_South_Australian_royal_commissions,,candidate_unverified,not_assessed,
rc-candidate-0409,South Australia,Public service commission,1899,1901,1899–1901,royal_commission,https://en.wikipedia.org/wiki/List_of_South_Australian_royal_commissions,,candidate_unverified,not_assessed,
rc-candidate-0410,South Australia,Royal Commission on Renmark and Murray River settlements,1899,1900,1899–1900,royal_commission,https://en.wikipedia.org/wiki/List_of_South_Australian_royal_commissions,"https://en.wikipedia.org/wiki/Renmark,_South_Australia",candidate_unverified,not_assessed,
rc-candidate-0411,South Australia,Royal Commission on the Taxation Acts,1900,1900,1900,royal_commission,https://en.wikipedia.org/wiki/List_of_South_Australian_royal_commissions,,candidate_unverified,not_assessed,
rc-candidate-0412,South Australia,Royal Commission on the Wine and Produce Depot,1901,1901,1901,royal_commission,https://en.wikipedia.org/wiki/List_of_South_Australian_royal_commissions,,candidate_unverified,not_assessed,
rc-candidate-0413,South Australia,Wine and Produce Commission in London,1902,1902,1902,royal_commission,https://en.wikipedia.org/wiki/List_of_South_Australian_royal_commissions,,candidate_unverified,not_assessed,
rc-candidate-0414,South Australia,Royal Commission on the question of the construction of a railway to Pinnaroo,1902,1902,1902,royal_commission,https://en.wikipedia.org/wiki/List_of_South_Australian_royal_commissions,"https://en.wikipedia.org/wiki/Pinnaroo,_South_Australia",candidate_unverified,not_assessed,
rc-candidate-0415,South Australia,"Interstate Royal Commission on the River Murray representing the States of New South Wales, Victoria, and South Australia",1902,1902,1902,royal_commission,https://en.wikipedia.org/wiki/List_of_South_Australian_royal_commissions,,candidate_unverified,not_assessed,
rc-candidate-0416,South Australia,Royal Commission on waterworks,1903,1903,1903,royal_commission,https://en.wikipedia.org/wiki/List_of_South_Australian_royal_commissions,,candidate_unverified,not_assessed,
rc-candidate-0417,South Australia,Royal Commission on the necessity for improved facilities for the trade of the south-east,1905,1906,1905–1906,royal_commission,https://en.wikipedia.org/wiki/List_of_South_Australian_royal_commissions,,candidate_unverified,not_assessed,
rc-candidate-0418,South Australia,Royal Commission upon the question of the treatment of inebriates,1906,1906,1906,royal_commission,https://en.wikipedia.org/wiki/List_of_South_Australian_royal_commissions,,candidate_unverified,not_assessed,
rc-candidate-0419,South Australia,Royal Commission upon the charges against produce merchants,1907,1907,1907,royal_commission,https://en.wikipedia.org/wiki/List_of_South_Australian_royal_commissions,,candidate_unverified,not_assessed,
rc-candidate-0420,South Australia,Royal Commission on the question of the marketing of wheat,1908,1909,1908–1909,royal_commission,https://en.wikipedia.org/wiki/List_of_South_Australian_royal_commissions,,candidate_unverified,not_assessed,
rc-candidate-0421,South Australia,Royal Commission on the Land Titles Office and General Registry of Deeds Office,1908,1909,1908–1909,royal_commission,https://en.wikipedia.org/wiki/List_of_South_Australian_royal_commissions,,candidate_unverified,not_assessed,
rc-candidate-0422,South Australia,Royal Commission on the conviction of Myles Flynn,1908,1909,1908–1909,royal_commission,https://en.wikipedia.org/wiki/List_of_South_Australian_royal_commissions,,candidate_unverified,not_assessed,
rc-candidate-0423,South Australia,Royal Commission on Eyre's Peninsula railways,1909,1912,1909–1912,royal_commission,https://en.wikipedia.org/wiki/List_of_South_Australian_royal_commissions,https://en.wikipedia.org/wiki/Eyre_Peninsula,candidate_unverified,not_assessed,
rc-candidate-0424,South Australia,Royal Commission upon the necessity of a railway to Willunga,1909,1909,1909,royal_commission,https://en.wikipedia.org/wiki/List_of_South_Australian_royal_commissions,"https://en.wikipedia.org/wiki/Willunga,_South_Australia",candidate_unverified,not_assessed,
rc-candidate-0425,South Australia,Royal commission on the Murray lands railway,1909,1912,1909–1912,royal_commission,https://en.wikipedia.org/wiki/List_of_South_Australian_royal_commissions,,candidate_unverified,not_assessed,
rc-candidate-0426,South Australia,Royal Commission upon the necessity for a railway through Kangaroo Island,1909,1911,1909–1911,royal_commission,https://en.wikipedia.org/wiki/List_of_South_Australian_royal_commissions,https://en.wikipedia.org/wiki/Kangaroo_Island,candidate_unverified,not_assessed,
rc-candidate-0427,South Australia,Royal Commission on the management of the Parkside Lunatic Asylum and treatment of criminal lunatics,1909,1909,1909,royal_commission,https://en.wikipedia.org/wiki/List_of_South_Australian_royal_commissions,,candidate_unverified,not_assessed,
rc-candidate-0428,South Australia,Royal Commission on the suggested railway deviation at Goolwa,1909,1910,1909–1910,royal_commission,https://en.wikipedia.org/wiki/List_of_South_Australian_royal_commissions,"https://en.wikipedia.org/wiki/Goolwa,_South_Australia",candidate_unverified,not_assessed,
rc-candidate-0429,South Australia,Royal Commission on northern railways,1910,1912,1910–1912,royal_commission,https://en.wikipedia.org/wiki/List_of_South_Australian_royal_commissions,,candidate_unverified,not_assessed,
rc-candidate-0430,South Australia,Royal Commission on the proposed railway from Eudunda to Robertstown,1910,1911,1910–1911,royal_commission,https://en.wikipedia.org/wiki/List_of_South_Australian_royal_commissions,https://en.wikipedia.org/wiki/Eudunda,candidate_unverified,not_assessed,
rc-candidate-0431,South Australia,Royal Commission on narrow-gauge extension and break of gauge,1910,1912,1910–1912,royal_commission,https://en.wikipedia.org/wiki/List_of_South_Australian_royal_commissions,,candidate_unverified,not_assessed,
rc-candidate-0432,South Australia,Royal Commission on the Sedan railway,1910,1914,1910–1914,royal_commission,https://en.wikipedia.org/wiki/List_of_South_Australian_royal_commissions,"https://en.wikipedia.org/wiki/Sedan,_South_Australia",candidate_unverified,not_assessed,
rc-candidate-0433,South Australia,Royal Commission on water supply,1910,1912,1910–1912,royal_commission,https://en.wikipedia.org/wiki/List_of_South_Australian_royal_commissions,,candidate_unverified,not_assessed,
rc-candidate-0434,South Australia,Interstate Royal Commission on border railways,1910,1912,1910–1912,royal_commission,https://en.wikipedia.org/wiki/List_of_South_Australian_royal_commissions,,candidate_unverified,not_assessed,
rc-candidate-0435,South Australia,Royal Commission on the Adelaide University and higher education,1911,1913,1911–1913,royal_commission,https://en.wikipedia.org/wiki/List_of_South_Australian_royal_commissions,https://en.wikipedia.org/wiki/University_of_Adelaide,candidate_unverified,not_assessed,
rc-candidate-0436,South Australia,Royal Commission on wharves and water frontages,1911,1911,1911,royal_commission,https://en.wikipedia.org/wiki/List_of_South_Australian_royal_commissions,,candidate_unverified,not_assessed,
rc-candidate-0437,South Australia,Royal Commission on the shortage of labour in the clothing and boot trades,1911,1912,1911–1912,royal_commission,https://en.wikipedia.org/wiki/List_of_South_Australian_royal_commissions,,candidate_unverified,not_assessed,
rc-candidate-0438,South Australia,Royal Commission on electoral registration,1912,1912,1912,royal_commission,https://en.wikipedia.org/wiki/List_of_South_Australian_royal_commissions,,candidate_unverified,not_assessed,
rc-candidate-0439,South Australia,Royal Commission on the Aborigines,1913,1916,1913–1916,royal_commission,https://en.wikipedia.org/wiki/List_of_South_Australian_royal_commissions,https://en.wikipedia.org/wiki/Royal_Commission_on_the_Aborigines_(1913),candidate_unverified,not_assessed,
rc-candidate-0440,South Australia,Royal Commission on the metropolitan abattoirs,1914,1915,1914–1915,royal_commission,https://en.wikipedia.org/wiki/List_of_South_Australian_royal_commissions,,candidate_unverified,not_assessed,
rc-candidate-0441,South Australia,Royal Commission on the municipalisation of gas and electric services,1913,1917,1913–1917,royal_commission,https://en.wikipedia.org/wiki/List_of_South_Australian_royal_commissions,,candidate_unverified,not_assessed,
rc-candidate-0442,South Australia,Royal Commission on electoral matters,1915,1916,1915–1916,royal_commission,https://en.wikipedia.org/wiki/List_of_South_Australian_royal_commissions,,candidate_unverified,not_assessed,
rc-candidate-0443,South Australia,Royal Commission on North Terrace reserves and railway centres,1916,1919,1916–1919,royal_commission,https://en.wikipedia.org/wiki/List_of_South_Australian_royal_commissions,,candidate_unverified,not_assessed,
rc-candidate-0444,South Australia,Royal Commission on Port Adelaide road contracts,1916,1916,1916,royal_commission,https://en.wikipedia.org/wiki/List_of_South_Australian_royal_commissions,https://en.wikipedia.org/wiki/Port_Adelaide,candidate_unverified,not_assessed,
rc-candidate-0445,South Australia,Royal Commission on government land purchases,1917,1918,1917–1918,royal_commission,https://en.wikipedia.org/wiki/List_of_South_Australian_royal_commissions,,candidate_unverified,not_assessed,
rc-candidate-0446,South Australia,Royal Commission on Hannaford's quarry,1917,1918,1917–1918,royal_commission,https://en.wikipedia.org/wiki/List_of_South_Australian_royal_commissions,,candidate_unverified,not_assessed,
rc-candidate-0447,South Australia,Royal Commission on the wheat scheme and rural industries,1917,1921,1917–1921,royal_commission,https://en.wikipedia.org/wiki/List_of_South_Australian_royal_commissions,,candidate_unverified,not_assessed,
rc-candidate-0448,South Australia,Royal Commission on the acquisition and disposal of wheat and material in connection with the South Australian wheat scheme,1918,1918,1918,royal_commission,https://en.wikipedia.org/wiki/List_of_South_Australian_royal_commissions,,candidate_unverified,not_assessed,
rc-candidate-0449,South Australia,Second Royal Commission on the acquisition and disposal of wheat and material in connection with the South Australian wheat scheme,1918,1920,1918–1920,royal_commission,https://en.wikipedia.org/wiki/List_of_South_Australian_royal_commissions,,candidate_unverified,not_assessed,
rc-candidate-0450,South Australia,Royal Commission on the Yatala Mental Hospital site,1919,1919,1919,royal_commission,https://en.wikipedia.org/wiki/List_of_South_Australian_royal_commissions,https://en.wikipedia.org/wiki/Hundred_of_Yatala,candidate_unverified,not_assessed,
rc-candidate-0451,South Australia,Royal Commission on Loxton,1919,1920,1919–1920,royal_commission,https://en.wikipedia.org/wiki/List_of_South_Australian_royal_commissions,"https://en.wikipedia.org/wiki/Loxton,_South_Australia",candidate_unverified,not_assessed,
rc-candidate-0452,South Australia,Royal Commission on the Port Adelaide coal wharf,1919,1920,1919–1920,royal_commission,https://en.wikipedia.org/wiki/List_of_South_Australian_royal_commissions,,candidate_unverified,not_assessed,
rc-candidate-0453,South Australia,Royal Commission on the Public Service of South Australia,1921,1922,1921–1922,royal_commission,https://en.wikipedia.org/wiki/List_of_South_Australian_royal_commissions,,candidate_unverified,not_assessed,
rc-candidate-0454,South Australia,Royal Commission on law reform,1923,1927,1923–1927,royal_commission,https://en.wikipedia.org/wiki/List_of_South_Australian_royal_commissions,,candidate_unverified,not_assessed,
rc-candidate-0455,South Australia,Royal Commission on south-eastern drainage,1923,1925,1923–1925,royal_commission,https://en.wikipedia.org/wiki/List_of_South_Australian_royal_commissions,,candidate_unverified,not_assessed,
rc-candidate-0456,South Australia,"Irrigation Royal Commission under section 22 of Irrigation Act, 1922",1923,1922,1923–1925,royal_commission,https://en.wikipedia.org/wiki/List_of_South_Australian_royal_commissions,,candidate_unverified,not_assessed,
rc-candidate-0457,South Australia,Royal Commission on Eyre Peninsula transport charges and facilities,1923,1925,1923–1925,royal_commission,https://en.wikipedia.org/wiki/List_of_South_Australian_royal_commissions,https://en.wikipedia.org/wiki/Eyre_Peninsula,candidate_unverified,not_assessed,
rc-candidate-0458,South Australia,Royal Commission on plumbism,1925,1925,1925,royal_commission,https://en.wikipedia.org/wiki/List_of_South_Australian_royal_commissions,,candidate_unverified,not_assessed,
rc-candidate-0459,South Australia,Royal Commission on rural settlement,1925,1926,1925–1926,royal_commission,https://en.wikipedia.org/wiki/List_of_South_Australian_royal_commissions,,candidate_unverified,not_assessed,
rc-candidate-0460,South Australia,Royal Commission on Port Pirie Police,1925,1925,1925,royal_commission,https://en.wikipedia.org/wiki/List_of_South_Australian_royal_commissions,https://en.wikipedia.org/wiki/Port_Pirie,candidate_unverified,not_assessed,
rc-candidate-0461,South Australia,Royal Commission on the thousand homes contract,1925,1925,1925,royal_commission,https://en.wikipedia.org/wiki/List_of_South_Australian_royal_commissions,,candidate_unverified,not_assessed,
rc-candidate-0462,South Australia,Second Royal Commission on Port Pirie Police,1925,1925,1925,royal_commission,https://en.wikipedia.org/wiki/List_of_South_Australian_royal_commissions,https://en.wikipedia.org/wiki/Port_Pirie,candidate_unverified,not_assessed,
rc-candidate-0463,South Australia,Royal Commission on manufacturing and secondary industries,1926,1927,1926–1927,royal_commission,https://en.wikipedia.org/wiki/List_of_South_Australian_royal_commissions,,candidate_unverified,not_assessed,
rc-candidate-0464,South Australia,Royal Commission on traffic control,1926,1928,1926–1928,royal_commission,https://en.wikipedia.org/wiki/List_of_South_Australian_royal_commissions,,candidate_unverified,not_assessed,
rc-candidate-0465,South Australia,Royal Commission on release of prisoners,1926,1926,1926,royal_commission,https://en.wikipedia.org/wiki/List_of_South_Australian_royal_commissions,,candidate_unverified,not_assessed,
rc-candidate-0466,South Australia,Royal Commission on the pastoral industry,1926,1927,1926–1927,royal_commission,https://en.wikipedia.org/wiki/List_of_South_Australian_royal_commissions,,candidate_unverified,not_assessed,
rc-candidate-0467,South Australia,Second Royal Commission on allegations of bribery against police officers,1926,1927,1926–1927,royal_commission,https://en.wikipedia.org/wiki/List_of_South_Australian_royal_commissions,,candidate_unverified,not_assessed,
rc-candidate-0468,South Australia,Royal Commission on electoral districts,1927,1927,1927,royal_commission,https://en.wikipedia.org/wiki/List_of_South_Australian_royal_commissions,,candidate_unverified,not_assessed,
rc-candidate-0469,South Australia,Royal Commission on betting,1932,1933,1932–1933,royal_commission,https://en.wikipedia.org/wiki/List_of_South_Australian_royal_commissions,,candidate_unverified,not_assessed,
rc-candidate-0470,South Australia,Royal Commission on dairy industry prices,1933,1933,1933,royal_commission,https://en.wikipedia.org/wiki/List_of_South_Australian_royal_commissions,,candidate_unverified,not_assessed,
rc-candidate-0471,South Australia,Royal Commission on the fishing industry,1934,1935,1934–1935,royal_commission,https://en.wikipedia.org/wiki/List_of_South_Australian_royal_commissions,,candidate_unverified,not_assessed,
rc-candidate-0472,South Australia,Royal Commission on matters concerning the promotion and operations of certain companies in South Australia,1935,1935,1935,royal_commission,https://en.wikipedia.org/wiki/List_of_South_Australian_royal_commissions,,candidate_unverified,not_assessed,
rc-candidate-0473,South Australia,Royal Commission on afforestation,1936,1936,1936,royal_commission,https://en.wikipedia.org/wiki/List_of_South_Australian_royal_commissions,,candidate_unverified,not_assessed,
rc-candidate-0474,South Australia,Royal Commission on lotteries,1936,1936,1936,royal_commission,https://en.wikipedia.org/wiki/List_of_South_Australian_royal_commissions,,candidate_unverified,not_assessed,
rc-candidate-0475,South Australia,Inquiry commission by the South Australian Government into the system of management of libraries maintained or assisted by the State,1936,1937,1936–1937,royal_commission,https://en.wikipedia.org/wiki/List_of_South_Australian_royal_commissions,,candidate_unverified,not_assessed,
rc-candidate-0476,South Australia,Royal Commission on transport,1937,1938,1937–1938,royal_commission,https://en.wikipedia.org/wiki/List_of_South_Australian_royal_commissions,,candidate_unverified,not_assessed,
rc-candidate-0477,South Australia,Royal Commission on betting laws and practice,1937,1938,1937–1938,royal_commission,https://en.wikipedia.org/wiki/List_of_South_Australian_royal_commissions,,candidate_unverified,not_assessed,
rc-candidate-0478,South Australia,Royal Commission on the Adelaide Electric Supply Company,1945,1945,1945,royal_commission,https://en.wikipedia.org/wiki/List_of_South_Australian_royal_commissions,https://en.wikipedia.org/wiki/Adelaide_Electric_Supply_Company,candidate_unverified,not_assessed,
rc-candidate-0479,South Australia,Royal Commission on state transport services,1947,1951,1947–1951,royal_commission,https://en.wikipedia.org/wiki/List_of_South_Australian_royal_commissions,,candidate_unverified,not_assessed,
rc-candidate-0480,South Australia,Royal Commission on local government; Report on creation of an additional district council district in the Upper South-East and adjustment of existing district council districts together with maps,1956,1957,1956–1957,royal_commission,https://en.wikipedia.org/wiki/List_of_South_Australian_royal_commissions,,candidate_unverified,not_assessed,
rc-candidate-0481,South Australia,Royal Commission in regard to Rupert Max Stuart,1959,1959,1959,royal_commission,https://en.wikipedia.org/wiki/List_of_South_Australian_royal_commissions,https://en.wikipedia.org/wiki/Royal_Commission_in_regard_to_Rupert_Max_Stuart,candidate_unverified,not_assessed,
rc-candidate-0482,South Australia,Royal Commission into the grape growing industry,1965,1966,1965–1966,royal_commission,https://en.wikipedia.org/wiki/List_of_South_Australian_royal_commissions,,candidate_unverified,not_assessed,
rc-candidate-0483,South Australia,"Royal Commission into the law relating to the sale, supply and consumption of intoxicating liquors and other matters",1966,1967,1966–1967,royal_commission,https://en.wikipedia.org/wiki/List_of_South_Australian_royal_commissions,,candidate_unverified,not_assessed,
rc-candidate-0484,South Australia,Royal Commission into State Transport Services,1967,1967,1967,royal_commission,https://en.wikipedia.org/wiki/List_of_South_Australian_royal_commissions,,candidate_unverified,not_assessed,
rc-candidate-0485,South Australia,"Royal Commission into John Douglas Murrie, Headmaster of Larrakeyah Primary School",1967,1967,1967,royal_commission,https://en.wikipedia.org/wiki/List_of_South_Australian_royal_commissions,https://en.wikipedia.org/wiki/Larrakeyah,candidate_unverified,not_assessed,
rc-candidate-0486,South Australia,Royal Commission into September Moratorium Demonstrations,1971,1972,1971–1972,royal_commission,https://en.wikipedia.org/wiki/List_of_South_Australian_royal_commissions,,candidate_unverified,not_assessed,
rc-candidate-0487,South Australia,Royal Commission into Local Government Areas,1973,1975,1973–1975,royal_commission,https://en.wikipedia.org/wiki/List_of_South_Australian_royal_commissions,,candidate_unverified,not_assessed,
rc-candidate-0488,South Australia,Royal Commission into Monarto land transactions,1974,1975,1974–1975,royal_commission,https://en.wikipedia.org/wiki/List_of_South_Australian_royal_commissions,"https://en.wikipedia.org/wiki/Monarto,_South_Australia",candidate_unverified,not_assessed,
rc-candidate-0489,South Australia,Royal Commission into suspension of a high school student,1974,1975,1974–1975,royal_commission,https://en.wikipedia.org/wiki/List_of_South_Australian_royal_commissions,,candidate_unverified,not_assessed,
rc-candidate-0490,South Australia,Royal Commission into allegations made by prisoners at Yatala Labour Prison,1975,1975,1975,royal_commission,https://en.wikipedia.org/wiki/List_of_South_Australian_royal_commissions,,candidate_unverified,not_assessed,
rc-candidate-0491,South Australia,Royal Commission into Juvenile Courts Act and other associated matters,1977,1977,1977,royal_commission,https://en.wikipedia.org/wiki/List_of_South_Australian_royal_commissions,,candidate_unverified,not_assessed,
rc-candidate-0492,South Australia,Royal Commission into law relating to shop trading hours and ancillary matters,1977,1977,1977,royal_commission,https://en.wikipedia.org/wiki/List_of_South_Australian_royal_commissions,,candidate_unverified,not_assessed,
rc-candidate-0493,South Australia,Royal Commission into law relating to the sale by retail of petroleum products,1978,1978,1978,royal_commission,https://en.wikipedia.org/wiki/List_of_South_Australian_royal_commissions,,candidate_unverified,not_assessed,
rc-candidate-0494,South Australia,Royal Commission into dismissal of Harold Hubert Salisbury,1978,1978,1978,royal_commission,https://en.wikipedia.org/wiki/List_of_South_Australian_royal_commissions,,candidate_unverified,not_assessed,
rc-candidate-0495,South Australia,Royal Commission into the non-medical use of drugs,1979,1979,1979,royal_commission,https://en.wikipedia.org/wiki/List_of_South_Australian_royal_commissions,,candidate_unverified,not_assessed,
rc-candidate-0496,South Australia,Royal Commission into the floodlighting of Football Park at West Lakes,1979,1979,1979,royal_commission,https://en.wikipedia.org/wiki/List_of_South_Australian_royal_commissions,https://en.wikipedia.org/wiki/Football_Park,candidate_unverified,not_assessed,
rc-candidate-0497,South Australia,"Royal Commission on allegations in relation to prisons under the charge, care and direction of the Director of the Department of Correctional Services and certain related matters",1981,1982,1981–1982,royal_commission,https://en.wikipedia.org/wiki/List_of_South_Australian_royal_commissions,,candidate_unverified,not_assessed,
rc-candidate-0498,South Australia,Splatt Royal Commission,1983,1984,1983–1984,royal_commission,https://en.wikipedia.org/wiki/List_of_South_Australian_royal_commissions,,candidate_unverified,not_assessed,
rc-candidate-0499,South Australia,Royal Commission into the State Bank of South Australia,1991,1993,1991–1993,royal_commission,https://en.wikipedia.org/wiki/List_of_South_Australian_royal_commissions,https://en.wikipedia.org/wiki/State_Bank_of_South_Australia,candidate_unverified,not_assessed,
rc-candidate-0500,South Australia,Hindmarsh Island Royal Commission,1995,1995,1995,royal_commission,https://en.wikipedia.org/wiki/List_of_South_Australian_royal_commissions,https://en.wikipedia.org/wiki/Hindmarsh_Island_Royal_Commission,candidate_unverified,not_assessed,
rc-candidate-0501,South Australia,Commission of Inquiry into Children in State Care,2004,2008,2004–2008,commission_of_inquiry,https://en.wikipedia.org/wiki/List_of_South_Australian_royal_commissions,,candidate_unverified,not_assessed,
rc-candidate-0502,South Australia,Commission of Inquiry into Children on the APY Lands,2004,2008,2004–2008,commission_of_inquiry,https://en.wikipedia.org/wiki/List_of_South_Australian_royal_commissions,,candidate_unverified,not_assessed,
rc-candidate-0503,South Australia,Kapunda Road Royal Commission,2005,2005,2005,royal_commission,https://en.wikipedia.org/wiki/List_of_South_Australian_royal_commissions,https://en.wikipedia.org/wiki/Kapunda_Road_Royal_Commission,candidate_unverified,not_assessed,
rc-candidate-0504,South Australia,Royal Commission – Report of Independent Education,2012,2013,2012–2013,royal_commission,https://en.wikipedia.org/wiki/List_of_South_Australian_royal_commissions,,candidate_unverified,not_assessed,
rc-candidate-0505,South Australia,Child Protection Systems Royal Commission,2014,2016,2014–2016,royal_commission,https://en.wikipedia.org/wiki/List_of_South_Australian_royal_commissions,,candidate_unverified,not_assessed,
rc-candidate-0506,South Australia,Nuclear Fuel Cycle Royal Commission,2015,2016,2015–2016,royal_commission,https://en.wikipedia.org/wiki/List_of_South_Australian_royal_commissions,https://en.wikipedia.org/wiki/Nuclear_Fuel_Cycle_Royal_Commission,candidate_unverified,not_assessed,
rc-candidate-0507,South Australia,Murray-Darling Basin Royal Commission,2018,2019,2018–2019,royal_commission,https://en.wikipedia.org/wiki/List_of_South_Australian_royal_commissions,,candidate_unverified,not_assessed,
rc-candidate-0508,South Australia,Royal Commission into Early Childhood Education & Care,2022,2023,2022–2023,royal_commission,https://en.wikipedia.org/wiki/List_of_South_Australian_royal_commissions,,candidate_unverified,not_assessed,
rc-candidate-0509,South Australia,"Royal Commission into Domestic, Family and Sexual Violence",2024,2025,2024–2025,royal_commission,https://en.wikipedia.org/wiki/List_of_South_Australian_royal_commissions,,candidate_unverified,not_assessed,
rc-candidate-0510,Tasmania,"1863: Royal Commission of inquiry into the mode of keeping the public accounts, and into the various departments of the Government",1863,1863,1863,royal_commission,https://en.wikipedia.org/wiki/List_of_Tasmanian_royal_commissions,,candidate_unverified,not_assessed,
rc-candidate-0511,Tasmania,1868: Royal Commission on the Main Line Railway,1868,1868,1868,royal_commission,https://en.wikipedia.org/wiki/List_of_Tasmanian_royal_commissions,https://en.wikipedia.org/wiki/Tasmanian_Main_Line_Company#Initial_proposals,candidate_unverified,not_assessed,
rc-candidate-0512,Tasmania,1882: Royal Commission on Fisheries,1882,1882,1882,royal_commission,https://en.wikipedia.org/wiki/List_of_Tasmanian_royal_commissions,,candidate_unverified,not_assessed,
rc-candidate-0513,Tasmania,1883: Royal Commission on Education,1883,1883,1883,royal_commission,https://en.wikipedia.org/wiki/List_of_Tasmanian_royal_commissions,,candidate_unverified,not_assessed,
rc-candidate-0514,Tasmania,1889: Royal Commission on Charitable Institutions,1889,1889,1889,royal_commission,https://en.wikipedia.org/wiki/List_of_Tasmanian_royal_commissions,,candidate_unverified,not_assessed,
rc-candidate-0515,Tasmania,1892: Royal Commission on the Bank of Van Diemen's Land,1892,1892,1892,royal_commission,https://en.wikipedia.org/wiki/List_of_Tasmanian_royal_commissions,https://en.wikipedia.org/wiki/Bank_of_Van_Diemen%27s_Land,candidate_unverified,not_assessed,
rc-candidate-0516,Tasmania,1915: Royal Commission into public debts sinking fund,1915,1915,1915,royal_commission,https://en.wikipedia.org/wiki/List_of_Tasmanian_royal_commissions,,candidate_unverified,not_assessed,
rc-candidate-0517,Tasmania,1916: Royal Commission on Fisheries,1916,1916,1916,royal_commission,https://en.wikipedia.org/wiki/List_of_Tasmanian_royal_commissions,,candidate_unverified,not_assessed,
rc-candidate-0518,Tasmania,"1955: Royal commission into the University of Tasmania, relating to the Sydney Orr case",1955,1955,1955,royal_commission,https://en.wikipedia.org/wiki/List_of_Tasmanian_royal_commissions,https://en.wikipedia.org/wiki/University_of_Tasmania,candidate_unverified,not_assessed,
rc-candidate-0519,Tasmania,1966–1968: Royal Commission into the Fluoridation of Public Water Supplies,1966,1968,1966–1968,royal_commission,https://en.wikipedia.org/wiki/List_of_Tasmanian_royal_commissions,https://en.wikipedia.org/wiki/Water_fluoridation_in_Australia#Tasmania,candidate_unverified,not_assessed,
rc-candidate-0520,Tasmania,"1991: Royal Commission into an Attempt to Bribe a Member of the House of Assembly, relating to the Edmund Rouse case",1991,1991,1991,royal_commission,https://en.wikipedia.org/wiki/List_of_Tasmanian_royal_commissions,https://en.wikipedia.org/wiki/Edmund_Rouse,candidate_unverified,not_assessed,
rc-candidate-0521,Tasmania,2021–2023: Commission of Inquiry into the Tasmanian Government's Responses to Child Sexual Abuse in Institutional Settings,2021,2023,2021–2023,commission_of_inquiry,https://en.wikipedia.org/wiki/List_of_Tasmanian_royal_commissions,,candidate_unverified,not_assessed,
rc-candidate-0522,Victoria,Commission appointed to enquire into the best mode of providing for the internal communication of the colony,1854,1854,1854,royal_commission,https://en.wikipedia.org/wiki/List_of_Victorian_royal_commissions,,candidate_unverified,not_assessed,
rc-candidate-0523,Victoria,Royal commission appointed to enquire into the tenure of the waste lands of the crown,1854,1855,1854–1855,royal_commission,https://en.wikipedia.org/wiki/List_of_Victorian_royal_commissions,,candidate_unverified,not_assessed,
rc-candidate-0524,Victoria,Royal commission to enquire into the best method of removing the sludge from the gold fields,1858,1859,1858–1859,royal_commission,https://en.wikipedia.org/wiki/List_of_Victorian_royal_commissions,,candidate_unverified,not_assessed,
rc-candidate-0525,Victoria,Royal commission into the defences of the colony,1858,1858,1858,royal_commission,https://en.wikipedia.org/wiki/List_of_Victorian_royal_commissions,,candidate_unverified,not_assessed,
rc-candidate-0526,Victoria,Royal commission into the defences of the colony to consider the best mode of carrying out the recommendations of the Defences Commission of 1858,1859,1858,1859–1860,royal_commission,https://en.wikipedia.org/wiki/List_of_Victorian_royal_commissions,,candidate_unverified,not_assessed,
rc-candidate-0527,Victoria,Royal commission on harbour improvements and a river and harbour trust,1860,1860,1860,royal_commission,https://en.wikipedia.org/wiki/List_of_Victorian_royal_commissions,,candidate_unverified,not_assessed,
rc-candidate-0528,Victoria,"Royal commission to enquire into and report upon the circumstances connected with the sufferings and death of Robert O'Hara Burke and William John Wills, the Victorian explorers",1861,1861,1861,royal_commission,https://en.wikipedia.org/wiki/List_of_Victorian_royal_commissions,"https://en.wikipedia.org/wiki/Royal_commission_to_enquire_into_and_report_upon_the_circumstances_connected_with_the_sufferings_and_death_of_Robert_O%27Hara_Burke_and_William_John_Wills,_the_Victorian_explorers",candidate_unverified,not_assessed,
rc-candidate-0529,Victoria,"The royal commission for the Victorian Exhibition, 1861 and the London International Exhibition, 1862",1861,1862,1861,royal_commission,https://en.wikipedia.org/wiki/List_of_Victorian_royal_commissions,,candidate_unverified,not_assessed,
rc-candidate-0530,Victoria,Royal mining commission appointed to enquire into the conditions and prospects of the gold fields of Victoria,1862,1863,1862–1863,royal_commission,https://en.wikipedia.org/wiki/List_of_Victorian_royal_commissions,,candidate_unverified,not_assessed,
rc-candidate-0531,Victoria,The royal commission appointed to enquire into the municipalities and the charitable institutions in Victoria,1862,1863,1862–1863,royal_commission,https://en.wikipedia.org/wiki/List_of_Victorian_royal_commissions,,candidate_unverified,not_assessed,
rc-candidate-0532,Victoria,Royal commission to enquire into the origin and nature of the cattle disease known as pleuro-pneumonia,1863,1863,1863,royal_commission,https://en.wikipedia.org/wiki/List_of_Victorian_royal_commissions,,candidate_unverified,not_assessed,
rc-candidate-0533,Victoria,Royal commission to examine into and report upon the best means of clearing the river Murray,1866,1867,1866–1867,royal_commission,https://en.wikipedia.org/wiki/List_of_Victorian_royal_commissions,,candidate_unverified,not_assessed,
rc-candidate-0534,Victoria,Royal commission to enquire into and report upon the operation of the system of public education,1866,1867,1866–1867,royal_commission,https://en.wikipedia.org/wiki/List_of_Victorian_royal_commissions,,candidate_unverified,not_assessed,
rc-candidate-0535,Victoria,Royal commission to enquire into and report upon the operation and effect of the wine and spirits sale statute,1866,1867,1866–1867,royal_commission,https://en.wikipedia.org/wiki/List_of_Victorian_royal_commissions,,candidate_unverified,not_assessed,
rc-candidate-0536,Victoria,Royal commission to inquire into and report upon the subject of certain duties proposed to be remitted or reduced by the tariff resolutions of the Legislative Assembly on the 15th day of February 1865 and which then remained uncollected,1866,1865,1866–1867,royal_commission,https://en.wikipedia.org/wiki/List_of_Victorian_royal_commissions,,candidate_unverified,not_assessed,
rc-candidate-0537,Victoria,Royal commission to enquire into and report upon applications made for authority to mine within and under certain reserved lands at Ballarat,1867,1867,1867,royal_commission,https://en.wikipedia.org/wiki/List_of_Victorian_royal_commissions,,candidate_unverified,not_assessed,
rc-candidate-0538,Victoria,"Royal commission to enquire and report generally on the practice of paying or compensating members of the legislature in all countries where the practice prevails, and with a special view of ascertaining in each case the rate of payment or compensation, the conditions or limitations (if any) under which it is made, and the form of legislative enactment by which it has been authorized",1868,1869,1868–1869,royal_commission,https://en.wikipedia.org/wiki/List_of_Victorian_royal_commissions,,candidate_unverified,not_assessed,
rc-candidate-0539,Victoria,Royal commission appointed to consider and report upon the necessity of a Federal Union of the Australian Colonies for legislative purposes and the best means of accomplishing such a Union.,1870,1870,1870,royal_commission,https://en.wikipedia.org/wiki/List_of_Victorian_royal_commissions,,candidate_unverified,not_assessed,
rc-candidate-0540,Victoria,Royal commission on penal and prison discipline,1870,1872,1870–1872,royal_commission,https://en.wikipedia.org/wiki/List_of_Victorian_royal_commissions,,candidate_unverified,not_assessed,
rc-candidate-0541,Victoria,Royal commission on Intercolonial Legislation and a Court of Appeal,1870,1871,1870–1871,royal_commission,https://en.wikipedia.org/wiki/List_of_Victorian_royal_commissions,,candidate_unverified,not_assessed,
rc-candidate-0542,Victoria,"Royal commission appointed to enquire into and report upon the condition and management of the charitable institutions of the colony, and generally into all matters therewith.",1870,1871,1870–1871,royal_commission,https://en.wikipedia.org/wiki/List_of_Victorian_royal_commissions,,candidate_unverified,not_assessed,
rc-candidate-0543,Victoria,Royal commission on noxious trades,1870,1871,1870–1871,royal_commission,https://en.wikipedia.org/wiki/List_of_Victorian_royal_commissions,,candidate_unverified,not_assessed,
rc-candidate-0544,Victoria,Royal commission appointed to enquire into the state of the public service and the working of the Civil Service Act,1870,1873,1870–1873,royal_commission,https://en.wikipedia.org/wiki/List_of_Victorian_royal_commissions,,candidate_unverified,not_assessed,
rc-candidate-0545,Victoria,Royal commission on foreign industries and forests,1871,1871,1871,royal_commission,https://en.wikipedia.org/wiki/List_of_Victorian_royal_commissions,,candidate_unverified,not_assessed,
rc-candidate-0546,Victoria,Royal commission on industrial and reformatory schools and the sanatory station,1871,1872,1871–1872,royal_commission,https://en.wikipedia.org/wiki/List_of_Victorian_royal_commissions,,candidate_unverified,not_assessed,
rc-candidate-0547,Victoria,Royal commission to enquire into and report upon the alleged silting up of Hobson's bay since the dredging operations and also enquire into and report upon the dredging department,1872,1872,1872,royal_commission,https://en.wikipedia.org/wiki/List_of_Victorian_royal_commissions,,candidate_unverified,not_assessed,
rc-candidate-0548,Victoria,"Royal commission to enquire into the origin of the disease known as diphtheria, the best mode of treatment thereof",1872,1872,1872,royal_commission,https://en.wikipedia.org/wiki/List_of_Victorian_royal_commissions,,candidate_unverified,not_assessed,
rc-candidate-0549,Victoria,Royal commission appointed to consider and report on the extent and character of the further accommodation required at the parliamentary buildings,1873,1873,1873,royal_commission,https://en.wikipedia.org/wiki/List_of_Victorian_royal_commissions,,candidate_unverified,not_assessed,
rc-candidate-0550,Victoria,Royal commission appointed to inquire into and report upon the desirability of making amendments in the Boroughs and Shires Statutes and Road Districts Act,1873,1873,1873,royal_commission,https://en.wikipedia.org/wiki/List_of_Victorian_royal_commissions,,candidate_unverified,not_assessed,
rc-candidate-0551,Victoria,"Royal commission to enquire into the system adopted by the Public Works Department in reference to contracts and the execution of public works, and generally to report upon the Department itself",1873,1873,1873,royal_commission,https://en.wikipedia.org/wiki/List_of_Victorian_royal_commissions,,candidate_unverified,not_assessed,
rc-candidate-0552,Victoria,"Royal commission to consider and report upon the lighting and ventilation of the Legislative Assembly chamber, and the accommodation required for honourable Members",1875,1875,1875,royal_commission,https://en.wikipedia.org/wiki/List_of_Victorian_royal_commissions,,candidate_unverified,not_assessed,
rc-candidate-0553,Victoria,Royal commission on volunteer forces,1875,1876,1875–1876,royal_commission,https://en.wikipedia.org/wiki/List_of_Victorian_royal_commissions,,candidate_unverified,not_assessed,
rc-candidate-0554,Victoria,Royal commission appointed to inquire into the working of the Friendly Societies Statute,1875,1876,1875–1876,royal_commission,https://en.wikipedia.org/wiki/List_of_Victorian_royal_commissions,,candidate_unverified,not_assessed,
rc-candidate-0555,Victoria,Royal commission appointed to superintend the carrying out of the recommendations of the joint select committee appointed to inquire into the extent and character of the accommodation required in the parliament buildings etc.,1877,1877,1877,royal_commission,https://en.wikipedia.org/wiki/List_of_Victorian_royal_commissions,,candidate_unverified,not_assessed,
rc-candidate-0556,Victoria,Royal Commission on the Aborigines,1877,1877,1877,royal_commission,https://en.wikipedia.org/wiki/List_of_Victorian_royal_commissions,https://en.wikipedia.org/wiki/Royal_Commission_on_the_Aborigines_(1877),candidate_unverified,not_assessed,
rc-candidate-0557,Victoria,Royal commission on asylums for the insane and inebriate,1884,1886,1884-1886,royal_commission,https://en.wikipedia.org/wiki/List_of_Victorian_royal_commissions,,candidate_unverified,not_assessed,
rc-candidate-0558,Victoria,Royal commission on charitable institutions,1892,1892,1892,royal_commission,https://en.wikipedia.org/wiki/List_of_Victorian_royal_commissions,,candidate_unverified,not_assessed,
rc-candidate-0559,Victoria,"Royal Commission on the Acquisition of Certain Estates by Sir Thomas Bent, as a Minister of the Crown",1909,1909,1909,royal_commission,https://en.wikipedia.org/wiki/List_of_Victorian_royal_commissions,,candidate_unverified,not_assessed,
rc-candidate-0560,Victoria,Royal Commission on Closer Settlement,1915,1915,1915,royal_commission,https://en.wikipedia.org/wiki/List_of_Victorian_royal_commissions,,candidate_unverified,not_assessed,
rc-candidate-0561,Victoria,"Royal Commission into the Hospital for Insane, Kew (1924)",1924,1924,1924,royal_commission,https://en.wikipedia.org/wiki/List_of_Victorian_royal_commissions,"https://en.wikipedia.org/wiki/Royal_Commission_into_the_Hospital_for_Insane,_Kew_(1924)",candidate_unverified,not_assessed,
rc-candidate-0562,Victoria,"Royal Commission on the Victorian Police Force.mw-parser-output cite.citation{font-style:inherit;word-wrap:break-word}.mw-parser-output .citation q{quotes:""\""""""\""""""'""""'""}.mw-parser-output .citation:target{background-color:rgba(0,127,255,0.133)}.mw-parser-output .id-lock-free.id-lock-free a{background:url(""//upload.wikimedia.org/wikipedia/commons/6/65/Lock-green.svg"")right 0.1em center/9px no-repeat}.mw-parser-output .id-lock-limited.id-lock-limited a,.mw-parser-output .id-lock-registration.id-lock-registration a{background:url(""//upload.wikimedia.org/wikipedia/commons/d/d6/Lock-gray-alt-2.svg"")right 0.1em center/9px no-repeat}.mw-parser-output .id-lock-subscription.id-lock-subscription a{background:url(""//upload.wikimedia.org/wikipedia/commons/a/aa/Lock-red-alt-2.svg"")right 0.1em center/9px no-repeat}.mw-parser-output .cs1-ws-icon a{background:url(""//upload.wikimedia.org/wikipedia/commons/4/4c/Wikisource-logo.svg"")right 0.1em center/12px no-repeat}body:not(.skin-timeless):not(.skin-minerva) .mw-parser-output .id-lock-free a,body:not(.skin-timeless):not(.skin-minerva) .mw-parser-output .id-lock-limited a,body:not(.skin-timeless):not(.skin-minerva) .mw-parser-output .id-lock-registration a,body:not(.skin-timeless):not(.skin-minerva) .mw-parser-output .id-lock-subscription a,body:not(.skin-timeless):not(.skin-minerva) .mw-parser-output .cs1-ws-icon a{background-size:contain;padding:0 1em 0 0}.mw-parser-output .cs1-code{color:inherit;background:inherit;border:none;padding:inherit}.mw-parser-output .cs1-hidden-error{display:none;color:var(--color-error,#bf3c2c)}.mw-parser-output .cs1-visible-error{color:var(--color-error,#bf3c2c)}.mw-parser-output .cs1-maint{display:none;color:#085;margin-left:0.3em}.mw-parser-output .cs1-kern-left{padding-left:0.2em}.mw-parser-output .cs1-kern-right{padding-right:0.2em}.mw-parser-output .citation .mw-selflink{font-weight:inherit}@media screen{.mw-parser-output .cs1-format{font-size:95%}html.skin-theme-clientpref-night .mw-parser-output .cs1-maint{color:#18911f}}@media screen and (prefers-color-scheme:dark){html.skin-theme-clientpref-os .mw-parser-output .cs1-maint{color:#18911f}}Royal Commission on the Victorian Police Force (PDF) (Report). 28 January 1925. Archived from the original (PDF) on 27 October 2022. Retrieved 6 May 2022.",1924,2022,1924–1925,royal_commission,https://en.wikipedia.org/wiki/List_of_Victorian_royal_commissions,https://web.archive.org/web/20221027072515/https://www.parliament.vic.gov.au/papers/govpub/VPARL1925No5.pdf,candidate_unverified,not_assessed,
rc-candidate-0563,Victoria,Royal Commission on Soldier Settlement,1925,1925,1925,royal_commission,https://en.wikipedia.org/wiki/List_of_Victorian_royal_commissions,,candidate_unverified,not_assessed,
rc-candidate-0564,Victoria,Royal Commission Of Inquiry Into The Victorian Railways Department,1928,1928,1928,royal_commission,https://en.wikipedia.org/wiki/List_of_Victorian_royal_commissions,,candidate_unverified,not_assessed,
rc-candidate-0565,Victoria,Royal Commission on Migrant Land Settlement,1931,1933,1931–1933,royal_commission,https://en.wikipedia.org/wiki/List_of_Victorian_royal_commissions,,candidate_unverified,not_assessed,
rc-candidate-0566,Victoria,Royal Commission On Yallourn Bushfires,1944,1944,1944,royal_commission,https://en.wikipedia.org/wiki/List_of_Victorian_royal_commissions,,candidate_unverified,not_assessed,
rc-candidate-0567,Victoria,Royal Commission On Forest Grazing,1946,1947,1946–1947,royal_commission,https://en.wikipedia.org/wiki/List_of_Victorian_royal_commissions,,candidate_unverified,not_assessed,
rc-candidate-0568,Victoria,Royal Commission On Electricity Supply,1947,1947,1947,royal_commission,https://en.wikipedia.org/wiki/List_of_Victorian_royal_commissions,,candidate_unverified,not_assessed,
rc-candidate-0569,Victoria,Royal Commission On Bread Industry,1949,1949,1949,royal_commission,https://en.wikipedia.org/wiki/List_of_Victorian_royal_commissions,,candidate_unverified,not_assessed,
rc-candidate-0570,Victoria,"Royal Commission Inquiring into the Origins, Aims, Objects and Funds of the Communist Party in Victoria and Other Related Matters",1949,1950,1949–1950,royal_commission,https://en.wikipedia.org/wiki/List_of_Victorian_royal_commissions,"https://en.wikipedia.org/wiki/Royal_Commission_Inquiring_into_the_Origins,_Aims,_Objects_and_Funds_of_the_Communist_Party_in_Victoria_and_Other_Related_Matters",candidate_unverified,not_assessed,
rc-candidate-0571,Victoria,Royal Commission Appointed to Inquire into Certain Allegations of Improper Conduct,1952,1952,1952,royal_commission,https://en.wikipedia.org/wiki/List_of_Victorian_royal_commissions,https://en.wikipedia.org/w/index.php?title=Royal_Commission_Appointed_to_Inquire_into_Certain_Allegations_of_Improper_Conduct&action=edit&redlink=1,candidate_unverified,not_assessed,
rc-candidate-0572,Victoria,Royal Commission to Inquire into the Operation of the Housing Acts of Victoria and the Administration of the Housing Commission,1956,1956,1956,royal_commission,https://en.wikipedia.org/wiki/List_of_Victorian_royal_commissions,https://en.wikipedia.org/w/index.php?title=Royal_Commission_to_Inquire_into_the_Operation_of_the_Housing_Acts_of_Victoria_and_the_Administration_of_the_Housing_Commission&action=edit&redlink=1,candidate_unverified,not_assessed,
rc-candidate-0573,Victoria,Royal Commission into Off-The-Course Betting,1958,1959,1958–1959,royal_commission,https://en.wikipedia.org/wiki/List_of_Victorian_royal_commissions,https://en.wikipedia.org/w/index.php?title=Royal_Commission_into_Off-The-Course_Betting&action=edit&redlink=1,candidate_unverified,not_assessed,
rc-candidate-0574,Victoria,Royal Commission on Motor Car Third-Party Compulsory Insurance,1959,1960,1959–1960,royal_commission,https://en.wikipedia.org/wiki/List_of_Victorian_royal_commissions,https://en.wikipedia.org/w/index.php?title=Royal_Commission_on_Motor_Car_Third-Party_Compulsory_Insurance&action=edit&redlink=1,candidate_unverified,not_assessed,
rc-candidate-0575,Victoria,Victoria Market Royal Commission,1960,1960,1960,royal_commission,https://en.wikipedia.org/wiki/List_of_Victorian_royal_commissions,https://en.wikipedia.org/w/index.php?title=Victoria_Market_Royal_Commission&action=edit&redlink=1,candidate_unverified,not_assessed,
rc-candidate-0576,Victoria,Royal Commission into the Failure of Kings Bridge,1962,1963,1962–1963,royal_commission,https://en.wikipedia.org/wiki/List_of_Victorian_royal_commissions,https://en.wikipedia.org/w/index.php?title=Royal_Commission_into_the_Failure_of_Kings_Bridge&action=edit&redlink=1,candidate_unverified,not_assessed,
rc-candidate-0577,Victoria,"Royal Commission into the Sale, Supply, Disposal or Consumption of Liquor",1963,1965,1963–1965,royal_commission,https://en.wikipedia.org/wiki/List_of_Victorian_royal_commissions,"https://en.wikipedia.org/w/index.php?title=Royal_Commission_into_the_Sale,_Supply,_Disposal_or_Consumption_of_Liquor&action=edit&redlink=1",candidate_unverified,not_assessed,
rc-candidate-0578,Victoria,Royal Commission into the Failure of the West Gate Bridge,1970,1971,1970–1971,royal_commission,https://en.wikipedia.org/wiki/List_of_Victorian_royal_commissions,https://en.wikipedia.org/wiki/Royal_Commission_into_the_Failure_of_the_West_Gate_Bridge,candidate_unverified,not_assessed,
rc-candidate-0579,Victoria,Australian Royal Commission of Inquiry into Drugs (joint),1977,1979,1977–1979,royal_commission,https://en.wikipedia.org/wiki/List_of_Victorian_royal_commissions,https://en.wikipedia.org/w/index.php?title=Australian_Royal_Commission_of_Inquiry_into_Drugs&action=edit&redlink=1,candidate_unverified,not_assessed,
rc-candidate-0580,Victoria,Royal Commission into Certain Housing Commission Land Purchases and Other Matters,1979,1982,1979–1982,royal_commission,https://en.wikipedia.org/wiki/List_of_Victorian_royal_commissions,https://en.wikipedia.org/w/index.php?title=Royal_Commission_into_Certain_Housing_Commission_Land_Purchases_and_Other_Matters&action=edit&redlink=1,candidate_unverified,not_assessed,
rc-candidate-0581,Victoria,Royal Commission on the Activities of the Federated Ship Painters and Dockers Union (joint),1980,1984,1980–1984,royal_commission,https://en.wikipedia.org/wiki/List_of_Victorian_royal_commissions,https://en.wikipedia.org/wiki/Costigan_Commission,candidate_unverified,not_assessed,
rc-candidate-0582,Victoria,Royal Commission into the Australian Meat Industry (joint),1981,1982,1981–1982,royal_commission,https://en.wikipedia.org/wiki/List_of_Victorian_royal_commissions,https://en.wikipedia.org/w/index.php?title=Royal_Commission_into_the_Australian_Meat_Industry&action=edit&redlink=1,candidate_unverified,not_assessed,
rc-candidate-0583,Victoria,Royal Commission of Inquiry into Drug Trafficking (joint),1981,1983,1981–1983,royal_commission,https://en.wikipedia.org/wiki/List_of_Victorian_royal_commissions,https://en.wikipedia.org/wiki/Royal_Commission_of_Inquiry_into_Drug_Trafficking,candidate_unverified,not_assessed,
rc-candidate-0584,Victoria,Royal Commission into the Activities of the Australian Building Construction Employees and Builders Labourers' Federation (joint),1981,1982,1981–1982,royal_commission,https://en.wikipedia.org/wiki/List_of_Victorian_royal_commissions,https://en.wikipedia.org/w/index.php?title=Royal_Commission_into_the_Activities_of_the_Australian_Building_Construction_Employees_and_Builders_Labourers%27_Federation&action=edit&redlink=1,candidate_unverified,not_assessed,
rc-candidate-0585,Victoria,Royal Commission of Inquiry into Alleged Telephone Interceptions (joint),1985,1986,1985–1986,royal_commission,https://en.wikipedia.org/wiki/List_of_Victorian_royal_commissions,https://en.wikipedia.org/w/index.php?title=Royal_Commission_of_Inquiry_into_Alleged_Telephone_Interceptions&action=edit&redlink=1,candidate_unverified,not_assessed,
rc-candidate-0586,Victoria,"Royal Commission into Grain Storage, Handling and Transport (joint)",1986,1998,1986–1998,royal_commission,https://en.wikipedia.org/wiki/List_of_Victorian_royal_commissions,"https://en.wikipedia.org/w/index.php?title=Royal_Commission_into_Grain_Storage,_Handling_and_Transport&action=edit&redlink=1",candidate_unverified,not_assessed,
rc-candidate-0587,Victoria,Royal Commission into the Tricontinental Group of Companies,1990,1992,1990–1992,royal_commission,https://en.wikipedia.org/wiki/List_of_Victorian_royal_commissions,https://en.wikipedia.org/w/index.php?title=Royal_Commission_into_the_Tricontinental_Group_of_Companies&action=edit&redlink=1,candidate_unverified,not_assessed,
rc-candidate-0588,Victoria,Longford Royal Commission,1998,1999,1998–1999,royal_commission,https://en.wikipedia.org/wiki/List_of_Victorian_royal_commissions,https://en.wikipedia.org/wiki/1998_Esso_Longford_fire#Longford_Royal_commission,candidate_unverified,not_assessed,
rc-candidate-0589,Victoria,Metropolitan Ambulance Service Royal Commission,1999,2001,1999–2001,royal_commission,https://en.wikipedia.org/wiki/List_of_Victorian_royal_commissions,https://en.wikipedia.org/w/index.php?title=Metropolitan_Ambulance_Service_Royal_Commission&action=edit&redlink=1,candidate_unverified,not_assessed,
rc-candidate-0590,Victoria,2009 Victorian Bushfires Royal Commission,2009,2009,2009–2010,royal_commission,https://en.wikipedia.org/wiki/List_of_Victorian_royal_commissions,https://en.wikipedia.org/wiki/2009_Victorian_Bushfires_Royal_Commission,candidate_unverified,not_assessed,
rc-candidate-0591,Victoria,Royal Commission into Family Violence,2015,2016,2015–2016,royal_commission,https://en.wikipedia.org/wiki/List_of_Victorian_royal_commissions,https://en.wikipedia.org/w/index.php?title=Royal_Commission_into_Family_Violence&action=edit&redlink=1,candidate_unverified,not_assessed,
rc-candidate-0592,Victoria,Mental Health Royal Commission,2018,2021,2018–2021,royal_commission,https://en.wikipedia.org/wiki/List_of_Victorian_royal_commissions,https://en.wikipedia.org/wiki/Mental_Health_Royal_Commission,candidate_unverified,not_assessed,
rc-candidate-0593,Victoria,Royal Commission into the Management of Police Informants – An inquiry into Victoria Police’s use of Nicola Gobbo as a human source,2018,2020,2018–2020,royal_commission,https://en.wikipedia.org/wiki/List_of_Victorian_royal_commissions,https://en.wikipedia.org/wiki/Royal_Commission_into_the_Management_of_Police_Informants,candidate_unverified,not_assessed,
rc-candidate-0594,Victoria,Royal Commission into the Casino Operator and Licence – An inquiry into the suitability of Crown Melbourne Limited to hold a casino licence,2021,2021,2021,royal_commission,https://en.wikipedia.org/wiki/List_of_Victorian_royal_commissions,https://en.wikipedia.org/wiki/Royal_Commission_into_the_Casino_Operator_and_Licence,candidate_unverified,not_assessed,
rc-candidate-0595,Victoria,Yoorrook Justice Commission,2021,2024,2021–2024 (expected),royal_commission,https://en.wikipedia.org/wiki/List_of_Victorian_royal_commissions,https://en.wikipedia.org/wiki/Yoorrook_Justice_Commission,candidate_unverified,not_assessed,
rc-candidate-0596,Western Australia,"Royal Commission Appointed to Investigate, Report and Advise Upon Matters in Relation to the Condition and Treatment of Aborigines",1934,1935,1934–1935,royal_commission,https://en.wikipedia.org/wiki/List_of_Western_Australian_royal_commissions,"https://en.wikipedia.org/wiki/Royal_Commission_Appointed_to_Investigate,_Report_and_Advise_Upon_Matters_in_Relation_to_the_Condition_and_Treatment_of_Aborigines",candidate_unverified,not_assessed,
rc-candidate-0597,Western Australia,"Royal Commission on the Electoral Act, 1907–1921 and Other Relative Matters",1935,1921,1935,royal_commission,https://en.wikipedia.org/wiki/List_of_Western_Australian_royal_commissions,"https://en.wikipedia.org/w/index.php?title=Royal_Commission_on_the_Electoral_Act,_1907%E2%80%931921_and_Other_Relative_Matters&action=edit&redlink=1",candidate_unverified,not_assessed,
rc-candidate-0598,Western Australia,Bulk Handling of Wheat Royal Commission,1935,1935,1935,royal_commission,https://en.wikipedia.org/wiki/List_of_Western_Australian_royal_commissions,https://en.wikipedia.org/w/index.php?title=Bulk_Handling_of_Wheat_Royal_Commission&action=edit&redlink=1,candidate_unverified,not_assessed,
rc-candidate-0599,Western Australia,Royal Commission on Money-Lending and Hire-Purchase Traders,1936,1936,1936,royal_commission,https://en.wikipedia.org/wiki/List_of_Western_Australian_royal_commissions,https://en.wikipedia.org/w/index.php?title=Royal_Commission_on_Money-Lending_and_Hire-Purchase_Traders&action=edit&redlink=1,candidate_unverified,not_assessed,
rc-candidate-0600,Western Australia,Royal Commission on the Claremont Hospital for the Insane,1936,1936,1936,royal_commission,https://en.wikipedia.org/wiki/List_of_Western_Australian_royal_commissions,https://en.wikipedia.org/w/index.php?title=Royal_Commission_on_the_Claremont_Hospital_for_the_Insane&action=edit&redlink=1,candidate_unverified,not_assessed,
rc-candidate-0601,Western Australia,Royal Commission Investigating Certain Charges of Corruption,1937,1938,1937–1938,royal_commission,https://en.wikipedia.org/wiki/List_of_Western_Australian_royal_commissions,https://en.wikipedia.org/w/index.php?title=Royal_Commission_Investigating_Certain_Charges_of_Corruption&action=edit&redlink=1,candidate_unverified,not_assessed,
rc-candidate-0602,Western Australia,Royal Commission on Youth Employment and the Apprenticeship System,1937,1938,1937–1938,royal_commission,https://en.wikipedia.org/wiki/List_of_Western_Australian_royal_commissions,https://en.wikipedia.org/w/index.php?title=Royal_Commission_on_Youth_Employment_and_the_Apprenticeship_System&action=edit&redlink=1,candidate_unverified,not_assessed,
rc-candidate-0603,Western Australia,Royal Commission on Light Lands and Poison-Infested Lands,1938,1938,1938,royal_commission,https://en.wikipedia.org/wiki/List_of_Western_Australian_royal_commissions,https://en.wikipedia.org/w/index.php?title=Royal_Commission_on_Light_Lands_and_Poison-Infested_Lands&action=edit&redlink=1,candidate_unverified,not_assessed,
rc-candidate-0604,Western Australia,Royal Commission into the Heathcote Mental Reception Home and the Administration of Mental Hospitals Generally,1938,1938,1938,royal_commission,https://en.wikipedia.org/wiki/List_of_Western_Australian_royal_commissions,https://en.wikipedia.org/w/index.php?title=Royal_Commission_into_the_Heathcote_Mental_Reception_Home_and_the_Administration_of_Mental_Hospitals_Generally&action=edit&redlink=1,candidate_unverified,not_assessed,
rc-candidate-0605,Western Australia,Royal Commission on the South-West National Power Scheme,1938,1940,1938–1940,royal_commission,https://en.wikipedia.org/wiki/List_of_Western_Australian_royal_commissions,https://en.wikipedia.org/w/index.php?title=Royal_Commission_on_the_South-West_National_Power_Scheme&action=edit&redlink=1,candidate_unverified,not_assessed,
rc-candidate-0606,Western Australia,Royal Commission into the Administration of the Municipal Council of the City of Perth,1938,1938,1938,royal_commission,https://en.wikipedia.org/wiki/List_of_Western_Australian_royal_commissions,https://en.wikipedia.org/w/index.php?title=Royal_Commission_into_the_Administration_of_the_Municipal_Council_of_the_City_of_Perth&action=edit&redlink=1,candidate_unverified,not_assessed,
rc-candidate-0607,Western Australia,Royal Commissioner on Stored Wheat,1940,1940,1940,royal_commission,https://en.wikipedia.org/wiki/List_of_Western_Australian_royal_commissions,https://en.wikipedia.org/w/index.php?title=Royal_Commissioner_on_Stored_Wheat&action=edit&redlink=1,candidate_unverified,not_assessed,
rc-candidate-0608,Western Australia,Royal Commission on Coal Supplies and Development in the Collie Coalfields,1940,1940,1940,royal_commission,https://en.wikipedia.org/wiki/List_of_Western_Australian_royal_commissions,https://en.wikipedia.org/w/index.php?title=Royal_Commission_on_Coal_Supplies_and_Development_in_the_Collie_Coalfields&action=edit&redlink=1,candidate_unverified,not_assessed,
rc-candidate-0609,Western Australia,Royal Commission into the Financial and Economic Position of the Pastoral industry in the Leasehold areas in Western Australia,1940,1940,1940,royal_commission,https://en.wikipedia.org/wiki/List_of_Western_Australian_royal_commissions,https://en.wikipedia.org/w/index.php?title=Royal_Commission_into_the_Financial_and_Economic_Position_of_the_Pastoral_industry_in_the_Leasehold_areas_in_Western_Australia&action=edit&redlink=1,candidate_unverified,not_assessed,
rc-candidate-0610,Western Australia,Royal Commission on the Administration of the University of Western Australia,1941,1942,1941–1942,royal_commission,https://en.wikipedia.org/wiki/List_of_Western_Australian_royal_commissions,https://en.wikipedia.org/w/index.php?title=Royal_Commission_on_the_Administration_of_the_University_of_Western_Australia&action=edit&redlink=1,candidate_unverified,not_assessed,
rc-candidate-0611,Western Australia,Royal Commission on the Provisions of the Companies Bill,1941,1941,1941,royal_commission,https://en.wikipedia.org/wiki/List_of_Western_Australian_royal_commissions,https://en.wikipedia.org/w/index.php?title=Royal_Commission_on_the_Provisions_of_the_Companies_Bill&action=edit&redlink=1,candidate_unverified,not_assessed,
rc-candidate-0612,Western Australia,Royal Commission into the Care and Reform of Youthful Delinquents,1943,1943,1943,royal_commission,https://en.wikipedia.org/wiki/List_of_Western_Australian_royal_commissions,https://en.wikipedia.org/w/index.php?title=Royal_Commission_into_the_Care_and_Reform_of_Youthful_Delinquents&action=edit&redlink=1,candidate_unverified,not_assessed,
rc-candidate-0613,Western Australia,Royal Commission on Personal Covenants in Mortgages of Land,1945,1945,1945,royal_commission,https://en.wikipedia.org/wiki/List_of_Western_Australian_royal_commissions,https://en.wikipedia.org/w/index.php?title=Royal_Commission_on_Personal_Covenants_in_Mortgages_of_Land&action=edit&redlink=1,candidate_unverified,not_assessed,
rc-candidate-0614,Western Australia,Royal Commission on the Vermin Act,1945,1945,1945,royal_commission,https://en.wikipedia.org/wiki/List_of_Western_Australian_royal_commissions,https://en.wikipedia.org/w/index.php?title=Royal_Commission_on_the_Vermin_Act&action=edit&redlink=1,candidate_unverified,not_assessed,
rc-candidate-0615,Western Australia,Royal Commission to Ascertain the Next-of-Kin of Leslie Adamson,1945,1945,1945,royal_commission,https://en.wikipedia.org/wiki/List_of_Western_Australian_royal_commissions,https://en.wikipedia.org/w/index.php?title=Royal_Commission_to_Ascertain_the_Next-of-Kin_of_Leslie_Adamson&action=edit&redlink=1,candidate_unverified,not_assessed,
rc-candidate-0616,Western Australia,Royal Commission into the Australian Standard Garratt Locomotive,1945,1946,1945–1946,royal_commission,https://en.wikipedia.org/wiki/List_of_Western_Australian_royal_commissions,https://en.wikipedia.org/w/index.php?title=Royal_Commission_into_the_Australian_Standard_Garratt_Locomotive&action=edit&redlink=1,candidate_unverified,not_assessed,
rc-candidate-0617,Western Australia,"Royal Commission into the Administration, Conduct and Control of the Sport of Trotting in the State of Western Australia",1946,1946,1946,royal_commission,https://en.wikipedia.org/wiki/List_of_Western_Australian_royal_commissions,"https://en.wikipedia.org/w/index.php?title=Royal_Commission_into_the_Administration,_Conduct_and_Control_of_the_Sport_of_Trotting_in_the_State_of_Western_Australia&action=edit&redlink=1",candidate_unverified,not_assessed,
rc-candidate-0618,Western Australia,Royal Commission on the Timber Industry (Housing of Employees) Bill,1946,1946,1946,royal_commission,https://en.wikipedia.org/wiki/List_of_Western_Australian_royal_commissions,https://en.wikipedia.org/w/index.php?title=Royal_Commission_on_the_Timber_Industry_(Housing_of_Employees)_Bill&action=edit&redlink=1,candidate_unverified,not_assessed,
rc-candidate-0619,Western Australia,Royal Commission on the Development of the Outports of the State,1946,1946,1946,royal_commission,https://en.wikipedia.org/wiki/List_of_Western_Australian_royal_commissions,https://en.wikipedia.org/w/index.php?title=Royal_Commission_on_the_Development_of_the_Outports_of_the_State&action=edit&redlink=1,candidate_unverified,not_assessed,
rc-candidate-0620,Western Australia,Royal Commission into the Coal Mining Industry of Western Australia,1947,1947,1947,royal_commission,https://en.wikipedia.org/wiki/List_of_Western_Australian_royal_commissions,https://en.wikipedia.org/w/index.php?title=Royal_Commission_into_the_Coal_Mining_Industry_of_Western_Australia&action=edit&redlink=1,candidate_unverified,not_assessed,
rc-candidate-0621,Western Australia,Royal Commission on Wheat Marketing and Stabilisation in Western Australia,1947,1947,1947,royal_commission,https://en.wikipedia.org/wiki/List_of_Western_Australian_royal_commissions,https://en.wikipedia.org/w/index.php?title=Royal_Commission_on_Wheat_Marketing_and_Stabilisation_in_Western_Australia&action=edit&redlink=1,candidate_unverified,not_assessed,
rc-candidate-0622,Western Australia,Royal Commission on Workers' Compensation,1947,1948,1947–1948,royal_commission,https://en.wikipedia.org/wiki/List_of_Western_Australian_royal_commissions,https://en.wikipedia.org/w/index.php?title=Royal_Commission_on_Workers%27_Compensation&action=edit&redlink=1,candidate_unverified,not_assessed,
rc-candidate-0623,Western Australia,"Royal Commission into the Management, Workings and Control of the Western Australian Government Railways",1947,1948,1947–1948,royal_commission,https://en.wikipedia.org/wiki/List_of_Western_Australian_royal_commissions,"https://en.wikipedia.org/w/index.php?title=Royal_Commission_into_the_Management,_Workings_and_Control_of_the_Western_Australian_Government_Railways&action=edit&redlink=1",candidate_unverified,not_assessed,
rc-candidate-0624,Western Australia,Royal Commission into the Financial and Economic Position of the Milk Industry in Western Australia,1947,1948,1947–1948,royal_commission,https://en.wikipedia.org/wiki/List_of_Western_Australian_royal_commissions,https://en.wikipedia.org/w/index.php?title=Royal_Commission_into_the_Financial_and_Economic_Position_of_the_Milk_Industry_in_Western_Australia&action=edit&redlink=1,candidate_unverified,not_assessed,
rc-candidate-0625,Western Australia,Royal Commission on the State Housing Commission,1947,1948,1947–1948,royal_commission,https://en.wikipedia.org/wiki/List_of_Western_Australian_royal_commissions,https://en.wikipedia.org/w/index.php?title=Royal_Commission_on_the_State_Housing_Commission&action=edit&redlink=1,candidate_unverified,not_assessed,
rc-candidate-0626,Western Australia,Royal Commission on Municipal Boundaries,1947,1949,1947–1949,royal_commission,https://en.wikipedia.org/wiki/List_of_Western_Australian_royal_commissions,https://en.wikipedia.org/w/index.php?title=Royal_Commission_on_Municipal_Boundaries&action=edit&redlink=1,candidate_unverified,not_assessed,
rc-candidate-0627,Western Australia,Royal Commission on Betting,1948,1948,1948,royal_commission,https://en.wikipedia.org/wiki/List_of_Western_Australian_royal_commissions,https://en.wikipedia.org/w/index.php?title=Royal_Commission_on_Betting&action=edit&redlink=1,candidate_unverified,not_assessed,
rc-candidate-0628,Western Australia,Royal Commission into Some Aspects of the Administration of the Police Force of Western Australia Under the Commissioner of Police,1948,1949,1948–1949,royal_commission,https://en.wikipedia.org/wiki/List_of_Western_Australian_royal_commissions,https://en.wikipedia.org/w/index.php?title=Royal_Commission_into_Some_Aspects_of_the_Administration_of_the_Police_Force_of_Western_Australia_Under_the_Commissioner_of_Police&action=edit&redlink=1,candidate_unverified,not_assessed,
rc-candidate-0629,Western Australia,Royal Commission into the Fishing Industry of Western Australia,1949,1949,1949,royal_commission,https://en.wikipedia.org/wiki/List_of_Western_Australian_royal_commissions,https://en.wikipedia.org/w/index.php?title=Royal_Commission_into_the_Fishing_Industry_of_Western_Australia&action=edit&redlink=1,candidate_unverified,not_assessed,
rc-candidate-0630,Western Australia,"Royal Commission into Bran, Pollard and Stock Food Concentrates",1949,1949,1949,royal_commission,https://en.wikipedia.org/wiki/List_of_Western_Australian_royal_commissions,"https://en.wikipedia.org/w/index.php?title=Royal_Commission_into_Bran,_Pollard_and_Stock_Food_Concentrates&action=edit&redlink=1",candidate_unverified,not_assessed,
rc-candidate-0631,Western Australia,Royal Commission on the Local Government Bill,1950,1950,1950,royal_commission,https://en.wikipedia.org/wiki/List_of_Western_Australian_royal_commissions,https://en.wikipedia.org/w/index.php?title=Royal_Commission_on_the_Local_Government_Bill&action=edit&redlink=1,candidate_unverified,not_assessed,
rc-candidate-0632,Western Australia,Royal Commission into Alleged Cases of Brutality at the Claremont Mental Hospital,1950,1950,1950,royal_commission,https://en.wikipedia.org/wiki/List_of_Western_Australian_royal_commissions,https://en.wikipedia.org/w/index.php?title=Royal_Commission_into_Alleged_Cases_of_Brutality_at_the_Claremont_Mental_Hospital&action=edit&redlink=1,candidate_unverified,not_assessed,
rc-candidate-0633,Western Australia,Royal Commission into Forestry and Timber matters in Western Australia,1951,1951,1951,royal_commission,https://en.wikipedia.org/wiki/List_of_Western_Australian_royal_commissions,https://en.wikipedia.org/w/index.php?title=Royal_Commission_into_Forestry_and_Timber_matters_in_Western_Australia&action=edit&redlink=1,candidate_unverified,not_assessed,
rc-candidate-0634,Western Australia,Royal Commission into the Effect Generally of the Application of Lime with Super upon the Fertility of the Soil,1951,1952,1951–1952,royal_commission,https://en.wikipedia.org/wiki/List_of_Western_Australian_royal_commissions,https://en.wikipedia.org/w/index.php?title=Royal_Commission_into_the_Effect_Generally_of_the_Application_of_Lime_with_Super_upon_the_Fertility_of_the_Soil&action=edit&redlink=1,candidate_unverified,not_assessed,
rc-candidate-0635,Western Australia,Royal Commission into the Efficacy of the Agricultural Practices of Mr Eric Farleigh,1951,1951,1951,royal_commission,https://en.wikipedia.org/wiki/List_of_Western_Australian_royal_commissions,https://en.wikipedia.org/w/index.php?title=Royal_Commission_into_the_Efficacy_of_the_Agricultural_Practices_of_Mr_Eric_Farleigh&action=edit&redlink=1,candidate_unverified,not_assessed,
rc-candidate-0636,Western Australia,Royal Commission on the Town Planning and Development Act Amendment Bill 1951,1952,1951,1952,royal_commission,https://en.wikipedia.org/wiki/List_of_Western_Australian_royal_commissions,https://en.wikipedia.org/w/index.php?title=Royal_Commission_on_the_Town_Planning_and_Development_Act_Amendment_Bill_1951&action=edit&redlink=1,candidate_unverified,not_assessed,
rc-candidate-0637,Western Australia,Royal Commission on Kindergartens,1952,1953,1952–1953,royal_commission,https://en.wikipedia.org/wiki/List_of_Western_Australian_royal_commissions,https://en.wikipedia.org/w/index.php?title=Royal_Commission_on_Kindergartens&action=edit&redlink=1,candidate_unverified,not_assessed,
rc-candidate-0638,Western Australia,"Royal Commission into Allegations against Snowden and Willson Proprietary Limited, and Snowden and Willson (Housebuilders) Proprietary Limited",1952,1953,1952–1953,royal_commission,https://en.wikipedia.org/wiki/List_of_Western_Australian_royal_commissions,"https://en.wikipedia.org/w/index.php?title=Royal_Commission_into_Allegations_against_Snowden_and_Willson_Proprietary_Limited,_and_Snowden_and_Willson_(Housebuilders)_Proprietary_Limited&action=edit&redlink=1",candidate_unverified,not_assessed,
rc-candidate-0639,Western Australia,Royal Commission into Allegations of Bribery in the Western Australian Transport Board,1953,1953,1953,royal_commission,https://en.wikipedia.org/wiki/List_of_Western_Australian_royal_commissions,https://en.wikipedia.org/w/index.php?title=Royal_Commission_into_Allegations_of_Bribery_in_the_Western_Australian_Transport_Board&action=edit&redlink=1,candidate_unverified,not_assessed,
rc-candidate-0640,Western Australia,"Royal Commission into Matters Relating to the Marketing and Distribution of Potatoes, Onions and Eggs",1955,1955,1955,royal_commission,https://en.wikipedia.org/wiki/List_of_Western_Australian_royal_commissions,"https://en.wikipedia.org/w/index.php?title=Royal_Commission_into_Matters_Relating_to_the_Marketing_and_Distribution_of_Potatoes,_Onions_and_Eggs&action=edit&redlink=1",candidate_unverified,not_assessed,
rc-candidate-0641,Western Australia,Royal Commission into Matters Relating to the Retailing of Motor Spirits and Accessories,1956,1956,1956,royal_commission,https://en.wikipedia.org/wiki/List_of_Western_Australian_royal_commissions,https://en.wikipedia.org/w/index.php?title=Royal_Commission_into_Matters_Relating_to_the_Retailing_of_Motor_Spirits_and_Accessories&action=edit&redlink=1,candidate_unverified,not_assessed,
rc-candidate-0642,Western Australia,Royal Commission into the War Service Land Settlement Scheme in Western Australia,1956,1957,1956–1957,royal_commission,https://en.wikipedia.org/wiki/List_of_Western_Australian_royal_commissions,https://en.wikipedia.org/w/index.php?title=Royal_Commission_into_the_War_Service_Land_Settlement_Scheme_in_Western_Australia&action=edit&redlink=1,candidate_unverified,not_assessed,
rc-candidate-0643,Western Australia,Royal Commission on Restrictive Trade Practices and Legislation,1957,1957,1957,royal_commission,https://en.wikipedia.org/wiki/List_of_Western_Australian_royal_commissions,https://en.wikipedia.org/w/index.php?title=Royal_Commission_on_Restrictive_Trade_Practices_and_Legislation&action=edit&redlink=1,candidate_unverified,not_assessed,
rc-candidate-0644,Western Australia,Royal Commission appointed to inquire into administration of the Western Australian Government Railways,1957,1957,1957,royal_commission,https://en.wikipedia.org/wiki/List_of_Western_Australian_royal_commissions,https://en.wikipedia.org/w/index.php?title=Royal_Commission_appointed_to_inquire_into_administration_of_the_Western_Australian_Government_Railways&action=edit&redlink=1,candidate_unverified,not_assessed,
rc-candidate-0645,Western Australia,Royal Commission into Administration of the Western Australian Government Railways,1957,1959,1957–1959,royal_commission,https://en.wikipedia.org/wiki/List_of_Western_Australian_royal_commissions,https://en.wikipedia.org/w/index.php?title=Royal_Commission_into_Administration_of_the_Western_Australian_Government_Railways&action=edit&redlink=1,candidate_unverified,not_assessed,
rc-candidate-0646,Western Australia,Royal Commission into the Provisions of the Natural Therapists Bill,1960,1961,1960–1961,royal_commission,https://en.wikipedia.org/wiki/List_of_Western_Australian_royal_commissions,https://en.wikipedia.org/w/index.php?title=Royal_Commission_into_the_Provisions_of_the_Natural_Therapists_Bill&action=edit&redlink=1,candidate_unverified,not_assessed,
rc-candidate-0647,Western Australia,Royal Commission into Bribery or Inducements Offered to Members of Parliament Regarding the Totalisator Agency Board Betting Bill 1960,1960,1960,1960,royal_commission,https://en.wikipedia.org/wiki/List_of_Western_Australian_royal_commissions,https://en.wikipedia.org/w/index.php?title=Royal_Commission_into_Bribery_or_Inducements_Offered_to_Members_of_Parliament_Regarding_the_Totalisator_Agency_Board_Betting_Bill_1960&action=edit&redlink=1,candidate_unverified,not_assessed,
rc-candidate-0648,Western Australia,"Royal Commission into the Bush Fires of December, 1960 and January, February and March, 1961 in Western Australia",1961,1961,1961,royal_commission,https://en.wikipedia.org/wiki/List_of_Western_Australian_royal_commissions,"https://en.wikipedia.org/w/index.php?title=Royal_Commission_into_the_Bush_Fires_of_December,_1960_and_January,_February_and_March,_1961_in_Western_Australia&action=edit&redlink=1",candidate_unverified,not_assessed,
rc-candidate-0649,Western Australia,Royal Commission on the Builders' Registration Act 1961,1961,1961,1961,royal_commission,https://en.wikipedia.org/wiki/List_of_Western_Australian_royal_commissions,https://en.wikipedia.org/w/index.php?title=Royal_Commission_on_the_Builders%27_Registration_Act_1961&action=edit&redlink=1,candidate_unverified,not_assessed,
rc-candidate-0650,Western Australia,Royal Commission on Procedures Affecting Financial Returns from Apple Growing,1961,1962,1961–1962,royal_commission,https://en.wikipedia.org/wiki/List_of_Western_Australian_royal_commissions,https://en.wikipedia.org/w/index.php?title=Royal_Commission_on_Procedures_Affecting_Financial_Returns_from_Apple_Growing&action=edit&redlink=1,candidate_unverified,not_assessed,
rc-candidate-0651,Western Australia,Royal Commission into the Fisheries Act 1905–1962 and its Application to the Crayfishing Industry,1964,1962,1964,royal_commission,https://en.wikipedia.org/wiki/List_of_Western_Australian_royal_commissions,https://en.wikipedia.org/w/index.php?title=Royal_Commission_into_the_Fisheries_Act_1905%E2%80%931962_and_its_Application_to_the_Crayfishing_Industry&action=edit&redlink=1,candidate_unverified,not_assessed,
rc-candidate-0652,Western Australia,Royal Commission into the Safety of Ships,1964,1964,1964,royal_commission,https://en.wikipedia.org/wiki/List_of_Western_Australian_royal_commissions,https://en.wikipedia.org/w/index.php?title=Royal_Commission_into_the_Safety_of_Ships&action=edit&redlink=1,candidate_unverified,not_assessed,
rc-candidate-0653,Western Australia,Royal Commission into Allegations Referring to the Operation of the Totalisator Agency Board,1967,1967,1967,royal_commission,https://en.wikipedia.org/wiki/List_of_Western_Australian_royal_commissions,https://en.wikipedia.org/w/index.php?title=Royal_Commission_into_Allegations_Referring_to_the_Operation_of_the_Totalisator_Agency_Board&action=edit&redlink=1,candidate_unverified,not_assessed,
rc-candidate-0654,Western Australia,Royal Commission into the Trading Activities of Wool Exporters Pty Ltd and Associated Companies,1968,1968,1968,royal_commission,https://en.wikipedia.org/wiki/List_of_Western_Australian_royal_commissions,https://en.wikipedia.org/w/index.php?title=Royal_Commission_into_the_Trading_Activities_of_Wool_Exporters_Pty_Ltd_and_Associated_Companies&action=edit&redlink=1,candidate_unverified,not_assessed,
rc-candidate-0655,Western Australia,Royal Commission into Hire Purchase and Other Agreements,1971,1972,1971–1972,royal_commission,https://en.wikipedia.org/wiki/List_of_Western_Australian_royal_commissions,https://en.wikipedia.org/w/index.php?title=Royal_Commission_into_Hire_Purchase_and_Other_Agreements&action=edit&redlink=1,candidate_unverified,not_assessed,
rc-candidate-0656,Western Australia,Royal Commission into the Corridor Plan for Perth,1972,1972,1972,royal_commission,https://en.wikipedia.org/wiki/List_of_Western_Australian_royal_commissions,https://en.wikipedia.org/w/index.php?title=Royal_Commission_into_the_Corridor_Plan_for_Perth&action=edit&redlink=1,candidate_unverified,not_assessed,
rc-candidate-0657,Western Australia,Royal Commission into Fremantle Prison,1972,1973,1972–1973,royal_commission,https://en.wikipedia.org/wiki/List_of_Western_Australian_royal_commissions,https://en.wikipedia.org/w/index.php?title=Royal_Commission_into_Fremantle_Prison_(1972%E2%80%931973)&action=edit&redlink=1,candidate_unverified,not_assessed,
rc-candidate-0658,Western Australia,Royal Commission into the Treatment of Alcohol and Drug Dependents in Western Australia,1972,1973,1972–1973,royal_commission,https://en.wikipedia.org/wiki/List_of_Western_Australian_royal_commissions,https://en.wikipedia.org/w/index.php?title=Royal_Commission_into_the_Treatment_of_Alcohol_and_Drug_Dependents_in_Western_Australia&action=edit&redlink=1,candidate_unverified,not_assessed,
rc-candidate-0659,Western Australia,Royal Commission upon all matters affecting the well being of persons of Aboriginal descent in Western Australia,1973,1974,1973–1974,royal_commission,https://en.wikipedia.org/wiki/List_of_Western_Australian_royal_commissions,https://en.wikipedia.org/w/index.php?title=Royal_Commission_upon_all_matters_affecting_the_well_being_of_persons_of_Aboriginal_descent_in_Western_Australia&action=edit&redlink=1,candidate_unverified,not_assessed,
rc-candidate-0660,Western Australia,Royal Commission into Metropolitan Municipal District Boundaries,1973,1974,1973–1974,royal_commission,https://en.wikipedia.org/wiki/List_of_Western_Australian_royal_commissions,https://en.wikipedia.org/w/index.php?title=Royal_Commission_into_Metropolitan_Municipal_District_Boundaries&action=edit&redlink=1,candidate_unverified,not_assessed,
rc-candidate-0661,Western Australia,Royal Commission on the State Government Insurance Office,1973,1974,1973–1974,royal_commission,https://en.wikipedia.org/wiki/List_of_Western_Australian_royal_commissions,https://en.wikipedia.org/w/index.php?title=Royal_Commission_on_the_State_Government_Insurance_Office&action=edit&redlink=1,candidate_unverified,not_assessed,
rc-candidate-0662,Western Australia,Royal Commission into Gambling,1973,1974,1973–1974,royal_commission,https://en.wikipedia.org/wiki/List_of_Western_Australian_royal_commissions,https://en.wikipedia.org/w/index.php?title=Royal_Commission_into_Gambling&action=edit&redlink=1,candidate_unverified,not_assessed,
rc-candidate-0663,Western Australia,Royal Commission into Matters Relating to Homosexuality,1974,1974,1974,royal_commission,https://en.wikipedia.org/wiki/List_of_Western_Australian_royal_commissions,https://en.wikipedia.org/w/index.php?title=Royal_Commission_into_Matters_Relating_to_Homosexuality&action=edit&redlink=1,candidate_unverified,not_assessed,
rc-candidate-0664,Western Australia,Royal Commission on the Administration of the Stirling City Council Effluent Disposal Service,1974,1974,1974,royal_commission,https://en.wikipedia.org/wiki/List_of_Western_Australian_royal_commissions,https://en.wikipedia.org/w/index.php?title=Royal_Commission_on_the_Administration_of_the_Stirling_City_Council_Effluent_Disposal_Service&action=edit&redlink=1,candidate_unverified,not_assessed,
rc-candidate-0665,Western Australia,Royal Commission upon Airline Services in the State and Related Matters,1974,1975,1974–1975,royal_commission,https://en.wikipedia.org/wiki/List_of_Western_Australian_royal_commissions,https://en.wikipedia.org/w/index.php?title=Royal_Commission_upon_Airline_Services_in_the_State_and_Related_Matters&action=edit&redlink=1,candidate_unverified,not_assessed,
rc-candidate-0666,Western Australia,Laverton Royal Commission,1975,1976,1975–1976,royal_commission,https://en.wikipedia.org/wiki/List_of_Western_Australian_royal_commissions,https://en.wikipedia.org/w/index.php?title=Laverton_Royal_Commission&action=edit&redlink=1,candidate_unverified,not_assessed,
rc-candidate-0667,Western Australia,Royal Commission Concerning the Trial of Baymis Ugle,1975,1976,1975–1976,royal_commission,https://en.wikipedia.org/wiki/List_of_Western_Australian_royal_commissions,https://en.wikipedia.org/w/index.php?title=Royal_Commission_Concerning_the_Trial_of_Baymis_Ugle&action=edit&redlink=1,candidate_unverified,not_assessed,
rc-candidate-0668,Western Australia,Royal Commission into Matters Surrounding the Administration of the Law Relating to Prostitution,1975,1976,1975–1976,royal_commission,https://en.wikipedia.org/wiki/List_of_Western_Australian_royal_commissions,https://en.wikipedia.org/w/index.php?title=Royal_Commission_into_Matters_Surrounding_the_Administration_of_the_Law_Relating_to_Prostitution&action=edit&redlink=1,candidate_unverified,not_assessed,
rc-candidate-0669,Western Australia,Royal Commission into the Marketing and Distribution of Beef and Sheep Meat Products,1975,1976,1975–1976,royal_commission,https://en.wikipedia.org/wiki/List_of_Western_Australian_royal_commissions,https://en.wikipedia.org/w/index.php?title=Royal_Commission_into_the_Marketing_and_Distribution_of_Beef_and_Sheep_Meat_Products&action=edit&redlink=1,candidate_unverified,not_assessed,
rc-candidate-0670,Western Australia,Royal Commission into Dairy Products and Market Milk,1982,1982,1982,royal_commission,https://en.wikipedia.org/wiki/List_of_Western_Australian_royal_commissions,https://en.wikipedia.org/w/index.php?title=Royal_Commission_into_Dairy_Products_and_Market_Milk&action=edit&redlink=1,candidate_unverified,not_assessed,
rc-candidate-0671,Western Australia,Royal Commission into the Liquor Laws in Western Australia,1984,1985,1984–1985,royal_commission,https://en.wikipedia.org/wiki/List_of_Western_Australian_royal_commissions,https://en.wikipedia.org/w/index.php?title=Royal_Commission_into_the_Liquor_Laws_in_Western_Australia&action=edit&redlink=1,candidate_unverified,not_assessed,
rc-candidate-0672,Western Australia,Royal Commission into Racing and Trotting in Western Australia,1983,1983,1983,royal_commission,https://en.wikipedia.org/wiki/List_of_Western_Australian_royal_commissions,https://en.wikipedia.org/w/index.php?title=Royal_Commission_into_Racing_and_Trotting_in_Western_Australia&action=edit&redlink=1,candidate_unverified,not_assessed,
rc-candidate-0673,Western Australia,Royal Commission into Parliamentary Deadlocks,1984,1985,1984–1985,royal_commission,https://en.wikipedia.org/wiki/List_of_Western_Australian_royal_commissions,https://en.wikipedia.org/w/index.php?title=Royal_Commission_into_Parliamentary_Deadlocks&action=edit&redlink=1,candidate_unverified,not_assessed,
rc-candidate-0674,Western Australia,Royal Commission into the Conservation and Land Management Act 1984,1985,1984,1985,royal_commission,https://en.wikipedia.org/wiki/List_of_Western_Australian_royal_commissions,https://en.wikipedia.org/w/index.php?title=Royal_Commission_into_the_Conservation_and_Land_Management_Act_1984&action=edit&redlink=1,candidate_unverified,not_assessed,
rc-candidate-0675,Western Australia,"Royal Commission into Grain Storage, Handling and Transport",1986,1988,1986–1988,royal_commission,https://en.wikipedia.org/wiki/List_of_Western_Australian_royal_commissions,"https://en.wikipedia.org/w/index.php?title=Royal_Commission_into_Grain_Storage,_Handling_and_Transport&action=edit&redlink=1",candidate_unverified,not_assessed,
rc-candidate-0676,Western Australia,Royal Commission into Aboriginal Deaths in Custody,1987,1991,1987–1991,royal_commission,https://en.wikipedia.org/wiki/List_of_Western_Australian_royal_commissions,https://en.wikipedia.org/wiki/Royal_Commission_into_Aboriginal_Deaths_in_Custody,candidate_unverified,not_assessed,
rc-candidate-0677,Western Australia,Royal Commission into Commercial Activities of Government and Other Matters,1991,1992,1991–1992,royal_commission,https://en.wikipedia.org/wiki/List_of_Western_Australian_royal_commissions,https://en.wikipedia.org/wiki/Royal_Commission_into_Commercial_Activities_of_Government_and_Other_Matters,candidate_unverified,not_assessed,
rc-candidate-0678,Western Australia,Royal Commission into Use of Executive Power,1995,1995,1995,royal_commission,https://en.wikipedia.org/wiki/List_of_Western_Australian_royal_commissions,https://en.wikipedia.org/wiki/Royal_Commission_into_Use_of_Executive_Power,candidate_unverified,not_assessed,
rc-candidate-0679,Western Australia,Royal Commission into the City of Wanneroo,1996,1997,1996–1997,royal_commission,https://en.wikipedia.org/wiki/List_of_Western_Australian_royal_commissions,https://en.wikipedia.org/w/index.php?title=Royal_Commission_into_the_City_of_Wanneroo&action=edit&redlink=1,candidate_unverified,not_assessed,
rc-candidate-0680,Western Australia,Royal Commission into the Finance Broking Industry,2001,2001,2001,royal_commission,https://en.wikipedia.org/wiki/List_of_Western_Australian_royal_commissions,https://en.wikipedia.org/w/index.php?title=Royal_Commission_into_the_Finance_Broking_Industry&action=edit&redlink=1,candidate_unverified,not_assessed,
rc-candidate-0681,Western Australia,Royal Commission Into Whether There Has Been Corrupt or Criminal Conduct By Any Western Australian Police Officer,2001,2004,2001–2004,royal_commission,https://en.wikipedia.org/wiki/List_of_Western_Australian_royal_commissions,https://en.wikipedia.org/wiki/Royal_Commission_Into_Whether_There_Has_Been_Corrupt_or_Criminal_Conduct_By_Any_Western_Australian_Police_Officer,candidate_unverified,not_assessed,
rc-candidate-0682,Western Australia,Perth Casino Royal Commission,2021,2022,2021–2022,royal_commission,https://en.wikipedia.org/wiki/List_of_Western_Australian_royal_commissions,https://en.wikipedia.org/w/index.php?title=Perth_Casino_Royal_Commission&action=edit&redlink=1,candidate_unverified,not_assessed,
