id,tabled_senate,tabled_house,committee,title,additional_type,parliament,url
17732,2026-08-28,,Legal and Constitutional Affairs References Committee,Illegal tobacco crisis in Australia,,48,https://www.aph.gov.au/Parliamentary_Business/Tabled_Documents/17732
17733,2026-08-28,,Economics Legislation Committee,Customs Amendment (Safeguard Inquiries) Bill 2026,,48,https://www.aph.gov.au/Parliamentary_Business/Tabled_Documents/17733
17731,2026-08-28,,Rural and Regional Affairs and Transport Legislation Committee,Biosecurity Amendment (Improving Operational Efficiency) Bill 2026,,48,https://www.aph.gov.au/Parliamentary_Business/Tabled_Documents/17731
17695,2026-08-25,,Environment and Communications Legislation Committee,Online Safety Amendment (Strengthening Enforcement for the Social Media Minimum Age) Bill 2026,,48,https://www.aph.gov.au/Parliamentary_Business/Tabled_Documents/17695
17654,2026-08-20,,"Foreign Affairs, Defence and Trade References Committee",Effectiveness of sanctions against the Russian Federation,,48,https://www.aph.gov.au/Parliamentary_Business/Tabled_Documents/17654
17612,2026-08-20,,Standing Committee for the Scrutiny of Bills,Scrutiny Digest 10 of 2026,,48,https://www.aph.gov.au/Parliamentary_Business/Tabled_Documents/17612
17598,2026-08-20,2026-08-19,Parliamentary Joint Committee on Intelligence and Security,Advisory report on the Australia’s Foreign Relations (State and Territory Arrangements) Amendment Bill 2026,,48,https://www.aph.gov.au/Parliamentary_Business/Tabled_Documents/17598
17567,2026-08-20,2026-08-17,Parliamentary Standing Committee on Public Works,Report 5/2026,,48,https://www.aph.gov.au/Parliamentary_Business/Tabled_Documents/17567
17606,2026-08-20,,Economics Legislation Committee,Treasury Laws Amendment (Tax Reform No. 1) Bill 2026 and a related bill [Provisions] - Addendum,,48,https://www.aph.gov.au/Parliamentary_Business/Tabled_Documents/17606
17605,2026-08-20,,Economics Legislation Committee,Treasury Laws Amendment (Tax Reform No. 1) Bill 2026 and a related bill [Provisions] - Additional information received between 19 June and 20 August 2026,Additional information,48,https://www.aph.gov.au/Parliamentary_Business/Tabled_Documents/17605
17632,2026-08-20,,Selection of Bills Committee,Selection of Bills Committee - Report no. 10 of 2026 [20 August 2026],,48,https://www.aph.gov.au/Parliamentary_Business/Tabled_Documents/17632
17621,,2026-08-19,Selection Committee,"Selection Committee Report No. 14 relating to the consideration of committee and delegation business and private Members’  business on Monday, 7 September 2026",,48,https://www.aph.gov.au/Parliamentary_Business/Tabled_Documents/17621
17564,2026-08-17,,Environment and Communications Legislation Committee,Interactive Gambling Amendment (Gambling Reform) Bill 2026 and National Self-exclusion Register (Cost Recovery Levy) Amendment Bill 2026,,48,https://www.aph.gov.au/Parliamentary_Business/Tabled_Documents/17564
17558,,2026-08-17,Standing Committee on Petitions,"Report 13: Petitions and Ministerial responses—Report, 17 August 2026",,48,https://www.aph.gov.au/Parliamentary_Business/Tabled_Documents/17558
17542,2026-08-14,,Community Affairs Legislation Committee,National Disability Insurance Scheme Amendment (Securing the NDIS for Future Generations) Bill 2026,,48,https://www.aph.gov.au/Parliamentary_Business/Tabled_Documents/17542
17541,2026-08-14,,Community Affairs Legislation Committee,Health Insurance Amendment (Incentive Payments and Other Measures) Bill 2026,,48,https://www.aph.gov.au/Parliamentary_Business/Tabled_Documents/17541
17530,2026-08-13,,Economics Legislation Committee,Treasury Laws Amendment (Tax Reform No. 2) Bill 2026,,48,https://www.aph.gov.au/Parliamentary_Business/Tabled_Documents/17530
17508,2026-08-13,2026-08-12,Parliamentary Joint Committee on Human Rights,Human rights scrutiny report 9 of 2026 [12 August 2026],,48,https://www.aph.gov.au/Parliamentary_Business/Tabled_Documents/17508
17527,2026-08-13,,Selection of Bills Committee,Selection of Bills Committee - Report no. 9 of 2026 [13 August 2026],,48,https://www.aph.gov.au/Parliamentary_Business/Tabled_Documents/17527
17467,2026-08-12,2026-08-12,Parliamentary Joint Committee on Law Enforcement,Capability of law enforcement to respond to money laundering and financial crime,,48,https://www.aph.gov.au/Parliamentary_Business/Tabled_Documents/17467
17504,2026-08-12,,Standing Committee for the Scrutiny of Bills,Scrutiny Digest 9 of 2026,,48,https://www.aph.gov.au/Parliamentary_Business/Tabled_Documents/17504
17507,2026-08-12,,Standing Committee for the Scrutiny of Delegated Legislation,Delegated Legislation Monitor 8 of 2026,,48,https://www.aph.gov.au/Parliamentary_Business/Tabled_Documents/17507
17503,,2026-08-12,Selection Committee,"Selection Committee Report No. 13 relating to the consideration of committee and delegation business and private Members’  business on Monday, 17 August 2026",,48,https://www.aph.gov.au/Parliamentary_Business/Tabled_Documents/17503
17517,,2026-08-12,,"Selection Committee Report No. 13 relating to the consideration of committee and delegation business and private Members’  business on Monday, 17 August 2026 [Revised]",,48,https://www.aph.gov.au/Parliamentary_Business/Tabled_Documents/17517
17470,2026-08-11,2026-08-11,Parliamentary Joint Committee on Intelligence and Security,Review of the listing of White Australia as a prohibited hate group under the Criminal Code,,48,https://www.aph.gov.au/Parliamentary_Business/Tabled_Documents/17470
17474,2026-08-11,,Environment and Communications Legislation Committee,Matter of parliamentary privilege - Environment and Communications Legislation Committee,,48,https://www.aph.gov.au/Parliamentary_Business/Tabled_Documents/17474
17489,2026-08-11,2026-08-11,Parliamentary Joint Committee on Intelligence and Security,Advisory Report on the Anti-Money Laundering and Counter-Terrorism Financing Amendment Bill 2026,,48,https://www.aph.gov.au/Parliamentary_Business/Tabled_Documents/17489
17487,2026-08-11,,Select Committee on Productivity in Australia,Interim report: Housing,,48,https://www.aph.gov.au/Parliamentary_Business/Tabled_Documents/17487
17447,2026-08-11,,Economics Legislation Committee,Treasury Laws Amendment (Business Registries Stabilisation and Uplift) Bill 2026 - Additional information received between 22 June and 11 August 2026,Additional information,48,https://www.aph.gov.au/Parliamentary_Business/Tabled_Documents/17447
17473,2026-08-11,,Community Affairs Legislation Committee,Aged Care Legislation Amendment (Aboriginal and Torres Strait Islander Aged Care Commissioner and Other Measures) Bill 2026,,48,https://www.aph.gov.au/Parliamentary_Business/Tabled_Documents/17473
17431,2026-08-07,,Economics Legislation Committee,Cash Distribution Framework Bill 2026 and a related bill,,48,https://www.aph.gov.au/Parliamentary_Business/Tabled_Documents/17431
17429,2026-08-07,,Legal and Constitutional Affairs Legislation Committee,Statute Update Bill 2026,,48,https://www.aph.gov.au/Parliamentary_Business/Tabled_Documents/17429
17430,2026-08-07,,Legal and Constitutional Affairs Legislation Committee,Administrative and Judicial Review Legislation Amendment Bill 2026,,48,https://www.aph.gov.au/Parliamentary_Business/Tabled_Documents/17430
17420,2026-08-06,,Environment and Communications References Committee,Triple Zero service outage - Third progress report,Progress,48,https://www.aph.gov.au/Parliamentary_Business/Tabled_Documents/17420
17419,2026-08-06,,Environment and Communications Legislation Committee,Extended Producer Responsibility Scheme for Packaging (No Time to Waste) Bill 2026,,48,https://www.aph.gov.au/Parliamentary_Business/Tabled_Documents/17419
17389,2026-07-31,,"Foreign Affairs, Defence and Trade Legislation Committee",Defence Force Discipline Amendment (RCDVS Implementation and Related Measures No. 1) Bill 2026,,48,https://www.aph.gov.au/Parliamentary_Business/Tabled_Documents/17389
17367,2026-07-30,,Rural and Regional Affairs and Transport References Committee,Opportunities for the development of a hemp industry in Australia,,48,https://www.aph.gov.au/Parliamentary_Business/Tabled_Documents/17367
17353,2026-07-28,,Community Affairs Legislation Committee,Social Security and Other Legislation Amendment (Technical Changes No. 2) Bill 2026,,48,https://www.aph.gov.au/Parliamentary_Business/Tabled_Documents/17353
17179,2026-07-02,2026-07-01,Parliamentary Joint Committee on Human Rights,Annual Report 2025,,48,https://www.aph.gov.au/Parliamentary_Business/Tabled_Documents/17179
17213,2026-07-02,2026-07-02,Joint Standing Committee on the National Disability Insurance Scheme,Integrity of the National Disability Insurance Scheme,,48,https://www.aph.gov.au/Parliamentary_Business/Tabled_Documents/17213
17212,2026-07-02,,Legal and Constitutional Affairs References Committee,Offshore processing and resettlement arrangements,,48,https://www.aph.gov.au/Parliamentary_Business/Tabled_Documents/17212
17190,2026-07-02,2026-07-01,Parliamentary Joint Committee on Human Rights,Human rights scrutiny report 8 of 2026 [1 July 2026],,48,https://www.aph.gov.au/Parliamentary_Business/Tabled_Documents/17190
17193,2026-07-02,,Selection of Bills Committee,Selection of Bills Committee - Report no. 8 of 2026 [2 July 2026],,48,https://www.aph.gov.au/Parliamentary_Business/Tabled_Documents/17193
17140,2026-07-01,2026-06-30,Joint Standing Committee on Electoral Matters,Inquiry into the conduct of the 2025 federal election: Interim report [June 2026],,48,https://www.aph.gov.au/Parliamentary_Business/Tabled_Documents/17140
17182,2026-07-01,,Standing Committee for the Scrutiny of Bills,Scrutiny of Bills Committee - Annual report 2025,,48,https://www.aph.gov.au/Parliamentary_Business/Tabled_Documents/17182
17181,2026-07-01,,Standing Committee for the Scrutiny of Bills,Scrutiny Digest 8 of 2026,,48,https://www.aph.gov.au/Parliamentary_Business/Tabled_Documents/17181
17183,2026-07-01,,Standing Committee for the Scrutiny of Delegated Legislation,Delegated Legislation Monitor 7 of 2026,,48,https://www.aph.gov.au/Parliamentary_Business/Tabled_Documents/17183
17093,2026-06-30,,Parliamentary Standing Committee on Public Works,Report 4/2026,,48,https://www.aph.gov.au/Parliamentary_Business/Tabled_Documents/17093
17139,2026-06-30,,Economics Legislation Committee,Budget Estimates 2026-27,,48,https://www.aph.gov.au/Parliamentary_Business/Tabled_Documents/17139
17092,,2026-06-29,Standing Committee on Economics,"A level paying field: Report on the inquiry into schemes, digital wallets and innovation in the payments sector [June 2026]",,48,https://www.aph.gov.au/Parliamentary_Business/Tabled_Documents/17092
17100,,2026-06-29,Standing Committee on Petitions,"Report 12: Ministerial responses—Report, 29 June 2026",,48,https://www.aph.gov.au/Parliamentary_Business/Tabled_Documents/17100
17091,,2026-06-29,Standing Committee on Education,Security and Prosperity in Asia: Building Asia capability in Australia through the education system and beyond [June 2026],,48,https://www.aph.gov.au/Parliamentary_Business/Tabled_Documents/17091
17016,2026-06-25,,Standing Committee for the Scrutiny of Delegated Legislation,Delegated Legislation Monitor 6 of 2026,,48,https://www.aph.gov.au/Parliamentary_Business/Tabled_Documents/17016
17037,2026-06-25,,Economics Legislation Committee,Competition and Consumer Amendment (Unfair Trading  Practices) Bill 2026,,48,https://www.aph.gov.au/Parliamentary_Business/Tabled_Documents/17037
17014,2026-06-25,,Standing Committee for the Scrutiny of Bills,Scrutiny Digest 7 of 2026,,48,https://www.aph.gov.au/Parliamentary_Business/Tabled_Documents/17014
17039,2026-06-25,,Education and Employment Legislation Committee,Higher Education Support Amendment (Reverse Job-Ready Graduates Fee Hikes and End 50k Arts Degrees) Bill 2025,,48,https://www.aph.gov.au/Parliamentary_Business/Tabled_Documents/17039
17041,2026-06-25,2026-06-25,Joint Standing Committee on Treaties,Report 233: Agreement on Social Security between Australia and the Oriental Republic of Uruguay,,48,https://www.aph.gov.au/Parliamentary_Business/Tabled_Documents/17041
17040,2026-06-25,,Education and Employment References Committee,Education and Employment References Committee - Wage theft - Report,,48,https://www.aph.gov.au/Parliamentary_Business/Tabled_Documents/17040
17036,2026-06-25,,Standing Committee of Privileges,190th report - Person referred to in the Senate - Mr John Fenwick,,48,https://www.aph.gov.au/Parliamentary_Business/Tabled_Documents/17036
17035,2026-06-25,,Selection of Bills Committee,Selection of Bills Committee - Report no. 7 of 2026 [25 June 2026],,48,https://www.aph.gov.au/Parliamentary_Business/Tabled_Documents/17035
17028,,2026-06-24,Selection Committee,"Selection Committee Report No. 12 relating to the consideration of committee and delegation business and private Members’  business on Monday, 29 June 2026",,48,https://www.aph.gov.au/Parliamentary_Business/Tabled_Documents/17028
16999,2026-06-23,2026-06-25,Parliamentary Joint Committee on Human Rights,Human rights scrutiny report 7 of 2026 [12 June 2026],,48,https://www.aph.gov.au/Parliamentary_Business/Tabled_Documents/16999
16994,2026-06-23,,Community Affairs References Committee,The transition of the Commonwealth Home Support Program to the Support at Home Program,,48,https://www.aph.gov.au/Parliamentary_Business/Tabled_Documents/16994
16993,2026-06-23,,Education and Employment Legislation Committee,Budget Estimates 2026–27,,48,https://www.aph.gov.au/Parliamentary_Business/Tabled_Documents/16993
16676,2026-06-23,2026-06-03,Parliamentary Joint Committee on Human Rights,Human rights scrutiny report 6 of 2026 [3 June 2026],,48,https://www.aph.gov.au/Parliamentary_Business/Tabled_Documents/16676
16995,2026-06-23,,"Foreign Affairs, Defence and Trade Legislation Committee",Budget Estimates 2026–27,,48,https://www.aph.gov.au/Parliamentary_Business/Tabled_Documents/16995
16546,2026-06-23,2026-05-25,Parliamentary Standing Committee on Public Works,Report 3/2026,,48,https://www.aph.gov.au/Parliamentary_Business/Tabled_Documents/16546
16992,2026-06-23,,Community Affairs Legislation Committee,National Disability Insurance Scheme Amendment (Securing the NDIS for Future Generations) Bill 2026 [Interim report],Interim,48,https://www.aph.gov.au/Parliamentary_Business/Tabled_Documents/16992
16980,2026-06-23,,Environment and Communications Legislation Committee,Budget estimates 2026-27,,48,https://www.aph.gov.au/Parliamentary_Business/Tabled_Documents/16980
16974,2026-06-23,,Legal and Constitutional Affairs Legislation Committee,Budget estimates 2026-27,,48,https://www.aph.gov.au/Parliamentary_Business/Tabled_Documents/16974
16987,2026-06-23,,Rural and Regional Affairs and Transport Legislation Committee,Budget Estimates 2026–27,,48,https://www.aph.gov.au/Parliamentary_Business/Tabled_Documents/16987
16989,2026-06-23,,Community Affairs Legislation Committee,Budget Estimates 2026–27,,48,https://www.aph.gov.au/Parliamentary_Business/Tabled_Documents/16989
16988,2026-06-23,,Finance and Public Administration Legislation Committee,Budget Estimates 2026–27,,48,https://www.aph.gov.au/Parliamentary_Business/Tabled_Documents/16988
16924,2026-06-22,,Legal and Constitutional Affairs Legislation Committee,Customs Tariff Amendment (Incorporation of Proposals) Bill (No. 1) 2026,,48,https://www.aph.gov.au/Parliamentary_Business/Tabled_Documents/16924
16975,,2026-06-22,Standing Committee on Petitions,"Report 11: Petitions and Ministerial responses—Report, 22 June 2026",,48,https://www.aph.gov.au/Parliamentary_Business/Tabled_Documents/16975
16920,2026-06-19,,Community Affairs Legislation Committee,Community Affairs Legislation Committee—National Disability Insurance Scheme Amendment (Securing the NDIS for Future Generations) Bill 2026 [Provisions]—Progress report [2] dated 19 June 2026,,48,https://www.aph.gov.au/Parliamentary_Business/Tabled_Documents/16920
16916,2026-06-19,,Rural and Regional Affairs and Transport Legislation Committee,Aviation Consumer Protection Bill 2026 and three related bills,,48,https://www.aph.gov.au/Parliamentary_Business/Tabled_Documents/16916
16917,2026-06-19,,Legal and Constitutional Affairs Legislation Committee,Secrecy Provisions Amendment (Repealing Offences) Bill 2026,,48,https://www.aph.gov.au/Parliamentary_Business/Tabled_Documents/16917
16918,2026-06-19,,Economics Legislation Committee,Treasury Laws Amendment (Tax Reform No. 1) Bill 2026 and Income Tax Rates Amendment (Tax Reform No. 1) Bill 2026,,48,https://www.aph.gov.au/Parliamentary_Business/Tabled_Documents/16918
16874,2026-06-18,,Education and Employment References Committee,Education and Employment References Committee—Wage theft—Progress report,Progress,48,https://www.aph.gov.au/Parliamentary_Business/Tabled_Documents/16874
16879,2026-06-17,,Economics Legislation Committee,Treasury Laws Amendment (Business Registries Stabilisation and Uplift) Bill 2026,,48,https://www.aph.gov.au/Parliamentary_Business/Tabled_Documents/16879
16884,2026-06-17,,Legal and Constitutional Affairs References Committee,Progress Report - Offshore Processing and resettlement arrangements,,48,https://www.aph.gov.au/Parliamentary_Business/Tabled_Documents/16884
16832,2026-06-16,,Community Affairs Legislation Committee,National Disability Insurance Scheme Amendment (Securing the NDIS for Future Generations) Bill 2026 [Provisions] [Progress report],Progress,48,https://www.aph.gov.au/Parliamentary_Business/Tabled_Documents/16832
16753,2026-06-11,,Economics Legislation Committee,Competition and Consumer Amendment (Unfair Trading Practices) Bill 2026,Progress,48,https://www.aph.gov.au/Parliamentary_Business/Tabled_Documents/16753
16675,,2026-06-03,Selection Committee,"Selection Committee Report No. 11 relating to the consideration of committee and delegation business and private Members’  business on Monday, 22 June 2026",,48,https://www.aph.gov.au/Parliamentary_Business/Tabled_Documents/16675
16573,2026-05-26,,Community Affairs References Committee,Impact of microplastics and other toxics on human health,,48,https://www.aph.gov.au/Parliamentary_Business/Tabled_Documents/16573
16548,,2026-05-25,Standing Committee on Petitions,"Report 10: Petitions and Ministerial responses—Report, 25 May 2026",,48,https://www.aph.gov.au/Parliamentary_Business/Tabled_Documents/16548
16524,2026-05-22,2026-05-26,Parliamentary Joint Committee on Intelligence and Security,Review of the Migration Amendment (Clarifying International Obligations for Removal) Act 2021,,48,https://www.aph.gov.au/Parliamentary_Business/Tabled_Documents/16524
16508,2026-05-21,,Environment and Communications References Committee,Greenwashing [Progress report],Progress,48,https://www.aph.gov.au/Parliamentary_Business/Tabled_Documents/16508
16515,2026-05-21,,"Standing Committee on Appropriations, Staffing and Security",70th report - Estimates for the Department of the Senate 2026-27,,48,https://www.aph.gov.au/Parliamentary_Business/Tabled_Documents/16515
16509,2026-05-21,,Environment and Communications References Committee,National Cultural Policy [Progress report],Progress,48,https://www.aph.gov.au/Parliamentary_Business/Tabled_Documents/16509
16471,2026-05-19,,Economics Legislation Committee,Treasury Laws Amendment (Financial Reporting System Reform) Bill 2026 - Corrigendum,Corrigendum,48,https://www.aph.gov.au/Parliamentary_Business/Tabled_Documents/16471
16408,2026-05-14,,Environment and Communications Legislation Committee,Telecommunications Legislation Amendment (Universal Outdoor Mobile Obligation) Bill 2025,,48,https://www.aph.gov.au/Parliamentary_Business/Tabled_Documents/16408
16410,2026-05-14,2026-05-14,Parliamentary Joint Committee on Intelligence and Security,Review of the listing of Hizb ut-Tahrir as a prohibited hate group under the Criminal Code,,48,https://www.aph.gov.au/Parliamentary_Business/Tabled_Documents/16410
16391,2026-05-14,,Selection of Bills Committee,Report no. 6 of 2026 [14 May 2026],,48,https://www.aph.gov.au/Parliamentary_Business/Tabled_Documents/16391
16409,,2026-05-14,Standing Committee on Appropriations and Administration,"Appropriations and Administration Report No. 35: Budget estimates 2026-27—Report, May 2026",,48,https://www.aph.gov.au/Parliamentary_Business/Tabled_Documents/16409
16354,2026-05-13,,Standing Committee for the Scrutiny of Delegated Legislation,Delegated Legislation Monitor 5 of 2026,,48,https://www.aph.gov.au/Parliamentary_Business/Tabled_Documents/16354
16393,,2026-05-13,Selection Committee,"Selection Committee Report No. 10 relating to the consideration of committee and delegation business and private Members’ business on Monday, 25 May 2026",,48,https://www.aph.gov.au/Parliamentary_Business/Tabled_Documents/16393
16313,2026-05-12,2026-05-12,Parliamentary Joint Committee on the National Anti-Corruption Commission,Examination of the National Anti-Corruption Commission Annual Report 2024-25,,48,https://www.aph.gov.au/Parliamentary_Business/Tabled_Documents/16313
16312,2026-05-12,2026-05-12,Parliamentary Joint Committee on the National Anti-Corruption Commission,Examination of the Inspector of the National Anti-Corruption Commission Annual Report 2024-25,,48,https://www.aph.gov.au/Parliamentary_Business/Tabled_Documents/16312
15934,2026-05-12,2026-04-01,Joint Standing Committee on Treaties,Report 232,,48,https://www.aph.gov.au/Parliamentary_Business/Tabled_Documents/15934
16294,2026-05-12,,Standing Committee of Privileges,189th report - Department of Parliamentary Services handling of documents and communications,,48,https://www.aph.gov.au/Parliamentary_Business/Tabled_Documents/16294
15941,2026-05-12,2026-04-01,Parliamentary Joint Committee on Human Rights,Human rights scrutiny report 4 of 2026 [1 April 2026],,48,https://www.aph.gov.au/Parliamentary_Business/Tabled_Documents/15941
16320,2026-05-12,2026-05-12,Parliamentary Joint Committee on Human Rights,Human rights scrutiny report 5 of 2026 [7 May 2026],,48,https://www.aph.gov.au/Parliamentary_Business/Tabled_Documents/16320
16230,2026-05-11,,Economics Legislation Committee,Treasury Laws Amendment (Payday Superannuation) Regulations 2026,,48,https://www.aph.gov.au/Parliamentary_Business/Tabled_Documents/16230
16226,2026-05-11,,Standing Committee on Procedure,First report of 2026: E-petitions,,48,https://www.aph.gov.au/Parliamentary_Business/Tabled_Documents/16226
16204,2026-05-07,,Select Committee on the Taxation of Gas Resources,Select Committee on the Taxation of Gas Resources,,48,https://www.aph.gov.au/Parliamentary_Business/Tabled_Documents/16204
16184,2026-05-06,,Legal and Constitutional Affairs Legislation Committee,Review of the National Emergency Declaration Act 2020,,48,https://www.aph.gov.au/Parliamentary_Business/Tabled_Documents/16184
16175,2026-05-06,,Standing Committee for the Scrutiny of Bills,Scrutiny Digest 6 of 2026,,48,https://www.aph.gov.au/Parliamentary_Business/Tabled_Documents/16175
16170,2026-05-05,,Legal and Constitutional Affairs Legislation Committee,Customs Legislation Amendment (False Trade Marks Infringement Notices) Bill 2026,,48,https://www.aph.gov.au/Parliamentary_Business/Tabled_Documents/16170
16121,2026-05-01,,Economics Legislation Committee,Progress Report Treasury Laws Amendment (Payday Superannuation) Regulations 2026,Progress,48,https://www.aph.gov.au/Parliamentary_Business/Tabled_Documents/16121
16120,2026-05-01,,Select Committee on Information Integrity on Climate Change and Energy,The Integrity Gap: Restoring Trust in the Climate and Energy Debate,Corrigendum,48,https://www.aph.gov.au/Parliamentary_Business/Tabled_Documents/16120
16140,2026-05-01,,Legal and Constitutional Affairs Legislation Committee,Crimes and Other Legislation Amendment (Omnibus No. 1) Bill 2026,,48,https://www.aph.gov.au/Parliamentary_Business/Tabled_Documents/16140
16118,2026-04-30,,Economics Legislation Committee,Treasury Laws Amendment (Delivering an Efficient and Trusted Tax System) Bill 2026,,48,https://www.aph.gov.au/Parliamentary_Business/Tabled_Documents/16118
16072,2026-04-28,,Economics References Committee,Funding and Resourcing for the CSIRO,,48,https://www.aph.gov.au/Parliamentary_Business/Tabled_Documents/16072
16060,2026-04-24,,Economics Legislation Committee,Treasury Laws Amendment (Financial Reporting System Reform) Bill 2026,,48,https://www.aph.gov.au/Parliamentary_Business/Tabled_Documents/16060
16029,2026-04-21,,Economics References Committee,Funding and Resourcing for the CSIRO [Progress report],Progress,48,https://www.aph.gov.au/Parliamentary_Business/Tabled_Documents/16029
16001,2026-04-15,,Community Affairs Legislation Committee,Health Legislation Amendment (Improving Choice and Transparency for Private Health Consumers) Bill 2026,,48,https://www.aph.gov.au/Parliamentary_Business/Tabled_Documents/16001
15997,2026-04-14,,Environment and Communications References Committee,Triple Zero service outage - Progress report,Progress,48,https://www.aph.gov.au/Parliamentary_Business/Tabled_Documents/15997
15961,2026-04-09,,Economics Legislation Committee,Treasury Laws Amendment (Payday Superannuation) Regulations 2026 [Progress report],Progress,48,https://www.aph.gov.au/Parliamentary_Business/Tabled_Documents/15961
15953,2026-04-08,,Finance and Public Administration References Committee,Financial support for state and territory infrastructure projects,Progress,48,https://www.aph.gov.au/Parliamentary_Business/Tabled_Documents/15953
15827,2026-04-07,,"Foreign Affairs, Defence and Trade Legislation Committee",Additional Estimates 2025–26,,48,https://www.aph.gov.au/Parliamentary_Business/Tabled_Documents/15827
15872,2026-04-02,,Education and Employment Legislation Committee,Additional Estimates 2025-26,,48,https://www.aph.gov.au/Parliamentary_Business/Tabled_Documents/15872
15933,2026-04-02,2026-04-01,Parliamentary Standing Committee on Public Works,Report 2/2026,,48,https://www.aph.gov.au/Parliamentary_Business/Tabled_Documents/15933
15695,2026-04-02,,Community Affairs Legislation Committee,Additional Estimates 2025–26,,48,https://www.aph.gov.au/Parliamentary_Business/Tabled_Documents/15695
15871,2026-04-02,,Finance and Public Administration Legislation Committee,Additional Estimates 2025–26,,48,https://www.aph.gov.au/Parliamentary_Business/Tabled_Documents/15871
15833,2026-04-02,,Finance and Public Administration Legislation Committee,Parliamentary Joint Committee on Public Consultancy and Services Contracts Bill 2025,,48,https://www.aph.gov.au/Parliamentary_Business/Tabled_Documents/15833
15855,2026-04-02,,Legal and Constitutional Affairs Legislation Committee,Additional Estimates 2025-26,,48,https://www.aph.gov.au/Parliamentary_Business/Tabled_Documents/15855
15873,2026-04-02,,Economics Legislation Committee,Additional Estimates 2025-26,,48,https://www.aph.gov.au/Parliamentary_Business/Tabled_Documents/15873
15874,2026-04-02,,Rural and Regional Affairs and Transport Legislation Committee,Additional Estimates 2025–26,,48,https://www.aph.gov.au/Parliamentary_Business/Tabled_Documents/15874
15879,2026-04-02,,Environment and Communications Legislation Committee,Environment Protection Reform Bill 2025 and six related bills,,48,https://www.aph.gov.au/Parliamentary_Business/Tabled_Documents/15879
15910,2026-04-01,,Selection of Bills Committee,Report no. 5 of 2026 [1 April 2026],,48,https://www.aph.gov.au/Parliamentary_Business/Tabled_Documents/15910
15877,2026-03-31,,"Foreign Affairs, Defence and Trade References Committee",Democracy and human rights in Myanmar,,48,https://www.aph.gov.au/Parliamentary_Business/Tabled_Documents/15877
15876,2026-03-31,,Education and Employment References Committee,Quality and safety of Australia's early childhood education and care system,,48,https://www.aph.gov.au/Parliamentary_Business/Tabled_Documents/15876
15836,,2026-03-30,Standing Committee on Economics,Review of Australia’s four major banks,,48,https://www.aph.gov.au/Parliamentary_Business/Tabled_Documents/15836
15852,,2026-03-30,Standing Committee on Petitions,"Report 9: Petitions and Ministerial responses—Report, 30 March 2026",,48,https://www.aph.gov.au/Parliamentary_Business/Tabled_Documents/15852
15804,2026-03-27,,Education and Employment Legislation Committee,"Tertiary Education Legislation Amendment (There For Education, Not Profit) Bill 2025",,48,https://www.aph.gov.au/Parliamentary_Business/Tabled_Documents/15804
15729,2026-03-26,2026-03-26,Parliamentary Joint Committee on Law Enforcement,Examination of the Australian Federal Police Annual Report 2024-25,,48,https://www.aph.gov.au/Parliamentary_Business/Tabled_Documents/15729
15730,2026-03-26,2026-03-26,Parliamentary Joint Committee on Law Enforcement,Examination of the Australian Criminal Intelligence Commission Annual Report 2024-25,,48,https://www.aph.gov.au/Parliamentary_Business/Tabled_Documents/15730
15723,2026-03-26,2026-03-25,Joint Standing Committee on Treaties,"Report 231: Council of Europe Convention on the Manipulation of Sports Competitions, Agreement to Establish the Pacific Resilience Facility - Pacific Resilience and Sport Manipulation Treaties",,48,https://www.aph.gov.au/Parliamentary_Business/Tabled_Documents/15723
15774,2026-03-26,,Finance and Public Administration Legislation Committee,"Public Governance, Performance and Accountability Amendment (Ban Unethical Contractors) Bill 2025",,48,https://www.aph.gov.au/Parliamentary_Business/Tabled_Documents/15774
15741,2026-03-26,,Selection of Bills Committee,Report no. 4 of 2026 [26 March 2026],,48,https://www.aph.gov.au/Parliamentary_Business/Tabled_Documents/15741
15701,2026-03-25,,Standing Committee for the Scrutiny of Bills,Scrutiny Digest 5 of 2026,,48,https://www.aph.gov.au/Parliamentary_Business/Tabled_Documents/15701
15700,2026-03-25,,Standing Committee for the Scrutiny of Delegated Legislation,Delegated Legislation Monitor 4 of 2026,,48,https://www.aph.gov.au/Parliamentary_Business/Tabled_Documents/15700
15724,2026-03-25,,Community Affairs Legislation Committee,Social Security and Other Legislation Amendment (Technical Changes No.1) Bill 2026,,48,https://www.aph.gov.au/Parliamentary_Business/Tabled_Documents/15724
15719,,2026-03-25,,"Selection Committee Report No. 9 relating to the consideration of committee and delegation business and private Members’ business on Monday, 30 March 2026",,48,https://www.aph.gov.au/Parliamentary_Business/Tabled_Documents/15719
15687,2026-03-24,2026-03-26,Parliamentary Joint Committee on Human Rights,Human rights scrutiny report 3 of 2026 [19 March 2026],,48,https://www.aph.gov.au/Parliamentary_Business/Tabled_Documents/15687
15697,2026-03-24,,Select Committee on Information Integrity on Climate Change and Energy,The Integrity Gap: Restoring Trust in the Climate and Energy Debate,,48,https://www.aph.gov.au/Parliamentary_Business/Tabled_Documents/15697
15659,2026-03-23,,Education and Employment Legislation Committee,Coal Mining Industry (Long Service Leave) Legislation Amendment Bill 2025,,48,https://www.aph.gov.au/Parliamentary_Business/Tabled_Documents/15659
15662,,2026-03-23,Standing Committee on Petitions,"Report 8: Petitions and Ministerial responses—Report, 23 March 2026",,48,https://www.aph.gov.au/Parliamentary_Business/Tabled_Documents/15662
15637,2026-03-20,,Community Affairs Legislation Committee,National Disability Insurance Scheme Amendment (Integrity and Safeguarding) Bill 2025,,48,https://www.aph.gov.au/Parliamentary_Business/Tabled_Documents/15637
15608,2026-03-19,,Finance and Public Administration References Committee,Operation and appropriateness of the superannuation and pension schemes for current and former members of the Australian Defence Force (ADF),,48,https://www.aph.gov.au/Parliamentary_Business/Tabled_Documents/15608
15596,2026-03-18,,Finance and Public Administration Legislation Committee,"Remuneration Tribunal Amendment (There For Public Service, Not Profit) Bill 2025",,48,https://www.aph.gov.au/Parliamentary_Business/Tabled_Documents/15596
15560,2026-03-17,,Finance and Public Administration Legislation Committee,"Public Governance, Performance and Accountability Amendment (Ban Unethical Contractors) Bill 2025 [Progress report]",Progress,48,https://www.aph.gov.au/Parliamentary_Business/Tabled_Documents/15560
15584,2026-03-17,,Select Committee on the Operation of the Capital Gains Tax Discount,Report on the Operation of the Capital Gains Tax Discount,,48,https://www.aph.gov.au/Parliamentary_Business/Tabled_Documents/15584
15556,2026-03-16,,Economics Legislation Committee,Corporations Amendment (Digital Assets Framework) Bill 2025,,48,https://www.aph.gov.au/Parliamentary_Business/Tabled_Documents/15556
15506,2026-03-12,2026-03-12,Parliamentary Joint Committee on Intelligence and Security,Review of the listing of the Islamic Revolutionary Guard Corps as a state sponsor of terrorism under the Criminal Code,,48,https://www.aph.gov.au/Parliamentary_Business/Tabled_Documents/15506
15504,2026-03-12,2026-03-12,Joint Committee of Public Accounts and Audit,Report 515: Inquiry into the effectiveness of Australia's National Anti-Doping Scheme,,48,https://www.aph.gov.au/Parliamentary_Business/Tabled_Documents/15504
15487,2026-03-12,2026-03-11,Joint Standing Committee on the National Disability Insurance Scheme,Joint Standing Committee on the National Disability Insurance Scheme—Annual Report No. 1 of the 48th Parliament,,48,https://www.aph.gov.au/Parliamentary_Business/Tabled_Documents/15487
15507,2026-03-12,2026-03-12,Parliamentary Joint Committee on Intelligence and Security,Advisory Report on the Royal Commissions Legislation Amendment (Protections for Providing Information) Bill 2026,,48,https://www.aph.gov.au/Parliamentary_Business/Tabled_Documents/15507
15505,2026-03-12,,Selection of Bills Committee,Report no. 3 of 2026 [12 March 2026],,48,https://www.aph.gov.au/Parliamentary_Business/Tabled_Documents/15505
15423,2026-03-11,,Finance and Public Administration Legislation Committee,Annual reports (No. 1 of 2026),,48,https://www.aph.gov.au/Parliamentary_Business/Tabled_Documents/15423
15421,2026-03-11,,Environment and Communications Legislation Committee,Annual Reports (No. 1 of 2026),,48,https://www.aph.gov.au/Parliamentary_Business/Tabled_Documents/15421
15435,2026-03-11,,Economics Legislation Committee,Annual Reports (No. 1 of 2026),,48,https://www.aph.gov.au/Parliamentary_Business/Tabled_Documents/15435
15386,2026-03-11,,Community Affairs Legislation Committee,Annual reports (No. 1 of 2026),,48,https://www.aph.gov.au/Parliamentary_Business/Tabled_Documents/15386
15420,2026-03-11,,Environment and Communications Legislation Committee,Additional estimates 2025–26,,48,https://www.aph.gov.au/Parliamentary_Business/Tabled_Documents/15420
15439,2026-03-11,,Legal and Constitutional Affairs Legislation Committee,Annual reports (No. 1 of 2026),,48,https://www.aph.gov.au/Parliamentary_Business/Tabled_Documents/15439
15450,2026-03-11,,Standing Committee for the Scrutiny of Bills,Scrutiny Digest 4 of 2026,,48,https://www.aph.gov.au/Parliamentary_Business/Tabled_Documents/15450
15437,2026-03-11,,Rural and Regional Affairs and Transport Legislation Committee,Annual reports (No. 1 of 2026),,48,https://www.aph.gov.au/Parliamentary_Business/Tabled_Documents/15437
15438,2026-03-11,,Education and Employment Legislation Committee,Annual reports (No. 1 of 2026),,48,https://www.aph.gov.au/Parliamentary_Business/Tabled_Documents/15438
15451,2026-03-11,,Standing Committee for the Scrutiny of Delegated Legislation,Delegated Legislation Monitor 3 of 2026,,48,https://www.aph.gov.au/Parliamentary_Business/Tabled_Documents/15451
15472,2026-03-11,,"Foreign Affairs, Defence and Trade Legislation Committee",Annual Reports (No. 1 of 2026),,48,https://www.aph.gov.au/Parliamentary_Business/Tabled_Documents/15472
15486,,2026-03-11,Selection Committee,"Selection Committee Report No. 8 relating to the consideration of committee and delegation business and private Members’ business on Monday, 23 March 2026",,48,https://www.aph.gov.au/Parliamentary_Business/Tabled_Documents/15486
15384,2026-03-05,2026-03-04,Parliamentary Joint Committee on Human Rights,Human rights scrutiny report 2 of 2026 [4 March 2026],,48,https://www.aph.gov.au/Parliamentary_Business/Tabled_Documents/15384
15385,2026-03-05,,Selection of Bills Committee,Report no. 2 of 2026 [5 March 2026],,48,https://www.aph.gov.au/Parliamentary_Business/Tabled_Documents/15385
14968,2026-03-04,2026-02-10,Parliamentary Standing Committee on Public Works,Eighty Ninth Annual Report,,48,https://www.aph.gov.au/Parliamentary_Business/Tabled_Documents/14968
14998,2026-03-04,2026-02-11,Joint Committee of Public Accounts and Audit,Report 514: Inquiry into the procurement of mandated national support and advocacy services for victims of child sexual abuse,,48,https://www.aph.gov.au/Parliamentary_Business/Tabled_Documents/14998
15365,2026-03-04,,Economics Legislation Committee,Treasury Laws Amendment (Supporting Choice in Superannuation and Other Measures) Bill 2025,,48,https://www.aph.gov.au/Parliamentary_Business/Tabled_Documents/15365
15363,2026-03-04,,Standing Committee for the Scrutiny of Delegated Legislation,Delegated Legislation Monitor 2 of 2026,,48,https://www.aph.gov.au/Parliamentary_Business/Tabled_Documents/15363
14966,2026-03-04,2026-02-10,Parliamentary Standing Committee on Public Works,Report 1/2026,,48,https://www.aph.gov.au/Parliamentary_Business/Tabled_Documents/14966
15003,2026-03-04,2026-02-12,Parliamentary Joint Committee on Intelligence and Security,Annual Report of Committee Activities 2024-2025,,48,https://www.aph.gov.au/Parliamentary_Business/Tabled_Documents/15003
15370,,2026-03-04,Committee of Privileges and Members' Interests,Report concerning an application from Professor David Lindenmayer AO for the publication of a response to a reference made in the Federation Chamber,,48,https://www.aph.gov.au/Parliamentary_Business/Tabled_Documents/15370
15318,,2026-03-02,Standing Committee on Petitions,"Report 7: Petitions and Ministerial responses—Report, 2 March 2026",,48,https://www.aph.gov.au/Parliamentary_Business/Tabled_Documents/15318
15260,2026-02-27,,Education and Employment Legislation Committee,Universities Accord (Australian Tertiary Education Commission) Bill 2025 and the Universities Accord (Australian Tertiary Education Commission) (Consequential and Transitional Provisions) Bill 2025,,48,https://www.aph.gov.au/Parliamentary_Business/Tabled_Documents/15260
15235,2026-02-26,,"Foreign Affairs, Defence and Trade Legislation Committee",Defence and Veterans’ Service Commissioner Bill 2025 and Defence and Veterans’ Service Commissioner (Consequential and Transitional Provisions) Bill 2025,,48,https://www.aph.gov.au/Parliamentary_Business/Tabled_Documents/15235
15236,2026-02-26,,Community Affairs Legislation Committee,Health Legislation Amendment (Prescribing of Pharmaceutical Benefits) Bill 2025,,48,https://www.aph.gov.au/Parliamentary_Business/Tabled_Documents/15236
15237,2026-02-26,,Education and Employment Legislation Committee,Education and Employment Legislation Committee—Universities Accord (Australian Tertiary Education Commission) Bill 2025 [Provisions] and Universities Accord (Australian Tertiary Education Commission) (Consequential and Transitional Provisions) Bill 2025 [Provisions] [Progress report],,48,https://www.aph.gov.au/Parliamentary_Business/Tabled_Documents/15237
15238,2026-02-26,,Economics Legislation Committee,Treasury Laws Amendment (Genetic Testing Protections in Life Insurance and Other Measures) Bill 2025,,48,https://www.aph.gov.au/Parliamentary_Business/Tabled_Documents/15238
15204,2026-02-25,,Standing Committee for the Scrutiny of Bills,Scrutiny Digest 3 of 2026,,48,https://www.aph.gov.au/Parliamentary_Business/Tabled_Documents/15204
15061,2026-02-18,,Rural and Regional Affairs and Transport References Committee,"State of Australia's aviation sector and its ability to deliver reliable and affordable services to rural, regional and remote communities: Report on Qantas’ decision to close regional bases in Canberra, Hobart and Mildura",,48,https://www.aph.gov.au/Parliamentary_Business/Tabled_Documents/15061
15009,,2026-02-12,Committee of Privileges and Members' Interests,Report concerning the registration and declaration on Members' interests during 2025 [February 2026],,48,https://www.aph.gov.au/Parliamentary_Business/Tabled_Documents/15009
14997,,2026-02-11,Selection Committee,"Selection Committee Report No. 7 relating to the consideration of committee and delegation business and private Members’ business on Monday, 2 March 2026",,48,https://www.aph.gov.au/Parliamentary_Business/Tabled_Documents/14997
14942,,2026-02-09,Standing Committee on Petitions,"Report 6: Petitions and Ministerial responses—Report, 9 February 2026",,48,https://www.aph.gov.au/Parliamentary_Business/Tabled_Documents/14942
14923,2026-02-05,2026-02-05,Parliamentary Joint Committee on Intelligence and Security,Advisory report on the Australian Security Intelligence Organisation Amendment Bill (No. 2) 2025,,48,https://www.aph.gov.au/Parliamentary_Business/Tabled_Documents/14923
14880,2026-02-05,,Standing Committee for the Scrutiny of Bills,Scrutiny Digest 2 of 2026,,48,https://www.aph.gov.au/Parliamentary_Business/Tabled_Documents/14880
14881,2026-02-05,,Standing Committee for the Scrutiny of Delegated Legislation,Delegated Legislation Monitor 1 of 2026,,48,https://www.aph.gov.au/Parliamentary_Business/Tabled_Documents/14881
14907,2026-02-05,2026-02-04,Parliamentary Joint Committee on Human Rights,Human rights scrutiny report 1 of 2026 [4 February 2026],,48,https://www.aph.gov.au/Parliamentary_Business/Tabled_Documents/14907
14910,2026-02-05,,Selection of Bills Committee,Report no. 1 of 2026 [5 February 2026],,48,https://www.aph.gov.au/Parliamentary_Business/Tabled_Documents/14910
14904,,2026-02-04,,"Selection Committee Report No. 6 relating to the consideration of committee and delegation business and private Members’ business on Monday, 9 February 2026",,48,https://www.aph.gov.au/Parliamentary_Business/Tabled_Documents/14904
14771,,2026-02-04,"Standing Committee on Health, Aged Care and Disability",No child left behind: Report into the Thriving Kids initiative,,48,https://www.aph.gov.au/Parliamentary_Business/Tabled_Documents/14771
14861,2026-02-03,2026-02-04,Parliamentary Joint Committee on Human Rights,Human rights scrutiny report 8 of 2025 [11 December 2025],,48,https://www.aph.gov.au/Parliamentary_Business/Tabled_Documents/14861
14860,2026-02-03,,Standing Committee of Privileges,188th report - Person referred to in the Senate: Ms Andrea Selvey,,48,https://www.aph.gov.au/Parliamentary_Business/Tabled_Documents/14860
14031,2026-02-03,2025-11-26,Joint Standing Committee on Treaties,Report 230: Amendments to the International Health Regulations (2005),,48,https://www.aph.gov.au/Parliamentary_Business/Tabled_Documents/14031
14032,2026-02-03,2025-11-26,Parliamentary Joint Committee on Human Rights,Human rights scrutiny report 7 of 2025 [26 November 2025],,48,https://www.aph.gov.au/Parliamentary_Business/Tabled_Documents/14032
14745,2026-01-29,2026-02-03,"Joint Standing Committee on Foreign Affairs, Defence and Trade",Inquiry into the Department of Defence Annual Report 2023–24,,48,https://www.aph.gov.au/Parliamentary_Business/Tabled_Documents/14745
14750,2026-01-29,,Economics Legislation Committee,Corporations (Review Fees) Amendment (Technical Amendments) Bill 2025,,48,https://www.aph.gov.au/Parliamentary_Business/Tabled_Documents/14750
14664,2026-01-20,2026-01-20,Parliamentary Joint Committee on Intelligence and Security,"Review of the Exposure Draft legislation: Combatting Antisemitism, Hate and Extremism Bill 2026",,48,https://www.aph.gov.au/Parliamentary_Business/Tabled_Documents/14664
14613,2026-01-19,,Standing Committee for the Scrutiny of Bills,Scrutiny Digest 1 of 2026,,48,https://www.aph.gov.au/Parliamentary_Business/Tabled_Documents/14613
14645,2026-01-16,,Standing Committee of Senators' Interests,Report 1 of 2026 [January 2026],,48,https://www.aph.gov.au/Parliamentary_Business/Tabled_Documents/14645
14494,2025-12-19,,Legal and Constitutional Affairs Legislation Committee,Copyright Amendment Bill 2025,,48,https://www.aph.gov.au/Parliamentary_Business/Tabled_Documents/14494
14366,2025-12-11,,Education and Employment Legislation Committee,Quality of governance at Australian higher education providers – final report,,48,https://www.aph.gov.au/Parliamentary_Business/Tabled_Documents/14366
14300,2025-12-10,,Environment and Communications References Committee,Triple Zero service outage - Progress report,Progress,48,https://www.aph.gov.au/Parliamentary_Business/Tabled_Documents/14300
14332,2025-12-10,,Environment and Communications References Committee,Climate Risk Assessment,,48,https://www.aph.gov.au/Parliamentary_Business/Tabled_Documents/14332
14159,2025-12-03,2026-02-03,Parliamentary Joint Committee on Intelligence and Security,Review of Administration and Expenditure no. 23 (2023-2024): Australian intelligence agencies,,48,https://www.aph.gov.au/Parliamentary_Business/Tabled_Documents/14159
14161,2025-12-03,,Legal and Constitutional Affairs Legislation Committee,Freedom of Information Amendment Bill 2025,,48,https://www.aph.gov.au/Parliamentary_Business/Tabled_Documents/14161
14066,2025-11-28,,Standing Committee of Privileges,187th report - Person referred to in the Senate: Mr Burchell Wilson,,48,https://www.aph.gov.au/Parliamentary_Business/Tabled_Documents/14066
14030,2025-11-27,,Selection of Bills Committee,Report no. 9 of 2025 [27 November 2025],,48,https://www.aph.gov.au/Parliamentary_Business/Tabled_Documents/14030
14110,2025-11-26,2026-02-04,Joint Committee of Public Accounts and Audit,"Executive minutes on reports Nos 498, 502, 505, 506, 507, 509, 511 and 512",,48,https://www.aph.gov.au/Parliamentary_Business/Tabled_Documents/14110
14024,2025-11-26,2026-02-04,Joint Committee of Public Accounts and Audit,Report 513: Annual Report 2024–25,,48,https://www.aph.gov.au/Parliamentary_Business/Tabled_Documents/14024
14023,2025-11-26,,Environment and Communications References Committee,Internet Search Engine Services Online Safety Code and under 16 social media ban,,48,https://www.aph.gov.au/Parliamentary_Business/Tabled_Documents/14023
14005,2025-11-26,,Standing Committee for the Scrutiny of Delegated Legislation,Delegated Legislation Monitor 8 of 2025,,48,https://www.aph.gov.au/Parliamentary_Business/Tabled_Documents/14005
13579,2025-11-26,,Environment and Communications Legislation Committee,Communications Legislation Amendment (Combatting Misinformation and Disinformation) Bill 2024 [Provisions] [Additional information],,48,https://www.aph.gov.au/Parliamentary_Business/Tabled_Documents/13579
14006,2025-11-26,,Standing Committee for the Scrutiny of Bills,Scrutiny Digest 9 of 2025,,48,https://www.aph.gov.au/Parliamentary_Business/Tabled_Documents/14006
13948,2025-11-25,,Education and Employment Legislation Committee,Education Legislation Amendment (Integrity and Other Measures) Bill 2025 [Additional comments],Additional information,48,https://www.aph.gov.au/Parliamentary_Business/Tabled_Documents/13948
13677,2025-11-25,2025-11-06,Joint Standing Committee on Treaties,"Report 229: Air Service Agreements: Saudi Arabia, Colombia and Peru",,48,https://www.aph.gov.au/Parliamentary_Business/Tabled_Documents/13677
13942,2025-11-25,2025-11-24,Parliamentary Standing Committee on Public Works,Report 4/2025: Referrals made in July 2025,,48,https://www.aph.gov.au/Parliamentary_Business/Tabled_Documents/13942
13937,2025-11-24,,Education and Employment Legislation Committee,Education Legislation Amendment (Integrity and Other Measures) Bill 2025,,48,https://www.aph.gov.au/Parliamentary_Business/Tabled_Documents/13937
13955,,2025-11-24,Standing Committee on Petitions,"Report 5: Petitions and Ministerial responses—Report, 24 November 2025",,48,https://www.aph.gov.au/Parliamentary_Business/Tabled_Documents/13955
13960,,2025-11-24,Standing Committee on Procedure,Maintenance of the standing and sessional orders—Corrigendum,,48,https://www.aph.gov.au/Parliamentary_Business/Tabled_Documents/13960
13921,2025-11-21,,"Foreign Affairs, Defence and Trade Legislation Committee",Defence Amendment (Defence Honours and Awards Appeals Tribunal) Bill 2025,,48,https://www.aph.gov.au/Parliamentary_Business/Tabled_Documents/13921
13920,2025-11-21,,Economics References Committee,Micro-competition opportunities in e-conveyancing,,48,https://www.aph.gov.au/Parliamentary_Business/Tabled_Documents/13920
13849,2025-11-19,,Legal and Constitutional Affairs Legislation Committee,Commonwealth Parole Board Bill 2025 and the Commonwealth Parole Board (Consequential and Transitional Provisions) Bill 2025,,48,https://www.aph.gov.au/Parliamentary_Business/Tabled_Documents/13849
13845,2025-11-19,,Economics Legislation Committee,Treasury Laws Amendment (Strengthening Financial Systems and Other Measures) Bill 2025,,48,https://www.aph.gov.au/Parliamentary_Business/Tabled_Documents/13845
13852,2025-11-19,,Select Committee on PFAS (per and polyfluoroalkyl substances),"Inquiry into the extent, regulation and management of PFAS",,48,https://www.aph.gov.au/Parliamentary_Business/Tabled_Documents/13852
13796,2025-11-18,,Environment and Communications References Committee,Climate Risk Assessment - Progress report,Progress,48,https://www.aph.gov.au/Parliamentary_Business/Tabled_Documents/13796
13797,2025-11-18,,Standing Committee for the Scrutiny of Bills,Scrutiny Digest 8 of 2025,,48,https://www.aph.gov.au/Parliamentary_Business/Tabled_Documents/13797
13692,2025-11-11,,Environment and Communications References Committee,Algal blooms in South Australia,,48,https://www.aph.gov.au/Parliamentary_Business/Tabled_Documents/13692
13676,2025-11-06,2025-11-24,Joint Standing Committee on the National Disability Insurance Scheme,"NDIS participant experience in rural, regional and remote Australia [November 2025]",,48,https://www.aph.gov.au/Parliamentary_Business/Tabled_Documents/13676
13672,2025-11-06,,Legal and Constitutional Affairs Legislation Committee,Administrative Review Tribunal and Other Legislation Amendment Bill 2025,,48,https://www.aph.gov.au/Parliamentary_Business/Tabled_Documents/13672
13669,2025-11-06,,"Foreign Affairs, Defence and Trade References Committee",National Volunteer Incentive Scheme (Climate Army),,48,https://www.aph.gov.au/Parliamentary_Business/Tabled_Documents/13669
13653,2025-11-06,,Selection of Bills Committee,Report no. 8 of 2025 [6 November 2025],,48,https://www.aph.gov.au/Parliamentary_Business/Tabled_Documents/13653
13613,2025-11-05,,Standing Committee for the Scrutiny of Bills,Scrutiny Digest 7 of 2025,,48,https://www.aph.gov.au/Parliamentary_Business/Tabled_Documents/13613
13625,2025-11-05,,Standing Committee on Procedure,First report of 2025: Motions to take note of answers,,48,https://www.aph.gov.au/Parliamentary_Business/Tabled_Documents/13625
13655,,2025-11-05,Selection Committee,"Selection Committee Report No. 5 relating to the consideration of committee and delegation business and private Members’ business on Monday, 24 November 2025",,48,https://www.aph.gov.au/Parliamentary_Business/Tabled_Documents/13655
13612,2025-11-04,2025-11-05,Parliamentary Joint Committee on Intelligence and Security,Advisory report on the Strengthening Oversight of the National Intelligence Community Bill 2025,,48,https://www.aph.gov.au/Parliamentary_Business/Tabled_Documents/13612
13473,2025-11-04,2025-10-29,Joint Standing Committee on Treaties,Report 228: AUKUS UK Collaboration; UK and Indonesia Defence  Treaties,,48,https://www.aph.gov.au/Parliamentary_Business/Tabled_Documents/13473
13475,2025-11-04,2025-10-29,Parliamentary Joint Committee on Human Rights,Human rights scrutiny report 6 of 2025 [29 October 2025],,48,https://www.aph.gov.au/Parliamentary_Business/Tabled_Documents/13475
13513,2025-11-04,,"Foreign Affairs, Defence and Trade References Committee",Issues relating to advocacy services for veterans accessing compensation and income support,,48,https://www.aph.gov.au/Parliamentary_Business/Tabled_Documents/13513
13602,,2025-11-03,Standing Committee on Petitions,"Report 4: Petitions and Ministerial responses—Report, 3 November 2025",,48,https://www.aph.gov.au/Parliamentary_Business/Tabled_Documents/13602
13509,2025-10-30,,Selection of Bills Committee,Report no. 7 of 2025 [30 October 2025],,48,https://www.aph.gov.au/Parliamentary_Business/Tabled_Documents/13509
13471,2025-10-29,,Standing Committee for the Scrutiny of Delegated Legislation,Delegated Legislation Monitor 7 of 2025,,48,https://www.aph.gov.au/Parliamentary_Business/Tabled_Documents/13471
13470,2025-10-29,,Standing Committee for the Scrutiny of Bills,Scrutiny Digest 6 of 2025,,48,https://www.aph.gov.au/Parliamentary_Business/Tabled_Documents/13470
13478,,2025-10-29,Selection Committee,"Selection Committee Report No. 4 relating to the consideration of committee and delegation business and private Members’ business on Monday, 3 November 2025",,48,https://www.aph.gov.au/Parliamentary_Business/Tabled_Documents/13478
13400,2025-10-28,2025-10-27,Parliamentary Standing Committee on Public Works,Report 3/2025,,48,https://www.aph.gov.au/Parliamentary_Business/Tabled_Documents/13400
13171,2025-10-28,2025-10-07,Parliamentary Joint Committee on Intelligence and Security,Advisory report on the Telecommunications and Other Legislation Amendment Bill 2025,,48,https://www.aph.gov.au/Parliamentary_Business/Tabled_Documents/13171
13178,2025-10-28,2025-10-07,Parliamentary Joint Committee on Human Rights,Human rights scrutiny report 5 of 2025 [2 October 2025],,48,https://www.aph.gov.au/Parliamentary_Business/Tabled_Documents/13178
13431,2025-10-28,2025-10-28,Parliamentary Joint Committee on Intelligence and Security,Advisory Report on the Criminal Code Amendment (State Sponsors of Terrorism) Bill 2025,,48,https://www.aph.gov.au/Parliamentary_Business/Tabled_Documents/13431
13170,2025-10-27,2025-10-07,Parliamentary Joint Committee on Intelligence and Security,Review of the listing of Terrorgram as a terrorist organisation under the Criminal Code,,48,https://www.aph.gov.au/Parliamentary_Business/Tabled_Documents/13170
13410,,2025-10-27,Standing Committee on Petitions,"Report 3: Petitions and Ministerial responses—Report, 27 October 2025",,48,https://www.aph.gov.au/Parliamentary_Business/Tabled_Documents/13410
13369,2025-10-24,,Community Affairs Legislation Committee,Australian Centre for Disease Control Bill 2025 and Australian Centre for Disease Control (Consequential Amendments and Transitional Provisions) Bill 2025,,48,https://www.aph.gov.au/Parliamentary_Business/Tabled_Documents/13369
13349,2025-10-23,,Economics References Committee,Micro-competition Opportunities- Second Progress Report,,48,https://www.aph.gov.au/Parliamentary_Business/Tabled_Documents/13349
13359,2025-10-23,,Environment and Communications Legislation Committee,Environment Protection and Biodiversity Conservation Amendment (Board of Management Functions) Bill 2025,,48,https://www.aph.gov.au/Parliamentary_Business/Tabled_Documents/13359
13332,2025-10-21,,Community Affairs Legislation Committee,Social Security and Other Legislation Amendment (Technical Changes No. 2) Bill 2025,,48,https://www.aph.gov.au/Parliamentary_Business/Tabled_Documents/13332
13288,2025-10-21,,"Appropriations, Staffing and Security standing committee",69th report - Drafting services for non-government senators,,48,https://www.aph.gov.au/Parliamentary_Business/Tabled_Documents/13288
13193,,2025-10-08,,"Selection Committee Report No. 3 relating to the consideration of committee and delegation business and private Members’ business on Monday, 27 October 2025",,48,https://www.aph.gov.au/Parliamentary_Business/Tabled_Documents/13193
13032,2025-10-01,,Community Affairs References Committee,Aged care service delivery,,48,https://www.aph.gov.au/Parliamentary_Business/Tabled_Documents/13032
12757,2025-09-24,,Economics References Committee,Micro-competition opportunities [Progress report],Progress,48,https://www.aph.gov.au/Parliamentary_Business/Tabled_Documents/12757
12649,2025-09-19,,Education and Employment Legislation Committee,Quality of governance at Australian higher education providers [Interim report],Interim,48,https://www.aph.gov.au/Parliamentary_Business/Tabled_Documents/12649
12515,2025-09-11,,Community Affairs References Committee,Aged care service delivery [Progress report],Progress,48,https://www.aph.gov.au/Parliamentary_Business/Tabled_Documents/12515
12545,2025-09-11,,Environment and Communications References Committee,Internet Search Engine Services Online Safety Code and under 16 social media  ban [Progress report],,48,https://www.aph.gov.au/Parliamentary_Business/Tabled_Documents/12545
12419,2025-09-04,,Standing Committee for the Scrutiny of Delegated Legislation,Delegated Legislation Monitor 6 of 2025,,48,https://www.aph.gov.au/Parliamentary_Business/Tabled_Documents/12419
12409,2025-09-04,2025-09-03,Joint Standing Committee on Treaties,Report 227: Nauru-Australia Treaty; Radio Regulations WRC-23,,48,https://www.aph.gov.au/Parliamentary_Business/Tabled_Documents/12409
12415,2025-09-04,,Standing Committee for the Scrutiny of Bills,Scrutiny Digest 5 of 2025,,48,https://www.aph.gov.au/Parliamentary_Business/Tabled_Documents/12415
12422,2025-09-04,,Selection of Bills Committee,Report no. 6 of 2025 [4 September 2025],,48,https://www.aph.gov.au/Parliamentary_Business/Tabled_Documents/12422
12373,,2025-09-01,Standing Committee on Petitions,"Report 2: Petitions and Ministerial responses—Report, 1 September 2025",,48,https://www.aph.gov.au/Parliamentary_Business/Tabled_Documents/12373
12340,2025-08-29,,Legal and Constitutional Affairs Legislation Committee,Whistleblower Protection Authority Bill 2025,,48,https://www.aph.gov.au/Parliamentary_Business/Tabled_Documents/12340
12344,2025-08-29,,"Foreign Affairs, Defence and Trade Legislation Committee","Review of Schedule 9 of the Veterans’ Entitlements, Treatment and Support (Simplification and Harmonisation) Act 2025",,48,https://www.aph.gov.au/Parliamentary_Business/Tabled_Documents/12344
12308,2025-08-28,2025-08-27,Parliamentary Joint Committee on Human Rights,Human rights scrutiny report 4 of 2025 [27 August 2025],,48,https://www.aph.gov.au/Parliamentary_Business/Tabled_Documents/12308
12309,2025-08-28,2025-08-28,Parliamentary Joint Committee on Intelligence and Security,Australian Security Intelligence Organisation Amendment Bill (No. 1) 2025,,48,https://www.aph.gov.au/Parliamentary_Business/Tabled_Documents/12309
12319,2025-08-28,,Standing Committee for the Scrutiny of Bills,Report no. 5 of 2025 [28 August 2025],,48,https://www.aph.gov.au/Parliamentary_Business/Tabled_Documents/12319
12282,2025-08-27,,Standing Committee for the Scrutiny of Bills,Scrutiny Digest 4 of 2025,,48,https://www.aph.gov.au/Parliamentary_Business/Tabled_Documents/12282
12289,2025-08-27,,Environment and Communications Legislation Committee,Annual Reports (No. 2 of 2025),,48,https://www.aph.gov.au/Parliamentary_Business/Tabled_Documents/12289
12287,2025-08-27,,"Foreign Affairs, Defence and Trade Legislation Committee",Annual reports (No. 2 of 2025),,48,https://www.aph.gov.au/Parliamentary_Business/Tabled_Documents/12287
12296,2025-08-27,,Finance and Public Administration Legislation Committee,Annual reports (No. 2 of 2025),,48,https://www.aph.gov.au/Parliamentary_Business/Tabled_Documents/12296
12222,2025-08-27,,Community Affairs Legislation Committee,Annual reports (No. 2 of 2025),,48,https://www.aph.gov.au/Parliamentary_Business/Tabled_Documents/12222
12276,2025-08-27,,Education and Employment Legislation Committee,Annual reports (No. 2 of 2025),,48,https://www.aph.gov.au/Parliamentary_Business/Tabled_Documents/12276
12283,2025-08-27,,Standing Committee for the Scrutiny of Delegated Legislation,Delegated Legislation Monitor 5 of 2025,,48,https://www.aph.gov.au/Parliamentary_Business/Tabled_Documents/12283
12304,,2025-08-27,,"Selection Committee Report No. 2 relating to the consideration of committee and delegation business and private Members’ business on Monday, 1 September 2025",,48,https://www.aph.gov.au/Parliamentary_Business/Tabled_Documents/12304
12245,2025-08-26,,Economics References Committee,Reference not disposed of at the end of the 47th parliament - Inquiry into micro-competition opportunities and Inquiry into wealth management companies,,48,https://www.aph.gov.au/Parliamentary_Business/Tabled_Documents/12245
12246,2025-08-26,,"Foreign Affairs, Defence and Trade References Committee",References not disposed of at the end of the 47th parliament - Inquiry into wealth management companies and Inquiry into compensation and income support for veterans,,48,https://www.aph.gov.au/Parliamentary_Business/Tabled_Documents/12246
12238,,2025-08-25,Standing Committee on Petitions,"Report 1: Petitions and Ministerial responses—Report, 25 August 2025",,48,https://www.aph.gov.au/Parliamentary_Business/Tabled_Documents/12238
12194,2025-08-22,,Education and Employment Legislation Committee,Fair Work Amendment (Protecting Penalty and Overtime Rates) Bill 2025,,48,https://www.aph.gov.au/Parliamentary_Business/Tabled_Documents/12194
12153,2025-08-21,,Economics Legislation Committee,Competition and Consumer Amendment (Australian Energy Regulator Separation) Bill 2025,,48,https://www.aph.gov.au/Parliamentary_Business/Tabled_Documents/12153
12155,2025-08-21,,Economics Legislation Committee,Annual reports (No. 2 of 2025),,48,https://www.aph.gov.au/Parliamentary_Business/Tabled_Documents/12155
12163,2025-08-21,,Community Affairs Legislation Committee,Aged Care (Accommodation Payment Security) Levy Amendment Bill 2025 and Aged Care and Other Legislation Amendment Bill 2025,,48,https://www.aph.gov.au/Parliamentary_Business/Tabled_Documents/12163
12118,2025-08-21,,Legal and Constitutional Affairs Legislation Committee,Annual reports (No. 2 of 2025),,48,https://www.aph.gov.au/Parliamentary_Business/Tabled_Documents/12118
12154,2025-08-21,,Economics Legislation Committee,Pacific Banking Guarantee Bill 2025,,48,https://www.aph.gov.au/Parliamentary_Business/Tabled_Documents/12154
12160,2025-08-21,,Education and Employment Legislation Committee,Fair Work Amendment (Protecting Penalty and Overtime Rates) Bill 2025 [Progress report],Progress,48,https://www.aph.gov.au/Parliamentary_Business/Tabled_Documents/12160
12032,2025-08-15,,Legal and Constitutional Affairs Legislation Committee,Annual reports (No. 1 of 2025) [Corrigendum],Corrigendum,48,https://www.aph.gov.au/Parliamentary_Business/Tabled_Documents/12032
11699,2025-07-31,,Rural and Regional Affairs and Transport Legislation Committee,Annual reports (No. 2 of 2025),,48,https://www.aph.gov.au/Parliamentary_Business/Tabled_Documents/11699
11712,2025-07-31,,Standing Committee of Privileges,186th report - Person referred to in the Senate: Mr Lesley Turner,,48,https://www.aph.gov.au/Parliamentary_Business/Tabled_Documents/11712
11691,2025-07-31,,Education and Employment Legislation Committee,Reference not disposed of at the end of the 47th parliament - Inquiry into the quality of governance at Australian higher education providers,,48,https://www.aph.gov.au/Parliamentary_Business/Tabled_Documents/11691
11687,2025-07-31,,Standing Committee for the Scrutiny of Delegated Legislation,Delegated Legislation Monitor 4 of 2025,,48,https://www.aph.gov.au/Parliamentary_Business/Tabled_Documents/11687
11694,2025-07-31,,Selection of Bills Committee,Report no. 4 of 2025 [31 July 2025],,48,https://www.aph.gov.au/Parliamentary_Business/Tabled_Documents/11694
11725,,2025-07-31,,"Selection Committee Report No. 1 relating to the consideration of committee and delegation business and private Members’ business on Monday, 25 August 2025 [Revised]",,48,https://www.aph.gov.au/Parliamentary_Business/Tabled_Documents/11725
11692,,2025-07-30,Selection Committee,"Selection Committee Report No. 1 relating to the consideration of committee and delegation business and private Members’ business on Monday, 25 August 2025",,48,https://www.aph.gov.au/Parliamentary_Business/Tabled_Documents/11692
11629,2025-07-24,,Selection of Bills Committee,Report no. 3 of 2025 [24 July 2025],,48,https://www.aph.gov.au/Parliamentary_Business/Tabled_Documents/11629
11106,2025-06-30,,Economics References Committee,"Improving consumer experiences, choice, and outcomes in Australia’s retirement system - Final report - challenges in obtaining evidence from certain witnesses",,47,https://www.aph.gov.au/Parliamentary_Business/Tabled_Documents/11106
10948,2025-06-19,,"Foreign Affairs, Defence and Trade References Committee",Defence honours and awards system,,47,https://www.aph.gov.au/Parliamentary_Business/Tabled_Documents/10948
10854,2025-06-12,,"Foreign Affairs, Defence and Trade References Committee",Second progress report Defence honours and awards system,,47,https://www.aph.gov.au/Parliamentary_Business/Tabled_Documents/10854
10805,2025-06-05,,Environment and Communications References Committee,Offshore wind industry consultation process,,47,https://www.aph.gov.au/Parliamentary_Business/Tabled_Documents/10805
10735,2025-06-03,,Legal and Constitutional Affairs References Committee,Australia’s youth justice and incarceration system,,47,https://www.aph.gov.au/Parliamentary_Business/Tabled_Documents/10735
10664,2025-05-29,,Economics References Committee,‘Big box’ retailer price setting,,47,https://www.aph.gov.au/Parliamentary_Business/Tabled_Documents/10664
10620,2025-05-27,,Legal and Constitutional Affairs Legislation Committee,Budget Estimates 2025-26,,47,https://www.aph.gov.au/Parliamentary_Business/Tabled_Documents/10620
10628,2025-05-27,,Economics Legislation Committee,Budget Estimates 2025-26,,47,https://www.aph.gov.au/Parliamentary_Business/Tabled_Documents/10628
10629,2025-05-27,,Economics Legislation Committee,Annual Reports (No. 1 of 2025),,47,https://www.aph.gov.au/Parliamentary_Business/Tabled_Documents/10629
10621,2025-05-27,,Environment and Communications Legislation Committee,Budget Estimates 2025-26,,47,https://www.aph.gov.au/Parliamentary_Business/Tabled_Documents/10621
10443,2025-05-19,,"Foreign Affairs, Defence and Trade Legislation Committee",Budget Estimates 2025–26,,47,https://www.aph.gov.au/Parliamentary_Business/Tabled_Documents/10443
10408,2025-05-15,,Community Affairs Legislation Committee,Budget Estimates 2025–26,,47,https://www.aph.gov.au/Parliamentary_Business/Tabled_Documents/10408
10409,2025-05-15,,"Standing Committee on Appropriations, Staffing and Security",Drafting and other services for non-government senators [Progress report],,47,https://www.aph.gov.au/Parliamentary_Business/Tabled_Documents/10409
10278,2025-04-28,,Environment and Communications Legislation Committee,Protecting the Spirit of Sea Country Bill 2023,,47,https://www.aph.gov.au/Parliamentary_Business/Tabled_Documents/10278
10274,2025-04-24,,Environment and Communications References Committee,No time to waste: Waste reduction and recycling policies,,47,https://www.aph.gov.au/Parliamentary_Business/Tabled_Documents/10274
10275,2025-04-24,,Environment and Communications References Committee,Offshore wind industry consultation process [Progress report],,47,https://www.aph.gov.au/Parliamentary_Business/Tabled_Documents/10275
10262,2025-04-17,,Finance and Public Administration Legislation Committee,Budget Estimates 2025–26,,47,https://www.aph.gov.au/Parliamentary_Business/Tabled_Documents/10262
10249,2025-04-17,,Rural and Regional Affairs and Transport References Committee,"Australia’s preparedness to host Commonwealth, Olympic and Paralympic Games",,47,https://www.aph.gov.au/Parliamentary_Business/Tabled_Documents/10249
10248,2025-04-17,,"Foreign Affairs, Defence and Trade References Committee",Defence honours and awards system [Progress report],Progress,47,https://www.aph.gov.au/Parliamentary_Business/Tabled_Documents/10248
10250,2025-04-17,,Rural and Regional Affairs and Transport Legislation Committee,Budget estimates 2025-26,,47,https://www.aph.gov.au/Parliamentary_Business/Tabled_Documents/10250
10237,2025-04-14,,Education and Employment Legislation Committee,Budget Estimates 2025-26,,47,https://www.aph.gov.au/Parliamentary_Business/Tabled_Documents/10237
10239,2025-04-14,,Education and Employment Legislation Committee,"Tertiary Education Legislation Amendment (There For Education, Not Profit) Bill 2025",Interim,47,https://www.aph.gov.au/Parliamentary_Business/Tabled_Documents/10239
10236,2025-04-14,,Select Committee on Measuring Outcomes for First Nations Communities,Select Committee on Measuring Outcomes for First Nations Communities,Interim,47,https://www.aph.gov.au/Parliamentary_Business/Tabled_Documents/10236
10238,2025-04-14,,Education and Employment Legislation Committee,Quality of governance at Australian higher education providers,Interim,47,https://www.aph.gov.au/Parliamentary_Business/Tabled_Documents/10238
10234,2025-04-14,,Environment and Communications References Committee,Waste reduction and recycling policies [Progress Report],Progress,47,https://www.aph.gov.au/Parliamentary_Business/Tabled_Documents/10234
10235,2025-04-14,,Education and Employment Legislation Committee,Early Childhood Education and Care (Three Day Guarantee) Bill 2025 [Provisions] [Additional information],Additional information,47,https://www.aph.gov.au/Parliamentary_Business/Tabled_Documents/10235
10212,2025-04-03,,Community Affairs Legislation Committee,Health Legislation Amendment (Improved Medicare Integrity and Other Measures) Bill 2025 [Provisions],,47,https://www.aph.gov.au/Parliamentary_Business/Tabled_Documents/10212
10182,2025-03-31,,Standing Committee on Procedure,Standing order changes relating to the Set the standard report and motions to take note of answers [Progress report],Progress,47,https://www.aph.gov.au/Parliamentary_Business/Tabled_Documents/10182
10183,2025-03-31,,Economics References Committee,Residential electrification,,47,https://www.aph.gov.au/Parliamentary_Business/Tabled_Documents/10183
10144,2025-03-28,,Environment and Communications Legislation Committee,Annual Reports (No. 1 of 2025),,47,https://www.aph.gov.au/Parliamentary_Business/Tabled_Documents/10144
10140,2025-03-27,2025-10-08,Parliamentary Joint Committee on the National Anti-Corruption Commission,Examination of the Inspector of the National Anti-Corruption Commission annual report 2023-24,,47,https://www.aph.gov.au/Parliamentary_Business/Tabled_Documents/10140
10141,2025-03-27,2025-10-08,Parliamentary Joint Committee on the National Anti-Corruption Commission,Examination of the National Anti-Corruption Commission annual report 2023-24,,47,https://www.aph.gov.au/Parliamentary_Business/Tabled_Documents/10141
10142,2025-03-27,2025-08-26,Parliamentary Joint Committee on Law Enforcement,Examination of the Australian Criminal Intelligence Commission annual report 2023-24,,47,https://www.aph.gov.au/Parliamentary_Business/Tabled_Documents/10142
10143,2025-03-27,2025-08-26,Parliamentary Joint Committee on Law Enforcement,Examination of the Australian Federal Police annual report 2023-24,,47,https://www.aph.gov.au/Parliamentary_Business/Tabled_Documents/10143
10074,2025-03-27,2025-03-26,Joint Select Committee on Northern Australia,Final Report on the Cyclone Reinsurance Pool,,47,https://www.aph.gov.au/Parliamentary_Business/Tabled_Documents/10074
10095,2025-03-27,,Standing Committee for the Scrutiny of Delegated Legislation,Delegated Legislation Monitor 3 of 2025,,47,https://www.aph.gov.au/Parliamentary_Business/Tabled_Documents/10095
10124,2025-03-27,2025-03-26,Parliamentary Joint Committee on Human Rights,Human rights scrutiny report 3 of 2025 [26 March 2025],,47,https://www.aph.gov.au/Parliamentary_Business/Tabled_Documents/10124
10094,2025-03-27,,"Standing Committee on Appropriations, Staffing and Security",68th report - Estimates for the Department of the Senate 2025-26,,47,https://www.aph.gov.au/Parliamentary_Business/Tabled_Documents/10094
10096,2025-03-27,,Standing Committee for the Scrutiny of Bills,Scrutiny Digest 3 of 2025,,47,https://www.aph.gov.au/Parliamentary_Business/Tabled_Documents/10096
10121,2025-03-27,,Community Affairs References Committee,Access to diagnosis and treatment for people in Australia with tick-borne diseases,,47,https://www.aph.gov.au/Parliamentary_Business/Tabled_Documents/10121
10117,2025-03-27,,Finance and Public Administration Legislation Committee,Annual reports (No. 1 of 2025),,47,https://www.aph.gov.au/Parliamentary_Business/Tabled_Documents/10117
10123,2025-03-27,2025-03-26,Parliamentary Joint Committee on Human Rights,Annual report 2024,,47,https://www.aph.gov.au/Parliamentary_Business/Tabled_Documents/10123
10122,2025-03-27,,Standing Committee for the Scrutiny of Delegated Legislation,Annual report 2024,,47,https://www.aph.gov.au/Parliamentary_Business/Tabled_Documents/10122
10125,2025-03-27,2025-03-26,Joint Committee of Public Accounts and Audit,Report 512: Administration of Commonwealth regulations,,47,https://www.aph.gov.au/Parliamentary_Business/Tabled_Documents/10125
10151,,2025-03-27,Standing Committee on Petitions,"Report 38: Petitions and Ministerial responses—Report, 27 March 2025",,47,https://www.aph.gov.au/Parliamentary_Business/Tabled_Documents/10151
10139,,2025-03-27,Standing Committee on Economics,"Review of the Australian Competition and Consumer Commission Annual Reports 2021, 2022 and 2023",,47,https://www.aph.gov.au/Parliamentary_Business/Tabled_Documents/10139
10150,,2025-03-27,Committee of Privileges and Members' Interests,Report concerning the registration and declaration on Members' interests during 2024 [March 2025],,47,https://www.aph.gov.au/Parliamentary_Business/Tabled_Documents/10150
9544,,2025-03-27,Standing Committee on Economics,Review of Australia's four major banks 2023-2024,,47,https://www.aph.gov.au/Parliamentary_Business/Tabled_Documents/9544
10152,,2025-03-27,Standing Committee on Communications and the Arts,Am I ever gonna see you live again? Yes way! You bet!  Oh yeah!,,47,https://www.aph.gov.au/Parliamentary_Business/Tabled_Documents/10152
9520,,2025-03-27,"House Standing Committee on Industry, Science and Resources",Food for Thought,,47,https://www.aph.gov.au/Parliamentary_Business/Tabled_Documents/9520
10153,,2025-03-27,"Standing Committee on Regional Development, Infrastructure and Transport",Interim report into local government sustainability,,47,https://www.aph.gov.au/Parliamentary_Business/Tabled_Documents/10153
10138,,2025-03-27,Standing Committee on Economics,"Review of the Australian Securities and Investments Commission Annual Reports 2021, 2022 and 2023",,47,https://www.aph.gov.au/Parliamentary_Business/Tabled_Documents/10138
10149,,2025-03-27,Standing Committee on Appropriations and Administration,"Appropriations and Administration Report No. 32: Budget estimates 2025-26-Report, March 2025",,47,https://www.aph.gov.au/Parliamentary_Business/Tabled_Documents/10149
9750,,2025-03-27,"Standing Committee on Health, Aged Care and Sport",Issues paper relating to the health impacts of alcohol and other drugs in Australia,,47,https://www.aph.gov.au/Parliamentary_Business/Tabled_Documents/9750
10116,,2025-03-26,Selection Committee,"Selection Committee Report No. 35 relating to the consideration of committee and delegation business and private Members’ business on Monday, 7 April 2025",,47,https://www.aph.gov.au/Parliamentary_Business/Tabled_Documents/10116
9579,,2025-03-26,Select Committee on Nuclear Energy,Interim report for the inquiry into nuclear power generation in Australia,,47,https://www.aph.gov.au/Parliamentary_Business/Tabled_Documents/9579
9758,2025-03-25,2025-03-27,Parliamentary Joint Committee on Intelligence and Security,Advisory report on the Transport Security Amendment (Security of Australia's Transport Sector) Bill 2024,,47,https://www.aph.gov.au/Parliamentary_Business/Tabled_Documents/9758
9998,2025-03-25,2025-03-27,Joint Standing Committee on Treaties,Report 226: Australia-Portugal Tax Treaty,,47,https://www.aph.gov.au/Parliamentary_Business/Tabled_Documents/9998
9749,2025-03-25,2025-03-26,"Joint Standing Committee on Foreign Affairs, Defence and Trade",Australia’s thematic sanctions framework: A legislated review of the operation of the Autonomous Sanctions Amendment (Magnitsky-style and other Thematic Sanctions) Act 2021,,47,https://www.aph.gov.au/Parliamentary_Business/Tabled_Documents/9749
9992,2025-03-25,2025-03-26,Parliamentary Standing Committee on Public Works,Department of Defence — Facilities to Support LAND  8113 Phase 1 Long Range Fires and other works,,47,https://www.aph.gov.au/Parliamentary_Business/Tabled_Documents/9992
9997,2025-03-25,2025-03-26,Joint Committee of Public Accounts and Audit,Report 511: Inquiry into the contract management frameworks operated by Commonwealth entities,,47,https://www.aph.gov.au/Parliamentary_Business/Tabled_Documents/9997
9995,2025-03-25,2025-03-26,Joint Committee of Public Accounts and Audit,Report 509: Inquiry into public sector information technology procurement and projects,,47,https://www.aph.gov.au/Parliamentary_Business/Tabled_Documents/9995
9982,2025-03-25,2025-03-26,Parliamentary Standing Committee on Public Works,"Department of Climate Change, Energy, the Environment and Water — Davis Station Critical Infrastructure Works and other works",,47,https://www.aph.gov.au/Parliamentary_Business/Tabled_Documents/9982
9996,2025-03-25,2025-03-26,Joint Committee of Public Accounts and Audit,Report 510: Inquiry into the use and governance of artificial intelligence systems by public sector entities - 'Proceed with Caution',,47,https://www.aph.gov.au/Parliamentary_Business/Tabled_Documents/9996
10071,2025-03-25,2025-03-26,Parliamentary Joint Committee on Human Rights,Human rights scrutiny report 2 of 2025 [3 March 2025],,47,https://www.aph.gov.au/Parliamentary_Business/Tabled_Documents/10071
10061,2025-03-25,,"Foreign Affairs, Defence and Trade Legislation Committee",Annual reports (No. 1 of 2025),,47,https://www.aph.gov.au/Parliamentary_Business/Tabled_Documents/10061
10063,2025-03-25,,Rural and Regional Affairs and Transport Legislation Committee,Annual reports (No. 1 of 2025),,47,https://www.aph.gov.au/Parliamentary_Business/Tabled_Documents/10063
10056,2025-03-25,,Education and Employment Legislation Committee,Annual reports (No. 1 of 2025),,47,https://www.aph.gov.au/Parliamentary_Business/Tabled_Documents/10056
10065,2025-03-25,,Rural and Regional Affairs and Transport Legislation Committee,Additional estimates 2024–25,,47,https://www.aph.gov.au/Parliamentary_Business/Tabled_Documents/10065
10058,2025-03-25,,Environment and Communications Legislation Committee,Additional Estimates 2024-25,,47,https://www.aph.gov.au/Parliamentary_Business/Tabled_Documents/10058
10055,2025-03-25,,Education and Employment Legislation Committee,Additional Estimates 2024-25,,47,https://www.aph.gov.au/Parliamentary_Business/Tabled_Documents/10055
10062,2025-03-25,,"Foreign Affairs, Defence and Trade Legislation Committee",Additional Estimates 2024–25,,47,https://www.aph.gov.au/Parliamentary_Business/Tabled_Documents/10062
10057,2025-03-25,,Economics Legislation Committee,Additional Estimates 2024-25,,47,https://www.aph.gov.au/Parliamentary_Business/Tabled_Documents/10057
10053,2025-03-25,,Finance and Public Administration Legislation Committee,Additional Estimates 2024–25,,47,https://www.aph.gov.au/Parliamentary_Business/Tabled_Documents/10053
9987,2025-03-24,,Legal and Constitutional Affairs Legislation Committee,Annual reports (No. 1 of 2025),,47,https://www.aph.gov.au/Parliamentary_Business/Tabled_Documents/9987
9986,2025-03-24,,Legal and Constitutional Affairs Legislation Committee,Additional Estimates 2024-25,,47,https://www.aph.gov.au/Parliamentary_Business/Tabled_Documents/9986
9991,2025-03-24,,Rural and Regional Affairs and Transport Legislation Committee,Airline Passenger Protections (Pay on Delay) Bill 2024,,47,https://www.aph.gov.au/Parliamentary_Business/Tabled_Documents/9991
9926,2025-03-21,,Legal and Constitutional Affairs Legislation Committee,AusCheck Amendment (Global Entry Program) Bill 2025 [Provisions],,47,https://www.aph.gov.au/Parliamentary_Business/Tabled_Documents/9926
9811,2025-03-14,,Education and Employment Legislation Committee,Early Childhood Education and Care (Three Day Guarantee) Bill 2025 [Provisions],,47,https://www.aph.gov.au/Parliamentary_Business/Tabled_Documents/9811
9813,2025-03-14,,Legal and Constitutional Affairs Legislation Committee,Commonwealth Workplace Protection Orders Bill 2024 [Provisions],,47,https://www.aph.gov.au/Parliamentary_Business/Tabled_Documents/9813
9827,2025-03-14,,Environment and Communications References Committee,Waste Reduction and Recycling Policies [Progress report],Progress,47,https://www.aph.gov.au/Parliamentary_Business/Tabled_Documents/9827
9812,2025-03-14,,Community Affairs Legislation Committee,Additional Estimates 2024-25,,47,https://www.aph.gov.au/Parliamentary_Business/Tabled_Documents/9812
9828,2025-03-14,,Select Committee on PFAS (per and polyfluoroalkyl substances),Select Committee on PFAS (per and polyfluoroalkyl substances) [Interim report],Interim,47,https://www.aph.gov.au/Parliamentary_Business/Tabled_Documents/9828
9715,2025-03-05,,Environment and Communications References Committee,Offshore wind industry consultation process [Progress report],Progress,47,https://www.aph.gov.au/Parliamentary_Business/Tabled_Documents/9715
9629,2025-02-28,2025-03-26,Joint Standing Committee on Trade and Investment Growth,Final report: Inquiry into the understanding and utilisation of benefits under free trade agreements,,47,https://www.aph.gov.au/Parliamentary_Business/Tabled_Documents/9629
9621,2025-02-28,,"Standing Committee on Appropriations, Staffing and Security",Drafting and other services for non-government senators [Progress report],,47,https://www.aph.gov.au/Parliamentary_Business/Tabled_Documents/9621
9630,2025-02-28,,Legal and Constitutional Affairs References Committee,Australia’s youth justice and incarceration system [Interim report],Interim,47,https://www.aph.gov.au/Parliamentary_Business/Tabled_Documents/9630
9625,2025-02-28,,Environment and Communications References Committee,Waste reduction and recycling policies [Progress Report],Progress,47,https://www.aph.gov.au/Parliamentary_Business/Tabled_Documents/9625
9626,2025-02-28,,Rural and Regional Affairs and Transport References Committee,Australian winegrape purchases code of conduct,,47,https://www.aph.gov.au/Parliamentary_Business/Tabled_Documents/9626
9618,2025-02-27,,Education and Employment Legislation Committee,Free TAFE Bill 2024 [Provisions],,47,https://www.aph.gov.au/Parliamentary_Business/Tabled_Documents/9618
9585,2025-02-26,,Rural and Regional Affairs and Transport References Committee,Shutdown of the 3G mobile network,,47,https://www.aph.gov.au/Parliamentary_Business/Tabled_Documents/9585
9519,2025-02-21,,Community Affairs Legislation Committee,Annual reports (No. 1 of 2025),,47,https://www.aph.gov.au/Parliamentary_Business/Tabled_Documents/9519
9363,2025-02-13,,Standing Committee for the Scrutiny of Bills,Annual report 2024,,47,https://www.aph.gov.au/Parliamentary_Business/Tabled_Documents/9363
9362,2025-02-13,,Standing Committee for the Scrutiny of Delegated Legislation,Delegated Legislation Monitor 2 of 2025,,47,https://www.aph.gov.au/Parliamentary_Business/Tabled_Documents/9362
9380,2025-02-13,2025-02-12,Joint Standing Committee on Treaties,Report 225: Australia-UAE CEPA; Australia-UAE Investment Agreement,,47,https://www.aph.gov.au/Parliamentary_Business/Tabled_Documents/9380
9361,2025-02-13,,Standing Committee for the Scrutiny of Bills,Scrutiny Digest 2 of 2025,,47,https://www.aph.gov.au/Parliamentary_Business/Tabled_Documents/9361
9425,2025-02-13,2025-02-13,Parliamentary Joint Committee on Corporations and Financial Services,Wholesale investor and wholesale client tests,,47,https://www.aph.gov.au/Parliamentary_Business/Tabled_Documents/9425
9396,2025-02-13,2025-02-12,Parliamentary Joint Committee on Human Rights,Inquiry into antisemitism at Australian universities,,47,https://www.aph.gov.au/Parliamentary_Business/Tabled_Documents/9396
9401,2025-02-13,,Standing Committee of Privileges,185th report - Person referred to in the Senate – Ms Baylee Neha,,47,https://www.aph.gov.au/Parliamentary_Business/Tabled_Documents/9401
9409,2025-02-13,,Economics References Committee,"Improving consumer experiences, choice, and outcomes in Australia’s retirement system - superannuation fund governance arrangements—Third interim report",Interim,47,https://www.aph.gov.au/Parliamentary_Business/Tabled_Documents/9409
9403,2025-02-13,,Selection of Bills Committee,Report no. 2 of 2025 [13 February 2025],,47,https://www.aph.gov.au/Parliamentary_Business/Tabled_Documents/9403
9408,,2025-02-13,Standing Committee on Social Policy and Legal Affairs,Inquiry into family violence orders,,47,https://www.aph.gov.au/Parliamentary_Business/Tabled_Documents/9408
9306,2025-02-11,2025-02-11,Parliamentary Standing Committee on Public Works,Eighty Eighth Annual Report (2024),,47,https://www.aph.gov.au/Parliamentary_Business/Tabled_Documents/9306
9289,2025-02-11,2025-02-11,Parliamentary Standing Committee on Public Works,"Department of Infrastructure, Transport, Regional Development, Communications and the Arts – Command Centre and Canine Facility at Western Sydney International (Nancy-Bird Walton) Airport and other works [9th report of 2024] [Corrigendum]",Corrigendum,47,https://www.aph.gov.au/Parliamentary_Business/Tabled_Documents/9289
9293,2025-02-11,2025-02-10,Joint Standing Committee on the National Capital and External Territories,Australia's Antarctic Territory: Inquiry into the Importance of Antarctica to Australia's National Interests,,47,https://www.aph.gov.au/Parliamentary_Business/Tabled_Documents/9293
9334,2025-02-11,,Rural and Regional Affairs and Transport Legislation Committee,National Organic Standard Bill 2024,,47,https://www.aph.gov.au/Parliamentary_Business/Tabled_Documents/9334
9336,2025-02-11,,"Foreign Affairs, Defence and Trade References Committee",Australia’s sanctions regime,,47,https://www.aph.gov.au/Parliamentary_Business/Tabled_Documents/9336
9349,,2025-02-11,"Standing Committee on Employment, Education and Training",The future of work: Inquiry into the digital transformation of workplaces,,47,https://www.aph.gov.au/Parliamentary_Business/Tabled_Documents/9349
9291,,2025-02-10,Standing Committee on Petitions,"Report 37: Petitions and Ministerial responses—Report, 10 February 2025",,47,https://www.aph.gov.au/Parliamentary_Business/Tabled_Documents/9291
9253,2025-02-06,,Environment and Communications Legislation Committee,National Broadband Network Companies Amendment (Commitment to Public Ownership) Bill 2024 [Provisions],,47,https://www.aph.gov.au/Parliamentary_Business/Tabled_Documents/9253
9247,2025-02-06,2025-02-05,Parliamentary Joint Committee on Human Rights,Human rights scrutiny report 1of 2025 [5 February 2025],,47,https://www.aph.gov.au/Parliamentary_Business/Tabled_Documents/9247
9256,2025-02-06,,Selection of Bills Committee,Report no. 1 of 2025 [6 February 2025],,47,https://www.aph.gov.au/Parliamentary_Business/Tabled_Documents/9256
9270,,2025-02-06,Standing Committee on Appropriations and Administration,"Appropriations and Administration Report No. 31: Additional estimates 2024-25-Report, February 2025",,47,https://www.aph.gov.au/Parliamentary_Business/Tabled_Documents/9270
9246,2025-02-05,2025-02-06,Joint Standing Committee on Electoral Matters,From Classroom to Community: Civics education and political participation in Australia,,47,https://www.aph.gov.au/Parliamentary_Business/Tabled_Documents/9246
9224,2025-02-05,,Standing Committee for the Scrutiny of Bills,Scrutiny Digest 1 of 2025,,47,https://www.aph.gov.au/Parliamentary_Business/Tabled_Documents/9224
9225,2025-02-05,,Standing Committee for the Scrutiny of Delegated Legislation,Delegated Legislation Monitor 1 of 2025,,47,https://www.aph.gov.au/Parliamentary_Business/Tabled_Documents/9225
9252,,2025-02-05,Selection Committee,"Selection Committee Report No. 34 relating to the consideration of committee and delegation business and private Members’ business on Monday, 10 February 2025",,47,https://www.aph.gov.au/Parliamentary_Business/Tabled_Documents/9252
9192,2025-02-04,2025-02-05,Parliamentary Joint Committee on Intelligence and Security,Review of Administration and Expenditure No.22 (2022–23) – Australian Intelligence Agencies,,47,https://www.aph.gov.au/Parliamentary_Business/Tabled_Documents/9192
8819,2025-02-04,2025-02-04,"Joint Standing Committee on Foreign Affairs, Defence and Trade",Inquiry into Australia's efforts to advocate for the worldwide abolition of the death penalty,,47,https://www.aph.gov.au/Parliamentary_Business/Tabled_Documents/8819
9028,2025-02-04,,Economics Legislation Committee,Tax Laws Amendment (Incentivising Food Donations to Charitable Organisations) Bill 2024 [Additional information],Additional information,47,https://www.aph.gov.au/Parliamentary_Business/Tabled_Documents/9028
8821,2025-02-04,2025-02-04,Joint Committee of Public Accounts and Audit,Report 508: Annual report 2023-24,,47,https://www.aph.gov.au/Parliamentary_Business/Tabled_Documents/8821
8820,2025-02-04,2025-02-04,Joint Committee of Public Accounts and Audit,Report 507: Defence 2023-24 major projects report,,47,https://www.aph.gov.au/Parliamentary_Business/Tabled_Documents/8820
9144,2025-02-03,,Standing Committee of Senators' Interests,Report 1 of 2025 [February 2025],,47,https://www.aph.gov.au/Parliamentary_Business/Tabled_Documents/9144
9179,2025-02-03,,Economics Legislation Committee,Scams Prevention Framework Bill 2024 [Provisions],,47,https://www.aph.gov.au/Parliamentary_Business/Tabled_Documents/9179
9143,2025-01-31,,Rural and Regional Affairs and Transport Legislation Committee,National Organic Standard Bill 2024 Progress Report,Progress,47,https://www.aph.gov.au/Parliamentary_Business/Tabled_Documents/9143
9147,2025-01-31,,Economics References Committee,Residential electrification - Progress report,Progress,47,https://www.aph.gov.au/Parliamentary_Business/Tabled_Documents/9147
9149,2025-01-31,,Economics Legislation Committee,Future Made in Australia (Production Tax Credits and Other Measures) Bill 2024 [Provisions],,47,https://www.aph.gov.au/Parliamentary_Business/Tabled_Documents/9149
9146,2025-01-31,,Economics Legislation Committee,Treasury Laws Amendment (Fairer for Families and Farmers and Other Measures) Bill 2024 [Provisions],,47,https://www.aph.gov.au/Parliamentary_Business/Tabled_Documents/9146
9130,2025-01-30,,Legal and Constitutional Affairs Legislation Committee,Oversight Legislation Amendment (Robodebt Royal Commission Response and Other Measures) Bill 2024 [Provisions],,47,https://www.aph.gov.au/Parliamentary_Business/Tabled_Documents/9130
9131,2025-01-30,,Community Affairs Legislation Committee,Health Legislation Amendment (Modernising My Health Record—Sharing by Default) Bill 2024 [Provisions],,47,https://www.aph.gov.au/Parliamentary_Business/Tabled_Documents/9131
9134,2025-01-30,,Economics Legislation Committee,Treasury Laws Amendment (Tax Incentives and Integrity) Bill 2024 [Provisions],,47,https://www.aph.gov.au/Parliamentary_Business/Tabled_Documents/9134
9135,2025-01-30,,Finance and Public Administration Legislation Committee,Workplace Gender Equality Amendment (Setting Gender Equality Targets) Bill 2024,,47,https://www.aph.gov.au/Parliamentary_Business/Tabled_Documents/9135
9133,2025-01-30,,Economics Legislation Committee,Treasury Laws Amendment (Fairer for Families and Farmers and Other Measures) Bill 2024 [Provisions] - Progress Report,Progress,47,https://www.aph.gov.au/Parliamentary_Business/Tabled_Documents/9133
9132,2025-01-30,,Economics Legislation Committee,Future Made in Australia (Production Tax Credits and Other Measures) Bill 2024 [Provisions] - Progress Report,Progress,47,https://www.aph.gov.au/Parliamentary_Business/Tabled_Documents/9132
8856,2024-12-20,,Select Committee on Energy Planning and Regulation in Australia,Select Committee on Energy Planning and Regulation in Australia [Final Report],,47,https://www.aph.gov.au/Parliamentary_Business/Tabled_Documents/8856
8840,2024-12-19,,Select Committee on the Tasmanian Freight Equalisation Scheme,Tasmanian Freight Equalisation Scheme,,47,https://www.aph.gov.au/Parliamentary_Business/Tabled_Documents/8840
8736,2024-12-12,,Legal and Constitutional Affairs Legislation Committee,Criminal Code Amendment (Hate Crimes) Bill 2024 [Provisions],,47,https://www.aph.gov.au/Parliamentary_Business/Tabled_Documents/8736
8724,2024-12-11,,Environment and Communications Legislation Committee,Environment Protection and Biodiversity Conservation Amendment (Reconsideration of Decisions) Bill 2024,,47,https://www.aph.gov.au/Parliamentary_Business/Tabled_Documents/8724
8726,2024-12-11,,Economics References Committee,Australia's Taxation System,,47,https://www.aph.gov.au/Parliamentary_Business/Tabled_Documents/8726
8667,2024-12-10,,Economics References Committee,Australia’s taxation system [Progress Report],Progress,47,https://www.aph.gov.au/Parliamentary_Business/Tabled_Documents/8667
8605,2024-12-06,,Legal and Constitutional Affairs References Committee,Right wing extremist movements in Australia,,47,https://www.aph.gov.au/Parliamentary_Business/Tabled_Documents/8605
8604,2024-12-05,2025-02-04,Parliamentary Joint Committee on Corporations and Financial Services,Financial abuse: an insidious form of domestic violence,,47,https://www.aph.gov.au/Parliamentary_Business/Tabled_Documents/8604
8603,2024-12-05,2025-02-04,Joint Standing Committee on Trade and Investment Growth,Interim report: Inquiry into the understanding and utilisation of benefits under free trade agreements,,47,https://www.aph.gov.au/Parliamentary_Business/Tabled_Documents/8603
8440,2024-11-28,2024-11-27,Joint Select Committee on Northern Australia,Northern Australia Workforce Development,,47,https://www.aph.gov.au/Parliamentary_Business/Tabled_Documents/8440
8552,2024-11-28,,"Foreign Affairs, Defence and Trade References Committee",Wrongful detention of Australian citizens overseas,,47,https://www.aph.gov.au/Parliamentary_Business/Tabled_Documents/8552
8553,2024-11-28,,"Foreign Affairs, Defence and Trade Legislation Committee",Performance of the Department of Defence in supporting the capability and capacity of Australia’s defence industry,,47,https://www.aph.gov.au/Parliamentary_Business/Tabled_Documents/8553
8549,2024-11-28,,Economics References Committee,Financial regulatory framework and home ownership,,47,https://www.aph.gov.au/Parliamentary_Business/Tabled_Documents/8549
8558,2024-11-28,2024-11-28,"Joint Standing Committee on Foreign Affairs, Defence and Trade",Pursuing the Priorities of the Pacific Inquiry into Australia’s alignment with the priorities of Pacific Island countries,,47,https://www.aph.gov.au/Parliamentary_Business/Tabled_Documents/8558
8439,2024-11-28,2024-11-27,Joint Select Committee on Northern Australia,"Interim report on energy, food and water security",,47,https://www.aph.gov.au/Parliamentary_Business/Tabled_Documents/8439
8545,2024-11-28,,Selection of Bills Committee,Report no. 14 of 2024 [28 November 2024],,47,https://www.aph.gov.au/Parliamentary_Business/Tabled_Documents/8545
8573,,2024-11-28,Standing Committee on Petitions,"Report 36: Petitions and Ministerial responses—Report, 28 November 2024",,47,https://www.aph.gov.au/Parliamentary_Business/Tabled_Documents/8573
8511,2024-11-27,,Rural and Regional Affairs and Transport References Committee,Impact and mitigation of aircraft noise,,47,https://www.aph.gov.au/Parliamentary_Business/Tabled_Documents/8511
8496,2024-11-27,,Standing Committee for the Scrutiny of Delegated Legislation,Delegated Legislation Monitor 14 of 2024,,47,https://www.aph.gov.au/Parliamentary_Business/Tabled_Documents/8496
8495,2024-11-27,,Standing Committee for the Scrutiny of Bills,Scrutiny Digest 15 of 2024,,47,https://www.aph.gov.au/Parliamentary_Business/Tabled_Documents/8495
8514,2024-11-27,2024-11-27,Joint Standing Committee on Treaties,"Report 224 Agreement among the Government of Australia, the Government of the United Kingdom of Great Britain and Northern Ireland, and the Government of the United States of America for Cooperation Related to Naval Nuclear Propulsion",,47,https://www.aph.gov.au/Parliamentary_Business/Tabled_Documents/8514
8538,,2024-11-27,Standing Committee on Agriculture,Trading North,,47,https://www.aph.gov.au/Parliamentary_Business/Tabled_Documents/8538
8455,2024-11-26,2024-11-27,Parliamentary Standing Committee on Public Works,Department of Defence – Army Aviation Omnibus Program of Works and other works [8th report of 2024],,47,https://www.aph.gov.au/Parliamentary_Business/Tabled_Documents/8455
8456,2024-11-26,2024-11-27,Parliamentary Standing Committee on Public Works,"Department of Infrastructure, Transport, Regional Development, Communications and the Arts – Command Centre and Canine Facility at Western Sydney International (Nancy-Bird Walton) Airport and other works [9th report of 2024]",,47,https://www.aph.gov.au/Parliamentary_Business/Tabled_Documents/8456
8443,2024-11-26,2024-11-27,Joint Standing Committee on Implementation of the National Redress Scheme,Redress: Journey to Justice [Final report],,47,https://www.aph.gov.au/Parliamentary_Business/Tabled_Documents/8443
8488,2024-11-26,2024-11-27,Parliamentary Joint Committee on Intelligence and Security,Annual Report of Committee Activities 2023-2024,,47,https://www.aph.gov.au/Parliamentary_Business/Tabled_Documents/8488
8442,2024-11-26,2024-11-27,Joint Standing Committee on Aboriginal and Torres Strait Islander Affairs,Inquiry into economic self-determination and opportunities for First Nations Australians,,47,https://www.aph.gov.au/Parliamentary_Business/Tabled_Documents/8442
8457,2024-11-26,,"Joint Standing Committee on Foreign Affairs, Defence and Trade",Defence annual report 2022-23,,47,https://www.aph.gov.au/Parliamentary_Business/Tabled_Documents/8457
8376,2024-11-26,2024-11-21,Joint Standing Committee on the National Disability Insurance Scheme,General Issues - Annual Report No. 2 of the 47th Parliament,,47,https://www.aph.gov.au/Parliamentary_Business/Tabled_Documents/8376
8437,2024-11-26,,Select Committee on the Impact of Climate Risk on Insurance Premiums and Availability,Impact of Climate Risk on Insurance Premiums and Availability,,47,https://www.aph.gov.au/Parliamentary_Business/Tabled_Documents/8437
8445,2024-11-26,,Environment and Communications Legislation Committee,Online Safety Amendment (Social Media Minimum Age) Bill 2024 [Provisions],,47,https://www.aph.gov.au/Parliamentary_Business/Tabled_Documents/8445
8438,2024-11-26,,Legal and Constitutional Affairs Legislation Committee,Migration Amendment Bill 2024 [Provisions],,47,https://www.aph.gov.au/Parliamentary_Business/Tabled_Documents/8438
8441,2024-11-26,,Select Committee on Adopting Artificial Intelligence,Select Committee on Adopting Artificial Intelligence (AI),,47,https://www.aph.gov.au/Parliamentary_Business/Tabled_Documents/8441
8373,2024-11-26,2024-11-20,Joint Standing Committee on Treaties,Report 223: Security Agreement between the Government of Australia and the Organisation for Joint Armament Cooperation on the Protection of Classified Information,,47,https://www.aph.gov.au/Parliamentary_Business/Tabled_Documents/8373
8409,2024-11-25,,Environment and Communications Legislation Committee,Communications Legislation Amendment (Combatting Misinformation and Disinformation) Bill 2024 [Provisions],,47,https://www.aph.gov.au/Parliamentary_Business/Tabled_Documents/8409
8435,,2024-11-25,Committee of Privileges and Members' Interests,Report concerning an application from Ms Teresa Harding for the publication of a response to a reference made in the Federation Chamber,,47,https://www.aph.gov.au/Parliamentary_Business/Tabled_Documents/8435
8433,,2024-11-25,Standing Committee on Petitions,"Report 35: Petitions and Ministerial responses—Report, 25 November 2024",,47,https://www.aph.gov.au/Parliamentary_Business/Tabled_Documents/8433
8397,2024-11-22,,Standing Committee for the Scrutiny of Delegated Legislation,Delegated Legislation Monitor 13 of 2024,,47,https://www.aph.gov.au/Parliamentary_Business/Tabled_Documents/8397
8394,2024-11-21,,Selection of Bills Committee,Report no. 13 of 2024 [21 November 2024],,47,https://www.aph.gov.au/Parliamentary_Business/Tabled_Documents/8394
8374,2024-11-20,,Standing Committee for the Scrutiny of Bills,Scrutiny Digest 14 of 2024,,47,https://www.aph.gov.au/Parliamentary_Business/Tabled_Documents/8374
8193,2024-11-19,2024-11-05,Parliamentary Standing Committee on Public Works,Department of Defence — Explosive Ordnance Facilities Northern NSW Redevelopment project and other works,,47,https://www.aph.gov.au/Parliamentary_Business/Tabled_Documents/8193
8353,2024-11-19,,Joint Committee of Public Accounts and Audit,Statement on the appointment of the new Parliamentary Budget Officer,,47,https://www.aph.gov.au/Parliamentary_Business/Tabled_Documents/8353
8211,2024-11-19,2024-11-06,Joint Standing Committee on Treaties,Report 222  Convention on the International Organization for Marine  Aids to Navigation,,47,https://www.aph.gov.au/Parliamentary_Business/Tabled_Documents/8211
8361,2024-11-19,,Rural and Regional Affairs and Transport Legislation Committee,Sydney Airport Demand Management Amendment Bill 2024 [Provisions],,47,https://www.aph.gov.au/Parliamentary_Business/Tabled_Documents/8361
8327,2024-11-18,,Education and Employment Legislation Committee,Better and Fairer Schools (Funding and Reform) Bill 2024 [Provisions],,47,https://www.aph.gov.au/Parliamentary_Business/Tabled_Documents/8327
8267,2024-11-18,2024-11-04,Joint Select Committee on Social Media and Australian Society,Joint Select Committee on Social Media and Australian Society-Second interim report: digital platforms and the traditional news media,,47,https://www.aph.gov.au/Parliamentary_Business/Tabled_Documents/8267
8314,2024-11-18,2024-11-18,Joint Select Committee on Social Media and Australian Society,"Social media: the good, the bad, and the ugly – Final report",,47,https://www.aph.gov.au/Parliamentary_Business/Tabled_Documents/8314
8340,2024-11-18,2024-11-18,Parliamentary Joint Committee on Intelligence and Security,Advisory Report on the Cyber Security Legislative Package 2024,,47,https://www.aph.gov.au/Parliamentary_Business/Tabled_Documents/8340
8317,,2024-11-18,Standing Committee on Procedure,Maintenance of the standing and sessional orders,,47,https://www.aph.gov.au/Parliamentary_Business/Tabled_Documents/8317
8348,,2024-11-18,Standing Committee on Petitions,"Report 34: Petitions and Ministerial responses—Report, 18 November 2024",,47,https://www.aph.gov.au/Parliamentary_Business/Tabled_Documents/8348
8304,2024-11-15,,Select Committee on the Cost of Living,Paying the Price: The Cost of a Crisis on Australians' Standards of Living,,47,https://www.aph.gov.au/Parliamentary_Business/Tabled_Documents/8304
8303,2024-11-15,,Economics Legislation Committee,Tax Laws Amendment (Incentivising Food Donations to Charitable Organisations) Bill 2024,,47,https://www.aph.gov.au/Parliamentary_Business/Tabled_Documents/8303
8305,2024-11-15,,Economics Legislation Committee,Treasury Laws Amendment (Mergers and Acquisitions Reform) Bill 2024 [Provisions],,47,https://www.aph.gov.au/Parliamentary_Business/Tabled_Documents/8305
8302,2024-11-15,,Economics Legislation Committee,National Housing and Homelessness Plan Bill 2024 (No. 2),,47,https://www.aph.gov.au/Parliamentary_Business/Tabled_Documents/8302
8287,2024-11-14,,Environment and Communications Legislation Committee,Environment Protection and Biodiversity Conservation Amendment (Reconsideration of Decisions) Bill 2024 - [Progress Report],Progress,47,https://www.aph.gov.au/Parliamentary_Business/Tabled_Documents/8287
8294,2024-11-14,,Legal and Constitutional Affairs Legislation Committee,Privacy and Other Legislation Amendment Bill 2024 [Provisions],,47,https://www.aph.gov.au/Parliamentary_Business/Tabled_Documents/8294
8282,2024-11-13,,Legal and Constitutional Affairs Legislation Committee,Anti-Money Laundering and Counter-Terrorism Financing Amendment Bill 2024 [Provisions],,47,https://www.aph.gov.au/Parliamentary_Business/Tabled_Documents/8282
8279,2024-11-13,,Rural and Regional Affairs and Transport Legislation Committee,Sydney Airport Demand Management Amendment Bill 2024 [Provisions] - Progress Report,Progress,47,https://www.aph.gov.au/Parliamentary_Business/Tabled_Documents/8279
8281,2024-11-13,,Economics Legislation Committee,Treasury Laws Amendment (Mergers and Acquisitions Reform) Bill 2024 [Provisions] Progress Report,Progress,47,https://www.aph.gov.au/Parliamentary_Business/Tabled_Documents/8281
8280,2024-11-13,,Legal and Constitutional Affairs Legislation Committee,"Criminal Code Amendment (Genocide, Crimes Against Humanity and War Crimes) Bill 2024",,47,https://www.aph.gov.au/Parliamentary_Business/Tabled_Documents/8280
8230,2024-11-07,2024-11-18,Parliamentary Joint Committee on Corporations and Financial Services,"Ethics and Professional Accountability: Structural Challenges in the Audit, Assurance and Consultancy Industry",,47,https://www.aph.gov.au/Parliamentary_Business/Tabled_Documents/8230
7771,,2024-11-05,Standing Committee on Economics,Flood failure to future fairness,,47,https://www.aph.gov.au/Parliamentary_Business/Tabled_Documents/7771
8162,2024-11-04,,Community Affairs Legislation Committee,Aged Care Bill 2024 [Provisions],,47,https://www.aph.gov.au/Parliamentary_Business/Tabled_Documents/8162
8268,,2024-11-04,Standing Committee on Petitions,"Report 33: Petitions and Ministerial responses—Report, 4 November 2024",,47,https://www.aph.gov.au/Parliamentary_Business/Tabled_Documents/8268
8147,2024-11-01,,Economics References Committee,Not-for-profit entities—Tax assessments,,47,https://www.aph.gov.au/Parliamentary_Business/Tabled_Documents/8147
8125,2024-10-31,,Environment and Communications Legislation Committee,Future Made in Australia (Guarantee of Origin) Bill 2024 [Provisions] and related bills,,47,https://www.aph.gov.au/Parliamentary_Business/Tabled_Documents/8125
8115,2024-10-31,,Community Affairs Legislation Committee,Aged Care Bill 2024 [Provisions] [Progress report],Progress,47,https://www.aph.gov.au/Parliamentary_Business/Tabled_Documents/8115
8116,2024-10-31,,Economics References Committee,Not-for-profit entities – Tax assessments [Progress Report],Progress,47,https://www.aph.gov.au/Parliamentary_Business/Tabled_Documents/8116
8124,2024-10-31,,Legal and Constitutional Affairs Legislation Committee,Administrative Review Tribunal (Miscellaneous Measures) Bill 2024,,47,https://www.aph.gov.au/Parliamentary_Business/Tabled_Documents/8124
8123,2024-10-31,,Legal and Constitutional Affairs Legislation Committee,Family Law Amendment Bill 2024,,47,https://www.aph.gov.au/Parliamentary_Business/Tabled_Documents/8123
8093,2024-10-30,,Education and Employment Legislation Committee,Wage Justice for Early Childhood Education and Care Workers (Special Account) Bill 2024 [Provisions],,47,https://www.aph.gov.au/Parliamentary_Business/Tabled_Documents/8093
7961,2024-10-25,,Rural and Regional Affairs and Transport References Committee,Impact and mitigation of aircraft noise - Progress report,Progress,47,https://www.aph.gov.au/Parliamentary_Business/Tabled_Documents/7961
7903,2024-10-24,,Economics Legislation Committee,Treasury Laws Amendment (2024 Tax and Other Measures No. 1) Bill 2024 [Provisions],,47,https://www.aph.gov.au/Parliamentary_Business/Tabled_Documents/7903
7703,2024-10-10,,Education and Employment Legislation Committee,Universities Accord (National Student Ombudsman) Bill 2024 [Provisions],,47,https://www.aph.gov.au/Parliamentary_Business/Tabled_Documents/7703
7699,2024-10-10,,Environment and Communications Legislation Committee,Murdoch Media Inquiry Bill 2023,,47,https://www.aph.gov.au/Parliamentary_Business/Tabled_Documents/7699
7653,2024-10-10,2024-10-09,Joint Standing Committee on Migration,"Migration, Pathway to Nation Building",,47,https://www.aph.gov.au/Parliamentary_Business/Tabled_Documents/7653
7701,2024-10-10,,Select Committee on Adopting Artificial Intelligence,Select Committee on Adopting Artificial Intelligence (AI),Interim,47,https://www.aph.gov.au/Parliamentary_Business/Tabled_Documents/7701
7679,2024-10-10,,Selection of Bills Committee,Report no. 12 of 2024 [10 October 2024],,47,https://www.aph.gov.au/Parliamentary_Business/Tabled_Documents/7679
7656,2024-10-09,,Standing Committee for the Scrutiny of Delegated Legislation,Delegated Legislation Monitor 12 of 2024,,47,https://www.aph.gov.au/Parliamentary_Business/Tabled_Documents/7656
7657,2024-10-09,,Standing Committee for the Scrutiny of Bills,Scrutiny Digest 13 of 2024,,47,https://www.aph.gov.au/Parliamentary_Business/Tabled_Documents/7657
7659,2024-10-09,2024-10-09,Joint Standing Committee on Treaties,Report 221 BBNJ Agreement,,47,https://www.aph.gov.au/Parliamentary_Business/Tabled_Documents/7659
7664,2024-10-09,,Education and Employment Legislation Committee,Education Services for Overseas Students Amendment (Quality and Integrity) Bill 2024 [Provisions],,47,https://www.aph.gov.au/Parliamentary_Business/Tabled_Documents/7664
7647,,2024-10-08,Standing Committee on Petitions,"Report 32: Petitions and Ministerial responses—Report, 8 October 2024",,47,https://www.aph.gov.au/Parliamentary_Business/Tabled_Documents/7647
7602,2024-10-03,,Education and Employment Legislation Committee,Universities Accord (Student Support and Other Measures) Bill 2024 [Provisions],,47,https://www.aph.gov.au/Parliamentary_Business/Tabled_Documents/7602
7601,2024-10-03,,"Foreign Affairs, Defence and Trade Legislation Committee","Veterans' Entitlements, Treatment and Support (Simplification and Harmonisation) Bill 2024 [Provisions]",,47,https://www.aph.gov.au/Parliamentary_Business/Tabled_Documents/7601
7546,2024-10-01,2024-10-09,"Joint Standing Committee on Foreign Affairs, Defence and Trade",‘Are we there yet?’: From recovery to resilience – opportunities and challenges for Australia’s tourism sector,,47,https://www.aph.gov.au/Parliamentary_Business/Tabled_Documents/7546
7558,2024-10-01,,Legal and Constitutional Affairs Legislation Committee,Commission of Inquiry into Antisemitism at Australian Universities Bill 2024 (No. 2),,47,https://www.aph.gov.au/Parliamentary_Business/Tabled_Documents/7558
7544,2024-09-30,,Environment and Communications Legislation Committee,Protecting the Spirit of Sea Country Bill 2023 Progress Report,,47,https://www.aph.gov.au/Parliamentary_Business/Tabled_Documents/7544
7530,2024-09-27,,Environment and Communications References Committee,Optus Network Outage,,47,https://www.aph.gov.au/Parliamentary_Business/Tabled_Documents/7530
7497,2024-09-25,,Environment and Communications References Committee,Optus network outage Second Progress Report,,47,https://www.aph.gov.au/Parliamentary_Business/Tabled_Documents/7497
7449,2024-09-19,,Economics References Committee,Australian Bureau of Statistics production of inflation rate statistics,,47,https://www.aph.gov.au/Parliamentary_Business/Tabled_Documents/7449
7450,2024-09-19,,Economics References Committee,"Improving consumer experiences, choice, and outcomes in Australia’s retirement system - Second interim report – superannuation for mortgage offset",Interim,47,https://www.aph.gov.au/Parliamentary_Business/Tabled_Documents/7450
7438,2024-09-19,,Selection of Bills Committee,Report no. 11 of 2024 [19 September 2024],,47,https://www.aph.gov.au/Parliamentary_Business/Tabled_Documents/7438
7435,2024-09-18,,Standing Committee for the Scrutiny of Bills,Scrutiny Digest 12 of 2024,,47,https://www.aph.gov.au/Parliamentary_Business/Tabled_Documents/7435
7436,2024-09-18,,Standing Committee for the Scrutiny of Delegated Legislation,Delegated Legislation Monitor 11 of 2024,,47,https://www.aph.gov.au/Parliamentary_Business/Tabled_Documents/7436
7433,2024-09-18,,Community Affairs References Committee,Issues related to menopause and perimenopause,,47,https://www.aph.gov.au/Parliamentary_Business/Tabled_Documents/7433
7355,2024-09-17,,Economics Legislation Committee,Annual reports (No. 1 of 2024) [Corrigendum],Corrigendum,47,https://www.aph.gov.au/Parliamentary_Business/Tabled_Documents/7355
7402,2024-09-16,,"Foreign Affairs, Defence and Trade References Committee",Australian support for Ukraine,,47,https://www.aph.gov.au/Parliamentary_Business/Tabled_Documents/7402
7346,2024-09-12,,Selection of Bills Committee,Report no. 10 of 2024 [12 September 2024],,47,https://www.aph.gov.au/Parliamentary_Business/Tabled_Documents/7346
7351,,2024-09-12,Committee of Privileges and Members' Interests,"Statement representing the committee’s report in response to the matter of privilege referred to it by the House, in relation to a concerns notice issued to the Member for Bruce [12 September 2024]",,47,https://www.aph.gov.au/Parliamentary_Business/Tabled_Documents/7351
7334,2024-09-11,,Standing Committee for the Scrutiny of Delegated Legislation,Delegated Legislation Monitor 10 of 2024,,47,https://www.aph.gov.au/Parliamentary_Business/Tabled_Documents/7334
7296,2024-09-11,2024-09-10,Joint Standing Committee on Treaties,Report 220: PNG Security Relations; ILO 187,,47,https://www.aph.gov.au/Parliamentary_Business/Tabled_Documents/7296
7327,2024-09-11,,Standing Committee for the Scrutiny of Bills,Scrutiny Digest 11 of 2024,,47,https://www.aph.gov.au/Parliamentary_Business/Tabled_Documents/7327
7292,,2024-09-10,"Standing Committee on Employment, Education and Training",Study Buddy or Influencer,,47,https://www.aph.gov.au/Parliamentary_Business/Tabled_Documents/7292
7275,2024-09-09,,Environment and Communications Legislation Committee,Nature Positive (Environment Protection Australia) Bill 2024 [Provisions] and related bills,,47,https://www.aph.gov.au/Parliamentary_Business/Tabled_Documents/7275
7379,,2024-09-09,Standing Committee on Petitions,"Report 31: Petitions and Ministerial responses—Report, 9 September 2024",,47,https://www.aph.gov.au/Parliamentary_Business/Tabled_Documents/7379
7259,2024-09-06,,Education and Employment Legislation Committee,Education Services for Overseas Students Amendment (Quality and Integrity) Bill 2024 [Provisions] [Progress Report],Progress,47,https://www.aph.gov.au/Parliamentary_Business/Tabled_Documents/7259
7257,2024-09-06,,Economics Legislation Committee,Future Made in Australia Bill 2024 [Provisions] and the Future Made in Australia (Omnibus Amendments No. 1) Bill 2024 [Provisions],,47,https://www.aph.gov.au/Parliamentary_Business/Tabled_Documents/7257
7237,2024-09-04,,Economics Legislation Committee,Treasury Laws Amendment (Build to Rent) Bill 2024 and Capital Works (Build to Rent Misuse Tax) Bill 2024 [Provisions],,47,https://www.aph.gov.au/Parliamentary_Business/Tabled_Documents/7237
7222,2024-09-03,2024-09-11,Parliamentary Joint Committee on Human Rights,Inquiry into Compulsory Income Management,,47,https://www.aph.gov.au/Parliamentary_Business/Tabled_Documents/7222
7211,2024-09-02,,Legal and Constitutional Affairs Legislation Committee,Migration Amendment (Strengthening Sponsorship and Nomination Processes) Bill 2024 [Provisions],,47,https://www.aph.gov.au/Parliamentary_Business/Tabled_Documents/7211
7185,2024-08-30,,Community Affairs References Committee,Excess Mortality,,47,https://www.aph.gov.au/Parliamentary_Business/Tabled_Documents/7185
7120,2024-08-22,2024-08-21,Parliamentary Joint Committee on Human Rights,Annual report 2023 [21 August 2024],,47,https://www.aph.gov.au/Parliamentary_Business/Tabled_Documents/7120
7118,2024-08-22,,Selection of Bills Committee,Report no. 9 of 2024 [22 August 2024],,47,https://www.aph.gov.au/Parliamentary_Business/Tabled_Documents/7118
7100,2024-08-21,,Standing Committee for the Scrutiny of Bills,Scrutiny Digest 10 of 2024,,47,https://www.aph.gov.au/Parliamentary_Business/Tabled_Documents/7100
7099,2024-08-21,,Standing Committee for the Scrutiny of Delegated Legislation,Delegated Legislation Monitor 9 of 2024,,47,https://www.aph.gov.au/Parliamentary_Business/Tabled_Documents/7099
7105,2024-08-21,2024-08-21,Joint Standing Committee on Treaties,Report 219: Australia-Tuvalu Falepili Union; CITES; Scientific Balloons,,47,https://www.aph.gov.au/Parliamentary_Business/Tabled_Documents/7105
7101,2024-08-21,2024-08-20,Joint Committee of Public Accounts and Audit,Appointment of a new Auditor-General,,47,https://www.aph.gov.au/Parliamentary_Business/Tabled_Documents/7101
7116,2024-08-21,,Environment and Communications References Committee,Middle Arm Industrial Precinct,,47,https://www.aph.gov.au/Parliamentary_Business/Tabled_Documents/7116
7088,2024-08-20,2024-08-20,Parliamentary Standing Committee on Public Works,"Department of Defence — Submarine Rotational Force—West, Priority Works, HMAS Stirling, Western Australia and other works",,47,https://www.aph.gov.au/Parliamentary_Business/Tabled_Documents/7088
7082,2024-08-20,,Environment and Communications Legislation Committee,Annual reports (No. 2 of 2024),,47,https://www.aph.gov.au/Parliamentary_Business/Tabled_Documents/7082
7068,2024-08-20,,Education and Employment Legislation Committee,Annual reports (No. 2 of 2024),,47,https://www.aph.gov.au/Parliamentary_Business/Tabled_Documents/7068
7069,2024-08-20,,"Foreign Affairs, Defence and Trade Legislation Committee",Annual reports (No. 2 of 2024),,47,https://www.aph.gov.au/Parliamentary_Business/Tabled_Documents/7069
7079,2024-08-20,,Economics Legislation Committee,Annual reports (No. 2 of 2024),,47,https://www.aph.gov.au/Parliamentary_Business/Tabled_Documents/7079
7081,2024-08-20,,Rural and Regional Affairs and Transport Legislation Committee,Annual reports (No. 2 of 2024),,47,https://www.aph.gov.au/Parliamentary_Business/Tabled_Documents/7081
7078,2024-08-20,,Finance and Public Administration Legislation Committee,Annual reports (No. 2 of 2024),,47,https://www.aph.gov.au/Parliamentary_Business/Tabled_Documents/7078
7036,2024-08-20,,Legal and Constitutional Affairs Legislation Committee,Annual reports (No. 2 of 2024),,47,https://www.aph.gov.au/Parliamentary_Business/Tabled_Documents/7036
7059,2024-08-20,,Community Affairs Legislation Committee,Annual reports (No. 2 of 2024),,47,https://www.aph.gov.au/Parliamentary_Business/Tabled_Documents/7059
7378,,2024-08-19,Standing Committee on Petitions,"Report 30: Petitions and Ministerial responses—Report, 19 August 2024",,47,https://www.aph.gov.au/Parliamentary_Business/Tabled_Documents/7378
6999,2024-08-15,2024-08-14,Joint Standing Committee on Treaties,Report 218: Fiji Status of Forces; UK Accession CPTPP; IPEF; ILO 191,,47,https://www.aph.gov.au/Parliamentary_Business/Tabled_Documents/6999
7017,2024-08-15,2024-08-15,Joint Select Committee on Social Media and Australian Society,Joint Select Committee on Social Media and Australian Society Interim report,,47,https://www.aph.gov.au/Parliamentary_Business/Tabled_Documents/7017
7020,2024-08-15,,Legal and Constitutional Affairs References Committee,Missing and murdered First Nations women and children,,47,https://www.aph.gov.au/Parliamentary_Business/Tabled_Documents/7020
7018,2024-08-15,,Selection of Bills Committee,Report no. 8 of 2024 [15 August 2024],,47,https://www.aph.gov.au/Parliamentary_Business/Tabled_Documents/7018
7007,2024-08-14,,Standing Committee for the Scrutiny of Bills,Scrutiny Digest 9 of 2024,,47,https://www.aph.gov.au/Parliamentary_Business/Tabled_Documents/7007
7004,2024-08-14,,Standing Committee for the Scrutiny of Delegated Legislation,Delegated Legislation Monitor 8 of 2024,,47,https://www.aph.gov.au/Parliamentary_Business/Tabled_Documents/7004
7009,2024-08-14,,Economics Legislation Committee,Taxation (Multinational—Global and Domestic Minimum Tax) Imposition Bill 2024 [Provisions] and related bills,,47,https://www.aph.gov.au/Parliamentary_Business/Tabled_Documents/7009
6976,2024-08-13,2024-08-12,Parliamentary Joint Committee on Intelligence and Security,Advisory report on the Crimes and Other Legislation Amendment (Omnibus No. 1) Bill 2024,,47,https://www.aph.gov.au/Parliamentary_Business/Tabled_Documents/6976
6734,2024-08-13,2024-07-03,Joint Standing Committee on Treaties,Report 217: AU-US Space Launches,,47,https://www.aph.gov.au/Parliamentary_Business/Tabled_Documents/6734
6975,2024-08-13,2024-08-12,Parliamentary Joint Committee on Intelligence and Security,Advisory Report on the Counter-Terrorism Legislation Amendment (Declared Areas) Bill 2024,,47,https://www.aph.gov.au/Parliamentary_Business/Tabled_Documents/6975
6978,2024-08-13,2024-08-12,Parliamentary Joint Committee on Intelligence and Security,Review of the listing of Ansar Allah as a terrorist organisation under the Criminal Code,,47,https://www.aph.gov.au/Parliamentary_Business/Tabled_Documents/6978
7377,,2024-08-12,Standing Committee on Petitions,"Report 29: Petitions and Ministerial responses—Report, 12 August 2024",,47,https://www.aph.gov.au/Parliamentary_Business/Tabled_Documents/7377
6936,2024-08-09,,Community Affairs Legislation Committee,National Disability Insurance Scheme  Amendment (Getting the NDIS Back on  Track No. 1) Bill 2024,,47,https://www.aph.gov.au/Parliamentary_Business/Tabled_Documents/6936
6931,2024-08-08,,Legal and Constitutional Affairs Legislation Committee,Criminal Code Amendment (Deepfake Sexual Material) Bill 2024 [Provisions],,47,https://www.aph.gov.au/Parliamentary_Business/Tabled_Documents/6931
6933,2024-08-08,,Environment and Communications Legislation Committee,Communications Legislation Amendment (Regional Broadcasting Continuity) Bill 2024,,47,https://www.aph.gov.au/Parliamentary_Business/Tabled_Documents/6933
6934,2024-08-08,,Select Committee on Australia’s Disaster Resilience,Boots on the ground: Raising resilience,,47,https://www.aph.gov.au/Parliamentary_Business/Tabled_Documents/6934
6904,2024-08-05,,Community Affairs Legislation Committee,National Disability Insurance Scheme Amendment (Getting the NDIS Back on Track No. 1) Bill 2024: progress report,,47,https://www.aph.gov.au/Parliamentary_Business/Tabled_Documents/6904
6905,2024-08-05,,Environment and Communications Legislation Committee,Nature Positive (Environment Protection Australia) Bill 2024 [Provisions] and related bills [Progress Report],Progress,47,https://www.aph.gov.au/Parliamentary_Business/Tabled_Documents/6905
6903,2024-08-02,,Economics Legislation Committee,Treasury Laws Amendment (Responsible Buy Now Pay Later and Other Measures) Bill 2024,,47,https://www.aph.gov.au/Parliamentary_Business/Tabled_Documents/6903
6892,2024-08-01,,Rural and Regional Affairs and Transport References Committee,Shutdown of the 3G mobile network: Interim report,Interim,47,https://www.aph.gov.au/Parliamentary_Business/Tabled_Documents/6892
6820,2024-07-18,,Standing Committee of Senators' Interests,"Register of Senators’ Interests - Incorporating statements of registrable interests and notifications of alterations lodged between 1 January and 30 June 2024, dated July 2024",,47,https://www.aph.gov.au/Parliamentary_Business/Tabled_Documents/6820
6785,2024-07-12,,"Foreign Affairs, Defence and Trade Legislation Committee",Budget Estimates 2024–25,,47,https://www.aph.gov.au/Parliamentary_Business/Tabled_Documents/6785
6783,2024-07-11,,Environment and Communications References Committee,Glencore’s proposed carbon capture and storage project,,47,https://www.aph.gov.au/Parliamentary_Business/Tabled_Documents/6783
6748,2024-07-05,,Legal and Constitutional Affairs Legislation Committee,Budget Estimates 2024-25,,47,https://www.aph.gov.au/Parliamentary_Business/Tabled_Documents/6748
6735,2024-07-05,,Standing Committee for the Scrutiny of Delegated Legislation,Annual report 2023 [Corrigendum],Corrigendum,47,https://www.aph.gov.au/Parliamentary_Business/Tabled_Documents/6735
6736,2024-07-04,,Selection of Bills Committee,Report no. 7 of 2024 [4 July 2024],,47,https://www.aph.gov.au/Parliamentary_Business/Tabled_Documents/6736
6728,2024-07-03,,Economics References Committee,Australian Securities and Investments Commission investigation and enforcement,,47,https://www.aph.gov.au/Parliamentary_Business/Tabled_Documents/6728
6730,2024-07-03,,Standing Committee for the Scrutiny of Delegated Legislation,Delegated Legislation Monitor 7 of 2024,,47,https://www.aph.gov.au/Parliamentary_Business/Tabled_Documents/6730
6729,2024-07-03,,Standing Committee for the Scrutiny of Bills,Scrutiny Digest 8 of 2024,,47,https://www.aph.gov.au/Parliamentary_Business/Tabled_Documents/6729
6731,,2024-07-03,"Standing Committee on Health, Aged Care and Sport",The State of Diabetes Mellitus in Australia in 2024,,47,https://www.aph.gov.au/Parliamentary_Business/Tabled_Documents/6731
6624,2024-07-02,,Environment and Communications Legislation Committee,Budget Estimates 2024-25,,47,https://www.aph.gov.au/Parliamentary_Business/Tabled_Documents/6624
6622,2024-07-02,,Finance and Public Administration Legislation Committee,Budget Estimates 2024–25,,47,https://www.aph.gov.au/Parliamentary_Business/Tabled_Documents/6622
6628,2024-07-02,,Economics Legislation Committee,Budget Estimates 2024-25,,47,https://www.aph.gov.au/Parliamentary_Business/Tabled_Documents/6628
6613,2024-07-02,2024-07-01,Parliamentary Standing Committee on Public Works,Department of Defence — Australian Defence Force Academy Living-in Accommodation project and other works,,47,https://www.aph.gov.au/Parliamentary_Business/Tabled_Documents/6613
6629,2024-07-02,,Education and Employment Legislation Committee,Budget Estimates 2024–25,,47,https://www.aph.gov.au/Parliamentary_Business/Tabled_Documents/6629
6615,2024-07-02,,Rural and Regional Affairs and Transport Legislation Committee,Budget estimates 2024–25,,47,https://www.aph.gov.au/Parliamentary_Business/Tabled_Documents/6615
6620,2024-07-02,,Community Affairs Legislation Committee,Budget Estimates 2024–25,,47,https://www.aph.gov.au/Parliamentary_Business/Tabled_Documents/6620
6611,2024-07-01,,Legal and Constitutional Affairs Legislation Committee,Customs Amendment (Preventing Child Labour) Bill 2023,,47,https://www.aph.gov.au/Parliamentary_Business/Tabled_Documents/6611
7376,,2024-07-01,Standing Committee on Petitions,"Report 28: Petitions and Ministerial responses—Report, 1 July 2024",,47,https://www.aph.gov.au/Parliamentary_Business/Tabled_Documents/7376
6559,2024-06-28,,Finance and Public Administration References Committee,Supporting the development of sovereign capability in the Australian tech sector,,47,https://www.aph.gov.au/Parliamentary_Business/Tabled_Documents/6559
6047,2024-06-27,,Rural and Regional Affairs and Transport Legislation Committee,Budget estimates 2023-24 (Supplementary) [Additional information],Additional information,47,https://www.aph.gov.au/Parliamentary_Business/Tabled_Documents/6047
6538,2024-06-27,2024-06-26,Joint Standing Committee on Treaties,Report 216: Nairobi Convention,,47,https://www.aph.gov.au/Parliamentary_Business/Tabled_Documents/6538
6539,2024-06-27,2024-06-26,Parliamentary Joint Committee on Intelligence and Security,Review of administration and expenditure No. 21 (2021-2022): Australian intelligence agencies,,47,https://www.aph.gov.au/Parliamentary_Business/Tabled_Documents/6539
6543,2024-06-27,,Selection of Bills Committee,Report no. 6 of 2024 [27 June 2024],,47,https://www.aph.gov.au/Parliamentary_Business/Tabled_Documents/6543
6522,2024-06-26,,Standing Committee for the Scrutiny of Delegated Legislation,Delegated legislation monitor 6 of 2024 [26 June 2024],,47,https://www.aph.gov.au/Parliamentary_Business/Tabled_Documents/6522
6523,2024-06-26,,Standing Committee for the Scrutiny of Bills,Scrutiny digest 7 of 2024 [26 June 2024],,47,https://www.aph.gov.au/Parliamentary_Business/Tabled_Documents/6523
6535,2024-06-26,,Environment and Communications Legislation Committee,Climate Change Amendment (Duty of Care and Intergenerational Climate Equity) Bill 2023,,47,https://www.aph.gov.au/Parliamentary_Business/Tabled_Documents/6535
6014,2024-06-25,2024-05-15,Joint Standing Committee on Treaties,Report 215: AANZFTA Second Protocol [May 2024],,47,https://www.aph.gov.au/Parliamentary_Business/Tabled_Documents/6014
5996,2024-06-25,2024-05-15,Joint Standing Committee on the National Capital and External Territories,A Capital for All Australians Report of the inquiry into fostering and promoting the significance of Australia's National Capital [May 2024],,47,https://www.aph.gov.au/Parliamentary_Business/Tabled_Documents/5996
6207,2024-06-25,2024-05-28,Parliamentary Standing Committee on Public Works,Department of Defence — Facilities to Support Advanced Growler Phase 6,,47,https://www.aph.gov.au/Parliamentary_Business/Tabled_Documents/6207
6456,2024-06-25,,"Standing Committee on Appropriations, Staffing and Security",67th report - Estimates for the Department of the Senate 2024-25 [June 2023],,47,https://www.aph.gov.au/Parliamentary_Business/Tabled_Documents/6456
6459,2024-06-24,,Community Affairs Legislation Committee,National Health Amendment (Supporting Patient Access to Cheaper Medicines and Other Measures) Bill 2024 [Provisions],,47,https://www.aph.gov.au/Parliamentary_Business/Tabled_Documents/6459
7375,,2024-06-24,Standing Committee on Petitions,"Report 27: Petitions and Ministerial responses—Report, 24 June 2024",,47,https://www.aph.gov.au/Parliamentary_Business/Tabled_Documents/7375
6440,2024-06-21,,Economics Legislation Committee,Treasury Laws Amendment (Delivering Better Financial Outcomes and Other Measures) Bill 2024 [Provisions],,47,https://www.aph.gov.au/Parliamentary_Business/Tabled_Documents/6440
6448,2024-06-21,,Select Committee on the Perth Mint and Commonwealth regulatory compliance,The Perth Mint: Final report,,47,https://www.aph.gov.au/Parliamentary_Business/Tabled_Documents/6448
6414,2024-06-20,,Environment and Communications References Committee,National cultural policy [Progress Report],Progress,47,https://www.aph.gov.au/Parliamentary_Business/Tabled_Documents/6414
6432,2024-06-20,,Legal and Constitutional Affairs Legislation Committee,Criminal Code Amendment (Protecting Commonwealth Frontline Workers) Bill 2024 [Provisions],,47,https://www.aph.gov.au/Parliamentary_Business/Tabled_Documents/6432
6433,2024-06-20,,Rural and Regional Affairs and Transport Legislation Committee,Illegal Logging Prohibition Amendment (Strengthening Measures to Prevent Illegal Timber Trade) Bill 2024 [Provisions],,47,https://www.aph.gov.au/Parliamentary_Business/Tabled_Documents/6433
6431,2024-06-20,,Economics Legislation Committee,Treasury Laws Amendment (Delivering Better Financial Outcomes and Other Measures) Bill 2024 [Provisions] [Progress Report],Progress,47,https://www.aph.gov.au/Parliamentary_Business/Tabled_Documents/6431
6434,2024-06-20,,Legal and Constitutional Affairs Legislation Committee,Copyright Legislation Amendment (Fair Pay for Radio Play) Bill 2023,,47,https://www.aph.gov.au/Parliamentary_Business/Tabled_Documents/6434
6435,2024-06-20,,Community Affairs Legislation Committee,National Disability Insurance Scheme Amendment (Getting the NDIS Back on Track No. 1) Bill 2024 [Provisions],,47,https://www.aph.gov.au/Parliamentary_Business/Tabled_Documents/6435
6355,2024-06-12,,Finance and Public Administration References Committee,Management and assurance of integrity by consulting services [PWC],,47,https://www.aph.gov.au/Parliamentary_Business/Tabled_Documents/6355
6272,2024-06-03,,Environment and Communications Legislation Committee,Climate Change Amendment (Duty of Care and Intergenerational Climate Equity) Bill 2023 - Progress Report [June 2024],Progress,47,https://www.aph.gov.au/Parliamentary_Business/Tabled_Documents/6272
7374,,2024-06-03,Standing Committee on Petitions,"Report 26: Petitions and Ministerial responses—Report, 3 June 2024",,47,https://www.aph.gov.au/Parliamentary_Business/Tabled_Documents/7374
6268,2024-05-31,,Legal and Constitutional Affairs Legislation Committee,Legalising Cannabis Bill 2023,,47,https://www.aph.gov.au/Parliamentary_Business/Tabled_Documents/6268
6252,2024-05-31,,Finance and Public Administration References Committee,Management and assurance of integrity by consulting services: Progress report [PWC],,47,https://www.aph.gov.au/Parliamentary_Business/Tabled_Documents/6252
6186,2024-05-24,,Rural and Regional Affairs and Transport References Committee,Bank closures in regional Australia: Protecting the future of regional banking,,47,https://www.aph.gov.au/Parliamentary_Business/Tabled_Documents/6186
6167,2024-05-23,,Environment and Communications References Committee,Australia’s extinction crisis [Interim report - May 2024],Interim,47,https://www.aph.gov.au/Parliamentary_Business/Tabled_Documents/6167
6117,2024-05-21,2024-05-28,Parliamentary Joint Committee on Law Enforcement,Australia’s illicit drug problem: Challenges and opportunities for law enforcement [May 2024],,47,https://www.aph.gov.au/Parliamentary_Business/Tabled_Documents/6117
5997,2024-05-17,,Standing Committee for the Scrutiny of Delegated Legislation,Delegated legislation monitor 5 of 2024 [17 May 2024],,47,https://www.aph.gov.au/Parliamentary_Business/Tabled_Documents/5997
6016,2024-05-17,,Standing Committee for the Scrutiny of Delegated Legislation,Annual report 2023,,47,https://www.aph.gov.au/Parliamentary_Business/Tabled_Documents/6016
6058,2024-05-17,,Community Affairs References Committee,"Equitable access to diagnosis and treatment for individuals with rare and less common cancers, including neuroendocrine cancer",,47,https://www.aph.gov.au/Parliamentary_Business/Tabled_Documents/6058
5998,2024-05-16,,Standing Committee for the Scrutiny of Bills,Scrutiny digest 6 of 2024 [15 May 2024],,47,https://www.aph.gov.au/Parliamentary_Business/Tabled_Documents/5998
6034,2024-05-16,,Selection of Bills Committee,Report no. 5 of 2024 [16 May 2024],,47,https://www.aph.gov.au/Parliamentary_Business/Tabled_Documents/6034
5969,2024-05-14,2024-05-14,Joint Committee of Public Accounts and Audit,2024-25 Draft Estimates for the Australian National Audit Office and the Parliamentary Budget Office,,47,https://www.aph.gov.au/Parliamentary_Business/Tabled_Documents/5969
5549,2024-05-14,2024-03-26,Parliamentary Standing Committee on Public Works,Eighty Seventh Annual Report (2023),,47,https://www.aph.gov.au/Parliamentary_Business/Tabled_Documents/5549
5936,2024-05-14,,"Foreign Affairs, Defence and Trade Legislation Committee",Migration Amendment (Overseas Organ Transplant Disclosure and Other Measures) Bill 2023,,47,https://www.aph.gov.au/Parliamentary_Business/Tabled_Documents/5936
5968,2024-05-14,2024-05-14,Parliamentary Standing Committee on Public Works,Report 3/2024 - Australian Nuclear Science and Technology Organisation — Nuclear Medicine Facility project,,47,https://www.aph.gov.au/Parliamentary_Business/Tabled_Documents/5968
5543,2024-05-14,2024-03-27,Parliamentary Joint Committee on Intelligence and Security,Review of the Foreign Influence Transparency Scheme Act 2018 [March 2024],,47,https://www.aph.gov.au/Parliamentary_Business/Tabled_Documents/5543
7373,,2024-05-14,Standing Committee on Petitions,"Report 25: Petitions and Ministerial responses—Report, 14 May 2024",,47,https://www.aph.gov.au/Parliamentary_Business/Tabled_Documents/7373
5881,2024-05-13,,Legal and Constitutional Affairs Legislation Committee,Administrative Review Tribunal Bill 2023 [Provisions] and related bills,,47,https://www.aph.gov.au/Parliamentary_Business/Tabled_Documents/5881
5879,2024-05-13,,Finance and Public Administration Legislation Committee,Net Zero Economy Authority Bill 2024 [Provisions] and the Net Zero Economy Authority (Transitional Provisions) Bill 2024 [Provisions],,47,https://www.aph.gov.au/Parliamentary_Business/Tabled_Documents/5879
5880,2024-05-13,,"Foreign Affairs, Defence and Trade Legislation Committee",Australian Naval Nuclear Power Safety Bill 2023 [Provisions] and Australian Naval Nuclear Power Safety (Transitional Provisions) Bill 2023 [Provisions],,47,https://www.aph.gov.au/Parliamentary_Business/Tabled_Documents/5880
5864,2024-05-10,,Finance and Public Administration Legislation Committee,Net Zero Economy Authority Bill 2024 [Provisions] and the Net Zero Economy Authority (Transitional Provisions) Bill 2024 [Provisions] Progress report,Progress,47,https://www.aph.gov.au/Parliamentary_Business/Tabled_Documents/5864
5865,2024-05-10,,Rural and Regional Affairs and Transport Legislation Committee,Agriculture (Biosecurity Protection) Levies Bill 2024 [Provisions] and related bills [May 2024],,47,https://www.aph.gov.au/Parliamentary_Business/Tabled_Documents/5865
5866,2024-05-10,,Economics Legislation Committee,Treasury Laws Amendment (Better Targeted Superannuation Concessions and Other Measures) Bill 2023 [Provisions] and Superannuation (Better Targeted Superannuation Concessions) Imposition Bill 2023 [Provisions] [May 2024],,47,https://www.aph.gov.au/Parliamentary_Business/Tabled_Documents/5866
5867,2024-05-10,,Economics Legislation Committee,Treasury Laws Amendment (Tax Accountability and Fairness) Bill 2023 [Provisions] [May 2024],,47,https://www.aph.gov.au/Parliamentary_Business/Tabled_Documents/5867
5855,2024-05-09,,Select Committee on the Cost of Living,Senate Select Committee on the Cost of Living [second interim report],Interim,47,https://www.aph.gov.au/Parliamentary_Business/Tabled_Documents/5855
5850,2024-05-09,,Standing Committee for the Scrutiny of Bills,Annual report 2023,,47,https://www.aph.gov.au/Parliamentary_Business/Tabled_Documents/5850
5852,2024-05-09,,Economics References Committee,"Improving consumer experiences, choice, and outcomes in Australia’s retirement system [Interim report]",Interim,47,https://www.aph.gov.au/Parliamentary_Business/Tabled_Documents/5852
5854,2024-05-09,,Environment and Communications References Committee,Australian Antarctic Division funding,,47,https://www.aph.gov.au/Parliamentary_Business/Tabled_Documents/5854
5851,2024-05-09,,Environment and Communications References Committee,National Cultural Policy: Interim report,Interim,47,https://www.aph.gov.au/Parliamentary_Business/Tabled_Documents/5851
5832,2024-05-08,,Environment and Communications References Committee,Australian Antarctic Division funding Progress Report,Progress,47,https://www.aph.gov.au/Parliamentary_Business/Tabled_Documents/5832
5841,2024-05-08,,Environment and Communications References Committee,Optus Network Outage Progress Report,Progress,47,https://www.aph.gov.au/Parliamentary_Business/Tabled_Documents/5841
5843,2024-05-08,,Community Affairs Legislation Committee,Therapeutic Goods and Other Legislation Amendment  (Vaping Reforms) Bill 2024 [Provisions],,47,https://www.aph.gov.au/Parliamentary_Business/Tabled_Documents/5843
5808,2024-05-07,,Select Committee on Supermarket Prices,Supermarket Prices: Final report - Competition and Consumer Amendment (Divestiture Powers) Bill 2024,,47,https://www.aph.gov.au/Parliamentary_Business/Tabled_Documents/5808
5805,2024-05-07,,Legal and Constitutional Affairs Legislation Committee,Migration Amendment (Removal and Other Measures) Bill 2024,,47,https://www.aph.gov.au/Parliamentary_Business/Tabled_Documents/5805
5807,2024-05-07,,Finance and Public Administration References Committee,Access to Australian Parliament House by lobbyists [May 2024],,47,https://www.aph.gov.au/Parliamentary_Business/Tabled_Documents/5807
5789,2024-05-03,,Economics Legislation Committee,Treasury Laws Amendment (Financial Market Infrastructure and Other Measures) Bill 2024 [Provisions] [May 2024],,47,https://www.aph.gov.au/Parliamentary_Business/Tabled_Documents/5789
5719,2024-05-01,2024-05-14,Joint Standing Committee on Trade and Investment Growth,Strengthening Australia's approach to trade negotiations [April 2024],,47,https://www.aph.gov.au/Parliamentary_Business/Tabled_Documents/5719
5713,2024-04-30,,Economics Legislation Committee,Treasury Laws Amendment (Financial Market Infrastructure and Other Measures) Bill 2024 [Provisions] [Progress report],,47,https://www.aph.gov.au/Parliamentary_Business/Tabled_Documents/5713
5712,2024-04-30,,Finance and Public Administration References Committee,Access to Australian Parliament House by lobbyists: progress report,Progress,47,https://www.aph.gov.au/Parliamentary_Business/Tabled_Documents/5712
5715,2024-04-30,,Environment and Communications Legislation Committee,Murdoch Media Inquiry Bill 2023 [Progress report],,47,https://www.aph.gov.au/Parliamentary_Business/Tabled_Documents/5715
5676,2024-04-24,2024-05-15,Parliamentary Joint Committee on Corporations and Financial Services,"Statutory inquiry into ASIC, the Takeovers Panel, and the corporations legislation: Competition in clearing and settlement and the ASX CHESS Replacement Project: The CHESS Replacement Project is too important to fail [Interim - April 2024]",Interim,47,https://www.aph.gov.au/Parliamentary_Business/Tabled_Documents/5676
5675,2024-04-24,,Legal and Constitutional Affairs Legislation Committee,Crimes Amendment (Strengthening the Criminal Justice Response to Sexual Violence) Bill 2024,,47,https://www.aph.gov.au/Parliamentary_Business/Tabled_Documents/5675
5674,2024-04-24,,Legal and Constitutional Affairs Legislation Committee,Additional Estimates 2023-24,,47,https://www.aph.gov.au/Parliamentary_Business/Tabled_Documents/5674
5660,2024-04-19,,Legal and Constitutional Affairs References Committee,COVID-19 Royal Commission [April 2024],,47,https://www.aph.gov.au/Parliamentary_Business/Tabled_Documents/5660
5659,2024-04-18,,Economics Legislation Committee,Help to Buy Bill 2023 [Provisions] and the Help to Buy Bill (Consequential Provisions) Bill 2023 [Provisions],,47,https://www.aph.gov.au/Parliamentary_Business/Tabled_Documents/5659
5658,2024-04-18,,Rural and Regional Affairs and Transport References Committee,Red imported fire ants in Australia,,47,https://www.aph.gov.au/Parliamentary_Business/Tabled_Documents/5658
5648,2024-04-16,,"Foreign Affairs, Defence and Trade Legislation Committee",Australian Naval Nuclear Power Safety Bill 2023 [Provisions] and Australian Naval Nuclear Power Safety (Transitional Provisions) Bill 2023 [Provisions] - Progress report,Progress,47,https://www.aph.gov.au/Parliamentary_Business/Tabled_Documents/5648
5647,2024-04-16,,Economics Legislation Committee,Help to Buy Bill 2023 [Provisions] and the Help to Buy Bill (Consequential Provisions) Bill 2023 [Provisions] Progress Report,Progress,47,https://www.aph.gov.au/Parliamentary_Business/Tabled_Documents/5647
5627,2024-04-10,,Community Affairs Legislation Committee,Social Services and Other Legislation Amendment (Military Invalidity Payments Means Testing) Bill 2024 [Provisions],,47,https://www.aph.gov.au/Parliamentary_Business/Tabled_Documents/5627
5624,2024-04-09,,Environment and Communications Legislation Committee,Communications Legislation Amendment (Prominence and Anti-siphoning) Bill 2023 [Provisions] [April 2024],,47,https://www.aph.gov.au/Parliamentary_Business/Tabled_Documents/5624
5576,2024-04-04,,Environment and Communications References Committee,Middle Arm Industrial Precinct [Progress Report],,47,https://www.aph.gov.au/Parliamentary_Business/Tabled_Documents/5576
5577,2024-04-04,,Environment and Communications References Committee,Glencore's proposed carbon capture and storage project [Progress Report],,47,https://www.aph.gov.au/Parliamentary_Business/Tabled_Documents/5577
5572,2024-03-28,,Economics Legislation Committee,Superannuation (Objective) Bill 2023 [Provisions],,47,https://www.aph.gov.au/Parliamentary_Business/Tabled_Documents/5572
5570,2024-03-28,,Environment and Communications Legislation Committee,Annual reports (No. 1 of 2024),,47,https://www.aph.gov.au/Parliamentary_Business/Tabled_Documents/5570
5542,2024-03-28,,Standing Committee for the Scrutiny of Delegated Legislation,Delegated legislation monitor 4 of 2024 [27 March 2024],,47,https://www.aph.gov.au/Parliamentary_Business/Tabled_Documents/5542
5566,2024-03-28,,Rural and Regional Affairs and Transport Legislation Committee,Additional estimates 2023-24,,47,https://www.aph.gov.au/Parliamentary_Business/Tabled_Documents/5566
5571,2024-03-28,,Community Affairs Legislation Committee,Additional Estimates 2023–24,,47,https://www.aph.gov.au/Parliamentary_Business/Tabled_Documents/5571
5563,2024-03-27,,Finance and Public Administration References Committee,PwC: The Cover-up Worsens the Crime,,47,https://www.aph.gov.au/Parliamentary_Business/Tabled_Documents/5563
5541,2024-03-27,,Standing Committee for the Scrutiny of Bills,Scrutiny digest 5 of 2024 [27 March 2024],,47,https://www.aph.gov.au/Parliamentary_Business/Tabled_Documents/5541
5548,2024-03-27,2024-03-26,Parliamentary Standing Committee on Public Works,Department of Defence — RAAF Base Darwin—Mid-term Refresh and other works,,47,https://www.aph.gov.au/Parliamentary_Business/Tabled_Documents/5548
5562,2024-03-27,,Selection of Bills Committee,Report no. 4 of 2024 [27 March 2024],,47,https://www.aph.gov.au/Parliamentary_Business/Tabled_Documents/5562
7372,,2024-03-25,Standing Committee on Petitions,"Report 24: Petitions and Ministerial responses—Report, 25 March 2024",,47,https://www.aph.gov.au/Parliamentary_Business/Tabled_Documents/7372
5498,2024-03-22,,Economics Legislation Committee,Offshore Petroleum and Greenhouse Gas Storage Legislation Amendment (Safety and Other Measures) Bill 2024 [Provisions],,47,https://www.aph.gov.au/Parliamentary_Business/Tabled_Documents/5498
5499,2024-03-22,,Economics Legislation Committee,Treasury Laws Amendment (Reserve Bank Reforms) Bill 2023 [Provisions],,47,https://www.aph.gov.au/Parliamentary_Business/Tabled_Documents/5499
5461,2024-03-21,2024-03-20,Parliamentary Joint Committee on Human Rights,Human rights scrutiny report 2 of 2024 [20 March 2024],,47,https://www.aph.gov.au/Parliamentary_Business/Tabled_Documents/5461
5460,2024-03-21,2024-03-21,Parliamentary Joint Committee on Intelligence and Security,Advisory report on the amendments made by the Australian Citizenship Amendment (Citizenship Repudiation) Bill 2023 Also reporting on review of Subdivision C of Division 3 of Part 2 of the Australian Citizenship Act 2007 (citizenship cessation determinations) [March 2024],,47,https://www.aph.gov.au/Parliamentary_Business/Tabled_Documents/5460
5458,2024-03-21,2024-03-20,Joint Standing Committee on Treaties,Report 214: Acts of the Universal Postal Union  [March 2024],,47,https://www.aph.gov.au/Parliamentary_Business/Tabled_Documents/5458
5459,2024-03-21,2024-03-21,Parliamentary Joint Committee on Intelligence and Security,Advisory Report on the National Security Legislation Amendment (Comprehensive Review and Other Measures No. 3) Bill 2023 [March 2024],,47,https://www.aph.gov.au/Parliamentary_Business/Tabled_Documents/5459
5462,2024-03-21,,Selection of Bills Committee,Report no. 3 of 2024 [21 March 2024],,47,https://www.aph.gov.au/Parliamentary_Business/Tabled_Documents/5462
5431,2024-03-20,2024-03-21,Parliamentary Joint Committee on Law Enforcement,Report on committee visit to the Australian Centre to Counter Child Exploitation [March 2024],,47,https://www.aph.gov.au/Parliamentary_Business/Tabled_Documents/5431
5419,2024-03-20,,"Foreign Affairs, Defence and Trade Legislation Committee",Additional estimates 2023–24,,47,https://www.aph.gov.au/Parliamentary_Business/Tabled_Documents/5419
5420,2024-03-20,,"Foreign Affairs, Defence and Trade Legislation Committee",Annual reports (No. 1 of 2024),,47,https://www.aph.gov.au/Parliamentary_Business/Tabled_Documents/5420
5425,2024-03-20,,Standing Committee for the Scrutiny of Delegated Legislation,Delegated legislation monitor 3 of 2024 [20 March 2024],,47,https://www.aph.gov.au/Parliamentary_Business/Tabled_Documents/5425
5451,2024-03-20,,Finance and Public Administration Legislation Committee,Annual reports (No. 1 of 2024),,47,https://www.aph.gov.au/Parliamentary_Business/Tabled_Documents/5451
5433,2024-03-20,,Economics Legislation Committee,Annual reports (No. 1 of 2024),,47,https://www.aph.gov.au/Parliamentary_Business/Tabled_Documents/5433
5399,2024-03-20,,Finance and Public Administration Legislation Committee,Additional Estimates 2023–24,,47,https://www.aph.gov.au/Parliamentary_Business/Tabled_Documents/5399
5429,2024-03-20,2024-03-19,Parliamentary Standing Committee on Public Works,"Report 1/2024 - Airservices Australia — PFAS Remediation of Former Fire Training Ground at Launceston Airport, Tasmania [February 2024]",,47,https://www.aph.gov.au/Parliamentary_Business/Tabled_Documents/5429
5398,2024-03-20,,Economics Legislation Committee,Additional estimates 2023-24 [March 2024],,47,https://www.aph.gov.au/Parliamentary_Business/Tabled_Documents/5398
5403,2024-03-20,,Environment and Communications Legislation Committee,Additional Estimates 2023-24,,47,https://www.aph.gov.au/Parliamentary_Business/Tabled_Documents/5403
5450,2024-03-20,,Education and Employment Legislation Committee,Annual reports (No. 1 of 2024),,47,https://www.aph.gov.au/Parliamentary_Business/Tabled_Documents/5450
5435,2024-03-20,,Rural and Regional Affairs and Transport Legislation Committee,Annual reports (No. 1 of 2024),,47,https://www.aph.gov.au/Parliamentary_Business/Tabled_Documents/5435
5404,2024-03-20,,Education and Employment Legislation Committee,Additional Estimates 2023-24,,47,https://www.aph.gov.au/Parliamentary_Business/Tabled_Documents/5404
5430,2024-03-20,,Joint Standing Committee on Treaties,Visit by the committee to India and Singapore from 10 to 16 December 2023 [February 2024],,47,https://www.aph.gov.au/Parliamentary_Business/Tabled_Documents/5430
5452,2024-03-20,,Community Affairs Legislation Committee,Annual reports (No. 1 of 2024),,47,https://www.aph.gov.au/Parliamentary_Business/Tabled_Documents/5452
5426,2024-03-20,,Standing Committee for the Scrutiny of Bills,Scrutiny digest 4 of 2024 [20 March 2024],,47,https://www.aph.gov.au/Parliamentary_Business/Tabled_Documents/5426
5453,2024-03-20,,Legal and Constitutional Affairs Legislation Committee,Annual reports (No. 1 of 2024),,47,https://www.aph.gov.au/Parliamentary_Business/Tabled_Documents/5453
5371,2024-03-18,,Finance and Public Administration Legislation Committee,"Public Governance, Performance and Accountability Amendment (Vaccine Indemnity) Bill 2023",,47,https://www.aph.gov.au/Parliamentary_Business/Tabled_Documents/5371
5370,2024-03-18,,Environment and Communications Legislation Committee,Telecommunications Legislation Amendment (Enhancing Consumer Safeguards and Other Measures) Bill 2023 [Provisions],,47,https://www.aph.gov.au/Parliamentary_Business/Tabled_Documents/5370
7371,,2024-03-18,Standing Committee on Petitions,"Report 23: Petitions and Ministerial responses—Report, 18 March 2024",,47,https://www.aph.gov.au/Parliamentary_Business/Tabled_Documents/7371
5364,2024-03-15,,"Foreign Affairs, Defence and Trade Legislation Committee",Defence Trade Controls Amendment Bill 2023 [Provisions] [March 2024],,47,https://www.aph.gov.au/Parliamentary_Business/Tabled_Documents/5364
5361,2024-03-15,,Economics Legislation Committee,Competition and Consumer Amendment (Fair Go for Consumers and Small Business) Bill 2024 [Provisions] [March 2024],,47,https://www.aph.gov.au/Parliamentary_Business/Tabled_Documents/5361
5338,2024-03-14,2024-03-18,Parliamentary Joint Committee on Intelligence and Security,Defence Amendment (Safeguarding Australia’s Military Secrets) Bill 2023 [February 2024],,47,https://www.aph.gov.au/Parliamentary_Business/Tabled_Documents/5338
5331,2024-03-14,,Environment and Communications Legislation Committee,Telecommunications Legislation Amendment (Enhancing Consumer Safeguards and Other Measures) Bill 2023 [Provisions] [Progress report - 14 March 2024],Progress,47,https://www.aph.gov.au/Parliamentary_Business/Tabled_Documents/5331
5332,2024-03-14,,Finance and Public Administration Legislation Committee,COAG Legislation Amendment Bill 2023 [Provisions],,47,https://www.aph.gov.au/Parliamentary_Business/Tabled_Documents/5332
5340,2024-03-14,,Education and Employment Legislation Committee,Fair Work Amendment Bill 2024,,47,https://www.aph.gov.au/Parliamentary_Business/Tabled_Documents/5340
5279,2024-03-04,,Finance and Public Administration Legislation Committee,Electoral Legislation Amendment (Fairer Contracts and Grants) Bill 2023,,47,https://www.aph.gov.au/Parliamentary_Business/Tabled_Documents/5279
5202,2024-02-29,2024-02-29,Joint Standing Committee on the National Disability Insurance Scheme,General Issues - Annual Report No. 1 of the 47th Parliament,,47,https://www.aph.gov.au/Parliamentary_Business/Tabled_Documents/5202
5228,2024-02-29,,Selection of Bills Committee,Report no. 2 of 2024 [29 February 2024],,47,https://www.aph.gov.au/Parliamentary_Business/Tabled_Documents/5228
7370,,2024-02-29,Standing Committee on Petitions,"Report 22: Petitions and Ministerial responses—Report, 29 February 2024",,47,https://www.aph.gov.au/Parliamentary_Business/Tabled_Documents/7370
5195,2024-02-28,2024-02-29,Parliamentary Joint Committee on Law Enforcement,Examination of the Australian Criminal Intelligence Commission Annual Report 2022-23,,47,https://www.aph.gov.au/Parliamentary_Business/Tabled_Documents/5195
5196,2024-02-28,2024-02-29,Parliamentary Joint Committee on Law Enforcement,Examination of the Australian Federal Police Annual Report 2022-23,,47,https://www.aph.gov.au/Parliamentary_Business/Tabled_Documents/5196
5200,2024-02-28,,Legal and Constitutional Affairs Legislation Committee,Modern Slavery Amendment (Australian Anti-Slavery Commissioner) Bill 2023 [Provisions],,47,https://www.aph.gov.au/Parliamentary_Business/Tabled_Documents/5200
5201,2024-02-28,,Economics Legislation Committee,Digital ID Bill 2023 and the Digital ID (Transitional and Consequential Provisions) Bill 2023,,47,https://www.aph.gov.au/Parliamentary_Business/Tabled_Documents/5201
5199,2024-02-28,,Community Affairs References Committee,The extent and nature of poverty in Australia,,47,https://www.aph.gov.au/Parliamentary_Business/Tabled_Documents/5199
5191,2024-02-28,,Standing Committee for the Scrutiny of Delegated Legislation,Delegated legislation monitor 2 of 2024 [28 February 2024],,47,https://www.aph.gov.au/Parliamentary_Business/Tabled_Documents/5191
5192,2024-02-28,,Standing Committee for the Scrutiny of Bills,Scrutiny digest 3 of 2024 [28 February 2024],,47,https://www.aph.gov.au/Parliamentary_Business/Tabled_Documents/5192
5172,2024-02-27,,Community Affairs References Committee,Concussions and repeated head trauma in contact sports [Additional information],Additional information,47,https://www.aph.gov.au/Parliamentary_Business/Tabled_Documents/5172
7369,,2024-02-26,Standing Committee on Petitions,"Report 21: Petitions and Ministerial responses—Report, 26 February 2024",,47,https://www.aph.gov.au/Parliamentary_Business/Tabled_Documents/7369
5076,2024-02-15,,Community Affairs References Committee,Concussions and repeated head trauma in contact sports [Corrigendum],Corrigendum,47,https://www.aph.gov.au/Parliamentary_Business/Tabled_Documents/5076
5155,,2024-02-15,Committee of Privileges and Members' Interests,Report concerning the registration and declaration on Members' interests during 2023 [February 2024],,47,https://www.aph.gov.au/Parliamentary_Business/Tabled_Documents/5155
5051,,2024-02-12,Standing Committee on Petitions,"Report 20: Petitions and Ministerial responses—Report, 12 February 2024",,47,https://www.aph.gov.au/Parliamentary_Business/Tabled_Documents/5051
5032,2024-02-09,,Legal and Constitutional Affairs Legislation Committee,Australian Human Rights Commission Amendment (Costs Protection) Bill 2023 [Provisions],,47,https://www.aph.gov.au/Parliamentary_Business/Tabled_Documents/5032
5020,2024-02-08,,Community Affairs References Committee,Review of legislative instruments made under Part 3AA or Part 3B of the Social Security (Administration) Act 1999 – Review 1,,47,https://www.aph.gov.au/Parliamentary_Business/Tabled_Documents/5020
5009,2024-02-08,2024-02-07,Parliamentary Joint Committee on Human Rights,Human rights scrutiny report 1 of 2024 [7 February 2024],,47,https://www.aph.gov.au/Parliamentary_Business/Tabled_Documents/5009
5008,2024-02-08,,Selection of Bills Committee,Report no. 1 of 2024 [8 February 2024],,47,https://www.aph.gov.au/Parliamentary_Business/Tabled_Documents/5008
4987,2024-02-07,,Standing Committee for the Scrutiny of Delegated Legislation,Delegated legislation monitor 1 of 2024 [7 February 2024],,47,https://www.aph.gov.au/Parliamentary_Business/Tabled_Documents/4987
4986,2024-02-07,,Standing Committee for the Scrutiny of Bills,Scrutiny digest 2 of 2024 [7 February 2024],,47,https://www.aph.gov.au/Parliamentary_Business/Tabled_Documents/4986
4996,2024-02-07,,Environment and Communications Legislation Committee,Environment Protection and Biodiversity Conservation Amendment (Climate Trigger) Bill 2022 [No. 2],,47,https://www.aph.gov.au/Parliamentary_Business/Tabled_Documents/4996
4998,2024-02-07,,Education and Employment References Committee,The issue of increasing disruption in Australian school classrooms,,47,https://www.aph.gov.au/Parliamentary_Business/Tabled_Documents/4998
4932,2024-02-06,2024-02-07,Parliamentary Joint Committee on Human Rights,Human rights scrutiny report 14 of 2023 [19 December 2023],,47,https://www.aph.gov.au/Parliamentary_Business/Tabled_Documents/4932
4934,2024-02-06,,Select Committee into the Provision of and Access to Dental Services in Australia,A system in decay: a review into dental services in Australia [Additional information],,47,https://www.aph.gov.au/Parliamentary_Business/Tabled_Documents/4934
4933,2024-02-06,2024-02-06,Joint Standing Committee on Treaties,"Report 213: Amendments to the Annex of the Convention on Facilitation of International Maritime Traffic, 1965 [December 2023]",,47,https://www.aph.gov.au/Parliamentary_Business/Tabled_Documents/4933
4931,2024-02-06,2024-02-06,Joint Standing Committee on Trade and Investment Growth,Inquiry into the Australian Government’s approach to negotiating trade and investment agreements [Interim report],,47,https://www.aph.gov.au/Parliamentary_Business/Tabled_Documents/4931
5114,,2024-02-06,"Standing Committee on Regional Development, Infrastructure and Transport","Inquiry into the implications of severe weather events on the national regional, rural, and remote road network",,47,https://www.aph.gov.au/Parliamentary_Business/Tabled_Documents/5114
4896,2024-02-05,,Rural and Regional Affairs and Transport Legislation Committee,Primary Industries (Excise) Levies Bill 2023 [Provisions] and related bills [February 2024],,47,https://www.aph.gov.au/Parliamentary_Business/Tabled_Documents/4896
4898,2024-02-05,,Economics Legislation Committee,Government Amendments to Treasury Laws Amendment (Making Multinationals Pay Their Fair Share—Integrity and Transparency) Bill 2023 [February 2024],,47,https://www.aph.gov.au/Parliamentary_Business/Tabled_Documents/4898
4899,2024-02-05,,Education and Employment Legislation Committee,Australian Research Council Amendment (Review Response) Bill 2023 [Provisions] [February 2024],,47,https://www.aph.gov.au/Parliamentary_Business/Tabled_Documents/4899
4902,2024-02-05,,Community Affairs Legislation Committee,Paid Parental Leave Amendment (More Support for Working Families) Bill 2023 [Provisions],,47,https://www.aph.gov.au/Parliamentary_Business/Tabled_Documents/4902
4795,2024-02-01,,Education and Employment Legislation Committee,Fair Work Legislation Amendment (Closing Loopholes No. 2) Bill 2023 [Provisions] [February 2024],,47,https://www.aph.gov.au/Parliamentary_Business/Tabled_Documents/4795
4796,2024-02-01,,Legal and Constitutional Affairs Legislation Committee,Attorney-General’s Portfolio Miscellaneous Measures Bill 2023 [Provisions] [February 2024],,47,https://www.aph.gov.au/Parliamentary_Business/Tabled_Documents/4796
4798,2024-02-01,,Standing Committee of Senators' Interests,Report 1 of 2024 [February 2024],,47,https://www.aph.gov.au/Parliamentary_Business/Tabled_Documents/4798
4761,2024-01-24,2024-02-07,Parliamentary Joint Committee on the National Anti-Corruption Commission,Report on proposed recommendation for appointment of a Deputy Commissioner of the National Anti-Corruption Commission,,47,https://www.aph.gov.au/Parliamentary_Business/Tabled_Documents/4761
4692,2024-01-18,,Standing Committee for the Scrutiny of Bills,Scrutiny digest 1 of 2024 [18 January 2024],,47,https://www.aph.gov.au/Parliamentary_Business/Tabled_Documents/4692
4586,2023-12-20,,Select Committee on the Perth Mint and Commonwealth regulatory compliance,Select Committee on the Perth Mint and Commonwealth Regulatory Compliance interim report - December 2023,,47,https://www.aph.gov.au/Parliamentary_Business/Tabled_Documents/4586
4484,2023-12-07,,Rural and Regional Affairs and Transport References Committee,"Australia’s preparedness to host Commonwealth, Olympic and Paralympic Games [Second interim report - December 2023]",,47,https://www.aph.gov.au/Parliamentary_Business/Tabled_Documents/4484
4494,2023-12-07,,Legal and Constitutional Affairs References Committee,The operation of Commonwealth Freedom of Information (FOI) laws [December 2023],,47,https://www.aph.gov.au/Parliamentary_Business/Tabled_Documents/4494
4483,2023-12-07,,Standing Committee for the Scrutiny of Bills,Scrutiny digest 16 of 2023 [6 December 2023],,47,https://www.aph.gov.au/Parliamentary_Business/Tabled_Documents/4483
4466,2023-12-07,,Community Affairs References Committee,The worsening rental crisis in Australia [December 2023],,47,https://www.aph.gov.au/Parliamentary_Business/Tabled_Documents/4466
4468,2023-12-07,2023-12-07,Parliamentary Standing Committee on Public Works,Report 9/2023 - Department of Defence — Defence Fuel Transformation Program— Tranche 2 Facilities project [Corrigendum],Corrigendum,47,https://www.aph.gov.au/Parliamentary_Business/Tabled_Documents/4468
4485,2023-12-07,,Joint Standing Committee on the National Disability Insurance Scheme,Capability and Culture of the NDIA [Corrigendum],Corrigendum,47,https://www.aph.gov.au/Parliamentary_Business/Tabled_Documents/4485
4495,2023-12-07,,"Foreign Affairs, Defence and Trade References Committee",Efficacy of the Department of Foreign Affairs and Trade due diligence framework [December 2023],,47,https://www.aph.gov.au/Parliamentary_Business/Tabled_Documents/4495
4508,2023-12-07,,Environment and Communications Legislation Committee,Environment Protection and Biodiversity Conservation Amendment (Save the Koala) Bill 2021 [December 2023],,47,https://www.aph.gov.au/Parliamentary_Business/Tabled_Documents/4508
4506,2023-12-07,,Selection of Bills Committee,Report no. 16 of 2023 [7 December 2023],,47,https://www.aph.gov.au/Parliamentary_Business/Tabled_Documents/4506
11321,,2023-12-07,Standing Committee on Petitions,"Report 19: Ministerial responses—Report, 7 December 2023",,47,https://www.aph.gov.au/Parliamentary_Business/Tabled_Documents/11321
11164,,2023-12-07,Standing Committee on Agriculture,Australian food story: Feeding the nation and beyond: Inquiry into food security in Australia,,47,https://www.aph.gov.au/Parliamentary_Business/Tabled_Documents/11164
4467,2023-12-06,2023-12-07,Parliamentary Joint Committee on Intelligence and Security,A review of regulations re-listing Jama'at Nusrat al-Islam wal-Muslimin and Islamic State Khorasan Province as terrorist organisations under the Criminal Code Act 1995 [November 2023],,47,https://www.aph.gov.au/Parliamentary_Business/Tabled_Documents/4467
4374,2023-12-01,,Education and Employment References Committee,The issue of increasing disruption in Australian school classrooms [Interim report] - December 2023,Interim,47,https://www.aph.gov.au/Parliamentary_Business/Tabled_Documents/4374
4358,2023-11-30,2023-12-07,"Joint Standing Committee on Foreign Affairs, Defence and Trade",The pursuit of equality – Inquiry into the human rights of women and children [November 2023],,47,https://www.aph.gov.au/Parliamentary_Business/Tabled_Documents/4358
4357,2023-11-30,,Economics Legislation Committee,Influence of international digital platforms [November 2023],,47,https://www.aph.gov.au/Parliamentary_Business/Tabled_Documents/4357
4359,2023-11-30,2023-11-29,Parliamentary Joint Committee on Human Rights,Human rights scrutiny report 13 of 2023 [29 November 2023],,47,https://www.aph.gov.au/Parliamentary_Business/Tabled_Documents/4359
4360,2023-11-30,2023-11-29,Joint Select Committee on Northern Australia,Northern Australia Workforce Development: First Report [November 2023],Interim,47,https://www.aph.gov.au/Parliamentary_Business/Tabled_Documents/4360
4356,2023-11-30,,Select Committee into the Provision of and Access to Dental Services in Australia,A system in decay: a review into dental services in Australia [November 2023],,47,https://www.aph.gov.au/Parliamentary_Business/Tabled_Documents/4356
4355,2023-11-30,,Selection of Bills Committee,Report no. 15 of 2023 [30 November 2023],,47,https://www.aph.gov.au/Parliamentary_Business/Tabled_Documents/4355
11384,,2023-11-30,Select Committee on Workforce Australia Employment Services,Rebuilding employment services: Final report on Workforce Australia Employment Services [November 2023],,47,https://www.aph.gov.au/Parliamentary_Business/Tabled_Documents/11384
12103,,2023-11-30,"Standing Committee on Industry, Science and Resources","Sovereign, smart, sustainable: Driving advanced manufacturing in Australia",,47,https://www.aph.gov.au/Parliamentary_Business/Tabled_Documents/12103
4341,2023-11-29,2023-12-07,Parliamentary Joint Committee on Law Enforcement,Law enforcement capabilities in relation to child exploitation,,47,https://www.aph.gov.au/Parliamentary_Business/Tabled_Documents/4341
4339,2023-11-29,,Standing Committee for the Scrutiny of Bills,Scrutiny digest 15 of 2023 [29 November 2023],,47,https://www.aph.gov.au/Parliamentary_Business/Tabled_Documents/4339
4181,2023-11-29,,Standing Committee for the Scrutiny of Bills,Standing Committee for the Scrutiny of Bills annual report for 2022,,47,https://www.aph.gov.au/Parliamentary_Business/Tabled_Documents/4181
4343,2023-11-29,,Standing Committee for the Scrutiny of Delegated Legislation,Standing Committee for the Scrutiny of Delegated Legislation annual report for 2022,,47,https://www.aph.gov.au/Parliamentary_Business/Tabled_Documents/4343
4340,2023-11-29,,Standing Committee for the Scrutiny of Delegated Legislation,Delegated legislation monitor 15 of 2023 [29 November 2023],,47,https://www.aph.gov.au/Parliamentary_Business/Tabled_Documents/4340
4324,2023-11-29,2023-11-27,Joint Standing Committee on Electoral Matters,Conduct of the 2022 federal election and other matters [November 2023],,47,https://www.aph.gov.au/Parliamentary_Business/Tabled_Documents/4324
4323,2023-11-28,2023-11-29,Joint Standing Committee on Aboriginal and Torres Strait Islander Affairs,Inquiry into the application of the United Nations Declaration on the Rights of Indigenous Peoples in Australia [November 2023],,47,https://www.aph.gov.au/Parliamentary_Business/Tabled_Documents/4323
4326,2023-11-28,2023-11-28,Parliamentary Standing Committee on Public Works,Report 9/2023 - Department of Defence — Defence Fuel Transformation Program— Tranche 2 Facilities project [November 2023],,47,https://www.aph.gov.au/Parliamentary_Business/Tabled_Documents/4326
4325,2023-11-28,2023-11-27,Joint Standing Committee on the National Capital and External Territories,Restoring Democracy: Report of the inquiry into local governance on Norfolk Island,,47,https://www.aph.gov.au/Parliamentary_Business/Tabled_Documents/4325
4301,2023-11-27,,"Foreign Affairs, Defence and Trade Legislation Committee",Defence Capability Assurance and Oversight Bill 2023 [Dissenting report] [November 2023],Additional information,47,https://www.aph.gov.au/Parliamentary_Business/Tabled_Documents/4301
11320,,2023-11-27,Standing Committee on Petitions,"Report 18: Petitions and Ministerial responses—Report, 27 November 2023",,47,https://www.aph.gov.au/Parliamentary_Business/Tabled_Documents/11320
4264,2023-11-24,,Economics Legislation Committee,Treasury Laws Amendment (Support for Small Business and Charities and Other Measures) Bill 2023 [Provisions] [November 2023],,47,https://www.aph.gov.au/Parliamentary_Business/Tabled_Documents/4264
4265,2023-11-24,,"Foreign Affairs, Defence and Trade Legislation Committee",Defence Capability Assurance and Oversight Bill 2023 [November 2023],,47,https://www.aph.gov.au/Parliamentary_Business/Tabled_Documents/4265
4249,2023-11-23,,Community Affairs Legislation Committee,Economic Inclusion Advisory Committee Bill 2023 [Provisions] [November 2023],,47,https://www.aph.gov.au/Parliamentary_Business/Tabled_Documents/4249
4236,2023-11-22,,Community Affairs Legislation Committee,Public Health (Tobacco and Other Products) Bill 2023 [Provisions] and Public Health (Tobacco and Other Products) (Consequential Amendments and Transitional Provisions) Bill 2023 [Provisions] [November 2023],,47,https://www.aph.gov.au/Parliamentary_Business/Tabled_Documents/4236
4220,2023-11-17,,Standing Committee for the Scrutiny of Delegated Legislation,Delegated legislation monitor 14 of 2023 [17 November 2023],,47,https://www.aph.gov.au/Parliamentary_Business/Tabled_Documents/4220
4194,2023-11-16,2023-11-16,Joint Standing Committee on the National Disability Insurance Scheme,Capability and Culture of the NDIA [November 2023],,47,https://www.aph.gov.au/Parliamentary_Business/Tabled_Documents/4194
4191,2023-11-16,2023-11-16,"Joint Standing Committee on Foreign Affairs, Defence and Trade",Supporting democracy in our region [November 2023],,47,https://www.aph.gov.au/Parliamentary_Business/Tabled_Documents/4191
4193,2023-11-16,2023-11-15,Parliamentary Joint Committee on Intelligence and Security,Advisory Report on the Counter-Terrorism Legislation Amendment (Prohibited Hate Symbols and Other Measures) Bill 2023 [November 2023],,47,https://www.aph.gov.au/Parliamentary_Business/Tabled_Documents/4193
4192,2023-11-16,2023-11-15,Parliamentary Joint Committee on Human Rights,Human rights scrutiny report 12 of 2023 [15 November 2023],,47,https://www.aph.gov.au/Parliamentary_Business/Tabled_Documents/4192
4190,2023-11-16,,Selection of Bills Committee,Report no. 14 of 2023 [16 November 2023],,47,https://www.aph.gov.au/Parliamentary_Business/Tabled_Documents/4190
4177,2023-11-15,2023-11-15,Joint Committee of Public Accounts and Audit,Report 501: Annual report 2022-23,,47,https://www.aph.gov.au/Parliamentary_Business/Tabled_Documents/4177
4179,2023-11-15,,Standing Committee for the Scrutiny of Bills,Report no. 14 of 2023 [15 November 2023],,47,https://www.aph.gov.au/Parliamentary_Business/Tabled_Documents/4179
4176,2023-11-15,2023-11-15,Joint Committee of Public Accounts and Audit,Report 500: Inquiry into procurement at Services Australia and the NDIA - Interim Report [September 2023] [Corrigendum],Corrigendum,47,https://www.aph.gov.au/Parliamentary_Business/Tabled_Documents/4176
11373,,2023-11-15,Selection Committee,"Selection Committee Report No. 20 relating to the consideration of committee and delegation business and private Members’  business on Monday, 27 November 2023",,47,https://www.aph.gov.au/Parliamentary_Business/Tabled_Documents/11373
11291,,2023-11-15,Standing Committee on Communications and the Arts,"Connecting the country: Mission critical: Inquiry into co-investment in multi-carrier regional mobile infrastructure—Report, November 2023",,47,https://www.aph.gov.au/Parliamentary_Business/Tabled_Documents/11291
4168,2023-11-14,2023-11-14,Parliamentary Standing Committee on Public Works,Report 8/2023 - National Capital Authority — Scrivener Dam Dissipator Strengthening project and other works [November 2023],,47,https://www.aph.gov.au/Parliamentary_Business/Tabled_Documents/4168
11319,,2023-11-13,Standing Committee on Petitions,"Report 17: Petitions and Ministerial responses—Report, 13 November 2023",,47,https://www.aph.gov.au/Parliamentary_Business/Tabled_Documents/11319
4142,2023-11-10,,Environment and Communications Legislation Committee,Water Amendment (Restoring Our Rivers) Bill 2023 [Provisions] [November 2023],,47,https://www.aph.gov.au/Parliamentary_Business/Tabled_Documents/4142
4129,2023-11-09,,Legal and Constitutional Affairs Legislation Committee,Identity Verification Services Bill 2023 and the Identity Verification Services (Consequential Amendments) Bill 2023 [Provisions],,47,https://www.aph.gov.au/Parliamentary_Business/Tabled_Documents/4129
4127,2023-11-09,,Standing Committee for the Scrutiny of Delegated Legislation,Delegated legislation monitor 13 of 2023 [9 November 2023],,47,https://www.aph.gov.au/Parliamentary_Business/Tabled_Documents/4127
4128,2023-11-09,,Community Affairs Legislation Committee,Disability Services and Inclusion Bill 2023 [Provisions] and Disability Services and Inclusion (Consequential Amendments and Transitional Provisions) Bill 2023 [Provisions] [ November 2023],,47,https://www.aph.gov.au/Parliamentary_Business/Tabled_Documents/4128
4131,2023-11-09,,Selection of Bills Committee,Report no. 13 of 2023 [9 November 2023],,47,https://www.aph.gov.au/Parliamentary_Business/Tabled_Documents/4131
4120,2023-11-08,,Standing Committee for the Scrutiny of Bills,Scrutiny digest 13 of 2023 [8 November 2023],,47,https://www.aph.gov.au/Parliamentary_Business/Tabled_Documents/4120
4100,2023-11-06,,Community Affairs References Committee,Assessment and support services for people with ADHD [November 2023],,47,https://www.aph.gov.au/Parliamentary_Business/Tabled_Documents/4100
3935,2023-10-24,,Economics Legislation Committee,"Housing Australia Future Fund Bill 2023 [No. 2] [Provisions], National Housing Supply and Affordability Council Bill 2023 [No. 2] [Provisions] and Treasury Laws Amendment (Housing Measures No. 1) Bill 2023 [No. 2] [Provisions] 24 October 2023]",,47,https://www.aph.gov.au/Parliamentary_Business/Tabled_Documents/3935
3921,2023-10-23,,Environment and Communications Legislation Committee,Nature Repair Market Bill 2023 [Provisions] and Nature Repair Market (Consequential Amendments) Bill 2023 [Provisions],Progress,47,https://www.aph.gov.au/Parliamentary_Business/Tabled_Documents/3921
3849,2023-10-19,,Legal and Constitutional Affairs Legislation Committee,Statutory Declarations Amendment Bill 2023 [Provisions] [October 2023],,47,https://www.aph.gov.au/Parliamentary_Business/Tabled_Documents/3849
3865,2023-10-19,2023-10-19,Parliamentary Joint Committee on Intelligence and Security,A review of regulations relisting Islamic State East Asia as a terrorist organisation under the Criminal Code Act 1995 [October 2023],,47,https://www.aph.gov.au/Parliamentary_Business/Tabled_Documents/3865
3852,2023-10-19,,Standing Committee for the Scrutiny of Delegated Legislation,Delegated legislation monitor 12 of 2023 [18 October 2023],,47,https://www.aph.gov.au/Parliamentary_Business/Tabled_Documents/3852
3850,2023-10-19,,Rural and Regional Affairs and Transport Legislation Committee,Customs Legislation Amendment (Commercial Greyhound Export and Import Prohibition) Bill 2021 [October 2023],,47,https://www.aph.gov.au/Parliamentary_Business/Tabled_Documents/3850
3848,2023-10-19,2023-10-18,Joint Standing Committee on Treaties,Report 212: Audiovisual Co-production Agreement between the Government of Australia and the Government of the Republic of India [October 2023],,47,https://www.aph.gov.au/Parliamentary_Business/Tabled_Documents/3848
3861,2023-10-19,,"Foreign Affairs, Defence and Trade Legislation Committee",Performance of the Department of Defence in supporting the capability and capacity of Australia’s defence industry [Interim report - October 2023],Interim,47,https://www.aph.gov.au/Parliamentary_Business/Tabled_Documents/3861
3845,2023-10-19,,Standing Committee for the Scrutiny of Bills,Scrutiny digest 12 of 2023 [18 October 2023],,47,https://www.aph.gov.au/Parliamentary_Business/Tabled_Documents/3845
3864,2023-10-19,2023-10-19,Parliamentary Joint Committee on Intelligence and Security,Advisory report on the Counter-Terrorism and Other Legislation Amendment Bill 2023 [October 2023],,47,https://www.aph.gov.au/Parliamentary_Business/Tabled_Documents/3864
3847,2023-10-19,2023-10-19,"Joint Standing Committee on Foreign Affairs, Defence and Trade","Australia’s tourism and international sectors, ‘Quality and Integrity – the Quest for Sustainable Growth’: Interim Report into International Education [October 2023]",,47,https://www.aph.gov.au/Parliamentary_Business/Tabled_Documents/3847
3862,2023-10-19,2023-10-18,Parliamentary Joint Committee on Human Rights,Human rights scrutiny report 11 of 2023 [18 October 2023],,47,https://www.aph.gov.au/Parliamentary_Business/Tabled_Documents/3862
3962,2023-10-19,,Selection of Bills Committee,Report no. 12 of 2023 [19 October 2023],,47,https://www.aph.gov.au/Parliamentary_Business/Tabled_Documents/3962
11372,,2023-10-18,Selection Committee,"Selection Committee Report No. 19 relating to the consideration of committee and delegation business and private Members’  business on Monday, 13 November 2023",,47,https://www.aph.gov.au/Parliamentary_Business/Tabled_Documents/11372
3759,2023-10-17,2023-10-18,Joint Committee of Public Accounts and Audit,Report 499: Inquiry into the Annual Performance Statements 2021-22 [September 2023],,47,https://www.aph.gov.au/Parliamentary_Business/Tabled_Documents/3759
3758,2023-10-17,2023-10-17,Parliamentary Standing Committee on Public Works,"Report 7/2023 - National Capital Authority — Commonwealth Avenue Bridge, Canberra, ACT, Renewal Project [September 2023]",,47,https://www.aph.gov.au/Parliamentary_Business/Tabled_Documents/3758
11318,,2023-10-16,Standing Committee on Petitions,"Report 16: Petitions and Ministerial responses—Report, 16 October 2023",,47,https://www.aph.gov.au/Parliamentary_Business/Tabled_Documents/11318
3668,2023-10-13,,Environment and Communications References Committee,Impacts and management of feral horses in the Australian Alps [October 2023],,47,https://www.aph.gov.au/Parliamentary_Business/Tabled_Documents/3668
3658,2023-10-12,,Environment and Communications Legislation Committee,Interactive Gambling Amendment (Credit and Other Measures) Bill 2023 [Provisions] [October 2023],,47,https://www.aph.gov.au/Parliamentary_Business/Tabled_Documents/3658
3646,2023-10-11,2023-10-17,Joint Standing Committee on Trade and Investment Growth,Australia's trade and investment opportunities in a global green economy [October 2023],,47,https://www.aph.gov.au/Parliamentary_Business/Tabled_Documents/3646
3638,2023-10-11,,Education and Employment Legislation Committee,Higher Education Support Amendment (Response to the Australian Universities Accord Interim Report) Bill 2023 [Provisions] [October 2023],,47,https://www.aph.gov.au/Parliamentary_Business/Tabled_Documents/3638
3527,2023-10-09,,Standing Committee for the Scrutiny of Delegated Legislation,Delegated legislation monitor 11 of 2023 [9 October 2023],,47,https://www.aph.gov.au/Parliamentary_Business/Tabled_Documents/3527
3526,2023-10-09,,Select Committee on Commonwealth Bilateral Air Service Agreements,Commonwealth Bilateral Air Service Agreements [October 2023],,47,https://www.aph.gov.au/Parliamentary_Business/Tabled_Documents/3526
3493,2023-10-06,,Economics Legislation Committee,Competition and Consumer (Gas Market Code) Regulations 2023 [October 2023],,47,https://www.aph.gov.au/Parliamentary_Business/Tabled_Documents/3493
3466,2023-10-04,,Environment and Communications References Committee,Impacts and management of feral horses in the Australian Alps [Progress report - 4 October 2023],Progress,47,https://www.aph.gov.au/Parliamentary_Business/Tabled_Documents/3466
3443,2023-09-28,,Environment and Communications References Committee,Impacts and management of feral horses in the Australian Alps [Progress report - 28 September 2023],Progress,47,https://www.aph.gov.au/Parliamentary_Business/Tabled_Documents/3443
3440,2023-09-27,,Education and Employment Legislation Committee,Higher Education Support Amendment (Response to the Australian Universities Accord Interim Report) Bill 2023 [Provisions] [Progress report - September 2023],Progress,47,https://www.aph.gov.au/Parliamentary_Business/Tabled_Documents/3440
3436,2023-09-22,,Economics Legislation Committee,Treasury Laws Amendment (Making Multinationals Pay Their Fair Share—Integrity and Transparency) Bill 2023 [Provisions] [September 2023],,47,https://www.aph.gov.au/Parliamentary_Business/Tabled_Documents/3436
3435,2023-09-21,,Community Affairs References Committee,The worsening rental crisis in Australia [September 2023],,47,https://www.aph.gov.au/Parliamentary_Business/Tabled_Documents/3435
3398,2023-09-14,,Standing Committee for the Scrutiny of Bills,Scrutiny digest 11 of 2023 [13 September 2023],,47,https://www.aph.gov.au/Parliamentary_Business/Tabled_Documents/3398
3421,2023-09-14,,Select Committee on Australia’s Disaster Resilience,Australia’s Disaster Resilience interim report [September 2023],,47,https://www.aph.gov.au/Parliamentary_Business/Tabled_Documents/3421
3420,2023-09-14,,Rural and Regional Affairs and Transport References Committee,"Australia’s preparedness to host Commonwealth, Olympic and Paralympic Games [Interim report - September 2023]",Interim,47,https://www.aph.gov.au/Parliamentary_Business/Tabled_Documents/3420
3397,2023-09-14,,Standing Committee for the Scrutiny of Delegated Legislation,Delegated legislation monitor 10 of 2023 [13 September 2023],,47,https://www.aph.gov.au/Parliamentary_Business/Tabled_Documents/3397
3422,2023-09-14,2023-09-14,"Joint Standing Committee on Foreign Affairs, Defence and Trade",Inquiry into the Department of Defence Annual Report 2021–22,,47,https://www.aph.gov.au/Parliamentary_Business/Tabled_Documents/3422
3399,2023-09-14,2023-09-13,Joint Committee of Public Accounts and Audit,Report 500: Inquiry into procurement at Services Australia and the NDIA - Interim Report [September 2023],Interim,47,https://www.aph.gov.au/Parliamentary_Business/Tabled_Documents/3399
3418,2023-09-14,2023-09-13,Parliamentary Joint Committee on Human Rights,Human rights scrutiny report 10 of 2023 [13 September 2023],,47,https://www.aph.gov.au/Parliamentary_Business/Tabled_Documents/3418
3419,2023-09-14,,Legal and Constitutional Affairs References Committee,Current and proposed sexual consent laws in Australia [September 2023],,47,https://www.aph.gov.au/Parliamentary_Business/Tabled_Documents/3419
3424,2023-09-14,,Selection of Bills Committee,Report no. 11 of 2023 [14 September 2023],,47,https://www.aph.gov.au/Parliamentary_Business/Tabled_Documents/3424
11371,,2023-09-13,Selection Committee,"Selection Committee Report No. 18 relating to the consideration of committee and delegation business and private Members’  business on Monday, 16 October 2023",,47,https://www.aph.gov.au/Parliamentary_Business/Tabled_Documents/11371
3382,2023-09-12,,Standing Committee on Procedure,Second report of 2023: Matters of public importance and urgency motions; Use of cultural artefacts in debate; Set the Standard – Recommendation no. 10 [September 2023],,47,https://www.aph.gov.au/Parliamentary_Business/Tabled_Documents/3382
3385,2023-09-12,2023-09-11,Parliamentary Joint Committee on Intelligence and Security,Review of the Foreign Influence Transparency Scheme Amendment Rules 2023 [September 2023],,47,https://www.aph.gov.au/Parliamentary_Business/Tabled_Documents/3385
3387,2023-09-12,2023-09-12,Parliamentary Standing Committee on Public Works,Report 6/2023 - Department of Defence — Fishermans Bend Redevelopment,,47,https://www.aph.gov.au/Parliamentary_Business/Tabled_Documents/3387
3374,2023-09-11,,Economics References Committee,Compliance with an order for documents concerning the Australian Securities and Investments Commission [11 September 2023],,47,https://www.aph.gov.au/Parliamentary_Business/Tabled_Documents/3374
11317,,2023-09-11,Standing Committee on Petitions,"Report 15: Petitions and Ministerial responses—Report, 11 September 2023",,47,https://www.aph.gov.au/Parliamentary_Business/Tabled_Documents/11317
3315,2023-09-07,2023-09-06,Joint Standing Committee on Treaties,Report 211: Protocol Amending the Marrakesh Agreement Establishing the World Trade Organization Agreement on Fisheries Subsidies [September 2023],,47,https://www.aph.gov.au/Parliamentary_Business/Tabled_Documents/3315
3314,2023-09-07,2023-09-06,Parliamentary Joint Committee on Human Rights,Human rights scrutiny report 9 of 2023 [6 August 2023],,47,https://www.aph.gov.au/Parliamentary_Business/Tabled_Documents/3314
3318,2023-09-07,,Selection of Bills Committee,Report no. 10 of 2023 [7 September 2023],,47,https://www.aph.gov.au/Parliamentary_Business/Tabled_Documents/3318
3307,2023-09-06,,Legal and Constitutional Affairs Legislation Committee,Australian Capital Territory (Self-Government) Amendment Bill 2023 [Provisions] [September 2023],,47,https://www.aph.gov.au/Parliamentary_Business/Tabled_Documents/3307
3309,2023-09-06,,Standing Committee for the Scrutiny of Delegated Legislation,Delegated legislation monitor 9 of 2023 [6 September 2023],,47,https://www.aph.gov.au/Parliamentary_Business/Tabled_Documents/3309
3308,2023-09-06,,Standing Committee for the Scrutiny of Bills,Scrutiny digest 10 of 2023 [6 September 2023],,47,https://www.aph.gov.au/Parliamentary_Business/Tabled_Documents/3308
11370,,2023-09-06,Selection Committee,"Selection Committee Report No. 17 relating to the consideration of committee and delegation business and private Members’  business on Monday, 11 September 2023",,47,https://www.aph.gov.au/Parliamentary_Business/Tabled_Documents/11370
3285,2023-09-05,,Economics Legislation Committee,Annual report (No. 2 of 2023) [5 September 2023],,47,https://www.aph.gov.au/Parliamentary_Business/Tabled_Documents/3285
3281,2023-09-05,,Community Affairs References Committee,Concussions and repeated head trauma in contact sports [September 2023],,47,https://www.aph.gov.au/Parliamentary_Business/Tabled_Documents/3281
3288,2023-09-05,,"Foreign Affairs, Defence and Trade Legislation Committee",Annual report (No. 2 of 2023) [September 2023],,47,https://www.aph.gov.au/Parliamentary_Business/Tabled_Documents/3288
3287,2023-09-05,,Finance and Public Administration Legislation Committee,Annual report (No. 2 of 2023) [September 2023],,47,https://www.aph.gov.au/Parliamentary_Business/Tabled_Documents/3287
3289,2023-09-05,,Legal and Constitutional Affairs Legislation Committee,Annual report (No. 2 of 2023) [September 2023],,47,https://www.aph.gov.au/Parliamentary_Business/Tabled_Documents/3289
3290,2023-09-05,,Rural and Regional Affairs and Transport Legislation Committee,Annual report (No. 2 of 2023) [September 2023],,47,https://www.aph.gov.au/Parliamentary_Business/Tabled_Documents/3290
3283,2023-09-05,,Community Affairs Legislation Committee,Annual report (No. 2 of 2023) [September 2023],,47,https://www.aph.gov.au/Parliamentary_Business/Tabled_Documents/3283
3286,2023-09-05,,Education and Employment Legislation Committee,Annual report (No. 2 of 2023) [5 September 2023],,47,https://www.aph.gov.au/Parliamentary_Business/Tabled_Documents/3286
3284,2023-09-05,,Environment and Communications Legislation Committee,Annual report (No. 2 of 2023) [September 2023],,47,https://www.aph.gov.au/Parliamentary_Business/Tabled_Documents/3284
3238,2023-09-04,,Legal and Constitutional Affairs Legislation Committee,Budget estimates 2023-24 [September 2023],,47,https://www.aph.gov.au/Parliamentary_Business/Tabled_Documents/3238
3237,2023-09-04,,Economics Legislation Committee,Digital Assets (Market Regulation) Bill 2023 [September 2023],,47,https://www.aph.gov.au/Parliamentary_Business/Tabled_Documents/3237
11316,,2023-09-04,Standing Committee on Petitions,"Report 14: Ministerial responses—Report, 4 September 2023",,47,https://www.aph.gov.au/Parliamentary_Business/Tabled_Documents/11316
3178,2023-09-01,,Community Affairs Legislation Committee,Improving Access to Medicinal Cannabis Bill 2023 [September 2023],,47,https://www.aph.gov.au/Parliamentary_Business/Tabled_Documents/3178
3168,2023-08-31,,Economics Legislation Committee,Treasury Laws Amendment (Making Multinationals Pay Their Fair Share-Integrity and Transparency) Bill 2023 [Provisions] [Progress report - August 2023],Progress,47,https://www.aph.gov.au/Parliamentary_Business/Tabled_Documents/3168
3170,2023-08-31,,Education and Employment References Committee,Potential impacts of the Commonwealth Paid Parental Leave Scheme on small businesses and their employees [August 2023],,47,https://www.aph.gov.au/Parliamentary_Business/Tabled_Documents/3170
3172,2023-08-31,,Legal and Constitutional Affairs Legislation Committee,Migration Amendment (Strengthening Employer Compliance) Bill 2023 [Provisions] [August 2023],,47,https://www.aph.gov.au/Parliamentary_Business/Tabled_Documents/3172
3166,2023-08-31,,Community Affairs Legislation Committee,Human Rights (Children Born Alive Protection) Bill 2022,,47,https://www.aph.gov.au/Parliamentary_Business/Tabled_Documents/3166
3169,2023-08-31,,Education and Employment Legislation Committee,Social Security and Other Legislation Amendment (Miscellaneous Measures) Bill 2023 [Provisions] [August 2023],,47,https://www.aph.gov.au/Parliamentary_Business/Tabled_Documents/3169
3161,2023-08-30,,Finance and Public Administration Legislation Committee,Public Service Amendment Bill 2023 [ Provisions] [August 2023],,47,https://www.aph.gov.au/Parliamentary_Business/Tabled_Documents/3161
3162,2023-08-30,,"Foreign Affairs, Defence and Trade Legislation Committee",International Organisations (Privileges and Immunities) Amendment Bill 2023 [August 2023],,47,https://www.aph.gov.au/Parliamentary_Business/Tabled_Documents/3162
3163,2023-08-30,,Rural and Regional Affairs and Transport Legislation Committee,Inspector-General of Live Animal Exports Amendment (Animal Welfare) Bill 2023 [August 2023],,47,https://www.aph.gov.au/Parliamentary_Business/Tabled_Documents/3163
3157,2023-08-30,,Community Affairs Legislation Committee,National Occupational Respiratory Disease Registry Bill 2023 [Provisions] and National Occupational Respiratory Disease Registry (Consequential Amendments) Bill 2023 [Provisions] [August 2023],,47,https://www.aph.gov.au/Parliamentary_Business/Tabled_Documents/3157
3110,2023-08-25,,Education and Employment Legislation Committee,COVID-19 Vaccination Status (Prevention of Discrimination) Bill 2022 and Fair Work Amendment (Prohibiting COVID-19 Vaccine Discrimination) Bill 2023 [August 2023],,47,https://www.aph.gov.au/Parliamentary_Business/Tabled_Documents/3110
3109,2023-08-25,,Economics Legislation Committee,Digital Assets (Market Regulation) Bill 2023 [Progress report 25 August 2023],,47,https://www.aph.gov.au/Parliamentary_Business/Tabled_Documents/3109
3105,2023-08-24,,Legal and Constitutional Affairs Legislation Committee,Family Law Amendment Bill 2023 [Provisions] [August 2023],,47,https://www.aph.gov.au/Parliamentary_Business/Tabled_Documents/3105
3098,2023-08-23,,Community Affairs Legislation Committee,Health Insurance Amendment (Professional Services Review Scheme) Bill 2023 [August 2023],,47,https://www.aph.gov.au/Parliamentary_Business/Tabled_Documents/3098
3069,2023-08-16,,Economics Legislation Committee,Digital Assets (Market Regulation) Bill 2023 [Progress report],Progress,47,https://www.aph.gov.au/Parliamentary_Business/Tabled_Documents/3069
3067,2023-08-11,,Environment and Communications Legislation Committee,Environment and Other Legislation Amendment (Removing Nuclear Energy Prohibitions) Bill 2022 [August 2023],,47,https://www.aph.gov.au/Parliamentary_Business/Tabled_Documents/3067
3061,2023-08-10,,Rural and Regional Affairs and Transport References Committee,Project known as the Iron Boomerang [August 2023],,47,https://www.aph.gov.au/Parliamentary_Business/Tabled_Documents/3061
3063,2023-08-10,,Education and Employment References Committee,The national trend of school refusal and related matters [August 2023],,47,https://www.aph.gov.au/Parliamentary_Business/Tabled_Documents/3063
3059,2023-08-10,,Selection of Bills Committee,Report no. 9 of 2023 [10 August 2023],,47,https://www.aph.gov.au/Parliamentary_Business/Tabled_Documents/3059
3050,2023-08-09,2023-08-09,Joint Committee of Public Accounts and Audit,Report 498: ‘Commitment issues’ - an inquiry into Commonwealth procurement [August 2023],,47,https://www.aph.gov.au/Parliamentary_Business/Tabled_Documents/3050
3048,2023-08-09,,Standing Committee for the Scrutiny of Bills,Scrutiny digest 9 of 2023 [9 August 2023],,47,https://www.aph.gov.au/Parliamentary_Business/Tabled_Documents/3048
11369,,2023-08-09,Selection Committee,"Selection Committee Report No. 16 relating to the consideration of committee and delegation business and private Members’  business on Monday, 4 September 2023",,47,https://www.aph.gov.au/Parliamentary_Business/Tabled_Documents/11369
3043,2023-08-08,2023-08-08,Parliamentary Standing Committee on Public Works,5th report of 2023 - Department of Defence — Facilities to Support JP9101 Phase 1 Enhanced Defence High Frequency Communications System — 'Project Phoenix',,47,https://www.aph.gov.au/Parliamentary_Business/Tabled_Documents/3043
11336,,2023-08-07,Standing Committee on Procedure,Raising the standard: Inquiry into recommendations 10 and 27 of Set the standard: Report on the independent review into Commonwealth parliamentary workplaces,,47,https://www.aph.gov.au/Parliamentary_Business/Tabled_Documents/11336
11315,,2023-08-07,Standing Committee on Petitions,"Report 13: Petitions and Ministerial responses—Report, 7 August 2023",,47,https://www.aph.gov.au/Parliamentary_Business/Tabled_Documents/11315
3021,2023-08-03,2023-08-03,Joint Standing Committee on Treaties,Report 210: Timor-Leste Cooperation in the Field of Defence and the Status of Visiting Forces [August 2023],,47,https://www.aph.gov.au/Parliamentary_Business/Tabled_Documents/3021
3020,2023-08-03,,Education and Employment Legislation Committee,Budget estimates 2023-24 [August 2023],,47,https://www.aph.gov.au/Parliamentary_Business/Tabled_Documents/3020
3016,2023-08-03,2023-08-02,Parliamentary Joint Committee on Human Rights,Human rights scrutiny report 8 of 2023 [2 August 2023],,47,https://www.aph.gov.au/Parliamentary_Business/Tabled_Documents/3016
3019,2023-08-03,,Community Affairs Legislation Committee,Budget estimates 2023-24 [August 2023],,47,https://www.aph.gov.au/Parliamentary_Business/Tabled_Documents/3019
3018,2023-08-03,,Environment and Communications Legislation Committee,Greenhouse and Energy Minimum Standards Amendment (Administrative Changes) Bill 2023 [August 2023],,47,https://www.aph.gov.au/Parliamentary_Business/Tabled_Documents/3018
3017,2023-08-03,,Selection of Bills Committee,Report no. 8 of 2023 [3 August 2023],,47,https://www.aph.gov.au/Parliamentary_Business/Tabled_Documents/3017
3004,2023-08-02,,Standing Committee for the Scrutiny of Delegated Legislation,Delegated legislation monitor 8 of 2023 [2 August 2023],,47,https://www.aph.gov.au/Parliamentary_Business/Tabled_Documents/3004
3005,2023-08-02,,Standing Committee for the Scrutiny of Bills,Scrutiny digest 8 of 2023 [2 August 2023],,47,https://www.aph.gov.au/Parliamentary_Business/Tabled_Documents/3005
11368,,2023-08-02,Selection Committee,"Selection Committee Report No. 15 relating to the consideration of committee and delegation business and private Members’  business on Monday, 7 August 2023",,47,https://www.aph.gov.au/Parliamentary_Business/Tabled_Documents/11368
2983,2023-08-01,2023-07-31,Parliamentary Joint Committee on Intelligence and Security,Review of administration and expenditure no. 20 (2020-2021): Australian intelligence agencies [June 2023],,47,https://www.aph.gov.au/Parliamentary_Business/Tabled_Documents/2983
2982,2023-08-01,,Select Committee on Foreign Interference through Social Media,Senate Select Committee on Foreign Interference through Social Media report [August 2023],,47,https://www.aph.gov.au/Parliamentary_Business/Tabled_Documents/2982
2936,2023-07-31,,Finance and Public Administration Legislation Committee,Governor-General Amendment (Cessation of Allowances in the Public Interest) Bill 2023 [July 2023],,47,https://www.aph.gov.au/Parliamentary_Business/Tabled_Documents/2936
11314,,2023-07-31,Standing Committee on Petitions,"Report 12: Petitions and Ministerial responses—Report, 31 July 2023",,47,https://www.aph.gov.au/Parliamentary_Business/Tabled_Documents/11314
2918,2023-07-28,,Economics Legislation Committee,Treasury Laws Amendment (2023 Law Improvement Package No. 1) Bill 2023 [Provisions] [ July 2023],,47,https://www.aph.gov.au/Parliamentary_Business/Tabled_Documents/2918
2919,2023-07-28,,Economics References Committee,Inquiry into ASIC investigation and enforcement - Further report on compliance with orders for the production of documents [28 July 2023],,47,https://www.aph.gov.au/Parliamentary_Business/Tabled_Documents/2919
2908,2023-07-27,,Environment and Communications Legislation Committee,Environment Protection (Sea Dumping) Amendment (Using New Technologies to Fight Climate Change) Bill 2023 [Provisions] [July 2023],,47,https://www.aph.gov.au/Parliamentary_Business/Tabled_Documents/2908
2916,2023-07-27,,Rural and Regional Affairs and Transport Legislation Committee,Biosecurity Amendment (Advanced Compliance Measures) Bill 2023 [Provisions] [July 2023],,47,https://www.aph.gov.au/Parliamentary_Business/Tabled_Documents/2916
2909,2023-07-27,,Environment and Communications Legislation Committee,Greenhouse and Energy Minimum Standards Amendment (Administrative Changes) Bill 2023 [Progress report - 27 July 2023],Progress,47,https://www.aph.gov.au/Parliamentary_Business/Tabled_Documents/2909
2896,2023-07-26,,Community Affairs Legislation Committee,Australian Organ and Tissue Donation and Transplantation Authority Amendment (Disclosure of Information) Bill 2023 [July 2023],,47,https://www.aph.gov.au/Parliamentary_Business/Tabled_Documents/2896
2897,2023-07-26,,Legal and Constitutional Affairs Legislation Committee,Crimes Legislation Amendment (Combatting Foreign Bribery) Bill 2023 [Provisions] [July 2023],,47,https://www.aph.gov.au/Parliamentary_Business/Tabled_Documents/2897
2848,2023-07-24,,Community Affairs Legislation Committee,Social Services and Other Legislation Amendment (Strengthening the Safety Net) Bill 2023 [July 2023],,47,https://www.aph.gov.au/Parliamentary_Business/Tabled_Documents/2848
2844,2023-07-19,,Economics References Committee,Inquiry into ASIC investigation and enforcement - Report on compliance with orders for the production of documents,,47,https://www.aph.gov.au/Parliamentary_Business/Tabled_Documents/2844
2837,2023-07-12,2023-08-01,Parliamentary Joint Committee on Corporations and Financial Services,Corporate insolvency in Australia,,47,https://www.aph.gov.au/Parliamentary_Business/Tabled_Documents/2837
2836,2023-07-11,2023-08-01,Parliamentary Joint Committee on Corporations and Financial Services,Report on the 2021-2022 annual reports of bodies established under the ASIC Act,,47,https://www.aph.gov.au/Parliamentary_Business/Tabled_Documents/2836
2835,2023-07-10,2023-08-01,Parliamentary Joint Committee on Corporations and Financial Services,"Statutory inquiry into ASIC, the Takeovers Panel, and the corporations legislation: ASIC Licence transfers [Interim - July 2023]",Interim,47,https://www.aph.gov.au/Parliamentary_Business/Tabled_Documents/2835
2738,2023-07-06,,Environment and Communications Legislation Committee,Budget estimates 2023-24,,47,https://www.aph.gov.au/Parliamentary_Business/Tabled_Documents/2738
2739,2023-07-06,,Environment and Communications Legislation Committee,Environment and Other Legislation Amendment (Removing Nuclear Energy Prohibitions) Bill 2022 [Progress report - 6 July 2023],Progress,47,https://www.aph.gov.au/Parliamentary_Business/Tabled_Documents/2739
2629,2023-06-29,2023-07-31,Joint Committee of Public Accounts and Audit,Report 495: Inquiry into Commonwealth grants administration [June 2023],,47,https://www.aph.gov.au/Parliamentary_Business/Tabled_Documents/2629
2631,2023-06-29,2023-07-31,Joint Committee of Public Accounts and Audit,Report 497: Inquiry into Commonwealth Financial Statements 2021–22 [June 2023],,47,https://www.aph.gov.au/Parliamentary_Business/Tabled_Documents/2631
2630,2023-06-29,2023-07-31,Joint Committee of Public Accounts and Audit,Report 496: Inquiry into the Defence Major Projects Report 2020-21 and 2021-22 and Procurement of Hunter Class Frigates; Interim Report on the 2020-21 and 2021-22 Defence Major Projects Report [June 2023],,47,https://www.aph.gov.au/Parliamentary_Business/Tabled_Documents/2630
2622,2023-06-27,,Economics Legislation Committee,Treasury Laws Amendment (2023 Law Improvement Package No. 1) Bill 2023 [Provisions] [Progress report - 27 June 2023],Progress,47,https://www.aph.gov.au/Parliamentary_Business/Tabled_Documents/2622
2617,2023-06-27,,Environment and Communications Legislation Committee,Budget estimates 2023-24 [Progress report - 27 June 2023],Progress,47,https://www.aph.gov.au/Parliamentary_Business/Tabled_Documents/2617
2618,2023-06-27,,Finance and Public Administration Legislation Committee,Budget estimates 2023-24 [June 2023],,47,https://www.aph.gov.au/Parliamentary_Business/Tabled_Documents/2618
2616,2023-06-27,,Economics Legislation Committee,Budget estimates 2023-24 [June 2023],,47,https://www.aph.gov.au/Parliamentary_Business/Tabled_Documents/2616
2620,2023-06-27,,Rural and Regional Affairs and Transport Legislation Committee,Budget estimates 2023-24 [June 2023],,47,https://www.aph.gov.au/Parliamentary_Business/Tabled_Documents/2620
2621,2023-06-27,,Economics Legislation Committee,Digital Assets (Market Regulation) Bill 2023 [Progress report - 27 June 2023],Progress,47,https://www.aph.gov.au/Parliamentary_Business/Tabled_Documents/2621
2619,2023-06-27,,"Foreign Affairs, Defence and Trade Legislation Committee",Budget estimates 2023-24 [June 2023],,47,https://www.aph.gov.au/Parliamentary_Business/Tabled_Documents/2619
2611,2023-06-22,2023-06-22,Parliamentary Joint Committee on the Australian Commission for Law Enforcement Integrity,Final report of the Parliamentary Joint Committee on the Australian Commission for Law Enforcement Integrity,,47,https://www.aph.gov.au/Parliamentary_Business/Tabled_Documents/2611
2612,2023-06-22,2023-06-21,Parliamentary Joint Committee on Human Rights,Human rights scrutiny report 7 of 2023 [21 June 2023],,47,https://www.aph.gov.au/Parliamentary_Business/Tabled_Documents/2612
2613,2023-06-22,2023-06-21,Parliamentary Joint Committee on Human Rights,Annual report 2022 [21 June 2023],,47,https://www.aph.gov.au/Parliamentary_Business/Tabled_Documents/2613
2605,2023-06-22,,Selection of Bills Committee,Report no. 7 of 2023 [22 June 2023],,47,https://www.aph.gov.au/Parliamentary_Business/Tabled_Documents/2605
11334,,2023-06-22,Committee of Privileges and Members' Interests,Report concerning an application from Mr Andrew Dettmer for the publication of a response to a reference made in the House of Representatives,,47,https://www.aph.gov.au/Parliamentary_Business/Tabled_Documents/11334
2582,2023-06-21,,Finance and Public Administration References Committee,PwC: A Calculated Breach of Trust [June 2023],Interim,47,https://www.aph.gov.au/Parliamentary_Business/Tabled_Documents/2582
2581,2023-06-21,,Standing Committee for the Scrutiny of Delegated Legislation,Delegated legislation monitor 7 of 2023 [21 June 2023],,47,https://www.aph.gov.au/Parliamentary_Business/Tabled_Documents/2581
2580,2023-06-21,,Standing Committee for the Scrutiny of Bills,Scrutiny digest 7 of 2023 [21 June 2023],,47,https://www.aph.gov.au/Parliamentary_Business/Tabled_Documents/2580
11367,,2023-06-21,Selection Committee,"Selection Committee Report No. 14 relating to the consideration of committee and delegation business and private Members’  business on Monday, 31 July 2023",,47,https://www.aph.gov.au/Parliamentary_Business/Tabled_Documents/11367
2566,2023-06-20,2023-06-19,"Joint Standing Committee on Foreign Affairs, Defence and Trade",The Defence Industry Security Program: Review of Auditor-General Report 4 of 2021-22 [June 2023],,47,https://www.aph.gov.au/Parliamentary_Business/Tabled_Documents/2566
2565,2023-06-20,2023-06-19,Joint Standing Committee on Electoral Matters,Conduct of the 2022 federal election and other matters [Interim report - June 2023],Interim,47,https://www.aph.gov.au/Parliamentary_Business/Tabled_Documents/2565
2564,2023-06-20,,Economics References Committee,Australian Securities and Investments Commission investigation and enforcement - Interim Report: Public interest immunity claims [June 2023],,47,https://www.aph.gov.au/Parliamentary_Business/Tabled_Documents/2564
2567,2023-06-20,,Select Committee into the Provision of and Access to Dental Services in Australia,Select Committee into the Provision of and Access to Dental Services in Australia [Interim report - June 2023],Interim,47,https://www.aph.gov.au/Parliamentary_Business/Tabled_Documents/2567
11313,,2023-06-19,Standing Committee on Petitions,"Report 11: Petitions and Ministerial responses—Report, 19 June 2023",,47,https://www.aph.gov.au/Parliamentary_Business/Tabled_Documents/11313
2526,2023-06-15,2023-06-14,Parliamentary Joint Committee on Human Rights,Human rights scrutiny report 6 of 2023 [14 June 2023],,47,https://www.aph.gov.au/Parliamentary_Business/Tabled_Documents/2526
2527,2023-06-15,2023-06-14,Joint Standing Committee on Treaties,Report 209: Treaty on Extradition between Australia and the Czech Republic [June 2023],,47,https://www.aph.gov.au/Parliamentary_Business/Tabled_Documents/2527
2525,2023-06-15,,Selection of Bills Committee,Report no. 6 of 2023 [15 June 2023],,47,https://www.aph.gov.au/Parliamentary_Business/Tabled_Documents/2525
2488,2023-06-14,,Legal and Constitutional Affairs Legislation Committee,Crimes and Other Legislation Amendment (Omnibus) Bill 2023 [June 2023],,47,https://www.aph.gov.au/Parliamentary_Business/Tabled_Documents/2488
2489,2023-06-14,,Legal and Constitutional Affairs Legislation Committee,Family Law Amendment (Information Sharing) Bill 2023 [Provisions] [June 2023],,47,https://www.aph.gov.au/Parliamentary_Business/Tabled_Documents/2489
2487,2023-06-14,,Standing Committee for the Scrutiny of Bills,Scrutiny digest 6 of 2023 [14 June 2023],,47,https://www.aph.gov.au/Parliamentary_Business/Tabled_Documents/2487
11355,,2023-06-14,Selection Committee,"Selection Committee Report No. 13 relating to the consideration of committee and delegation business and private Members’  business on Monday, 19 June 2023",,47,https://www.aph.gov.au/Parliamentary_Business/Tabled_Documents/11355
2459,2023-06-13,,Environment and Communications Legislation Committee,Excise Tariff Amendment (Product Stewardship for Oil) Bill 2023 [Provisions] and Customs Tariff Amendment (Product Stewardship for Oil) Bill 2023 [Provisions] [June 2023],,47,https://www.aph.gov.au/Parliamentary_Business/Tabled_Documents/2459
2458,2023-06-13,,Legal and Constitutional Affairs Legislation Committee,"Migration Amendment (Australia’s Engagement in the Pacific and Other Measures) Bill 2023, and the Migration (Visa Pre-application Process) Charge Bill 2023 [June 2023]",,47,https://www.aph.gov.au/Parliamentary_Business/Tabled_Documents/2458
2456,2023-06-13,2023-06-13,Parliamentary Standing Committee on Public Works,"Airservices Australia – Aviation Rescue Fire Fighting Facilities, Navigation Aids and Digital Aerodrome Services project, Western Sydney International Airport [Report 4/2023 - June 2023]",,47,https://www.aph.gov.au/Parliamentary_Business/Tabled_Documents/2456
2454,2023-06-13,2023-06-13,Parliamentary Joint Committee on Intelligence and Security,Advisory Report on the Australian Security Intelligence Organisation Amendment Bill 2023 [June 2023],,47,https://www.aph.gov.au/Parliamentary_Business/Tabled_Documents/2454
2453,2023-06-13,2023-05-31,Parliamentary Joint Committee on the Australian Commission for Law Enforcement Integrity,Report on committee proceedings in the 45th Parliament [31 May 2023],,47,https://www.aph.gov.au/Parliamentary_Business/Tabled_Documents/2453
2455,2023-06-13,2023-03-30,Joint Standing Committee on the National Disability Insurance Scheme,Capability and Culture of the NDIA Interim report  [March 2023],Interim,47,https://www.aph.gov.au/Parliamentary_Business/Tabled_Documents/2455
2400,2023-06-09,,Finance and Public Administration References Committee,Administration of the referendum into an Aboriginal and Torres Strait Islander Voice [June 2023],,47,https://www.aph.gov.au/Parliamentary_Business/Tabled_Documents/2400
2401,2023-06-09,,"Foreign Affairs, Defence and Trade Legislation Committee",Defence Legislation Amendment (Naval Nuclear Propulsion) Bill 2023 [Provisions] [June 2023],,47,https://www.aph.gov.au/Parliamentary_Business/Tabled_Documents/2401
2327,2023-06-06,,Community Affairs Legislation Committee,Social Security (Administration) Amendment (Income Management Reform) Bill 2023 [Provisions] [June 2023],,47,https://www.aph.gov.au/Parliamentary_Business/Tabled_Documents/2327
2202,2023-06-02,,Standing Committee for the Scrutiny of Delegated Legislation,Delegated legislation monitor 6 of 2023 [2 June 2023],,47,https://www.aph.gov.au/Parliamentary_Business/Tabled_Documents/2202
2203,2023-06-02,,Economics Legislation Committee,Treasury Laws Amendment (2023 Measures No. 1) Bill 2023 [Provisions] [June 2023],,47,https://www.aph.gov.au/Parliamentary_Business/Tabled_Documents/2203
2154,2023-05-26,,Economics Legislation Committee,Treasury Laws Amendment (2023 Measures No. 1) Bill 2023 [Provisions] [Progress report - 26 May 2023],Progress,47,https://www.aph.gov.au/Parliamentary_Business/Tabled_Documents/2154
2152,2023-05-25,,Community Affairs References Committee,"Ending the postcode lottery: Addressing barriers to sexual, maternity and reproductive healthcare in Australia [May 2023]",,47,https://www.aph.gov.au/Parliamentary_Business/Tabled_Documents/2152
2142,2023-05-23,,Environment and Communications References Committee,Impacts and management of feral horses in the Australian Alps [Progress report - 23 May 2023],Progress,47,https://www.aph.gov.au/Parliamentary_Business/Tabled_Documents/2142
11312,,2023-05-22,Standing Committee on Petitions,"Report 10: Petitions and Ministerial responses—Report, 22 May 2023",,47,https://www.aph.gov.au/Parliamentary_Business/Tabled_Documents/11312
2128,2023-05-18,,Legal and Constitutional Affairs Legislation Committee,Criminal Code Amendment (Prohibition of Nazi Symbols) Bill 2023,,47,https://www.aph.gov.au/Parliamentary_Business/Tabled_Documents/2128
2100,2023-05-15,2023-05-22,Parliamentary Joint Committee on Intelligence and Security,National Security Legislation Amendment (Comprehensive Review and Other Measures No. 2) Bill 2023,,47,https://www.aph.gov.au/Parliamentary_Business/Tabled_Documents/2100
2086,2023-05-12,2023-05-22,Joint Select Committee on the Aboriginal and Torres Strait Islander Voice Referendum,Advisory Report on the Constitution Alteration (Aboriginal and Torres Strait Islander Voice) 2023 [May 2023],,47,https://www.aph.gov.au/Parliamentary_Business/Tabled_Documents/2086
2069,2023-05-12,,Economics Legislation Committee,Treasury Laws Amendment (Refining and Improving Our Tax System) Bill 2023 [Provisions],,47,https://www.aph.gov.au/Parliamentary_Business/Tabled_Documents/2069
2066,2023-05-11,,"Standing Committee on Appropriations, Staffing and Security",66th report - Estimates for the Department of the Senate 2023-24 [May 2023],,47,https://www.aph.gov.au/Parliamentary_Business/Tabled_Documents/2066
2064,2023-05-11,2023-05-10,Parliamentary Joint Committee on Intelligence and Security,Review of the Counter-Terrorism (Temporary Exclusion Orders) Act 2019 [April 2023],,47,https://www.aph.gov.au/Parliamentary_Business/Tabled_Documents/2064
2065,2023-05-11,,Economics Legislation Committee,National Energy Transition Authority Bill 2022 [March 2023] [additional information],Additional information,47,https://www.aph.gov.au/Parliamentary_Business/Tabled_Documents/2065
2067,2023-05-11,,Selection of Bills Committee,Report no. 5 of 2023 [11 May 2023],,47,https://www.aph.gov.au/Parliamentary_Business/Tabled_Documents/2067
2048,2023-05-10,,Standing Committee for the Scrutiny of Bills,Scrutiny digest 5 of 2023 [10 May 2023],,47,https://www.aph.gov.au/Parliamentary_Business/Tabled_Documents/2048
2049,2023-05-10,,Standing Committee for the Scrutiny of Delegated Legislation,Delegated legislation monitor 5 of 2023 [10 May 2023],,47,https://www.aph.gov.au/Parliamentary_Business/Tabled_Documents/2049
2047,2023-05-10,,Education and Employment Legislation Committee,Education Legislation Amendment (Startup Year and Other Measures) Bill 2023 [Provisions] [additional information],Additional information,47,https://www.aph.gov.au/Parliamentary_Business/Tabled_Documents/2047
2050,2023-05-10,2023-05-09,Parliamentary Joint Committee on Human Rights,Human rights scrutiny report 5 of 2023 [9 May 2023],,47,https://www.aph.gov.au/Parliamentary_Business/Tabled_Documents/2050
11352,,2023-05-10,Selection Committee,"Selection Committee Report No. 12 relating to the consideration of committee and delegation business and private Members’  business on Monday, 22 May 2023",,47,https://www.aph.gov.au/Parliamentary_Business/Tabled_Documents/11352
2017,2023-05-09,2023-05-09,Parliamentary Standing Committee on Public Works,"Report 3/2023 - Cocos (Keeling) Islands — West Island, Seawater Reverse Osmosis Plant Project and other works [May 2023]",,47,https://www.aph.gov.au/Parliamentary_Business/Tabled_Documents/2017
1775,2023-05-09,2023-05-09,Joint Committee of Public Accounts and Audit,2023-24 Draft Estimates for the Australian National Audit Office and the Parliamentary Budget Office,,47,https://www.aph.gov.au/Parliamentary_Business/Tabled_Documents/1775
1774,2023-05-09,,Rural and Regional Affairs and Transport Legislation Committee,Northern Australia Infrastructure Facility Amendment (Miscellaneous Measures) Bill 2023 [Provisions] [Additional information],Additional information,47,https://www.aph.gov.au/Parliamentary_Business/Tabled_Documents/1774
11301,,2023-05-09,"Standing Committee on Health, Aged Care and Sport",Sick and tired: Casting a long shadow—Inquiry into long COVID and repeated COVID infections,,47,https://www.aph.gov.au/Parliamentary_Business/Tabled_Documents/11301
11331,,2023-05-09,Standing Committee on Petitions,"Report 9: Petitions and Ministerial responses—Report, 9 May 2023",,47,https://www.aph.gov.au/Parliamentary_Business/Tabled_Documents/11331
1737,2023-05-08,,"Foreign Affairs, Defence and Trade References Committee",Adaptive sport programs for Australian Defence Force veterans [May 2023],,47,https://www.aph.gov.au/Parliamentary_Business/Tabled_Documents/1737
1736,2023-05-05,,Environment and Communications Legislation Committee,Annual report (No. 1 of 2023) [May 2023],,47,https://www.aph.gov.au/Parliamentary_Business/Tabled_Documents/1736
1732,2023-05-04,,Community Affairs References Committee,The extent and nature of poverty in Australia - Interim report [May 2023],Interim,47,https://www.aph.gov.au/Parliamentary_Business/Tabled_Documents/1732
1734,2023-05-04,,Rural and Regional Affairs and Transport Legislation Committee,Northern Australia Infrastructure Facility Amendment (Miscellaneous Measures) Bill 2023 [Provisions] [May 2023],,47,https://www.aph.gov.au/Parliamentary_Business/Tabled_Documents/1734
1729,2023-05-03,,Select Committee on the Cost of Living,Select Committee on the Cost of Living: Interim report [May 2023],Interim,47,https://www.aph.gov.au/Parliamentary_Business/Tabled_Documents/1729
1730,2023-05-03,,Economics Legislation Committee,Treasury Laws Amendment (Consumer Data Right) Bill 2022 [Provisions] [May 2023],,47,https://www.aph.gov.au/Parliamentary_Business/Tabled_Documents/1730
1726,2023-04-28,,Education and Employment Legislation Committee,Education Legislation Amendment (Startup Year and Other Measures) Bill 2023 [Provisions] [April 2023],,47,https://www.aph.gov.au/Parliamentary_Business/Tabled_Documents/1726
1725,2023-04-28,,Community Affairs Legislation Committee,Inspector-General of Aged Care Bill 2023 [Provisions] and Inspector-General of Aged Care (Consequential and Transitional Provisions) Bill 2023 [Provisions] [April 2023],,47,https://www.aph.gov.au/Parliamentary_Business/Tabled_Documents/1725
1728,2023-04-28,,Education and Employment Legislation Committee,Fair Work Legislation Amendment (Protecting Worker Entitlements) Bill 2023 [Provisions] [April 2023],,47,https://www.aph.gov.au/Parliamentary_Business/Tabled_Documents/1728
1723,2023-04-27,,"Foreign Affairs, Defence and Trade References Committee",Adaptive sport programs for Australian Defence Force veterans [Progress report - 27 April 2023],Progress,47,https://www.aph.gov.au/Parliamentary_Business/Tabled_Documents/1723
1718,2023-04-24,,Environment and Communications Legislation Committee,Environment and Other Legislation Amendment (Removing Nuclear Energy Prohibitions) Bill 2022 - Progress report,Progress,47,https://www.aph.gov.au/Parliamentary_Business/Tabled_Documents/1718
1719,2023-04-24,,Education and Employment Legislation Committee,Jobs and Skills Australia Amendment Bill 2023 [Provisions] [April 2023],,47,https://www.aph.gov.au/Parliamentary_Business/Tabled_Documents/1719
1714,2023-04-19,,Environment and Communications References Committee,Oil and gas exploration and production in the Beetaloo Basin,,47,https://www.aph.gov.au/Parliamentary_Business/Tabled_Documents/1714
1713,2023-04-17,,Education and Employment Legislation Committee,Education and Other Legislation Amendment (Abolishing Indexation and Raising the Minimum Repayment Income for Education and Training Loans) Bill 2022 [April 2023],,47,https://www.aph.gov.au/Parliamentary_Business/Tabled_Documents/1713
1711,2023-04-14,,Education and Employment Legislation Committee,National Vocational Education and Training Regulator (Data Streamlining) Amendment Bill 2023 [Provisions] [April 2023],,47,https://www.aph.gov.au/Parliamentary_Business/Tabled_Documents/1711
1505,2023-04-13,,Environment and Communications References Committee,Oil and gas exploration in the Beetaloo Basin - Progress report,Progress,47,https://www.aph.gov.au/Parliamentary_Business/Tabled_Documents/1505
1708,2023-04-06,,Economics Legislation Committee,Treasury Laws Amendment (Refining and Improving Our Tax System) Bill 2023 [Provisions] [6 April 2023],Progress,47,https://www.aph.gov.au/Parliamentary_Business/Tabled_Documents/1708
1700,2023-03-31,2023-05-11,"Joint Standing Committee on Foreign Affairs, Defence and Trade",Inquiry into international armed conflict decision making [March 2023],,47,https://www.aph.gov.au/Parliamentary_Business/Tabled_Documents/1700
1692,2023-03-31,,Standing Committee on Procedure,First report of 2023: Confidential review of documents subject to PII claims [March 2023],,47,https://www.aph.gov.au/Parliamentary_Business/Tabled_Documents/1692
1679,2023-03-30,,Standing Committee for the Scrutiny of Delegated Legislation,Delegated legislation monitor 4 of 2023 [29 March 2023],,47,https://www.aph.gov.au/Parliamentary_Business/Tabled_Documents/1679
1645,2023-03-30,2023-03-27,Joint Select Committee on Northern Australia,Inquiry into the Cyclone Reinsurance Pool First report [March 2023],Interim,47,https://www.aph.gov.au/Parliamentary_Business/Tabled_Documents/1645
1675,2023-03-30,2023-03-29,Parliamentary Joint Committee on Intelligence and Security,Advisory Report on Item 250 of the National Anti-Corruption Commission (Consequential and Transitional Provisions) Bill 2022 [March 2023],,47,https://www.aph.gov.au/Parliamentary_Business/Tabled_Documents/1675
1680,2023-03-30,2023-03-29,Parliamentary Joint Committee on Human Rights,Human rights scrutiny report 4 of 2023 [29 March 2023],,47,https://www.aph.gov.au/Parliamentary_Business/Tabled_Documents/1680
1676,2023-03-30,2023-03-30,Joint Committee of Public Accounts and Audit,Report 494: Inquiry into the Department of Foreign Affairs and Trade’s crisis management arrangements [March 2023],,47,https://www.aph.gov.au/Parliamentary_Business/Tabled_Documents/1676
1691,2023-03-30,2023-03-29,Joint Standing Committee on Treaties,Report 208: International Labour Organization Convention concerning the elimination of violence and harassment in the world of work (No. 190) [March 2023],,47,https://www.aph.gov.au/Parliamentary_Business/Tabled_Documents/1691
1678,2023-03-30,,Standing Committee for the Scrutiny of Bills,Scrutiny digest 4 of 2023 [30 March 2023],,47,https://www.aph.gov.au/Parliamentary_Business/Tabled_Documents/1678
1681,2023-03-30,,Economics Legislation Committee,Housing Australia Future Fund Bill 2023 [Provisions] and related bills,Additional information,47,https://www.aph.gov.au/Parliamentary_Business/Tabled_Documents/1681
1695,2023-03-30,,,"Senate Selection of Bills Committee - Report no. 4 of 2023, [30 March 2023]",,47,https://www.aph.gov.au/Parliamentary_Business/Tabled_Documents/1695
1674,2023-03-29,2023-03-29,Parliamentary Joint Committee on the National Anti-Corruption Commission,Report on proposed recommendations for appointments to the National Anti-Corruption Commission,,47,https://www.aph.gov.au/Parliamentary_Business/Tabled_Documents/1674
1652,2023-03-29,2023-03-28,Parliamentary Standing Committee on Public Works,Report 2/2023 - Department of Defence - Cocos (Keeling) Islands Airfield Upgrade Project and other works [March 2023]],,47,https://www.aph.gov.au/Parliamentary_Business/Tabled_Documents/1652
11329,,2023-03-27,Standing Committee on Petitions,"Report 8: Petitions and Ministerial responses—Report, 27 March 2023",,47,https://www.aph.gov.au/Parliamentary_Business/Tabled_Documents/11329
1598,2023-03-24,,Economics Legislation Committee,National Energy Transition Authority Bill 2022 [March 2023],,47,https://www.aph.gov.au/Parliamentary_Business/Tabled_Documents/1598
1583,2023-03-23,,Selection of Bills Committee,"Senate Selection of Bills Committee - Report no. 3 of 2023, [23 March 2023]",,47,https://www.aph.gov.au/Parliamentary_Business/Tabled_Documents/1583
1564,2023-03-22,2023-03-23,Parliamentary Joint Committee on Law Enforcement,Examination of the Australian Federal Police Annual Report 2020-21 and 2021-22,,47,https://www.aph.gov.au/Parliamentary_Business/Tabled_Documents/1564
1563,2023-03-22,2023-03-23,Parliamentary Joint Committee on the Australian Commission for Law Enforcement Integrity,Examination of the Annual Report of the Integrity Commissioner 2021-22,,47,https://www.aph.gov.au/Parliamentary_Business/Tabled_Documents/1563
1565,2023-03-22,2023-03-23,Parliamentary Joint Committee on Law Enforcement,Examination of the Australian Criminal Intelligence Commission Annual Report 2020-21 and 2021-22,,47,https://www.aph.gov.au/Parliamentary_Business/Tabled_Documents/1565
1567,2023-03-22,,Economics Legislation Committee,Housing Australia Future Fund Bill 2023 [Provisions] and related bills [March 2023],,47,https://www.aph.gov.au/Parliamentary_Business/Tabled_Documents/1567
1566,2023-03-22,,Standing Committee for the Scrutiny of Bills,Scrutiny digest 3 of 2023 [22 March 2023],,47,https://www.aph.gov.au/Parliamentary_Business/Tabled_Documents/1566
11350,,2023-03-22,Selection Committee,"Selection Committee Report No. 11 relating to the consideration of committee and delegation business and private Members’  business on Monday, 27 March 2023",,47,https://www.aph.gov.au/Parliamentary_Business/Tabled_Documents/11350
1501,2023-03-21,,Education and Employment Legislation Committee,Annual reports (No. 1 of 2023) [March 2023],,47,https://www.aph.gov.au/Parliamentary_Business/Tabled_Documents/1501
1499,2023-03-21,,Community Affairs Legislation Committee,Annual reports (No. 1 of 2023) [March 2023],,47,https://www.aph.gov.au/Parliamentary_Business/Tabled_Documents/1499
1500,2023-03-21,,Economics Legislation Committee,Annual reports (No. 1 of 2023) [March 2023],,47,https://www.aph.gov.au/Parliamentary_Business/Tabled_Documents/1500
1506,2023-03-21,2023-03-20,Parliamentary Joint Committee on Intelligence and Security,Advisory Report on the Inspector-General of Intelligence and Security and Other Legislation Amendment (Modernisation) Bill 2022,,47,https://www.aph.gov.au/Parliamentary_Business/Tabled_Documents/1506
1502,2023-03-21,,"Foreign Affairs, Defence and Trade Legislation Committee",Annual reports (No. 1 of 2023) [March 2023],,47,https://www.aph.gov.au/Parliamentary_Business/Tabled_Documents/1502
1504,2023-03-21,,Rural and Regional Affairs and Transport Legislation Committee,Annual reports (No. 1 of 2023) [March 2023],,47,https://www.aph.gov.au/Parliamentary_Business/Tabled_Documents/1504
1507,2023-03-21,2023-03-21,Parliamentary Standing Committee on Public Works,Eighty Sixth Annual Report (2022),,47,https://www.aph.gov.au/Parliamentary_Business/Tabled_Documents/1507
1508,2023-03-21,2023-03-20,Joint Standing Committee on Treaties,Report 207: Australia-Iceland Double Taxation; Underwater Cultural Heritage [March 2023],,47,https://www.aph.gov.au/Parliamentary_Business/Tabled_Documents/1508
1503,2023-03-21,,Legal and Constitutional Affairs Legislation Committee,Annual reports (No. 1 of 2023) [March 2023],,47,https://www.aph.gov.au/Parliamentary_Business/Tabled_Documents/1503
11328,,2023-03-20,Standing Committee on Petitions,"Report 7: Petitions and Ministerial responses—Report, 20 March 2023",,47,https://www.aph.gov.au/Parliamentary_Business/Tabled_Documents/11328
1375,2023-03-16,,Finance and Public Administration Legislation Committee,Workplace Gender Equality Amendment (Closing the Gender Pay Gap) Bill 2023,,47,https://www.aph.gov.au/Parliamentary_Business/Tabled_Documents/1375
1371,2023-03-15,2023-03-20,Parliamentary Joint Committee on Human Rights,Human rights scrutiny report 3 of 2023 - Quality of Care Amendment (Restrictive Practices) Principles 2022  [15 March 2023],,47,https://www.aph.gov.au/Parliamentary_Business/Tabled_Documents/1371
1369,2023-03-14,,Legal and Constitutional Affairs Legislation Committee,Public Interest Disclosure Amendment (Review) Bill 2022 [Provisions] [March 2023],,47,https://www.aph.gov.au/Parliamentary_Business/Tabled_Documents/1369
1363,2023-03-10,,Economics Legislation Committee,National Reconstruction Fund Corporation Bill 2022 [Provisions],,47,https://www.aph.gov.au/Parliamentary_Business/Tabled_Documents/1363
1360,2023-03-09,,Select Committee on Work and Care,Select Committee on Work and Care - Final report [March 2023],,47,https://www.aph.gov.au/Parliamentary_Business/Tabled_Documents/1360
1357,2023-03-09,2023-03-08,Parliamentary Joint Committee on Human Rights,Human rights scrutiny report 2 of 2023 [8 March 2023],,47,https://www.aph.gov.au/Parliamentary_Business/Tabled_Documents/1357
1359,2023-03-09,,Finance and Public Administration Legislation Committee,Annual reports (No. 1 of 2023) [March 2023],,47,https://www.aph.gov.au/Parliamentary_Business/Tabled_Documents/1359
1356,2023-03-09,,Standing Committee for Selection of Bills,"Senate Selection of Bills Committee - Report no. 2 of 2023, dated 9 February 2023",,47,https://www.aph.gov.au/Parliamentary_Business/Tabled_Documents/1356
1345,2023-03-08,2023-03-07,Joint Standing Committee on Treaties,Report 206: International Labour Organization Convention concerning Minimum Age for Admission to Employment [March 2023],,47,https://www.aph.gov.au/Parliamentary_Business/Tabled_Documents/1345
1344,2023-03-08,2023-02-14,Parliamentary Joint Committee on Intelligence and Security,Review of the 2022 relisting of four organisations as terrorist organisations under the Criminal Code [February 2023],,47,https://www.aph.gov.au/Parliamentary_Business/Tabled_Documents/1344
1342,2023-03-08,,Standing Committee for the Scrutiny of Delegated Legislation,Delegated legislation monitor 3 of 2023,,47,https://www.aph.gov.au/Parliamentary_Business/Tabled_Documents/1342
1343,2023-03-08,,Standing Committee for the Scrutiny of Bills,Scrutiny digest 2 of 2023 [8 March 2023],,47,https://www.aph.gov.au/Parliamentary_Business/Tabled_Documents/1343
11349,,2023-03-08,Selection Committee,"Selection Committee Report No. 10 relating to the consideration of committee and delegation business and private Members’  business on Monday, 20 March 2023",,47,https://www.aph.gov.au/Parliamentary_Business/Tabled_Documents/11349
1329,2023-03-07,,Legal and Constitutional Affairs Legislation Committee,Migration Amendment (Evacuation to Safety) Bill 2023,,47,https://www.aph.gov.au/Parliamentary_Business/Tabled_Documents/1329
1105,2023-03-07,,Standing Committee of Privileges,184th report - Person referred to in the Senate Mr Jason Riley [March 2023],,47,https://www.aph.gov.au/Parliamentary_Business/Tabled_Documents/1105
1325,2023-03-07,2023-02-13,Joint Standing Committee on Electoral Matters,Advisory report on the Referendum (Machinery Provisions) Amendment Bill 2022,,47,https://www.aph.gov.au/Parliamentary_Business/Tabled_Documents/1325
1328,2023-03-07,2023-03-07,Parliamentary Standing Committee on Public Works,"Report 1/2023 - Department of Employment and Workplace Relations and the Australian Electoral Commission – Proposed fit-out of new premises at London Quarter Block 40, Section 100, Canberra City, ACT and other works [March 2023]]",,47,https://www.aph.gov.au/Parliamentary_Business/Tabled_Documents/1328
1104,2023-03-07,,Standing Committee of Privileges,183rd report - Possible obstruction of the work of the Parliamentary Joint Committee on Law Enforcement [March 2023],,47,https://www.aph.gov.au/Parliamentary_Business/Tabled_Documents/1104
1301,2023-03-06,,Environment and Communications Legislation Committee,Safeguard Mechanism (Crediting) Amendment Bill 2022 [Provisions] [March 2023],,47,https://www.aph.gov.au/Parliamentary_Business/Tabled_Documents/1301
11385,,2023-03-06,Select Committee on Workforce Australia Employment Services,Your Future Planning: Interim report on ParentsNext [February 2023],,47,https://www.aph.gov.au/Parliamentary_Business/Tabled_Documents/11385
11326,,2023-03-06,Standing Committee on Petitions,"Report 6: Petitions and Ministerial responses—Report, 6 March 2023",,47,https://www.aph.gov.au/Parliamentary_Business/Tabled_Documents/11326
1233,2023-03-03,,Economics Legislation Committee,Treasury Laws Amendment (Modernising Business Communications and Other Measures) Bill 2022 [Provisions] [March 2023],,47,https://www.aph.gov.au/Parliamentary_Business/Tabled_Documents/1233
1232,2023-03-03,,Economics Legislation Committee,Treasury Laws Amendment (2022 Measures No. 4) Bill 2022 [Provisions] [March 2023],,47,https://www.aph.gov.au/Parliamentary_Business/Tabled_Documents/1232
1141,2023-02-20,,Standing Committee of Senators' Interests,Report 1 of 2023,,47,https://www.aph.gov.au/Parliamentary_Business/Tabled_Documents/1141
11332,,2023-02-16,Committee of Privileges and Members' Interests,Report concerning the registration and declaration on Members' interests during 2022 [February 2023],,47,https://www.aph.gov.au/Parliamentary_Business/Tabled_Documents/11332
11381,,2023-02-15,Selection Committee,"Selection Committee Report No. 9 relating to the consideration of committee and delegation business and private Members’  business on Monday, 6 March 2023",,47,https://www.aph.gov.au/Parliamentary_Business/Tabled_Documents/11381
11325,,2023-02-13,Standing Committee on Petitions,"Report 5: Ministerial responses—Report, 13 February 2023",,47,https://www.aph.gov.au/Parliamentary_Business/Tabled_Documents/11325
1098,2023-02-09,,Rural and Regional Affairs and Transport References Committee,"Adequacy of Australia’s biosecurity measures and response preparedness, in particular with respect to foot-and-mouth disease and varroa mite",Additional information,47,https://www.aph.gov.au/Parliamentary_Business/Tabled_Documents/1098
1097,2023-02-09,,Community Affairs Legislation Committee,Budget estimates 2022-23,,47,https://www.aph.gov.au/Parliamentary_Business/Tabled_Documents/1097
1099,2023-02-09,2023-02-08,Joint Standing Committee on Treaties,Report 204: Agreement between the Government of Australia and the Government of the United States of America on Access to Electronic Data for the Purpose of Countering Serious Crime,,47,https://www.aph.gov.au/Parliamentary_Business/Tabled_Documents/1099
1096,2023-02-09,2023-02-08,Parliamentary Joint Committee on Human Rights,Human rights scrutiny report 1 of 2023 [8 February 2023],,47,https://www.aph.gov.au/Parliamentary_Business/Tabled_Documents/1096
1100,2023-02-09,2023-02-08,Joint Standing Committee on Treaties,Report 205: Joint Initiative on Services Domestic Regulation,,47,https://www.aph.gov.au/Parliamentary_Business/Tabled_Documents/1100
1095,2023-02-09,,Standing Committee for Selection of Bills,"Senate Selection of Bills Committee - Report no. 1 of 2023, dated 9 February 2023",,47,https://www.aph.gov.au/Parliamentary_Business/Tabled_Documents/1095
11293,,2023-02-09,Standing Committee on Economics,Review of the Reserve Bank of Australia annual report 2021,,47,https://www.aph.gov.au/Parliamentary_Business/Tabled_Documents/11293
1088,2023-02-08,,Legal and Constitutional Affairs Legislation Committee,National Emergency (2022 New South Wales Floods) Declaration 2022,,47,https://www.aph.gov.au/Parliamentary_Business/Tabled_Documents/1088
1087,2023-02-08,,Standing Committee for the Scrutiny of Bills,"Scrutiny digest 1 of 2023, 8 February 2023",,47,https://www.aph.gov.au/Parliamentary_Business/Tabled_Documents/1087
1086,2023-02-08,,Standing Committee for the Scrutiny of Delegated Legislation,Delegated legislation monitor 2 of 2023,,47,https://www.aph.gov.au/Parliamentary_Business/Tabled_Documents/1086
11380,,2023-02-08,Selection Committee,"Selection Committee Report No. 8 relating to the consideration of committee and delegation business and private Members’  business on Monday, 13 February 2023",,47,https://www.aph.gov.au/Parliamentary_Business/Tabled_Documents/11380
1067,2023-02-07,2022-12-01,Joint Standing Committee on Treaties,Report 203: Australia-Japan Reciprocal Access Agreement; Global Convention on the Recognition of Qualifications,,47,https://www.aph.gov.au/Parliamentary_Business/Tabled_Documents/1067
1066,2023-02-07,,Legal and Constitutional Affairs Legislation Committee,Budget estimates 2022-23: October and November 2022,,47,https://www.aph.gov.au/Parliamentary_Business/Tabled_Documents/1066
11324,,2023-02-06,Standing Committee on Petitions,"Report 4: Petitions and Ministerial responses—Report, 6 February 2023",,47,https://www.aph.gov.au/Parliamentary_Business/Tabled_Documents/11324
985,2023-02-02,,,Register of Senators Interests incorporating statements of registrable interests and alterations lodged between 1 September and 31 December 2022,,47,https://www.aph.gov.au/Parliamentary_Business/Tabled_Documents/985
979,2023-01-25,,Standing Committee for the Scrutiny of Delegated Legislation,Delegated legislation monitor 1 of 2023,,47,https://www.aph.gov.au/Parliamentary_Business/Tabled_Documents/979
954,2022-12-22,,Economics Legislation Committee,National Energy Transition Authority Bill 2022 [Provisions],Progress,47,https://www.aph.gov.au/Parliamentary_Business/Tabled_Documents/954
956,2022-12-22,,Economics Legislation Committee,Treasury Laws Amendment (2022 Measures No. 4) Bill 2022 [Provisions],Progress,47,https://www.aph.gov.au/Parliamentary_Business/Tabled_Documents/956
955,2022-12-22,,Economics Legislation Committee,National Reconstruction Fund Bill 2022 [Provisions],Progress,47,https://www.aph.gov.au/Parliamentary_Business/Tabled_Documents/955
958,2022-12-22,,Finance and Public Administration Legislation Committee,Budget estimates 2022-23,,47,https://www.aph.gov.au/Parliamentary_Business/Tabled_Documents/958
957,2022-12-22,,Economics Legislation Committee,Treasury Laws Amendment (Modernising Business Communications and Other Measures Bill 2022 [Provisions],Progress,47,https://www.aph.gov.au/Parliamentary_Business/Tabled_Documents/957
953,2022-12-22,,Economics Legislation Committee,Budget estimates 2022-23,,47,https://www.aph.gov.au/Parliamentary_Business/Tabled_Documents/953
940,2022-12-16,,Environment and Communications Legislation Committee,Budget estimates 2022-23 : October and November 2022,,47,https://www.aph.gov.au/Parliamentary_Business/Tabled_Documents/940
927,2022-12-09,,Rural and Regional Affairs and Transport Legislation Committee,Budget estimates 2022-23,,47,https://www.aph.gov.au/Parliamentary_Business/Tabled_Documents/927
918,2022-12-08,,Rural and Regional Affairs and Transport References Committee,"Adequacy of Australia’s biosecurity measures and response preparedness, in particular with respect to foot-and-mouth disease and varroa mite",,47,https://www.aph.gov.au/Parliamentary_Business/Tabled_Documents/918
917,2022-12-07,,Rural and Regional Affairs and Transport References Committee,Fisheries quota system,,47,https://www.aph.gov.au/Parliamentary_Business/Tabled_Documents/917
908,2022-12-01,,Standing Committee for Selection of Bills,"Senate Selection of Bills Committee - Report no. 8 of 2022, dated 1 December 2022",,47,https://www.aph.gov.au/Parliamentary_Business/Tabled_Documents/908
893,2022-11-30,,Standing Committee for the Scrutiny of Bills,"Scrutiny digest 8 of 2022, 30 November 2022",,47,https://www.aph.gov.au/Parliamentary_Business/Tabled_Documents/893
904,2022-11-30,,Education and Employment Legislation Committee,Family Assistance Legislation Amendment (Cheaper Child Care) Bill 2022 [Provisions],Additional information,47,https://www.aph.gov.au/Parliamentary_Business/Tabled_Documents/904
892,2022-11-30,,Education and Employment Legislation Committee,"Fair Work Legislation Amendment (Secure Jobs, Better Pay) Bill 2022 [Provisions]",Additional information,47,https://www.aph.gov.au/Parliamentary_Business/Tabled_Documents/892
894,2022-11-30,,Standing Committee for the Scrutiny of Delegated Legislation,"Delegated legislation monitor 9 of 2022, 30 November 2022",,47,https://www.aph.gov.au/Parliamentary_Business/Tabled_Documents/894
11379,,2022-11-30,Selection Committee,"Selection Committee Report No. 7 relating to the consideration of committee and delegation business and private Members’  business on Monday, 6 February 2023",,47,https://www.aph.gov.au/Parliamentary_Business/Tabled_Documents/11379
885,2022-11-29,,"Foreign Affairs, Defence and Trade Legislation Committee",Budget estimates 2022-23 - November 2022,,47,https://www.aph.gov.au/Parliamentary_Business/Tabled_Documents/885
884,2022-11-29,,Education and Employment Legislation Committee,Budget estimates 2022-23 - November 2022,,47,https://www.aph.gov.au/Parliamentary_Business/Tabled_Documents/884
886,2022-11-29,2022-11-29,Joint Select Committee on Parliamentary Standards,"Joint Select Committee on Parliamentary Standards final report, November 2022",,47,https://www.aph.gov.au/Parliamentary_Business/Tabled_Documents/886
11323,,2022-11-28,Standing Committee on Petitions,"Report 3: Petitions and Ministerial responses—Report, 28 November 2022",,47,https://www.aph.gov.au/Parliamentary_Business/Tabled_Documents/11323
866,2022-11-25,2022-11-28,Parliamentary Joint Committee on Human Rights,Human rights scrutiny report 6 of 2022 [24 November 2022],,47,https://www.aph.gov.au/Parliamentary_Business/Tabled_Documents/866
860,2022-11-24,,Standing Committee for Selection of Bills,"Senate Selection of Bills Committee - Report no. 7 of 2022, dated 24 November 2022",,47,https://www.aph.gov.au/Parliamentary_Business/Tabled_Documents/860
854,2022-11-23,,Standing Committee for the Scrutiny of Bills,"Scrutiny digest 7 of 2022, 23 November 2022",,47,https://www.aph.gov.au/Parliamentary_Business/Tabled_Documents/854
852,2022-11-23,,Standing Committee for the Scrutiny of Delegated Legislation,"Delegated legislation monitor 8 of 2022, 23 November 2022",,47,https://www.aph.gov.au/Parliamentary_Business/Tabled_Documents/852
11378,,2022-11-23,Selection Committee,"Selection Committee Report No. 6 relating to the consideration of committee and delegation business and private Members’  business on Monday, 28 November 2022",,47,https://www.aph.gov.au/Parliamentary_Business/Tabled_Documents/11378
840,2022-11-22,,Education and Employment Legislation Committee,"Fair Work Legislation Amendment (Secure Jobs, Better Pay) Bill 2022 [Provisions]",,47,https://www.aph.gov.au/Parliamentary_Business/Tabled_Documents/840
841,2022-11-22,,Legal and Constitutional Affairs Legislation Committee,Privacy Legislation Amendment (Enforcement and Other Measures) Bill 2022 [Provisions],,47,https://www.aph.gov.au/Parliamentary_Business/Tabled_Documents/841
838,2022-11-22,2022-11-21,Joint Standing Committee on Treaties,Report 202: Australia-India Economic Cooperation and Trade Agreement,,47,https://www.aph.gov.au/Parliamentary_Business/Tabled_Documents/838
839,2022-11-22,2022-11-09,Parliamentary Joint Committee on Intelligence and Security,Review of the regulation relisting Islamic State Somalia as a terrorist organisation under the Criminal Code Act 1995,,47,https://www.aph.gov.au/Parliamentary_Business/Tabled_Documents/839
837,2022-11-22,2022-11-21,Joint Standing Committee on Treaties,Report 201: Free Trade Agreement between Australia and the United Kingdom of Great Britain and Northern Ireland,,47,https://www.aph.gov.au/Parliamentary_Business/Tabled_Documents/837
834,2022-11-21,,Legal and Constitutional Affairs Legislation Committee,Crimes Amendment (Penalty Unit) Bill 2022 [Provisions],,47,https://www.aph.gov.au/Parliamentary_Business/Tabled_Documents/834
768,2022-11-17,,Education and Employment Legislation Committee,"Fair Work Legislation Amendment (Secure Jobs, Better Pay) Bill 2022 [Provisions]",Progress,47,https://www.aph.gov.au/Parliamentary_Business/Tabled_Documents/768
767,2022-11-17,,Economics Legislation Committee,Treasury Laws Amendment (2022 Measures No. 3) Bill 2022 [Provisions] and related bills,,47,https://www.aph.gov.au/Parliamentary_Business/Tabled_Documents/767
773,2022-11-17,,Legal and Constitutional Affairs Legislation Committee,Parliamentary Privileges Amendment (Royal Commission Response) Bill 2022,,47,https://www.aph.gov.au/Parliamentary_Business/Tabled_Documents/773
769,2022-11-17,,Environment and Communications Legislation Committee,Offshore Electricity Infrastructure Legislation Amendment Bill 2022 [Provisions],,47,https://www.aph.gov.au/Parliamentary_Business/Tabled_Documents/769
735,2022-11-16,,Finance and Public Administration Legislation Committee,Emergency Response Fund Amendment (Disaster Ready Fund) Bill 2022 [Provisions],,47,https://www.aph.gov.au/Parliamentary_Business/Tabled_Documents/735
734,2022-11-16,,Education and Employment Legislation Committee,Family Assistance Legislation Amendment (Cheaper Child Care) Bill 2022 [Provisions],,47,https://www.aph.gov.au/Parliamentary_Business/Tabled_Documents/734
731,2022-11-10,2022-11-10,Joint Select Committee on National Anti-Corruption Commission Legislation,Advisory report on the provisions of the National Anti-Corruption Commission Bill 2022 and the National Anti-Corruption Commission (Consequential and Transitional Provisions) Bill 2022,,47,https://www.aph.gov.au/Parliamentary_Business/Tabled_Documents/731
727,2022-11-10,,Community Affairs Legislation Committee,Social Services and Other Legislation Amendment (Workforce Incentive) Bill 2022 [Provisions],,47,https://www.aph.gov.au/Parliamentary_Business/Tabled_Documents/727
11377,,2022-11-09,Selection Committee,"Selection Committee Report No. 5 relating to the consideration of committee and delegation business and private Members’  business on Monday, 21 November 2022",,47,https://www.aph.gov.au/Parliamentary_Business/Tabled_Documents/11377
11322,,2022-11-07,Standing Committee on Petitions,"Report 2: Petitions and Ministerial responses—Report, 7 November 2022",,47,https://www.aph.gov.au/Parliamentary_Business/Tabled_Documents/11322
717,2022-11-03,,Legal and Constitutional Affairs Legislation Committee,Anti-Discrimination and Human Rights Legislation Amendment (Respect at Work) Bill 2022 [Provisions],,47,https://www.aph.gov.au/Parliamentary_Business/Tabled_Documents/717
661,2022-10-27,,"Standing Committee on Appropriations, Staffing and Security","65th report, dated October 2022: Estimates for the Department of the Senate 2022-23",,47,https://www.aph.gov.au/Parliamentary_Business/Tabled_Documents/661
732,2022-10-27,,Standing Committee for Selection of Bills,"Senate Selection of Bills Committee - Report no. 6 of 2022, dated 27 October 2022",,47,https://www.aph.gov.au/Parliamentary_Business/Tabled_Documents/732
644,2022-10-26,,Standing Committee for the Scrutiny of Bills,"Scrutiny digest 6 of 2022, 26 October 2022",,47,https://www.aph.gov.au/Parliamentary_Business/Tabled_Documents/644
646,2022-10-26,2022-10-26,Parliamentary Standing Committee on Public Works,AIR7000 Phase 1B Remotely Piloted Aircraft System Facilities Project and other works - 4th report of 2022,,47,https://www.aph.gov.au/Parliamentary_Business/Tabled_Documents/646
645,2022-10-26,,Standing Committee for the Scrutiny of Delegated Legislation,"Delegated legislation monitor 7 of 2022, 26 October 2022",,47,https://www.aph.gov.au/Parliamentary_Business/Tabled_Documents/645
11376,,2022-10-26,Selection Committee,"Selection Committee Report No. 4 relating to the consideration of committee and delegation business and private Members’  business on Monday, 7 November 2022",,47,https://www.aph.gov.au/Parliamentary_Business/Tabled_Documents/11376
597,2022-10-25,2022-10-25,Joint Committee of Public Accounts and Audit,"Executive minutes on reports Nos 486, 488, 489, 490, 491 and 492",,47,https://www.aph.gov.au/Parliamentary_Business/Tabled_Documents/597
596,2022-10-25,2022-10-25,Joint Committee of Public Accounts and Audit,2022-23 Draft Estimates for the Australian National Audit Office and the Parliamentary Budget Office,,47,https://www.aph.gov.au/Parliamentary_Business/Tabled_Documents/596
595,2022-10-25,2022-10-25,Joint Committee of Public Accounts and Audit,Report 493: Annual Report 2021-22,,47,https://www.aph.gov.au/Parliamentary_Business/Tabled_Documents/595
515,2022-10-24,,Education and Employment Legislation Committee,Fair Work Amendment (Equal Pay for Equal Work) Bill 2022,,47,https://www.aph.gov.au/Parliamentary_Business/Tabled_Documents/515
520,2022-10-24,,Economics Legislation Committee,"Financial Accountability Regime Bill 2022 [Provisions], Financial Sector Reform Bill 2022 [Provisions], Financial Services Compensation Scheme of Last Resort Levy Bill 2022 [Provisions] and Financial Services Compensation Scheme of Last Resort Levy (Collection) Bill 2022 [Provisions]",,47,https://www.aph.gov.au/Parliamentary_Business/Tabled_Documents/520
469,2022-10-20,2022-10-25,Parliamentary Joint Committee on Human Rights,Human rights scrutiny report 5 of 2022 [20 October 2022],,47,https://www.aph.gov.au/Parliamentary_Business/Tabled_Documents/469
466,2022-10-20,,Community Affairs Legislation Committee,Social Services and Other Legislation Amendment (Incentivising Pensioners to Downsize) Bill 2022 [Provisions],,47,https://www.aph.gov.au/Parliamentary_Business/Tabled_Documents/466
492,2022-10-20,,Economics Legislation Committee,"Financial Accountability Regime Bill 2022 [Provisions], Financial Sector Reform Bill 2022 [Provisions], Financial Services Compensation Scheme of Last Resort Levy Bill 2022 [Provisions] and Financial Services Compensation Scheme of Last Resort Levy (Collection) Bill 2022 [Provisions]",Progress,47,https://www.aph.gov.au/Parliamentary_Business/Tabled_Documents/492
434,2022-10-18,,Select Committee on Work and Care,Select Committee on Work and Care interim report - October 2022,,47,https://www.aph.gov.au/Parliamentary_Business/Tabled_Documents/434
389,2022-09-30,,Community Affairs Legislation Committee,Social Services Legislation Amendment (Enhancing Pensioner and Veteran Workforce Participation) Bill 2022,,47,https://www.aph.gov.au/Parliamentary_Business/Tabled_Documents/389
383,2022-09-28,,Standing Committee for the Scrutiny of Bills,"Senate Scrutiny of Bills Committee - Report no. 5 of 2022, dated 28 September 2022",,47,https://www.aph.gov.au/Parliamentary_Business/Tabled_Documents/383
379,2022-09-28,2022-09-28,Parliamentary Joint Committee on Human Rights,Annual report 2021 [28 September 2022],,47,https://www.aph.gov.au/Parliamentary_Business/Tabled_Documents/379
377,2022-09-28,,Standing Committee for the Scrutiny of Delegated Legislation,Standing Committee for the Scrutiny of Delegated Legislation annual report for 2021,,47,https://www.aph.gov.au/Parliamentary_Business/Tabled_Documents/377
378,2022-09-28,,Standing Committee for the Scrutiny of Delegated Legislation,Standing Committee for the Scrutiny of Delegated Legislation - Delegated legislation monitor 6 of 2022,,47,https://www.aph.gov.au/Parliamentary_Business/Tabled_Documents/378
380,2022-09-28,2022-09-28,Parliamentary Joint Committee on Human Rights,Human rights scrutiny report 4 of 2022 [28 September 2022],,47,https://www.aph.gov.au/Parliamentary_Business/Tabled_Documents/380
381,2022-09-28,,Standing Committee for Selection of Bills,"Senate Selection of Bills Committee - Report no. 5 of 2022, dated 28 September 2022",,47,https://www.aph.gov.au/Parliamentary_Business/Tabled_Documents/381
11382,,2022-09-28,Selection Committee,Selection Committee Report No. 3 relating to the consideration of bills introduced 1 August to 28 September 2022,,47,https://www.aph.gov.au/Parliamentary_Business/Tabled_Documents/11382
355,2022-09-27,,Rural and Regional Affairs and Transport Legislation Committee,Don’t mince words: Definitions of meat and other animal products,Additional information,47,https://www.aph.gov.au/Parliamentary_Business/Tabled_Documents/355
345,2022-09-26,2022-09-26,Parliamentary Joint Committee on Intelligence and Security,"Review of the listing and re-listing of eight organisations as terrorist organisations under the Criminal Code—Abu Sayyaf Group, al Qa’ida, al Qa’ida in the Lands of the Islamic Maghreb, Hamas, Hay’at Tahrir al-Sham, Hurras al-Din, Jemaah Islamiyah, National Socialist Order",,47,https://www.aph.gov.au/Parliamentary_Business/Tabled_Documents/345
11311,,2022-09-26,Standing Committee on Petitions,"Report 1: Petitions and Ministerial responses—Report, 26 September 2022",,47,https://www.aph.gov.au/Parliamentary_Business/Tabled_Documents/11311
298,2022-09-21,,Standing Committee of Senators' Interests,"Register of senators’ interests incorporating statements of registrable interests and notifications of alterations lodged between 1 July 2022 and 31 August 2022, dated September 2022",,47,https://www.aph.gov.au/Parliamentary_Business/Tabled_Documents/298
260,2022-09-08,,Legal and Constitutional Affairs Legislation Committee,Budget estimates 2017-18 (Supplementary),Additional information,47,https://www.aph.gov.au/Parliamentary_Business/Tabled_Documents/260
268,2022-09-08,2022-09-07,Parliamentary Joint Committee on Human Rights,Human rights scrutiny report 3 of 2022 [7 September 2022],,47,https://www.aph.gov.au/Parliamentary_Business/Tabled_Documents/268
262,2022-09-08,,Legal and Constitutional Affairs Legislation Committee,Budget estimates 2018-19,Additional information,47,https://www.aph.gov.au/Parliamentary_Business/Tabled_Documents/262
265,2022-09-08,,Legal and Constitutional Affairs Legislation Committee,Budget estimates 2019-20,Additional information,47,https://www.aph.gov.au/Parliamentary_Business/Tabled_Documents/265
266,2022-09-08,,Economics Legislation Committee,Budget estimates 2022-23,Additional information,47,https://www.aph.gov.au/Parliamentary_Business/Tabled_Documents/266
264,2022-09-08,,Legal and Constitutional Affairs Legislation Committee,Additional estimates 2018-19,Additional information,47,https://www.aph.gov.au/Parliamentary_Business/Tabled_Documents/264
261,2022-09-08,,Legal and Constitutional Affairs Legislation Committee,Additional estimates 2017-18,Additional information,47,https://www.aph.gov.au/Parliamentary_Business/Tabled_Documents/261
263,2022-09-08,,Legal and Constitutional Affairs Legislation Committee,Budget estimates 2018-19 (Supplementary),Additional information,47,https://www.aph.gov.au/Parliamentary_Business/Tabled_Documents/263
267,2022-09-08,,Procedure Committee,"Second report of 2022, dated September 2022: Hours of meeting and routine of business, Matters of public importance and urgency motions",,47,https://www.aph.gov.au/Parliamentary_Business/Tabled_Documents/267
269,2022-09-08,,Education and Employment Legislation Committee,Jobs and Skills Australia Bill 2022 [Provisions] and Jobs and Skills Australia (National Skills Commissioner Repeal) Bill 2022 [Provisions],,47,https://www.aph.gov.au/Parliamentary_Business/Tabled_Documents/269
270,2022-09-08,,Standing Committee for Selection of Bills,"Report no. 4 of 2022, dated 8 September 2022",,47,https://www.aph.gov.au/Parliamentary_Business/Tabled_Documents/270
251,2022-09-07,,Education and Employment Legislation Committee,"Report on annual reports referred to legislation committees, no. 2 of 2022, dated September 2022",,47,https://www.aph.gov.au/Parliamentary_Business/Tabled_Documents/251
252,2022-09-07,,Legal and Constitutional Affairs Legislation Committee,"Report on annual reports referred to legislation committees, no. 2 of 2022, dated September 2022",,47,https://www.aph.gov.au/Parliamentary_Business/Tabled_Documents/252
250,2022-09-07,,Economics Legislation Committee,"Report on annual reports referred to legislation committees, no. 2 of 2022, dated September 2022",,47,https://www.aph.gov.au/Parliamentary_Business/Tabled_Documents/250
246,2022-09-07,,Standing Committee for the Scrutiny of Bills,Scrutiny digest 4 of 2022,,47,https://www.aph.gov.au/Parliamentary_Business/Tabled_Documents/246
255,2022-09-07,,Standing Committee for the Scrutiny of Delegated Legislation,Delegated legislation monitor 5 of 2022 - ministerial and committee correspondence,,47,https://www.aph.gov.au/Parliamentary_Business/Tabled_Documents/255
247,2022-09-07,,Standing Committee for the Scrutiny of Delegated Legislation,Delegated legislation monitor 5 of 2022,,47,https://www.aph.gov.au/Parliamentary_Business/Tabled_Documents/247
248,2022-09-07,,Standing Committee for the Scrutiny of Delegated Legislation,Committee and ministerial correspondence in the 46th Parliament,,47,https://www.aph.gov.au/Parliamentary_Business/Tabled_Documents/248
249,2022-09-07,,Community Affairs Legislation Committee,"Report on annual reports referred to legislation committees, no. 2 of 2022, dated September 2022",,47,https://www.aph.gov.au/Parliamentary_Business/Tabled_Documents/249
11375,,2022-09-07,Selection Committee,"Selection Committee Report No. 2 relating to the consideration of committee and delegation business and private Members’  business on Monday, 12 September 2022",,47,https://www.aph.gov.au/Parliamentary_Business/Tabled_Documents/11375
236,2022-09-06,,Economics Legislation Committee,Treasury Laws Amendment (Electric Car Discount) Bill 2022 [Provisions],,47,https://www.aph.gov.au/Parliamentary_Business/Tabled_Documents/236
238,2022-09-06,2022-09-06,Parliamentary Standing Committee on Public Works,Eighty Fifth Annual Report (2021),,47,https://www.aph.gov.au/Parliamentary_Business/Tabled_Documents/238
237,2022-09-06,,Legal and Constitutional Affairs References Committee,Application of the United Nations Declaration on the Rights of Indigenous Peoples in Australia [Additional information],Additional information,47,https://www.aph.gov.au/Parliamentary_Business/Tabled_Documents/237
211,2022-09-02,,Community Affairs Legislation Committee,Aged Care Amendment (Implementing Care Reform) Bill 2022 [Provisions],,47,https://www.aph.gov.au/Parliamentary_Business/Tabled_Documents/211
210,2022-09-01,,Education and Employment Legislation Committee,Fair Work Amendment (Paid Family and Domestic Violence Leave) Bill 2022 [Provisions],,47,https://www.aph.gov.au/Parliamentary_Business/Tabled_Documents/210
197,2022-08-31,,Environment and Communications Legislation Committee,Climate Change Bill 2022 [Provisions] and Climate Change (Consequential Amendments) Bill 2022 [Provisions],,47,https://www.aph.gov.au/Parliamentary_Business/Tabled_Documents/197
194,2022-08-31,,Community Affairs Legislation Committee,Aged Care Amendment (Implementing Care Reform) Bill 2022 [Provisions],Progress,47,https://www.aph.gov.au/Parliamentary_Business/Tabled_Documents/194
195,2022-08-31,,Community Affairs Legislation Committee,Social Security (Administration) Amendment (Repeal of Cashless Debit Card and Other Measures) Bill 2022,,47,https://www.aph.gov.au/Parliamentary_Business/Tabled_Documents/195
155,2022-08-24,,Community Affairs Legislation Committee,Social Services and Other Legislation Amendment (Lifting the Income Limit for the Commonwealth Seniors Health Card) Bill 2022 [Provisions],,47,https://www.aph.gov.au/Parliamentary_Business/Tabled_Documents/155
144,2022-08-12,,Environment and Communications Legislation Committee,"Report on annual reports referred to legislation committees, no. 1 and 2 of 2022, dated August 2022",,47,https://www.aph.gov.au/Parliamentary_Business/Tabled_Documents/144
145,2022-08-12,,Rural and Regional Affairs and Transport Legislation Committee,"Report on annual reports referred to legislation committees, no. 1 and 2 of 2022, dated August 2022",,47,https://www.aph.gov.au/Parliamentary_Business/Tabled_Documents/145
126,2022-08-04,,Environment and Communications Legislation Committee,Additional Estimates 2021-22,Additional information,47,https://www.aph.gov.au/Parliamentary_Business/Tabled_Documents/126
133,2022-08-04,,Finance and Public Administration Legislation Committee,"Report on annual reports referred to legislation committees, no. 1 and 2 of 2022, dated August 2022",,47,https://www.aph.gov.au/Parliamentary_Business/Tabled_Documents/133
123,2022-08-04,,Environment and Communications Legislation Committee,Additional Estimates 2020-21,Additional information,47,https://www.aph.gov.au/Parliamentary_Business/Tabled_Documents/123
134,2022-08-04,,Rural and Regional Affairs and Transport Legislation Committee,Reference not disposed of at the end of the 46th parliament - Inquiry into the fisheries quota system,,47,https://www.aph.gov.au/Parliamentary_Business/Tabled_Documents/134
127,2022-08-04,,Environment and Communications Legislation Committee,Budget Estimates 2022-23,Additional information,47,https://www.aph.gov.au/Parliamentary_Business/Tabled_Documents/127
122,2022-08-04,,Environment and Communications Legislation Committee,Budget Estimates 2020-21,Additional information,47,https://www.aph.gov.au/Parliamentary_Business/Tabled_Documents/122
124,2022-08-04,,Environment and Communications Legislation Committee,Budget Estimates 2021-22,Additional information,47,https://www.aph.gov.au/Parliamentary_Business/Tabled_Documents/124
125,2022-08-04,,Environment and Communications Legislation Committee,Budget Estimates 2021-22 (Supplementary),Additional information,47,https://www.aph.gov.au/Parliamentary_Business/Tabled_Documents/125
137,2022-08-04,,Environment and Communications Legislation Committee,References not disposed of at the end of the 46th parliament - Inquiry into oil and gas exploration in the Beetaloo Basin; Inquiry into Australia's faunal extinction crisis (to be renamed Inquiry into Australia's extinction crisis),,47,https://www.aph.gov.au/Parliamentary_Business/Tabled_Documents/137
135,2022-08-04,,Standing Committee for Selection of Bills,"Report no. 3 of 2022, dated 4 August 2022",,47,https://www.aph.gov.au/Parliamentary_Business/Tabled_Documents/135
11374,,2022-08-03,Selection Committee,"Selection Committee Report No. 1 relating to the consideration of committee and delegation business and private Members’  business on Monday, 5 September 2022",,47,https://www.aph.gov.au/Parliamentary_Business/Tabled_Documents/11374
288,2022-07-28,,Economics Legislation Committee,Budget estimates 2021-22 (Supplementary),Additional information,47,https://www.aph.gov.au/Parliamentary_Business/Tabled_Documents/288
76,2022-07-28,,Rural and Regional Affairs and Transport Legislation Committee,Additional estimates 2019-20,Additional information,47,https://www.aph.gov.au/Parliamentary_Business/Tabled_Documents/76
80,2022-07-28,,Rural and Regional Affairs and Transport Legislation Committee,Budget estimates 2021-22 (Supplementary),Additional information,47,https://www.aph.gov.au/Parliamentary_Business/Tabled_Documents/80
77,2022-07-28,,Rural and Regional Affairs and Transport Legislation Committee,Budget estimates 2020-21,Additional information,47,https://www.aph.gov.au/Parliamentary_Business/Tabled_Documents/77
81,2022-07-28,,Rural and Regional Affairs and Transport Legislation Committee,Additional estimates 2021-22,Additional information,47,https://www.aph.gov.au/Parliamentary_Business/Tabled_Documents/81
84,2022-07-28,,"Foreign Affairs, Defence and Trade Legislation Committee",Budget estimates 2021-22 (Supplementary),Additional information,47,https://www.aph.gov.au/Parliamentary_Business/Tabled_Documents/84
78,2022-07-28,,Rural and Regional Affairs and Transport Legislation Committee,Additional estimates 2020-21,Additional information,47,https://www.aph.gov.au/Parliamentary_Business/Tabled_Documents/78
83,2022-07-28,,Economics Legislation Committee,Additional estimates 2021-22,Additional information,47,https://www.aph.gov.au/Parliamentary_Business/Tabled_Documents/83
79,2022-07-28,,Rural and Regional Affairs and Transport Legislation Committee,Budget estimates 2021-22,Additional information,47,https://www.aph.gov.au/Parliamentary_Business/Tabled_Documents/79
82,2022-07-28,,Rural and Regional Affairs and Transport Legislation Committee,Budget estimates 2022-23,Additional information,47,https://www.aph.gov.au/Parliamentary_Business/Tabled_Documents/82
87,2022-07-28,,Standing Committee for Selection of Bills,"Report no. 2 of 2022, dated 28 July 2022",,47,https://www.aph.gov.au/Parliamentary_Business/Tabled_Documents/87
60,2022-07-27,,Environment and Communications Legislation Committee,Environment Protection and Biodiversity Conservation Amendment (Regional Forest Agreements) Bill 2020,Additional information,47,https://www.aph.gov.au/Parliamentary_Business/Tabled_Documents/60
62,2022-07-27,,Legal and Constitutional Affairs References Committee,The performance and integrity of Australia’s administrative review system,Additional information,47,https://www.aph.gov.au/Parliamentary_Business/Tabled_Documents/62
64,2022-07-27,2022-03-31,Joint Committee of Public Accounts and Audit,"Report 489: Defence major projects report (2019-20)—Report, March 2022",,47,https://www.aph.gov.au/Parliamentary_Business/Tabled_Documents/64
65,2022-07-27,2022-03-31,Joint Committee of Public Accounts and Audit,"Report 490: Alternative financing mechanisms—Report, March 2022",,47,https://www.aph.gov.au/Parliamentary_Business/Tabled_Documents/65
67,2022-07-27,2022-03-31,Joint Standing Committee on Treaties,"Report 200: International Labour Organization Protocol of 2014 to the Forced Labour Convention, 1930 (No. 29)—Report, March 2022",,47,https://www.aph.gov.au/Parliamentary_Business/Tabled_Documents/67
61,2022-07-27,,Environment and Communications Legislation Committee,Environment Protection and Biodiversity Conservation Amendment (Standards and Assurance) Bill 2021,Additional information,47,https://www.aph.gov.au/Parliamentary_Business/Tabled_Documents/61
63,2022-07-27,2022-03-31,Joint Committee of Public Accounts and Audit,"Report 488: Commonwealth financial statements 2019-20—Report, March 2022",,47,https://www.aph.gov.au/Parliamentary_Business/Tabled_Documents/63
66,2022-07-27,2022-03-31,Joint Committee of Public Accounts and Audit,"Report 491: Review of the Auditor-General Act 1997—Report, March 2022",,47,https://www.aph.gov.au/Parliamentary_Business/Tabled_Documents/66
73,2022-07-27,,Legal and Constitutional Affairs Legislation Committee,Social Media (Anti-Trolling) Bill 2022 [Provisions] [Additional information],Additional information,47,https://www.aph.gov.au/Parliamentary_Business/Tabled_Documents/73
11348,,2022-07-27,Joint Select Committee on Road Safety,Driving reform: Final report for the inquiry into road safety [March 2022],,47,https://www.aph.gov.au/Parliamentary_Business/Tabled_Documents/11348
11307,,2022-07-27,Parliamentary Joint Committee on Intelligence and Security,Inquiry into extremist movements and radicalism in Australia [March 2022],,47,https://www.aph.gov.au/Parliamentary_Business/Tabled_Documents/11307
36,2022-07-07,,Standing Committee of Senators' Interests,"Register of senators’ interests incorporating statements of registrable interests and notifications of alterations lodged between 1 January 2022 and 30 June 2022, dated July 2022",,47,https://www.aph.gov.au/Parliamentary_Business/Tabled_Documents/36
31,2022-06-30,,Legal and Constitutional Affairs References Committee,Application of the United Nations Declaration on the Rights of Indigenous Peoples in Australia,Progress,47,https://www.aph.gov.au/Parliamentary_Business/Tabled_Documents/31
33,2022-06-30,,Legal and Constitutional Affairs References Committee,The performance and integrity of Australia’s administrative review system,,47,https://www.aph.gov.au/Parliamentary_Business/Tabled_Documents/33
29,2022-06-30,,Legal and Constitutional Affairs Legislation Committee,Constitution Alteration (Freedom of Expression and Freedom of the Press) 2019,,47,https://www.aph.gov.au/Parliamentary_Business/Tabled_Documents/29
28,2022-06-30,,Finance and Public Administration References Committee,"The planning, construction and management of the Western Sydney Airport project",,47,https://www.aph.gov.au/Parliamentary_Business/Tabled_Documents/28
35,2022-06-30,,Legal and Constitutional Affairs Legislation Committee,"Report on annual reports referred to legislation committees, no. 1 of 2022, dated June 2022",,47,https://www.aph.gov.au/Parliamentary_Business/Tabled_Documents/35
32,2022-06-30,,Legal and Constitutional Affairs References Committee,Missing and murdered First Nations women and children,,47,https://www.aph.gov.au/Parliamentary_Business/Tabled_Documents/32
22,2022-06-23,,"Foreign Affairs, Defence and Trade Legislation Committee","Report on annual reports referred to legislation committees no. 1 and 2 of 2022, dated June 2022",,47,https://www.aph.gov.au/Parliamentary_Business/Tabled_Documents/22
13,2022-06-20,,Community Affairs Legislation Committee,"Reports on annual reports referred to legislation committees, no. 1 of 2022, dated June 2022",,47,https://www.aph.gov.au/Parliamentary_Business/Tabled_Documents/13
14,2022-06-20,,Community Affairs References Committee,"Provision of general practitioner and related primary health services to outer metropolitan, rural, and regional Australians",,47,https://www.aph.gov.au/Parliamentary_Business/Tabled_Documents/14
4,2022-06-02,,Environment and Communications Legislation Committee,ABC and SBS complaints handling,,46,https://www.aph.gov.au/Parliamentary_Business/Tabled_Documents/4
5066,2002-10-23,,Select Committee for an inquiry into a certain maritime incident,Report on a Certain Maritime Incident,,47,https://www.aph.gov.au/Parliamentary_Business/Tabled_Documents/5066
