document,label,why,the_document_answers_it,words,context
856,10,does not read like a recommendation,,"The establishment of a National and Torres Strait Islander Heritage Council as a new independent statutory body, made up exclusively of First Nations people, along the considerations outlined in chapter 7 of this report. 22 Australian Government response on Juukan Gorge Dissenting view","Recommendation 10 The establishment of a National and Torres Strait Islander Heritage Council as a new independent statutory body, made up exclusively of First Nations people, along the considerations outlined in chapter 7 of this report. 22 Australian Government response on Juukan Gorge Dissenting view Australian Gove"
856,12,does not read like a recommendation,,The Australian government ensure any cultural heritage laws provide for appropriate review mechanisms and provide Traditional Owners with support to make use of these mechanisms,"Recommendation 12 The Australian government ensure any cultural heritage laws provide for appropriate review mechanisms and provide Traditional Owners with support to make use of these mechanisms. Recommendation 13 Notwithstanding the need for national standalone heritage protection legislation, the ATSHIP Act and EPBC"
856,14,the government's words begin mid-sentence,yes,"Notwithstanding the need for national standalone heritage protection legislation, the Native Title Act be reviewed and amended to fully meet our obligations under the United Nations Declaration on the Rights of Indigenous People (UNDRIP), in a process led by First Nations people. The best practice s","Recommendation 14 Notwithstanding the need for national standalone heritage protection legislation, the Native Title Act be reviewed and amended to fully meet our obligations under the United Nations Declaration on the Rights of Indigenous People (UNDRIP), in a process led by First Nations people. The best practice sta"
856,15,does not read like a recommendation,,"Response provided on pages 19 and 20 The Australian government, in collaboration with all relevant stakeholders and First Nations people, develop a set of national principles/best practice standards to support and protect Indigenous cultural heritage across Australia, in consideration of the best pr","Recommendation 15 Response provided on pages 19 and 20 The Australian government, in collaboration with all relevant stakeholders and First Nations people, develop a set of national principles/best practice standards to support and protect Indigenous cultural heritage across Australia, in consideration of the best prac"
856,16,does not read like a recommendation,,"The Australian federal, state and territory governments, in collaboration with all relevant stakeholders and First Nations people, review and increase the penalties provided by First Nations cultural heritage legislation across Australia to create a significant deterrent for land users to take unaut","Recommendation 16 The Australian federal, state and territory governments, in collaboration with all relevant stakeholders and First Nations people, review and increase the penalties provided by First Nations cultural heritage legislation across Australia to create a significant deterrent for land users to take unautho"
856,21,does not read like a recommendation,yes,The new national heritage protection legislation to include strong environmental protections to ensure protection of Country as well as culture,"Recommendation 21 Noted. The new national heritage protection legislation to include strong environmental protections to ensure protection of Country as well as culture. Recommendation 22 Agreed. The Australian Government, in collaboration with all The Australian Government has also relevant stakeholders and First Nati"
856,22,too short to be a recommendation,yes,,"Recommendation 22 Agreed. The Australian Government, in collaboration with all The Australian Government has also relevant stakeholders and First Nations people, take committed to delivering net zero carbon urgent, equitable and sustained local, national and emissions by 2050, including reducing global action to avoid"
856,23,the government's words begin mid-sentence,yes,This is a recommendation for the Western The Western Australian Government not proceed with Australian Government. the draft Aboriginal Cultural Heritage Bill 2021 in its The Australian Government notes that current form and provide Traditional Owners with the the Aboriginal Cultural Heritage Act 20,Recommendation 23 This is a recommendation for the Western The Western Australian Government not proceed with Australian Government. the draft Aboriginal Cultural Heritage Bill 2021 in its The Australian Government notes that current form and provide Traditional Owners with the the Aboriginal Cultural Heritage Act 2021
856,3,too short to be a recommendation,,8,Recommendation 3 ...................................................................................................................8 Recommendation 4 .................................................................................................................10 Recommendation 5 ....................................
856,3,too short to be a recommendation,,17,Recommendation 3 ................................................................................................................17 Recommendation 4 ................................................................................................................18 Recommendation 5 .......................................
856,3,longer than a quotation can carry,yes,The Committee recommends that the Australian Government legislate a new framework for cultural heritage protection at the national level 7.78 The legislation should be developed through a process of co-design with Aboriginal and Torres Strait Islander peoples 7.79 This new legislation should set out,Recommendation 3 7.77 The Committee recommends that the Australian Government legislate a new framework for cultural heritage protection at the national level 7.78 The legislation should be developed through a process of co-design with Aboriginal and Torres Strait Islander peoples 7.79 This new legislation should set o
856,3,longer than a quotation can carry,yes,"That all mining companies operating in Western Australia whether or not on Native Title Land: Undertake independent review of their agreements with Traditional Owners and commit to ongoing regular review to ensure consistency with best practice standards. In particular, companies should review final","Recommendation 3 1.59 That all mining companies operating in Western Australia whether or not on Native Title Land: Undertake independent review of their agreements with Traditional Owners and commit to ongoing regular review to ensure consistency with best practice standards. In particular, companies should review fin"
856,8,does not read like a recommendation,,"13 Never Again: Inquiry into the destruction of 46,000 year old caves at the Juukan Gorge in the Pilbara region of Western Australia - Interim Report. ...................15","Recommendation 8 .................................................................................................................13 Never Again: Inquiry into the destruction of 46,000 year old caves at the Juukan Gorge in the Pilbara region of Western Australia - Interim Report. ...................15 Recommendation 1"
856,9,does not read like a recommendation,,"Legislation on all levels relevant to the protection of First Nations cultural heritage to require consultation with all First Nations communities impacted by an activity proposition, not just registered Native Title holders or Traditional Owner corporations, to ensure true Free, Prior and Informed ","Recommendation 9 Legislation on all levels relevant to the protection of First Nations cultural heritage to require consultation with all First Nations communities impacted by an activity proposition, not just registered Native Title holders or Traditional Owner corporations, to ensure true Free, Prior and Informed Con"
941,6,does not read like a recommendation,yes,The Australian Government consider including key aspects of the scheme in the primary legislation rather than leaving it to be subject to delegated legislation,Recommendation 6 The Australian Government consider including key aspects of the scheme in the primary legislation rather than leaving it to be subject to delegated legislation. The Australian Government notes the bills were passed on 2 December 2021 and the Scheme commenced operating on 1 March 2022. The Scheme is lar
941,7,does not read like a recommendation,yes,The Australian Government consider extending the operational timeframe of the scheme,"Recommendation 7 The Australian Government consider extending the operational timeframe of the scheme. The Australian Government notes this recommendation. The Scheme will be open for applications for four years. The Scheme was modelled on the NSW Stolen Generations Reparations Scheme, which was in operation for five y"
975,2,too short to be a recommendation,yes,The committee recommends that the Bill be passed,Recommendation 2: The committee recommends that the Bill be passed. The Government supports this recommendation. The Act received Royal Assent on 12 December 2022. Additional comments by Senator Paul Scarr Recommendation 1: The wording of proposed section 28M be reconsidered to address the concerns raised by key stakeh
975,2,does not read like a recommendation,yes,The phrase: ‘as far as possible’ in proposed subsection 47C(1) be replaced with: ‘so far as reasonably practicable’,"Recommendation 2: The phrase: ‘as far as possible’ in proposed subsection 47C(1) be replaced with: ‘so far as reasonably practicable’. The Government does not support this recommendation. This proposal would depart from the language of recommendation 17 of the Respect@Work Report, which was based on the Victorian posit"
975,2,does not read like a recommendation,yes,"Amend the hostile workplace environment provisions in s 28M to: (a) remove the requirement for a person to ‘subject another person’ to a hostile work environment, and instead make it unlawful for a person to contribute to the maintenance of a workplace environment that is hostile","Recommendation 2: Amend the hostile workplace environment provisions in s 28M to: (a) remove the requirement for a person to ‘subject another person’ to a hostile work environment, and instead make it unlawful for a person to contribute to the maintenance of a workplace environment that is hostile The Government does n"
975,5,does not read like a recommendation,yes,Further consideration be given to the appropriate costs allocation principles to avoid unintended consequences,Recommendation 5: Further consideration be given to the appropriate costs allocation principles to avoid unintended consequences The Government supports this recommendation. The Government carefully considered the Committee’s report and listened to stakeholder concerns in relation to the cost protection provisions orig
975,5,does not read like a recommendation,yes,(a) Extend WGEA reporting obligations to all organisations with 50 or more employees,Recommendation 5: (a) Extend WGEA reporting obligations to all organisations with 50 or more employees The Government does not support this recommendation. This recommendation goes beyond the scope of the Respect@Work Report. The Act requires Commonwealth public sector agencies with 100 or more employees to comply with
975,6,does not read like a recommendation,yes,"(a) Regularly review AHRC funding to ensure adequate resources are available for education, support, monitoring and enforcement","Recommendation 6: (a) Regularly review AHRC funding to ensure adequate resources are available for education, support, monitoring and enforcement The Government supports this recommendation. The Government is providing $10.5 million to the Commission over four years to support implementation of key Respect@Work recomme"
975,7,does not read like a recommendation,yes,"Include a requirement for a statutory review of the operation of the Bill within 12 - 18 months of the commencement of enforcement provisions, and then every five years","Recommendation 7: Include a requirement for a statutory review of the operation of the Bill within 12 - 18 months of the commencement of enforcement provisions, and then every five years. The Government supports this recommendation in principle. During the debate on the Bill, the Government supported the amendment move"
1231,1,too short to be a recommendation,yes,Noted,Recommendation 1 – Noted The Government notes this issue is currently being considered by the Council on Federal Financial Relations as part of broader consideration of existing funding arrangements between the Commonwealth and the states and territories. 2. The Commonwealth Government amend the National Disability Ins
1231,2,too short to be a recommendation,yes,Supported in principle,"Recommendation 2 – Supported in principle The Government is committed to co-design as a meaningful, joint collaboration with participants, their carers and families to resolve some of the challenges facing the Scheme. The Government will consider further specificity around the definition of ‘co-design’ following the ou"
1231,4,too short to be a recommendation,yes,Noted,Recommendation 4 – Noted The Government is currently co-designing improvements to the access and planning pathway with the disability sector. The Government has worked with the disability sector to develop the terms of reference for the review of the NDIS. Both of these processes will include a range of approaches to p
1231,6,too short to be a recommendation,yes,Supported,Recommendation 6 – Supported The Government will continue to engage with the disability community on improvements to the access and planning pathway and through the NDIS Review. Any proposed person-centred assessments will be co-designed with the disability community. 4
1346,1,the extraction looks broken,yes,"The committee recommends that the government, in consultation with the Joint Committee of Public Accounts and Audit, amend the annual reporting requirements for government entities to provide for more systematic reporting in relation to external scrutiny, including for parliamentary committee inquir","Recommendation 1 1.35 The committee recommends that the government, in consultation with the Joint Committee of Public Accounts and Audit, amend the annual reporting requirements for government entities to provide for more systematic reporting in relation to external scrutiny, including for parliamentary committee inqu"
1704,1,too short to be a recommendation,yes,,"Recommendation 1 Accepted. The committee recommends that the The Government has committed to Australian Government prioritise criminalising wage theft in its Secure amendments to the Fair Work Act 2009 to Australian Jobs Plan. In that commitment, criminalise wage theft in Australia, and that the Government has indicate"
1704,10,too short to be a recommendation,yes,,"Recommendation 10 Accepted. The committee recommends that the Consistent with its commitment in the Australian Government include Secure Australian Jobs Plan, the superannuation in the National Government will introduce legislation in Employment Standards. due course to include superannuation in the Fair Work Act to en"
1704,11,too short to be a recommendation,yes,,Recommendation 11 Noted. The committee recommends that the The Government will consider the Australian government consider including desirability of guaranteeing unpaid superannuation in the Fair Entitlements superannuation entitlements in insolvency. Guarantee payments. Further consideration of this recommendation wil
1704,13,too short to be a recommendation,yes,,Recommendation 13 Noted. The committee recommends that the The Government is committed to ensuring Australian Government review all current that the Australian Taxation Office and the compliance and recovery activities related Fair Work Ombudsman are able to continue to unpaid Superannuation Guarantee to work together
1704,14,too short to be a recommendation,yes,,"Recommendation 14 Accepted. The committee recommends that the The Government’s commitment to include Australian Government consider legislative superannuation in the Fair Work Act will options to give employees, or other parties provide certain employees, and other acting on their behalf such as unions, parties acting"
1704,16,too short to be a recommendation,yes,,"Recommendation 16 Accepted. The committee recommends that the The Government is committed to ensuring Australian Government explore reform to all workers, including migrant workers, are visa laws to allow migrant workers who able to recover their unpaid wages. 11 have been exploited or underpaid to remain in Australia"
1704,18,too short to be a recommendation,yes,,Recommendation 18 Accepted. The committee recommends that the The Government will act as a model Australian Government act as a model procurer by exercising its procurement procurer by ensuring that: powers in line with the Commonwealth Procurement Framework and Rules. These • government procurement powers are Rules se
1704,2,too short to be a recommendation,yes,,Recommendation 2 Accepted. The committee recommends that the The Government is committed to ensuring Australian Government amend the Fair that the compliance and enforcement Work Act 2009 to: settings in the Fair Work Act address the serious problem of wage theft. • increase civil penalties for wage theft; • make it an
1704,3,too short to be a recommendation,yes,,"Recommendation 3 Noted. The committee recommends that the The Government considers that wage theft Australian Government consider tasking the is not only unfair to workers who do not Australian Competition and Consumer receive their lawful entitlements, but also Commission to bring forward a legislative unfair to law-a"
1704,4,too short to be a recommendation,yes,,"Recommendation 4 Noted. The committee recommends that the As the Committee notes, ASIC’s Australian Securities and Investments enforcement actions are a matter for ASIC Commission improve enforcement action as an independent commission. and director disqualifications from managing a company, where companies However, th"
2495,1,does not read like a recommendation,,"of the Government’s report, in particular changes which seek to increase enrolment and participation, particularly of Aboriginal and Torres Strait Islander people, including in remote communities. 2 That clause 4 of the Bill relating See response to","Recommendation 1 of the Government’s report, in particular changes which seek to increase enrolment and participation, particularly of Aboriginal and Torres Strait Islander people, including in remote communities. 2 That clause 4 of the Bill relating See response to Recommendation 2 of the Majority Report. to the suspe"
2910,17,the extraction looks broken,yes,The Committee recommends that the Ministers’ Redress Scheme Governance Board prioritise preventing the exploitation of survivors by private law firms and works to immediately implement the following measures:  Make it unlawful for lawyers to charge contingency fees for services delivered with respe,Recommendation 17 The Committee recommends that the Ministers’ Redress Scheme Governance Board prioritise preventing the exploitation of survivors by private law firms and works to immediately implement the following measures:  Make it unlawful for lawyers to charge contingency fees for services delivered with respect
3049,4,the extraction looks broken,yes,"The Committee recommends the Government introduce standing resolutions of both Houses of Parliament to establish Parliament’s expectations in relation to accountability for decisions in relation to international armed conflict, providing for sensible exemptions to enable timely and flexible national","Recommendation 4 The Committee recommends the Government introduce standing resolutions of both Houses of Parliament to establish Parliament’s expectations in relation to accountability for decisions in relation to international armed conflict, providing for sensible exemptions to enable timely and flexible national s"
3049,6,longer than a quotation can carry,yes,"The Committee recommends the Government introduce legislation to establish a Joint Statutory Committee on Defence to supersede and enhance the Defence related functions currently undertaken by the Joint Standing Committee of Foreign Affairs, Defence and Trade. This committee should have its powers s","Recommendation 6 The Committee recommends the Government introduce legislation to establish a Joint Statutory Committee on Defence to supersede and enhance the Defence related functions currently undertaken by the Joint Standing Committee of Foreign Affairs, Defence and Trade. This committee should have its powers set"
3049,7,too short to be a recommendation,,"The Committee recommends that, subject to","Recommendation 7 The Committee recommends that, subject to Recommendation 6, the Cabinet Handbook codify an expectation that the Prime Minister or Minister for Defence will facilitate appropriate briefings of the Defence Committee regarding the conduct of significant military operations, subject to ongoing national se"
3383,25,the extraction looks broken,yes,"The committee recommends that the Australian Government work with relevant industry bodies to design and implement measures to improve the capacity and capability of production animal veterinarians, particularly in rural and remote areas, including: e enhancement of veterinarian attraction and reten","Recommendation 25 The committee recommends that the Australian Government work with relevant industry bodies to design and implement measures to improve the capacity and capability of production animal veterinarians, particularly in rural and remote areas, including: e enhancement of veterinarian attraction and reten"
3383,27,the extraction looks broken,yes,"The committee recommends that the department, in consultation with stakeholders, coordinate the development of a strategy for biosecurity research development and extension which includes: e along-term funding mechanism for biosecurity research; e approaches to identify research, development and ext","Recommendation 27 The committee recommends that the department, in consultation with stakeholders, coordinate the development of a strategy for biosecurity research development and extension which includes: e along-term funding mechanism for biosecurity research; e approaches to identify research, development and ex"
3427,1,the extraction looks broken,yes,"The Committee recommends that Division 3A of the Crimes Act 1914 be amended so that: e the Australian Federal Police must notify the Commonwealth Ombudsman, the Independent National Security Legislation Monitor and the Parliamentary Joint Committee on Intelligence and Security of any declaration of ","Recommendation 1 The Committee recommends that Division 3A of the Crimes Act 1914 be amended so that: e the Australian Federal Police must notify the Commonwealth Ombudsman, the Independent National Security Legislation Monitor and the Parliamentary Joint Committee on Intelligence and Security of any declaration of a"
3427,12,the extraction looks broken,yes,The Committee recommends that Division 104 of the Criminal Code Act 1995 be amended to ——~--—-— provide that the Australian Federal Police: may add conditions with the consent-of both parties;-—— provided that: e the consent of the subject of the order is fully informed and he or she has been given ,Recommendation 12 The Committee recommends that Division 104 of the Criminal Code Act 1995 be amended to ——~--—-— provide that the Australian Federal Police: may add conditions with the consent-of both parties;-—— provided that: e the consent of the subject of the order is fully informed and he or she has been given ev
3427,15,the extraction looks broken,yes,The Committee recommends that Division 105 of the Criminal Code Act 1995 be amended to remove: e amember of the Administrative Appeals Tribunal (other than the AAT President or a Deputy President who also holds a commission as a Federal Court Judge); and e aJudge of the Federal Circuit Court,Recommendation 15 The Committee recommends that Division 105 of the Criminal Code Act 1995 be amended to remove: e amember of the Administrative Appeals Tribunal (other than the AAT President or a Deputy President who also holds a commission as a Federal Court Judge); and e aJudge of the Federal Circuit Court. The
3427,19,the extraction looks broken,yes,"The Committee recommends that the Criminal Code Act 1995 be amended to require public reporting requirements on the use and implementation of Division 105A, including: e details of housing arrangements for individuals subject to a continuing detention order; e use of rehabilitation programs (pre and","Recommendation 19 The Committee recommends that the Criminal Code Act 1995 be amended to require public reporting requirements on the use and implementation of Division 105A, including: e details of housing arrangements for individuals subject to a continuing detention order; e use of rehabilitation programs (pre a"
3427,2,the extraction looks broken,yes,"The Committee recommends that the Crimes Act 1914 be amended to provide a list of particular matters the Minister must consider before declaring a prescribed security zone, including: e the identified impacts on third party rights would be reasonable and proportionate to the purpose of preventing, o","Recommendation 2 The Committee recommends that the Crimes Act 1914 be amended to provide a list of particular matters the Minister must consider before declaring a prescribed security zone, including: e the identified impacts on third party rights would be reasonable and proportionate to the purpose of preventing, o"
4250,3,the extraction looks broken,,"The Committee recommends the Department of Defence implement systems which regulate and audit DISP compliance, and: • Within six months of this report being tabled in Parliament, outline in writing to the Committee how all six recommendations of the ANAO in Auditor-General Report No. 4 of 2021-22 ha","Recommendation 3 The Committee recommends the Department of Defence implement systems which regulate and audit DISP compliance, and: • Within six months of this report being tabled in Parliament, outline in writing to the Committee how all six recommendations of the ANAO in Auditor-General Report No. 4 of 2021-22 have"
4520,10,too short to be a recommendation,,19,Recommendation 10 .......................................................................................................................... 19 Recommendation 11 .......................................................................................................................... 21 Recommendation 12 ..............
4520,11,too short to be a recommendation,,21,Recommendation 11 .......................................................................................................................... 21 Recommendation 12 .......................................................................................................................... 22 Recommendation 13 ..............
4520,12,too short to be a recommendation,,22,Recommendation 12 .......................................................................................................................... 22 Recommendation 13 .......................................................................................................................... 24 Recommendation 14 ..............
4520,13,too short to be a recommendation,,24,Recommendation 13 .......................................................................................................................... 24 Recommendation 14 .......................................................................................................................... 25 Recommendation 15 ..............
4520,14,too short to be a recommendation,,25,Recommendation 14 .......................................................................................................................... 25 Recommendation 15 .......................................................................................................................... 26 Recommendation 16 ..............
4520,15,too short to be a recommendation,,26,Recommendation 15 .......................................................................................................................... 26 Recommendation 16 .......................................................................................................................... 27 Recommendation 17 ..............
4520,16,too short to be a recommendation,,27,Recommendation 16 .......................................................................................................................... 27 Recommendation 17 .......................................................................................................................... 30 Recommendation 18 ..............
4520,17,too short to be a recommendation,,30,Recommendation 17 .......................................................................................................................... 30 Recommendation 18 .......................................................................................................................... 32 Recommendation 19 ..............
4520,18,too short to be a recommendation,,32,Recommendation 18 .......................................................................................................................... 32 Recommendation 19 .......................................................................................................................... 36 Recommendation 20 ..............
4520,19,too short to be a recommendation,,36,Recommendation 19 .......................................................................................................................... 36 Recommendation 20 .......................................................................................................................... 37 Recommendation 21 ..............
4520,2,too short to be a recommendation,,11,Recommendation 2 ............................................................................................................................ 11 Recommendation 3 ............................................................................................................................ 12 Recommendation 4 .............
4520,2,too short to be a recommendation,,60,Recommendation 2 ............................................................................................................................ 60 Recommendation 3 ............................................................................................................................ 61 Recommendation 4 .............
4520,20,too short to be a recommendation,,37,Recommendation 20 .......................................................................................................................... 37 Recommendation 21 .......................................................................................................................... 39 Recommendation 22 ..............
4520,21,too short to be a recommendation,,39,Recommendation 21 .......................................................................................................................... 39 Recommendation 22 .......................................................................................................................... 40 Recommendation 23 ..............
4520,22,too short to be a recommendation,,40,Recommendation 22 .......................................................................................................................... 40 Recommendation 23 .......................................................................................................................... 42 Recommendation 24 ..............
4520,23,too short to be a recommendation,,42,Recommendation 23 .......................................................................................................................... 42 Recommendation 24 .......................................................................................................................... 44 Recommendation 25 ..............
4520,24,too short to be a recommendation,,44,Recommendation 24 .......................................................................................................................... 44 Recommendation 25 .......................................................................................................................... 48 Recommendation 26 ..............
4520,25,too short to be a recommendation,,48,Recommendation 25 .......................................................................................................................... 48 Recommendation 26 .......................................................................................................................... 52 Recommendation 27 ..............
4520,26,too short to be a recommendation,,52,Recommendation 26 .......................................................................................................................... 52 Recommendation 27 .......................................................................................................................... 55 Recommendation 28 ..............
4520,27,too short to be a recommendation,,55,Recommendation 27 .......................................................................................................................... 55 Recommendation 28 .......................................................................................................................... 56 Recommendation 29 ..............
4520,28,too short to be a recommendation,,56,Recommendation 28 .......................................................................................................................... 56 Recommendation 29 .......................................................................................................................... 57 Part B – Australian Government r
4520,29,does not read like a recommendation,,57 Part B – Australian Government response to Interim Report ...............................................................59,Recommendation 29 .......................................................................................................................... 57 Part B – Australian Government response to Interim Report ...............................................................59 Recommendation 1 ...................................
4520,3,too short to be a recommendation,,12,Recommendation 3 ............................................................................................................................ 12 Recommendation 4 ............................................................................................................................ 13 Recommendation 5 .............
4520,3,too short to be a recommendation,,61,Recommendation 3 ............................................................................................................................ 61 Recommendation 4 ............................................................................................................................ 62 Recommendation 5 .............
4520,4,too short to be a recommendation,,13,Recommendation 4 ............................................................................................................................ 13 Recommendation 5 ............................................................................................................................ 14 Recommendation 6 .............
4520,4,too short to be a recommendation,,62,Recommendation 4 ............................................................................................................................ 62 Recommendation 5 ............................................................................................................................ 63 Recommendation 6 .............
4520,5,too short to be a recommendation,,14,Recommendation 5 ............................................................................................................................ 14 Recommendation 6 ............................................................................................................................ 15 Recommendation 7 .............
4520,5,too short to be a recommendation,,63,Recommendation 5 ............................................................................................................................ 63 Recommendation 6 ............................................................................................................................ 64 Recommendation 7 .............
4520,6,too short to be a recommendation,,15,Recommendation 6 ............................................................................................................................ 15 Recommendation 7 ............................................................................................................................ 16 Recommendation 8 .............
4520,6,too short to be a recommendation,,64,Recommendation 6 ............................................................................................................................ 64 Recommendation 7 ............................................................................................................................ 65 Recommendation 8 .............
4520,7,too short to be a recommendation,,16,Recommendation 7 ............................................................................................................................ 16 Recommendation 8 ............................................................................................................................ 17 Recommendation 9 .............
4520,7,too short to be a recommendation,,65,Recommendation 7 ............................................................................................................................ 65 Recommendation 8 ............................................................................................................................ 66 Recommendation 9 .............
4520,8,too short to be a recommendation,,17,Recommendation 8 ............................................................................................................................ 17 Recommendation 9 ............................................................................................................................ 18 Recommendation 10 ............
4520,8,too short to be a recommendation,,66,Recommendation 8 ............................................................................................................................ 66 Recommendation 9 ............................................................................................................................ 67 Dissenting reports – Senator M
4520,9,too short to be a recommendation,,18,Recommendation 9 ............................................................................................................................ 18 Recommendation 10 .......................................................................................................................... 19 Recommendation 11 .............
4520,9,the government's words begin mid-sentence,yes,67 Dissenting reports – Senator Malcolm Roberts ...................................................................................68 Contributing departments and agencies to the Australian Government response ................................68,Recommendation 9 ............................................................................................................................ 67 Dissenting reports – Senator Malcolm Roberts ...................................................................................68 Contributing departments and agencies to the
4724,2,does not read like a recommendation,,Labor Senators urgently call on the Government to address issues surrounding workforce recruitment and retention both in this Bill and more generally. Th e Government’s response to,Recommendation 2 - 1.10 Labor Senators urgently call on the Government to address issues surrounding workforce recruitment and retention both in this Bill and more generally. Th e Government’s response to Recommendation 2 is: Supports the recommendation. The Government is aware that there are skill shortages in the age
4774,2,does not read like a recommendation,yes,The Department of Industry develop the model for assessing ‘optimal recovery’ and make it accessible to industry and the public,"Recommendation 2: The Department of Industry develop the model for assessing ‘optimal recovery’ and make it accessible to industry and the public. The Government does not support this recommendation. As acknowledged in the response to the preceding Recommendation, ‘good oilfield practice’ and ‘optimum long-term recover"
5110,15,does not read like a recommendation,yes,Acquire (through a buyback scheme) and build quality public housing to enable universal access to public housing over the long term,Recommendation 15 Acquire (through a buyback scheme) and build quality public housing to enable universal access to public housing over the long term. Australian Government response The Government notes this recommendation. The provision of public housing is a matter for state and territory governments. In addition to
5110,16,does not read like a recommendation,yes,"Establish a mechanism to support democratically controlled co-operative housing, including direct funding to assist people in acquiring or building housing under a co-operative model (this is not just in relation to Aboriginal housing co-ops, but more generally)","Recommendation 16 Establish a mechanism to support democratically controlled co-operative housing, including direct funding to assist people in acquiring or building housing under a co-operative model (this is not just in relation to Aboriginal housing co-ops, but more generally). Australian Government response The Gov"
5110,17,does not read like a recommendation,yes,"Establish a co-investment scheme for community housing tenants to have the option of taking over ownership, possibly through the co-operative scheme, to convert community housing to supported co-op housing, giving tenants the option to select an alternative","Recommendation 17 Establish a co-investment scheme for community housing tenants to have the option of taking over ownership, possibly through the co-operative scheme, to convert community housing to supported co-op housing, giving tenants the option to select an alternative. Australian Government response The Governme"
5110,18,does not read like a recommendation,yes,A moratorium on the sale of Crown land until a Treaty with First Nations peoples has been negotiated and agreed to,Recommendation 18 A moratorium on the sale of Crown land until a Treaty with First Nations peoples has been negotiated and agreed to. Australian Government response The Government notes this recommendation. The Government further notes that Crown land policy is primarily the responsibility of the states and territories
5159,1,the extraction looks broken,yes,"The Committee recommends that the Australian Government establishes and funds a single COVID-19 database to be administered by the soon-to-be developed Centre for Disease Control to capture data on: e COVID-19 infections, complications, hospitalisations, and deaths as well as recurrent COVID infecti","Recommendation 1 7.1 The Committee recommends that the Australian Government establishes and funds a single COVID-19 database to be administered by the soon-to-be developed Centre for Disease Control to capture data on: e COVID-19 infections, complications, hospitalisations, and deaths as well as recurrent COVID infec"
5159,7,the extraction looks broken,yes,"The Committee recommends the Australian Government establish and fund a multidisciplinary advisory body including ventilation experts, architects, aerosol scientists, industry, building code regulators and public health experts to: e Oversee an assessment of the impact of poor indoor air quality and","Recommendation 7 7.14 The Committee recommends the Australian Government establish and fund a multidisciplinary advisory body including ventilation experts, architects, aerosol scientists, industry, building code regulators and public health experts to: e Oversee an assessment of the impact of poor indoor air quality"
5198,9,the government's verdict is inside the recommendation,yes,"9a The Committee recommends that the Australian Government commission urgent monitoring to assess the current status of EPBC Act-listed species, ecological communities and migratory species in the Australian Alps. 9b Further, the Australian Government should work with the NSW, Victorian and ACT gove","Recommendation 9 9a The Committee recommends that the Australian Government commission urgent monitoring to assess the current status of EPBC Act-listed species, ecological communities and migratory species in the Australian Alps. 9b Further, the Australian Government should work with the NSW, Victorian and ACT governm"
5297,11,does not read like a recommendation,yes,"The Attorney-General’s Department considers any adjustments to the provisions of Part IIIAA which are reasonably required to reflect the different appointment and oversight characteristics of Court Child Experts and practitioners appointed as report writers under Regulation 7, as opposed to private ","Recommendation 11 The Attorney-General’s Department considers any adjustments to the provisions of Part IIIAA which are reasonably required to reflect the different appointment and oversight characteristics of Court Child Experts and practitioners appointed as report writers under Regulation 7, as opposed to private re"
5297,12,does not read like a recommendation,yes,"The Attorney-General’s Department undertakes further consultation with the relevant professions and the Court with respect to any unintended consequences that may flow from the Bill, in particular any disincentive that increased regulation and penalties may pose to current or potential family report","Recommendation 12 The Attorney-General’s Department undertakes further consultation with the relevant professions and the Court with respect to any unintended consequences that may flow from the Bill, in particular any disincentive that increased regulation and penalties may pose to current or potential family report w"
5297,13,does not read like a recommendation,yes,The Attorney-General’s Department considers the above drafting issues in relation to Schedule 7 and make any appropriate amendments to the Bill,"Recommendation 13 The Attorney-General’s Department considers the above drafting issues in relation to Schedule 7 and make any appropriate amendments to the Bill. Noted. Amendments to the Bill were not required. In relation to the concerns around the definition of a ‘designated family report’, subsection 11J(2) clearly"
5418,1,too short to be a recommendation,yes,Noted,"recommendation 1: Noted The Government is committed to improving the training and development for NDIA staff so that the NDIS works for all participants, including those from diverse backgrounds. There are a number of initiatives underway including mandatory annual training on contemporary disability rights, disability"
5418,1,too short to be a recommendation,yes,Noted,recommendation 1: Noted The Government notes this recommendation overlaps with Recommendation 3 of the NDIS Review to provide a fairer and more consistent participant pathway. The Government is considering these issues further in response to the release of the final report of the NDIS Review in late 2023. 2. Final Repo
5418,10,too short to be a recommendation,yes,Noted,"recommendation 10: Noted The Government notes the NDIA introduced a new Supported Decision Making policy in April 2023 to better support people with disability to make decisions in the NDIS, including those participants with child representatives and nominees under the NDIS Act. The Government also notes this recommend"
5418,10,does not read like a recommendation,,"to invest in digital infrastructure for the NDIS to enable accessible, timely and reliable information and streamlined processes that strengthen NDIS market functioning and scheme integrity ","Recommendation 10 to invest in digital infrastructure for the NDIS to enable accessible, timely and reliable information and streamlined processes that strengthen NDIS market functioning and scheme integrity  Recommendation 17 to develop and deliver a risk-proportionate model for the visibility and regulation of all p"
5418,10.1,does not read like a recommendation,,of the Disability Royal Commission on embedding human rights ,Recommendation 10.1 of the Disability Royal Commission on embedding human rights  Recommendation 6 of the NDIS Review to Create a continuum of support for children under the age of 9 and their families The Government is considering these issues further as part of its response to the release of the final reports of the
5418,11,too short to be a recommendation,yes,Noted,recommendation 11: Noted The Government notes this recommendation overlaps with Recommendation 9 of the NDIS Review to deliver a diverse and innovative range of inclusive housing and living supports and Recommendation 17 to develop and deliver a risk-proportionate model for the visibility and regulation of all provider
5418,12,too short to be a recommendation,yes,Noted,recommendation 12: Noted The Government notes this recommendation overlaps with Recommendation 9 of the NDIS Review to deliver a diverse and innovative range of inclusive housing and living supports and Recommendation 17 to develop and deliver a risk-proportionate model for the visibility and regulation of all provider
5418,13,too short to be a recommendation,yes,Noted,recommendation 13: Noted The Government notes the NDIA regularly deliver a variety of education and awareness sessions to assist providers understand their roles and responsibilities and expectations of good practice. This includes advice on identifying and managing conflict of interest. The Government also notes this
5418,14,too short to be a recommendation,yes,Noted,"recommendation 14: Noted The Government notes this recommendation overlaps with Recommendation 1 of the NDIS Review to invest in foundational supports to bring fairness, balance and sustainability to the ecosystem supporting people with disability. The Government is considering these issues further in response to the r"
5418,15,too short to be a recommendation,yes,Noted,"recommendation 15: Noted The Government notes this recommendation overlaps with Recommendation 1 of the NDIS Review to invest in foundational supports to bring fairness, balance and sustainability to the ecosystem supporting people with disability. The Government is considering these issues further in response to the r"
5418,16,too short to be a recommendation,yes,Noted,"recommendation 16: Noted The Government notes this recommendation overlaps with Recommendation 1 of the NDIS Review to invest in foundational supports to bring fairness, balance and sustainability to the ecosystem supporting people with disability. The Government is considering these issues further in response to the r"
5418,17,does not read like a recommendation,yes,"to develop and deliver a risk-proportionate model for the visibility and regulation of all providers and workers, and strengthen the regulatory response to long-standing and emerging quality and safeguards issues","Recommendation 17 to develop and deliver a risk-proportionate model for the visibility and regulation of all providers and workers, and strengthen the regulatory response to long-standing and emerging quality and safeguards issues. The Government is considering these issues further in response to the release of the fin"
5418,17,too short to be a recommendation,yes,Noted,"recommendation 17: Noted The Government notes this recommendation overlaps with Recommendation 1 of the NDIS Review to invest in foundational supports to bring fairness, balance and sustainability to the ecosystem supporting people with disability and Recommendation 5.6 of the Disability Royal Commission to establish n"
5418,18,too short to be a recommendation,yes,Noted,"recommendation 18: Noted The Government notes this recommendation overlaps with Recommendation 1 of the NDIS Review to invest in foundational supports to bring fairness, balance and sustainability to the ecosystem supporting people with disability and Recommendation 4 to support all people with disability to navigate m"
5418,19,too short to be a recommendation,yes,Noted,"recommendation 19: Noted The Government notes this recommendation overlaps with Recommendation 8 of the NDIS Review to fund housing and living supports that are fair and consistent, and support participants to exercise genuine choice and control over their living arrangement. The Government is considering these issues"
5418,2,too short to be a recommendation,yes,Noted,"recommendation 2: Noted The Government is committed to increasing permanent staffing at the NDIA, by reducing insecure labour hire arrangements, investing in leadership capability development and career pathways, and improving Agency culture. The proportion of permanent Australian Public Service (APS) roles has increas"
5418,2,too short to be a recommendation,yes,Noted,"recommendation 2: Noted 6 The Government notes amendments to the National Disability Insurance Scheme (NDIS) Act 2013, which took effect on 1 July 2022, clarified that episodic and fluctuating impairments can be considered permanent when determining eligibility to the Scheme, including for people with psychosocial disa"
5418,20,too short to be a recommendation,yes,Noted,"recommendation 20: Noted 12 The Government notes this recommendation overlaps with Recommendation 3 of the NDIS Review to provide a fairer and more consistent participant pathway and Recommendation 8 to fund housing and living supports that are fair and consistent, and support participants to exercise genuine choice an"
5418,21,too short to be a recommendation,yes,Noted,"recommendation 21: Noted The Government notes this recommendation overlaps with Recommendation 8 of the NDIS Review to fund housing and living supports that are fair and consistent, and support participants to exercise genuine choice and control over their living arrangement. The Government is considering these issues"
5418,22,does not read like a recommendation,yes,"to embed a highly skilled, person-centred, disability aware culture across all disability agencies and governments","Recommendation 22 to embed a highly skilled, person-centred, disability aware culture across all disability agencies and governments. The Government is considering these issues further in response to the release of the final report of the NDIS Review in late 2023. 4. Final Report – The Committee recommends that the NDI"
5418,22,too short to be a recommendation,yes,Noted,"recommendation 22: Noted The Government notes the NDIA released the Participant Safeguarding Policy and Implementation Plan in April 2023. The Agency’s initial focus is to support frontline staff to have a more complete and individualised view of participant risk of harms from abuse, neglect, violence and exploitation,"
5418,23,too short to be a recommendation,yes,Noted,"recommendation 23: Noted The Government notes the NDIA and First Peoples Disability Network (FPDN) jointly established a First Nations Advisory Council in 2023. First Nations Advisory Council members include First Nations people with lived experience of disability, peak body, and 13 sector representatives. The NDIA wil"
5418,24,too short to be a recommendation,yes,Noted,recommendation 24: Noted The Government notes this recommendation overlaps with Recommendation 2 of the NDIS Review to increase the scale and pace of change in mainstream and community inclusion and accessibility and improve the connection between mainstream services and the NDIS and Recommendation 22 to embed a highly
5418,25,too short to be a recommendation,yes,Noted,"recommendation 25: Noted The Government notes the NDIA is working with the disability and LGBTIQA+ community to review and update the NDIS LGBTIQA+ Strategy in 2024. The Government also notes this recommendation overlaps with Recommendation 1 of the NDIS Review to invest in foundational supports to bring fairness, bala"
5418,26,too short to be a recommendation,yes,Noted,"recommendation 26: Noted The Government notes this recommendation overlaps with Recommendation 1 of the NDIS Review to invest in foundational supports to bring fairness, balance and sustainability to the ecosystem supporting people with disability and Recommendation 6.21 of the Disability Royal Commission on additional"
5418,27,too short to be a recommendation,yes,Noted,"recommendation 27: Noted The Government notes this recommendation overlaps with the following recommendations of the Disability Royal Commission and the NDIS Review:  Recommendation 4.7 of the Disability Royal Commission on the right to live free from exploitation, violence, abuse  Recommendation 6.41 of the Disabili"
5418,3,too short to be a recommendation,yes,Noted,"recommendation 3: Noted The Government is committed to ensuring the NDIS planning process is simpler and more transparent for NDIS participants. The NDIA’s Participants, Platforms and Processes (3P) Project will improve the consistent application of NDIA’s processes, and better support participants through a new fit-fo"
5418,3,too short to be a recommendation,yes,Noted,"recommendation 3: Noted The Government notes this recommendation overlaps with the following recommendations in the NDIS Review:  Recommendation 3 to provide a fairer and more consistent participant pathway  Recommendation 7 to introduce a new approach to NDIS supports for psychosocial disability, focused on personal"
5418,3,does not read like a recommendation,,to provide a fairer and more consistent participant pathway ,"Recommendation 3 to provide a fairer and more consistent participant pathway  Recommendation 7 to introduce a new approach to NDIS supports for psychosocial disability, focused on personal recovery, and develop mental health reforms to better support people with severe mental illness  Recommendation 22 to embed a hig"
5418,4,too short to be a recommendation,yes,Noted,recommendation 4: Noted The Government notes this recommendation overlaps with Recommendation 3 of the NDIS Review to provide a fairer and more consistent participant pathway. The Government is considering these issues further in response to the release of the final report of the NDIS Review in late 2023. 5. Interim Re
5418,4,too short to be a recommendation,yes,Noted,"recommendation 4: Noted The Government notes this recommendation overlaps with Recommendation 7 of the NDIS Review to introduce a new approach to NDIS supports for psychosocial disability, focused on personal recovery, and develop mental health reforms to better support people with severe mental illness and Recommendat"
5418,4.7,does not read like a recommendation,,"of the Disability Royal Commission on the right to live free from exploitation, violence, abuse ","Recommendation 4.7 of the Disability Royal Commission on the right to live free from exploitation, violence, abuse  Recommendation 6.41 of the Disability Royal Commission on legislative prohibition of non-therapeutic sterilization  Recommendation 7.3 of the Disability Royal Commission to improve policies and procedur"
5418,5,too short to be a recommendation,yes,Noted,recommendation 5: Noted The Government notes this recommendation overlaps with Recommendation 3 of the NDIS Review to provide a fairer and more consistent participant pathway. The Government is considering these issues further in response to the release of the final report of the NDIS Review in late 2023. Recommendatio
5418,5,the government's words begin mid-sentence,yes,Supported The Fraud Fusion Taskforce (FFT) brings together 16 Government agencies to deliver a whole-of-government capability uplift to detect and respond to potential fraudulent and criminal activity against the NDIS and deliver greater integrity and fairness across Commonwealth programs and paymen,recommendation 5: Supported The Fraud Fusion Taskforce (FFT) brings together 16 Government agencies to deliver a whole-of-government capability uplift to detect and respond to potential fraudulent and criminal activity against the NDIS and deliver greater integrity and fairness across Commonwealth programs and payments
5418,6,too short to be a recommendation,yes,Supported,"recommendation 6: Supported The Government notes the NDIS Quality and Safeguards Commission is a key contributor to the Fraud Fusion Taskforce (FFT), being a permanent member on all governance committees, driving the strategic direction of the FFT. 7. Final Report – The Committee recommends that the Australian Governme"
5418,6,does not read like a recommendation,yes,of the NDIS Review to Create a continuum of support for children under the age of 9 and their families,Recommendation 6 of the NDIS Review to Create a continuum of support for children under the age of 9 and their families The Government is considering these issues further as part of its response to the release of the final reports of the NDIS Review and the Disability Royal Commission. Recommendations made by the Coali
5418,6.41,does not read like a recommendation,,of the Disability Royal Commission on legislative prohibition of non-therapeutic sterilization ,Recommendation 6.41 of the Disability Royal Commission on legislative prohibition of non-therapeutic sterilization  Recommendation 7.3 of the Disability Royal Commission to improve policies and procedures on the provision of reasonable adjustments to students with disability  Recommendation 10.1 of the Disability Roy
5418,7,does not read like a recommendation,,"to introduce a new approach to NDIS supports for psychosocial disability, focused on personal recovery, and develop mental health reforms to better support people with severe mental illness ","Recommendation 7 to introduce a new approach to NDIS supports for psychosocial disability, focused on personal recovery, and develop mental health reforms to better support people with severe mental illness  Recommendation 22 to embed a highly skilled, person-centred, disability aware culture across all disability age"
5418,7,too short to be a recommendation,yes,Noted,recommendation 7: Noted The Government notes this recommendation overlaps with Recommendation 6 of the NDIS Review to create a continuum of support for children under the age of 9 and their families. The Government is considering these issues further in response to the release of the final report of the NDIS Review in
5418,7.3,does not read like a recommendation,,of the Disability Royal Commission to improve policies and procedures on the provision of reasonable adjustments to students with disability ,Recommendation 7.3 of the Disability Royal Commission to improve policies and procedures on the provision of reasonable adjustments to students with disability  Recommendation 10.1 of the Disability Royal Commission on embedding human rights  Recommendation 6 of the NDIS Review to Create a continuum of support for ch
5418,8,too short to be a recommendation,yes,Noted,"recommendation 8: Noted 8 The Government notes the NDIA introduced a new Supported Decision Making policy in April 2023 to better support people with disability to make decisions in the NDIS, including those participants with child representatives and nominees under the NDIS Act. The Government also notes this recommen"
5418,9,too short to be a recommendation,yes,Noted,recommendation 9: Noted The Government notes the NDIA is working with state and territory guardian and financial administrators to improve processes and management of records related to state and territory guardianship and financial administration orders. The Government notes this recommendation overlaps with Recommend
5418,9,does not read like a recommendation,,to deliver a diverse and innovative range of inclusive housing and living supports 10 ,"Recommendation 9 to deliver a diverse and innovative range of inclusive housing and living supports 10  Recommendation 10 to invest in digital infrastructure for the NDIS to enable accessible, timely and reliable information and streamlined processes that strengthen NDIS market functioning and scheme integrity  Recom"
5743,3,does not read like a recommendation,yes,"In the absence of the Coalition’s Cashless Debit Card Scheme, the current legislative instruments remain in effect","Recommendation 3 In the absence of the Coalition’s Cashless Debit Card Scheme, the current legislative instruments remain in effect. Supported 4"
5745,1,too short to be a recommendation,yes,The committee recommends that the bill be passed,"Recommendation 1 The committee recommends that the bill be passed. Response NOTED The Government notes this recommendation. However, given the passage of time since this report was tabled, a substantive Government response is no longer appropriate. Dissenting Recommendation 1 (ALP) Labor Senators recommend that the Bil"
5750,2,the extraction looks broken,yes,"The committee recommends that the Australian Government immediately adopt the carbon budgets outlined by the Climate Change Authority in its final report released on 27 February 2014. Namely that Australia set a national carbon budget for the period 2013– 2020 of 4,193 Mt CO2-e and a carbon budget f","Recommendation 2 The committee recommends that the Australian Government immediately adopt the carbon budgets outlined by the Climate Change Authority in its final report released on 27 February 2014. Namely that Australia set a national carbon budget for the period 2013– 2020 of 4,193 Mt CO2-e and a carbon budget for"
5817,1,too short to be a recommendation,yes,The committee recommends that the bill be passed,"Recommendation 1 2.37 The committee recommends that the bill be passed. Response: The Government notes this recommendation. However, given the passage of time since the report was tabled, a substantive Government response is no longer appropriate. Dissenting Report by the Australian Greens Recommendation 1 1.10 The Aus"
5821,4,longer than a quotation can carry,yes,"Should the government not withdraw the bill or consider further stakeholder consultation through PJCIS, and they secure enough votes for a second reading of the bill, Labor Senators recommend the bill be amended to: • list the bodies that are 'gazetted agencies' in primary legislation; • amend the '","Recommendation 4: Should the government not withdraw the bill or consider further stakeholder consultation through PJCIS, and they secure enough votes for a second reading of the bill, Labor Senators recommend the bill be amended to: • list the bodies that are 'gazetted agencies' in primary legislation; • amend the 'pu"
5829,5,the extraction looks broken,yes,"The Australian Greens recommend that the Government pass the Australian Greens’ Guardian for Unaccompanied Children 16 Refugee Immigration and Legal Centre, Submission 165, p. 20. 17 Refugee Council of Australia, Submission 136, p. 13. 61 Bill 2014 to ensure that unaccompanied minors have a truly in","Recommendation 5: The Australian Greens recommend that the Government pass the Australian Greens’ Guardian for Unaccompanied Children 16 Refugee Immigration and Legal Centre, Submission 165, p. 20. 17 Refugee Council of Australia, Submission 136, p. 13. 61 Bill 2014 to ensure that unaccompanied minors have a truly inde"
5830,6,does not read like a recommendation,yes,That consultation be undertaken with the states and territories to ensure that there is a coordinated framework for all jurisdictions to operate effectively under the National Emergency Declaration Act 2020,"Recommendation 6 1.39 That consultation be undertaken with the states and territories to ensure that there is a coordinated framework for all jurisdictions to operate effectively under the National Emergency Declaration Act 2020. Response: The Government notes this recommendation. However, given the passage of time sin"
5834,11,does not read like a recommendation,yes,That mandatory cancellation powers provided under the Migration Act 1958 be repealed,"Recommendation 11: That mandatory cancellation powers provided under the Migration Act 1958 be repealed. Response: The Government notes this recommendation. However, given the passage of time since the report was tabled, a substantive Government response is no longer appropriate."
5834,6,does not read like a recommendation,yes,"That Temporary Protection Visas and Safe Haven Enterprise visas be abolished, and the right for all refugees to a Permanent Protection visa as part of a single statutory Refugee Status Determination process with access to full and independent merits review be reinstated","Recommendation 6: That Temporary Protection Visas and Safe Haven Enterprise visas be abolished, and the right for all refugees to a Permanent Protection visa as part of a single statutory Refugee Status Determination process with access to full and independent merits review be reinstated. Response: The Government notes"
5834,7,too short to be a recommendation,yes,Ministerial Direction 80 be abolished,"Recommendation 7: Ministerial Direction 80 be abolished. Response: The Government notes this recommendation. However, given the passage of time since the report was tabled, a substantive Government response is no longer appropriate. Recommendation 8: That Australia's family reunion visa quotas be increased sufficiently"
5834,8,does not read like a recommendation,yes,"That Australia's family reunion visa quotas be increased sufficiently that current backlogs are cleared, and future applications can be processed in reasonable timeframes that are reflective of actual processing times","Recommendation 8: That Australia's family reunion visa quotas be increased sufficiently that current backlogs are cleared, and future applications can be processed in reasonable timeframes that are reflective of actual processing times. Response: The Government notes this recommendation. However, given the passage of t"
5834,9,does not read like a recommendation,yes,That contributory parent visas be abolished and non-contributory parent visas for all applicants be retained and processed in order of application,"Recommendation 9: That contributory parent visas be abolished and non-contributory parent visas for all applicants be retained and processed in order of application. Response: The Government notes this recommendation. However, given the passage of time since the report was tabled, a substantive Government response is n"
5835,13,the extraction looks broken,yes,The Committee recommends that the Department of Home Affairs undertake to improve their customer service in the skilled migration program with consideration given to: • Establishing industry liaison officers to assist businesses in navigating the skilled migration program and provide feedback to the,Recommendation 13: 3.113 The Committee recommends that the Department of Home Affairs undertake to improve their customer service in the skilled migration program with consideration given to: • Establishing industry liaison officers to assist businesses in navigating the skilled migration program and provide feedback t
5840,24,too short to be a recommendation,,Building on,"Recommendation 24 7.69 Building on recommendation 14 of the Migrant Workers’ Taskforce final report, the committee recommends that the Australian Government, as a priority, implement a National Labour Hire Licensing Scheme. The National Labour Hire Licensing Scheme should build on existing frameworks, such as those sch"
5917,12,the extraction looks broken,yes,"The committee recommends that the Department of Agriculture, Water and the Environment work with the Council of Australian Governments and relevant industry stakeholders to develop a National Biosecurity Strategy. This strategy should seek to: e Harmonise regulations between jurisdictions wherever p","Recommendation 12 The committee recommends that the Department of Agriculture, Water and the Environment work with the Council of Australian Governments and relevant industry stakeholders to develop a National Biosecurity Strategy. This strategy should seek to: e Harmonise regulations between jurisdictions wherever p"
5917,3,the extraction looks broken,yes,"The committee recommends that the Australian Government works with representatives of the agricultural industry, including the agricultural technology industry, to develop a framework for the use of agricultural data in Australia. This framework should: e be based on the principle that producers sho","Recommendation 3 The committee recommends that the Australian Government works with representatives of the agricultural industry, including the agricultural technology industry, to develop a framework for the use of agricultural data in Australia. This framework should: e be based on the principle that producers shou"
5921,11,the extraction looks broken,yes,"The Committee recommends that the Department of Agriculture, Water and the Environment and the Fisheries Research and Development Corporation provide greater assistance to state and Northern Territory governments, in conjunction with industry, to identify and establish further designated aquaculture","Recommendation 11 The Committee recommends that the Department of Agriculture, Water and the Environment and the Fisheries Research and Development Corporation provide greater assistance to state and Northern Territory governments, in conjunction with industry, to identify and establish further designated aquaculture"
5924,1,does not read like a recommendation,yes,"The Committee affirms the importance of resolving policy uncertainty in relation to emissions reduction in the electricity sector. The Committee commends to the House the establishment of a stable and enduring mechanism for scalable emissions reduction in the electricity sector, with appropriate not","Recommendation 1 The Committee affirms the importance of resolving policy uncertainty in relation to emissions reduction in the electricity sector. The Committee commends to the House the establishment of a stable and enduring mechanism for scalable emissions reduction in the electricity sector, with appropriate notic"
5924,7,the extraction looks broken,yes,"The Committee recommends that, independent of the Regulatory Investment Test for Transmission (RIT-T) process, the Australian Energy Market Operator be funded to undertake further feasibility studies to ascertain whether: - additional interconnectors are required on the grid and, if so, where; and -","Recommendation 7 The Committee recommends that, independent of the Regulatory Investment Test for Transmission (RIT-T) process, the Australian Energy Market Operator be funded to undertake further feasibility studies to ascertain whether: - additional interconnectors are required on the grid and, if so, where; and -"
5926,4,too short to be a recommendation,yes,4 Overview,Recommendation 4: ...................................................................................................................... 4 Overview The Australian Government thanks the Senate Environment and Communications Legislation Committee (the Committee) for its work in producing the report into the Broadcasting
5926,4,too short to be a recommendation,yes,The committee recommends that the amended bill be passed,"Recommendation 4: The committee recommends that the amended bill be passed. The Government notes this recommendation. However, given the passage of time since this report was tabled, a substantive Government response is no longer appropriate."
5988,1,does not read like a recommendation,yes,"The Committee affirms the importance of resolving policy uncertainty in relation to emissions reduction in the electricity sector. The Committee commends to the House the establishment of a stable and enduring mechanism for scalable emissions reduction in the electricity sector, with appropriate not","Recommendation 1 The Committee affirms the importance of resolving policy uncertainty in relation to emissions reduction in the electricity sector. The Committee commends to the House the establishment of a stable and enduring mechanism for scalable emissions reduction in the electricity sector, with appropriate notice"
5988,7,the extraction looks broken,yes,"The Committee recommends that, independent of the Regulatory Investment Test for Transmission (RIT-T) process, the Australian Energy Market Operator be funded to undertake further feasibility studies to ascertain whether: - additional interconnectors are required on the grid and, if so, where; and -","Recommendation 7 The Committee recommends that, independent of the Regulatory Investment Test for Transmission (RIT-T) process, the Australian Energy Market Operator be funded to undertake further feasibility studies to ascertain whether: - additional interconnectors are required on the grid and, if so, where; and - ad"
5989,1,longer than a quotation can carry,,(cid:3)(cid:4)(cid:5)(cid:2)(cid:6)(cid:7)(cid:8)(cid:8)(cid:9)(cid:10)(cid:10)(cid:5)(cid:5)(cid:2)(cid:11)(cid:5)(cid:6)(cid:7)(cid:8)(cid:8)(cid:5)(cid:12)(cid:13)(cid:14)(cid:2)(cid:10)(cid:4)(cid:15)(cid:10)(cid:2)(cid:10)(cid:4)(cid:5)(cid:2)(cid:16)(cid:9)(cid:17)(cid:17)(cid:14)(cid:2)(cid:1,Recommendation 1 (cid:3)(cid:4)(cid:5)(cid:2)(cid:6)(cid:7)(cid:8)(cid:8)(cid:9)(cid:10)(cid:10)(cid:5)(cid:5)(cid:2)(cid:11)(cid:5)(cid:6)(cid:7)(cid:8)(cid:8)(cid:5)(cid:12)(cid:13)(cid:14)(cid:2)(cid:10)(cid:4)(cid:15)(cid:10)(cid:2)(cid:10)(cid:4)(cid:5)(cid:2)(cid:16)(cid:9)(cid:17)(cid:17)(cid:14)(cid:2)(cid:12)(
5993,9,too short to be a recommendation,,6,Recommendation 9: ...................................................................................................................... 6 Recommendation 10: .................................................................................................................... 6 Recommendation 11: ........................
5993,9,too short to be a recommendation,,12,Recommendation 9: .................................................................................................................... 12 Recommendation 10: .................................................................................................................. 12 Recommendation 11: ..........................
5993,9,does not read like a recommendation,yes,"An independent review of the performance of the Board is conducted every two years, while an internal review is conducted in the intervening years. Each Committee of the Board undertakes an annual self- assessment of their performance against the requirements of its Charter and provides that informa","Recommendation 9: An independent review of the performance of the Board is conducted every two years, while an internal review is conducted in the intervening years. Each Committee of the Board undertakes an annual self- assessment of their performance against the requirements of its Charter and provides that informati"
6021,3,does not read like a recommendation,yes,With the aim of increasing its staff’s awareness of their democratic responsibilities: • the Department of Defence re-examine its induction and training programs and corporate culture regarding its role as a department answerable to the Australian people through the processes of the Australian Parli,Recommendation 3 With the aim of increasing its staff’s awareness of their democratic responsibilities: • the Department of Defence re-examine its induction and training programs and corporate culture regarding its role as a department answerable to the Australian people through the processes of the Australian Parliame
6022,3,does not read like a recommendation,yes,With the aim of increasing its staff’s awareness of their democratic responsibilities: • the Department of Defence re-examine its induction and training programs and corporate culture regarding its role as a department answerable to the Australian people through the processes of the Australian Parli,Recommendation 3 With the aim of increasing its staff’s awareness of their democratic responsibilities: • the Department of Defence re-examine its induction and training programs and corporate culture regarding its role as a department answerable to the Australian people through the processes of the Australian Parliame
6040,3,the extraction looks broken,,"The Committee recommends that the Department of the House of Representatives review the guidance material and training available to Members to ensure Members are aware: e words that are sexist, racist, homophobic and otherwise exclusionary or discriminatory are considered offensive words under stand","Recommendation 3 3.115 The Committee recommends that the Department of the House of Representatives review the guidance material and training available to Members to ensure Members are aware: e words that are sexist, racist, homophobic and otherwise exclusionary or discriminatory are considered offensive words under"
6040,5,the extraction looks broken,yes,"The Committee recommends that House consider establishing a House Standing Committee on Gender Equality, Diversity and Inclusion to: e scrutinise the work of the Australian Public Service from a gender, diversity and inclusion perspective e scrutinise the potential effects of proposed legislation on","Recommendation 5 5.17 The Committee recommends that House consider establishing a House Standing Committee on Gender Equality, Diversity and Inclusion to: e scrutinise the work of the Australian Public Service from a gender, diversity and inclusion perspective e scrutinise the potential effects of proposed legislat"
6059,6,the extraction looks broken,yes,The committee recommends that SO 78(l) be amended to read: 78 Matters not open to debate … (l) motion that further proceedings on a bill or order of the day be conducted in the House (standing order 197); …,Recommendation 6 The committee recommends that SO 78(l) be amended to read: 78 Matters not open to debate … (l) motion that further proceedings on a bill or order of the day be conducted in the House (standing order 197); … Australian Government Response The Government notes the recommendation from the Committee. The G
6059,8,the extraction looks broken,yes,"The committee recommends that SOs 1, 2, 100, 215, 222 and 222A be amended to replace ‘non-aligned Member(s)’ with an alternative term, such as ‘cross-bench Member(s)’","Recommendation 8 The committee recommends that SOs 1, 2, 100, 215, 222 and 222A be amended to replace ‘non-aligned Member(s)’ with an alternative term, such as ‘cross-bench Member(s)’. Australian Government Response The standing orders now refer to ‘crossbench Members’ rather than ‘non-algined Members’ throughout. On 2"
6156,4,too short to be a recommendation,yes,The committee recommends that the bill not be passed,"Recommendation 4 The committee recommends that the bill not be passed. Response NOTED The Government notes this recommendation. However, given the passage of time since this report was tabled, a substantive Government response is no longer appropriate. Recommendation 5 The committee recommends that the Australian Gover"
6213,10,the extraction looks broken,yes,"The Committee recommends that the Department of the Environment coordinate with other relevant federal, state and territory agencies as well as interested non-government bodies to: e work towards making publicly available all environmental data gathered by government and non-government entities thro","Recommendation 10 The Committee recommends that the Department of the Environment coordinate with other relevant federal, state and territory agencies as well as interested non-government bodies to: e work towards making publicly available all environmental data gathered by government and non-government entities thro"
6213,13,does not read like a recommendation,yes,"That, in consultation with industry stakeholders, the Government work across all relevant Commonwealth and state or territory agencies to review the range of environmental reporting required of industry, and investigate the possibility of developing standardised and centralised environmental databas","Recommendation 13 That, in consultation with industry stakeholders, the Government work across all relevant Commonwealth and state or territory agencies to review the range of environmental reporting required of industry, and investigate the possibility of developing standardised and centralised environmental database"
6236,1,too short to be a recommendation,,4,Recommendation 1: ...................................................................................................................... 4 Recommendation 2: ...................................................................................................................... 4 Recommendation 3: ........................
6236,1,does not read like a recommendation,yes,"That Infrastructure Australia take a system-wide, mode-neutral approach in its consideration of any project and consider alternative ways of solving the problem being addressed","Recommendation 1: That Infrastructure Australia take a system-wide, mode-neutral approach in its consideration of any project and consider alternative ways of solving the problem being addressed. The Government notes this recommendation. However, given the passage of time since this report was tabled, a substantive Gov"
6238,13,too short to be a recommendation,yes,Exclude livestock transportation,Recommendation 13 Exclude livestock transportation. The Government supports this recommendation and intends to request that the Governor-General make a regulation excluding livestock transportation from provisions relating to regulated workers prior to the commencement of these provisions. Recommendation 14 The employe
6238,16,does not read like a recommendation,yes,That additional resourcing be allocated to develop and disseminate guidance for small businesses on the right to disconnect,Recommendation 16 That additional resourcing be allocated to develop and disseminate guidance for small businesses on the right to disconnect. The Government supports this recommendation. The right to disconnect provisions provide that the Fair Work Commission must make written guidelines in relation to the operation o
6238,17,does not read like a recommendation,yes,Include a provision to cause a review of the amendments to the Act as outlined above,"Recommendation 17 Include a provision to cause a review of the amendments to the Act as outlined above. The Government supports this recommendation. Page 14 of 15 The Government supported an amendment moved by Senator Jacqui Lambie, on behalf of the Jacqui Lambie Network, and Senator David Pocock to provide for a revie"
6241,2,longer than a quotation can carry,yes,"The Committee recommends that, given the evidence received, the Australian Government prioritises the activation of greater trade and investment with countries of the Pacific region by: a) considering measures and reforms to the Pacific Agreement on Closer Economic Relations (PACER Plus) to address ","Recommendation 2 The Committee recommends that, given the evidence received, the Australian Government prioritises the activation of greater trade and investment with countries of the Pacific region by: a) considering measures and reforms to the Pacific Agreement on Closer Economic Relations (PACER Plus) to address any"
6241,3,longer than a quotation can carry,yes,"The Committee recommends that the Australian Government improves travel and mobility between Australia and the countries of the Pacific region by: a) establishing a Pacific travel bubble between Australia and New Zealand that includes interested countries of the Pacific region, subject to health adv","Recommendation 3 The Committee recommends that the Australian Government improves travel and mobility between Australia and the countries of the Pacific region by: a) establishing a Pacific travel bubble between Australia and New Zealand that includes interested countries of the Pacific region, subject to health advice"
6241,4,longer than a quotation can carry,yes,The Committee recommends that the Australian Government works towards deepening people-to-people ties between Australia and countries of the Pacific region through: a) sport - by expanding its Sports Diplomacy 2030 and Australia’s Pacific Step- up initiatives through a new program called ‘Team AusPa,Recommendation 4 The Committee recommends that the Australian Government works towards deepening people-to-people ties between Australia and countries of the Pacific region through: a) sport - by expanding its Sports Diplomacy 2030 and Australia’s Pacific Step- up initiatives through a new program called ‘Team AusPac’.
6246,1,too short to be a recommendation,,4 Australian Greens,Recommendation 1: ...................................................................................................................... 4 Australian Greens Recommendation 1: ......................................................................................... 4 Australian Greens Recommendation 2: .................
6246,1,too short to be a recommendation,yes,The Committee does not support the passage of this bill,"Recommendation 1: The Committee does not support the passage of this bill. The Government notes this recommendation. However, given the passage of time since this report was tabled, a substantive Government response is no longer appropriate. Australian Greens Recommendation 1: That if the Bill passes the Parliament, a"
6249,12,too short to be a recommendation,,6,Recommendation 12: .................................................................................................................... 6 Recommendation 13: .................................................................................................................... 6 Recommendation 14: .........................
6249,12,the extraction looks broken,yes,Reform of Part X of the Competition and Consumer Act 2010 The committee recommends that Part X of the Competition and Consumer Act 2010 be reformed to ensure that it supports operators’ continued access to frequent and reliable liner cargo shipping services at competitive rates and to ensure that li,Recommendation 12: Reform of Part X of the Competition and Consumer Act 2010 The committee recommends that Part X of the Competition and Consumer Act 2010 be reformed to ensure that it supports operators’ continued access to frequent and reliable liner cargo shipping services at competitive rates and to ensure that lin
6251,6,too short to be a recommendation,,4,Recommendation 6: ...................................................................................................................... 4 Recommendation 7: ...................................................................................................................... 5 Recommendation 8: ........................
6251,6,does not read like a recommendation,yes,The infrastructure fund would be overseen by an independent board. The fund would manage Commonwealth grants for infrastructure and the distribution of funds raised by infrastructure bonds. The fund would also be empowered to attract and manage private equity investment,Recommendation 6: The infrastructure fund would be overseen by an independent board. The fund would manage Commonwealth grants for infrastructure and the distribution of funds raised by infrastructure bonds. The fund would also be empowered to attract and manage private equity investment. The Government notes this reco
6406,1,too short to be a recommendation,yes,The bill be passed with the omission of Schedule,"Recommendation 1 The bill be passed with the omission of Schedule 3. Australian Government Response The Government notes this recommendation. However, given the passage of time since this report was tabled, a substantive Government response is no longer appropriate. Dissenting Report – Labor Senators – Recommendation 2"
6406,1,too short to be a recommendation,yes,That Schedule 3 of this Bill not be passed,"Recommendation 1 That Schedule 3 of this Bill not be passed. Australian Government Response The Government notes this recommendation. However, given the passage of time since this report was tabled, a substantive Government response is no longer appropriate. 1 Dissenting Report – Australian Greens – Recommendation 2 Th"
6406,1,too short to be a recommendation,yes,That Schedule 3 of the Bill be opposed,"Recommendation 1 That Schedule 3 of the Bill be opposed. Australian Government Response The Government notes this recommendation. However, given the passage of time since this report was tabled, a substantive Government response is no longer appropriate. 2"
6406,4,does not read like a recommendation,yes,The Secretary of the Department of the Prime Minister and Cabinet and other senior officials of the department reacquaint themselves with: • the scrutiny functions of the Senate and its committees; and • the obligations of official witnesses who appear before Senate committees,Recommendation 4 The Secretary of the Department of the Prime Minister and Cabinet and other senior officials of the department reacquaint themselves with: • the scrutiny functions of the Senate and its committees; and • the obligations of official witnesses who appear before Senate committees. Australian Government Re
6408,5,does not read like a recommendation,yes,"Enact Parliamentary Standards legislation to give statutory force to the Ministerial Standards and to establish a Parliamentary Standards Commissioner with responsibility for education and advice, oversight, investigating complaints, monitoring compliance, and enforcement","Recommendation 5 Enact Parliamentary Standards legislation to give statutory force to the Ministerial Standards and to establish a Parliamentary Standards Commissioner with responsibility for education and advice, oversight, investigating complaints, monitoring compliance, and enforcement. Australian Government Respons"
6408,6,too short to be a recommendation,yes,Appoint a Parliamentary Ethics Adviser,"Recommendation 6 Appoint a Parliamentary Ethics Adviser. Australian Government Response The Government notes this recommendation. However, given the passage of time since this report was tabled, a substantive Government response is no longer appropriate. Australian Greens’ Additional Comments – Recommendation 7 Introdu"
6408,7,does not read like a recommendation,yes,Introduce effective sanctions to deter former Ministers from taking on lobbying and advocacy roles in breach of the Ministerial Standards,"Recommendation 7 Introduce effective sanctions to deter former Ministers from taking on lobbying and advocacy roles in breach of the Ministerial Standards Australian Government Response The Government notes this recommendation. However, given the passage of time since this report was tabled, a substantive Government re"
6411,12,too short to be a recommendation,yes,The Committee recommends that voting be compulsory,"Recommendation 12 The Committee recommends that voting be compulsory. Australian Government Response The Government notes this recommendation. However, given the passage of time since this report was tabled, a substantive Government response is no longer appropriate. Recommendation 13 The Committee recommends that this"
6540,15,longer than a quotation can carry,,"The committee recommends the Australian Government support workers and their representatives in the care sector to use the mechanisms available to them through the Fair Work Legislation Amendment (Secure Jobs, Better Pay) Act 2022 to achieve wage increases. This could include care sector workers and","Recommendation 15 The committee recommends the Australian Government support workers and their representatives in the care sector to use the mechanisms available to them through the Fair Work Legislation Amendment (Secure Jobs, Better Pay) Act 2022 to achieve wage increases. This could include care sector workers and t"
6558,2,longer than a quotation can carry,yes,The Committee recommends that the definition of foreign government related entity (FGRE) under section 10 of the Foreign Influence Transparency Scheme Act 2018 be amended to: • Recognise a relationship of control through chains of holding and subsidiary companies between the target FGRE and the fore,Recommendation 2: The Committee recommends that the definition of foreign government related entity (FGRE) under section 10 of the Foreign Influence Transparency Scheme Act 2018 be amended to: • Recognise a relationship of control through chains of holding and subsidiary companies between the target FGRE and the foreig
6558,6,the extraction looks broken,yes,The Committee recommends that the Foreign Influence Transparency Scheme Act 2018 be amended in the following ways to improve compulsory registration obligations on former Cabinet Ministers and recent designated position holders: • Section 22 and 23 registrable activities obligations on former Cabine,Recommendation 6: The Committee recommends that the Foreign Influence Transparency Scheme Act 2018 be amended in the following ways to improve compulsory registration obligations on former Cabinet Ministers and recent designated position holders: • Section 22 and 23 registrable activities obligations on former Cabinet
6639,4,does not read like a recommendation,yes,"That analysis is carried out on repurposing the Fund to allow it to underwrite, partially- underwrite, or sub-underwrite equity for SMEs","Recommendation 4 That analysis is carried out on repurposing the Fund to allow it to underwrite, partially- underwrite, or sub-underwrite equity for SMEs. Australian Government response The Government notes this recommendation. However, given the passage of time since this report was tabled, a substantive Government re"
6641,2,does not read like a recommendation,yes,There be greater transparency in the publication of decisions and enforceable undertakings made under the bills and related regulations,"Recommendation 2 There be greater transparency in the publication of decisions and enforceable undertakings made under the bills and related regulations. Australian Government response The Government notes this recommendation. However, given the passage of time since this report was tabled, a substantive Government res"
6641,2,does not read like a recommendation,yes,"The annual statistical report contains information on the area, value, tenure and use of land, including agricultural land, in which there is a foreign interest","Recommendation 2 The annual statistical report contains information on the area, value, tenure and use of land, including agricultural land, in which there is a foreign interest. Australian Government response The Government notes this recommendation. However, given the passage of time since this report was tabled, a s"
6641,3,does not read like a recommendation,yes,"Given the current economic imperatives, there be a review within six to twelve months of the bills’ commencement to update the Parliament on the impact of the legislation, whether it is achieving its stated objectives and whether it strikes the right balance between Australia’s openness to foreign i","Recommendation 3 Given the current economic imperatives, there be a review within six to twelve months of the bills’ commencement to update the Parliament on the impact of the legislation, whether it is achieving its stated objectives and whether it strikes the right balance between Australia’s openness to foreign inve"
6641,3,does not read like a recommendation,yes,The threshold for critical electricity assets be set at a level that does not have a disproportionate impact on renewable energy,"Recommendation 3 The threshold for critical electricity assets be set at a level that does not have a disproportionate impact on renewable energy. Australian Government response The Government notes this recommendation. However, given the passage of time since this report was tabled, a substantive Government response i"
6642,4,does not read like a recommendation,yes,"The government provide further advice on the financial and compliance costs of implementing this reform, including for individual members, SMSF advisers, and regulators","Recommendation 4 The government provide further advice on the financial and compliance costs of implementing this reform, including for individual members, SMSF advisers, and regulators. Australian Government response The Government notes this recommendation. However, given the passage of time since this report was tab"
6645,9,the government's verdict is inside the recommendation,yes,The committee recommends that the Australian Government provide further clarity around eligibility for the Research & Development Tax Incentive to ensure genuine software creation by Australian startups is reliably supported,Recommendation 9 The committee recommends that the Australian Government provide further clarity around eligibility for the Research & Development Tax Incentive to ensure genuine software creation by Australian startups is reliably supported. Australian Government response The Government notes this recommendation. Howe
6650,6,too short to be a recommendation,,The government should implement,"Recommendation 6 The government should implement Recommendation 1.7 of the Royal Commission into Misconduct in the Banking, Superannuation and Financial Services Industry removing point of sale exemptions from the National Consumer Credit Protection Act 2009. Australian Government response The Government notes this rec"
6658,2,does not read like a recommendation,yes,The Government recommence discussions with the Opposition and with stakeholders to reach broad political and industry support for a superannuation objective,"Recommendation 2 The Government recommence discussions with the Opposition and with stakeholders to reach broad political and industry support for a superannuation objective. Australian Government response The Government notes this recommendation. However, given the passage of time since this report was tabled, a subst"
6663,1,does not read like a recommendation,yes,"That any firm that provides audit services for a significant proportion (for example, more than 5 per cent) of companies capitalised or operating in Australia be prevented from providing non- audit services","Recommendation 1 That any firm that provides audit services for a significant proportion (for example, more than 5 per cent) of companies capitalised or operating in Australia be prevented from providing non- audit services. Australian Government response The Government notes this recommendation. However, given the pas"
6716,4,does not read like a recommendation,yes,The Parliament supports Labor’s policy to end cash refunds for franking credits,"Recommendation 4 The Parliament supports Labor’s policy to end cash refunds for franking credits. Australian Government response The Government notes this recommendation. However, given the passage of time since this report was tabled, a substantive Government response is no longer appropriate. 2 |"
6719,12,too short to be a recommendation,,The Committee reiterates,Recommendation 12 The Committee reiterates Recommendation 7 from the Tax dispute inquiry report and recommends that legislation be introduced to shift the onus of proof to the Australian Taxation Office in relation to allegations of fraud or evasion after a certain period has elapsed. Australian Government response The
6719,17,too short to be a recommendation,,The Committee reiterates,"Recommendation 17 The Committee reiterates Recommendation 4 of the 2015 Tax dispute report, that suspicion or finding of fraud or evasion be made by an officer from the Senior Executive Service. Australian Government response The Government notes this recommendation. However, given the passage of time since this report"
6719,18,too short to be a recommendation,,The Committee reiterates,"Recommendation 18 The Committee reiterates Recommendation 9 from the 2015 Tax dispute report and recommends that the Australian Taxation Office conducts earlier engagement with taxpayers in cases of fraud and evasion, and align the process to that of the tax avoidance process. Specifically, the Committee recommends tha"
6719,5,does not read like a recommendation,,The Committee supports the Inspector-General of Taxation and Taxation Ombudsman’s,Recommendation 5 The Committee supports the Inspector-General of Taxation and Taxation Ombudsman’s Recommendation 1(d) from the Review into Taxpayers’ Charter in 2016 and recommends that the Australian Taxation Office categorises complaint cases in line with the principles of the Taxpayers’ Charter. Australian Governme
6721,3.3,too short to be a recommendation,,,"recommendation 3.3: Recommendation 3.3—Improve the analytics function of the ATO’s centralised logging capability…to balance of performance, stability, resilience and cost factors: − early detection, fault finding and proactive problem management − resolution approaches, including active monitoring, analysing issue tre"
6721,3.3,does not read like a recommendation,yes,"Improve the analytics function of the ATO’s centralised logging capability…to balance of performance, stability, resilience and cost factors: − early detection, fault finding and proactive problem management − resolution approaches, including active monitoring, analysing issue trends and response ev","Recommendation 3.3—Improve the analytics function of the ATO’s centralised logging capability…to balance of performance, stability, resilience and cost factors: − early detection, fault finding and proactive problem management − resolution approaches, including active monitoring, analysing issue trends and response eva"
6721,36,the government's verdict is inside the recommendation,yes,"The Committee recommends that the IGT, in procedural fairness investigations, reports quantitatively on the proportion of complaint investigations undertaken in a reporting period where the IGT formed a different view to the ATO’s original decision. Additionally, that: the IGT, where possible, repor","Recommendation 36 The Committee recommends that the IGT, in procedural fairness investigations, reports quantitatively on the proportion of complaint investigations undertaken in a reporting period where the IGT formed a different view to the ATO’s original decision. Additionally, that: the IGT, where possible, report"
6756,1,too short to be a recommendation,yes,The committee recommends that the Senate pass the bill,Recommendation 1 The committee recommends that the Senate pass the bill. The Government notes this recommendation. Coalition Senators additional comments Recommendation 1 Coalition Senators will support the removal of potential criminal penalties for employers who contact their employees outside of work hours. The Gove
6756,1,does not read like a recommendation,yes,Coalition Senators will support the removal of potential criminal penalties for employers who contact their employees outside of work hours,Recommendation 1 Coalition Senators will support the removal of potential criminal penalties for employers who contact their employees outside of work hours. The Government notes this recommendation. Recommendation 2 Coalition Senators recommend repealing the 'right to disconnect' provisions which recently passed the P
6805,60,does not read like a recommendation,,of the Royal Commission into Aged Care Quality and Safety includes establishing a new Senior Dental Benefit Scheme to fund dental services for people who live in residential aged care or who live in the community and receive the age pension or qualify for the Commonwealth Seniors Health Card. The Na,Recommendation 60 of the Royal Commission into Aged Care Quality and Safety includes establishing a new Senior Dental Benefit Scheme to fund dental services for people who live in residential aged care or who live in the community and receive the age pension or qualify for the Commonwealth Seniors Health Card. The Nati
6873,1,too short to be a recommendation,yes,The committee recommends that the bills be passed,"Recommendation 1: 2.145 The committee recommends that the bills be passed. Response: The Australian Government notes this recommendation. The Digital ID Bill was amended and passed by the Senate on 27 March 2024, and passed by the House of Representatives on 16 May 2024. Dissenting Report: Coalition Senators Recommenda"
6873,10,too short to be a recommendation,yes,The bill not be passed in the current form,Recommendation 10: The bill not be passed in the current form. Response: The Australian Government notes this recommendation. The necessary amendments to the Bill were made to address many of the concerns raised in this report and through feedback from consultation.
6873,4,does not read like a recommendation,yes,The Digital ID Bill 2023 be reviewed by the Office of Parliamentary Council to identify provisions that may require an explicit limitations clause and report prior to the resumption of the second reading debate,Recommendation 4: The Digital ID Bill 2023 be reviewed by the Office of Parliamentary Council to identify provisions that may require an explicit limitations clause and report prior to the resumption of the second reading debate. Response: The Australian Government disagrees with this recommendation. The Bill was draft
6873,5,too short to be a recommendation,yes,The design of a digital ID must allow for offline use,Recommendation 5: The design of a digital ID must allow for offline use. Response: The Australian Government notes this recommendation. Offline use of a digital ID would depend on the specific implementation by service providers and the technology used. Recommendation 6: The provision for alternative identification sho
6873,7,does not read like a recommendation,yes,Amend the bill to remove the provision for the rules to allow the location of data outside Australian jurisdiction,"Recommendation 7: Amend the bill to remove the provision for the rules to allow the location of data outside Australian jurisdiction. Response: The Australian Government disagrees with this recommendation. It is appropriate to be able to make rules about data storage outside Australia, including limiting storage outsid"
6993,9,the extraction looks broken,yes,"The Committee recommends that the Australian Government provides funding for research, programs and initiatives to assist local publishers, including for regional newspapers to: e Identify and implement alternative, sustainable business models, achieved through a diverse range of revenue streams tha","Recommendation 9 The Committee recommends that the Australian Government provides funding for research, programs and initiatives to assist local publishers, including for regional newspapers to: e Identify and implement alternative, sustainable business models, achieved through a diverse range of revenue streams that"
7037,2,does not read like a recommendation,,"In the event that Telstra and/or Optus are not willing to agree to extend their 3G network shutdown, subject to the conditions listed in","Recommendation 2 In the event that Telstra and/or Optus are not willing to agree to extend their 3G network shutdown, subject to the conditions listed in Recommendation 1, the committee recommends that, prior to 30 August 2024, the Minister for Communications places conditions on the relevant carrier by making a declar"
7186,1,does not read like a recommendation,yes,the Government consider any potential amendments to the new cessation regime in the Australian Citizenship Act 2007 after a reasonable period of 18-24 months so that its operation and effectiveness can be assessed,Recommendation 1: the Government consider any potential amendments to the new cessation regime in the Australian Citizenship Act 2007 after a reasonable period of 18-24 months so that its operation and effectiveness can be assessed. Response: The Government accepts this recommendation. The Government agrees that 18-24
7223,1,too short to be a recommendation,yes,,Recommendation 1 The Government does not support this recommendation. The committee recommends that the federal government establishes a royal commission to examine the Australian response to the COVID-19 pandemic and the consequential impacts on the Australian community. 2 Recommendation 2 The Government does not supp
7223,2,too short to be a recommendation,yes,,Recommendation 2 The Government does not support this recommendation. The committee recommends that the federal government encourages the states and territories to pass complementary legislation that would enable them to participate in the royal commission. State and territory governments that do not initially join the
7223,3,too short to be a recommendation,yes,,Recommendation 3 The Government does not support this recommendation. The committee recommends that the federal government adopt the terms of refence outlined in paragraphs 3.99 and 3.100 as the draft terms of reference. 2 Recommendation Government Response Recommendation 4 The Government does not support this recommen
7223,4,too short to be a recommendation,yes,,Recommendation 4 The Government does not support this recommendation. The committee recommends that the draft terms of reference for a COVID- 19 Royal Commission are made available for public comment to allow the people of Australia an opportunity to provide input on the terms of reference prior to adoption. 3
7305,3,longer than a quotation can carry,yes,"The Committee recommends that the Australian Government amends the Commonwealth Grants Rules and Guidelines 2017 to provide that: • Competitive, merit-based processes must be adopted by default with program design guidelines or decision makers required to document appropriately detailed reasons when","Recommendation 3 2.95 The Committee recommends that the Australian Government amends the Commonwealth Grants Rules and Guidelines 2017 to provide that: • Competitive, merit-based processes must be adopted by default with program design guidelines or decision makers required to document appropriately detailed reasons wh"
7305,4,longer than a quotation can carry,,"In keeping with the key principles of ‘Governance and Accountability’ and ‘Probity and Transparency’ in the administration of Commonwealth grants, the Committee recommends that the Department of Finance develops ‘good practice’ examples of record-keeping templates with an accompanying checklist that","Recommendation 4 2.96 In keeping with the key principles of ‘Governance and Accountability’ and ‘Probity and Transparency’ in the administration of Commonwealth grants, the Committee recommends that the Department of Finance develops ‘good practice’ examples of record-keeping templates with an accompanying checklist th"
7400,1,longer than a quotation can carry,,"Remove the Minister’s power to veto research funding for reasons related to ‘international relations’, and narrow the definition of ‘designated research program’, to reduce the risk of political interference. Amendments in relation to this recommendation were moved by Senator Mehreen Faruqi (sheet 2","Recommendation 1: Remove the Minister’s power to veto research funding for reasons related to ‘international relations’, and narrow the definition of ‘designated research program’, to reduce the risk of political interference. Amendments in relation to this recommendation were moved by Senator Mehreen Faruqi (sheet 239"
7400,3,longer than a quotation can carry,,Ensure governance of research funding is democratic and representative. The amended ARC Act establishes an ARC Board as the accountable authority of the ARC from 1 July 2024. This was recommended by the independent Review of the Australian Research Council Act 2001 to strengthen the independence and,Recommendation 3: Ensure governance of research funding is democratic and representative. The amended ARC Act establishes an ARC Board as the accountable authority of the ARC from 1 July 2024. This was recommended by the independent Review of the Australian Research Council Act 2001 to strengthen the independence and i
7593,3,too short to be a recommendation,,The committee recommends that the timeframe in,"Recommendation 3 The committee recommends that the timeframe in recommendation 2 be published by the Department of Climate Change, Energy, the Environment and Water on its EPBC Act reform webpage. Response to all NOTED The Australian Government's Nature Positive environmental law reforms are being progressed in 3 st"
8204,99,does not read like a recommendation,yes,"of the Final Report of the Royal Commission calls for improved funding for professional, paid advocates","Recommendation 99 of the Final Report of the Royal Commission calls for improved funding for professional, paid advocates. The Government will provide its response to the Final Report of the Royal Commission before the end of the year. 7 # Recommendation Government response Defective administration claims are outside o"
8346,5.1,the government's words begin mid-sentence,yes,"stated: The Australian Government make provision, in legislation, for a declaration of a state of national emergency. In response to this recommendation, the National Emergency Declaration Act 2020 (Cth) (the NED Act) and National Emergency Declaration (Consequential Amendments) Act 2020 (Cth) (toge","Recommendation 5.1 stated: The Australian Government make provision, in legislation, for a declaration of a state of national emergency. In response to this recommendation, the National Emergency Declaration Act 2020 (Cth) (the NED Act) and National Emergency Declaration (Consequential Amendments) Act 2020 (Cth) (toget"
8364,2,the extraction looks broken,yes,of the Committee’s Report The committee recommends the Australian Government commissions and publishes a scoping study on the establishment of a steel plant/s located in Northern Australia. The study should consider: • the most suitable location/s including economic viability and financing arrangeme,Recommendation 2 of the Committee’s Report The committee recommends the Australian Government commissions and publishes a scoping study on the establishment of a steel plant/s located in Northern Australia. The study should consider: • the most suitable location/s including economic viability and financing arrangements
8412,8,the extraction looks broken,,"Note The committee recommends that: • the Australian National Audit Office (ANAO) gives serious consideration to auditing the Attorney-General’s Department (noting the independence of the ANAO), as part of its Annual Audit Work Program 2025–2026, to assess whether the department is effectively deliv","Recommendation 8 Note The committee recommends that: • the Australian National Audit Office (ANAO) gives serious consideration to auditing the Attorney-General’s Department (noting the independence of the ANAO), as part of its Annual Audit Work Program 2025–2026, to assess whether the department is effectively deliveri"
8412,8,the extraction looks broken,yes,"The committee recommends that: • the Australian National Audit Office (ANAO) gives serious consideration to auditing the Attorney-General’s Department (noting the independence of the ANAO), as part of its Annual Audit Work Program 2025–2026, to assess whether the department is effectively delivering","Recommendation 8 The committee recommends that: • the Australian National Audit Office (ANAO) gives serious consideration to auditing the Attorney-General’s Department (noting the independence of the ANAO), as part of its Annual Audit Work Program 2025–2026, to assess whether the department is effectively delivering on"
8583,5,longer than a quotation can carry,,The committee recommends that the Australian Government develop a broader strategy and budget for a national public education campaign over the life of the National Fetal Alcohol Spectrum Disorder (FASD) Strategic Action Plan 2018–2028. 6 Supported-In-Principle An objective of the National Fetal Alc,Recommendation 5 The committee recommends that the Australian Government develop a broader strategy and budget for a national public education campaign over the life of the National Fetal Alcohol Spectrum Disorder (FASD) Strategic Action Plan 2018–2028. 6 Supported-In-Principle An objective of the National Fetal Alcoho
8583,9,the extraction looks broken,yes,"The committee recommends that the Australian Government provide funding for professional development training for all health professionals involved in antenatal care, in order to embed routine FASD screening practices and tools, including AUDIT-C. Supported-In-Principle The Australian Government (De","Recommendation 9 The committee recommends that the Australian Government provide funding for professional development training for all health professionals involved in antenatal care, in order to embed routine FASD screening practices and tools, including AUDIT-C. Supported-In-Principle The Australian Government (Depar"
8738,12,does not read like a recommendation,,The following erratum to the Australian Government’s 2021 response to,"Recommendation 12 The following erratum to the Australian Government’s 2021 response to Recommendation 12 of Compassion, Not Commerce is noted. The Department of Agriculture, Fisheries and Forestry advises that the Biosecurity Act 2015 is not an appropriate mechanism to include when implementing Recommendation 12. The"
8768,1,too short to be a recommendation,yes,The committee recommends that the Senate pass the bills,Recommendation 1: The committee recommends that the Senate pass the bills. The Government supports this recommendation. Dissenting report by Coalition Senators Recommendation 1: It is recommended that permanent residency and citizenship of Australia should not be determined in any way by a lottery process. In any event
8790,1,the government's words begin mid-sentence,yes,"The government should consult closely and continuously with a wide range of industry stakeholders to ensure the roll-out and implementation of the CDR occurs carefully and orderly, ensuring the best possible benefit to consumers and businesses","Recommendation 1 The government should consult closely and continuously with a wide range of industry stakeholders to ensure the roll-out and implementation of the CDR occurs carefully and orderly, ensuring the best possible benefit to consumers and businesses. Australian Government response t he Government"
8790,2,the government's words begin mid-sentence,yes,"The government undertakes regular legislative reviews of the CDR legislation, guided by measurable market outputs from the scheme along with consumer uptake","Recommendation 2 The government undertakes regular legislative reviews of the CDR legislation, guided by measurable market outputs from the scheme along with consumer uptake. Australian Government response t he Government supports this recommendation. The Government regularly reviews the CDR legislative"
9111,2,too short to be a recommendation,yes,,"Recommendation 2 Noted. The committee recommends that in developing the Accreditation The Attorney-General’s Department is currently preparing an impact analysis for the new Rules for Children’s Contact Services, the Commonwealth regulatory measures. The outcomes of the Impact Analysis and associated consultation proce"
9111,2,too short to be a recommendation,yes,,"Recommendation 2 Accepted in principle. Following passage of the Bill, the government should implement a The Government agrees that it will be important to monitor and review the implementation of programme of real time review of the operation of the protected these provisions, particularly in relation to their accessi"
9111,3,too short to be a recommendation,yes,,"Recommendation 3 Accepted. The committee recommends that subsection 44(1B) of the Family The Family Law Amendment Act 2024 includes amendments introduced by the Government, and Law Act 1975 is repealed thereby removing the requirement that passed by the Parliament, that will repeal subsections 44(1B) and 44(1C) to remo"
9111,4,too short to be a recommendation,yes,,"Recommendation 4 Accepted in part. The committee recommends that Schedule 3, Part 5 of the Bill, The Government does not agree with the Committee’s proposal to create a leave requirement which deals with protected confidences, is amended to require that the party seeking access to a protected confidence is required for"
9111,5,too short to be a recommendation,yes,,"Recommendation 5 Noted. • Subject to the preceding recommendations, the On 28 November 2024, the Senate passed the Bill with Government amendments. Following committee recommends that the Senate passes the Bill. passage of the Bill through Parliament on 29 November 2024, the Family Law Amendment Act 2024 received the R"
9112,20,too short to be a recommendation,yes,The Bill not be passed in its current form,Recommendation 20: The Bill not be passed in its current form. The Government does not support this recommendation.
9189,1,too short to be a recommendation,yes,The Committee recommends that the bill be passed,"Recommendation 1 The Committee recommends that the bill be passed. Supported The legislation has been passed. The bill passed in the House of Representatives on 26 June 2024, the Senate on 1 July 2024 and came into effect on 10 July 2024 (the day after receiving Royal Assent). Recommendation 2 The Committee recommends"
9325,14,too short to be a recommendation,,and,"Recommendation 14 and Recommendation 15 14: The Committee recommends that the Department of Health and Aged Care, through the Medicare Benefits Schedule (MBS) Continuous Review, review existing MBS item numbers relevant for menopause and perimenopause consultations, including for longer consultations and mid-life healt"
9325,7,does not read like a recommendation,yes,The Committee encourages Australian workplaces develop perimenopause and menopause workplace policies in consultation with their employees,"Recommendation 7 7: The Committee encourages Australian workplaces develop perimenopause and menopause workplace policies in consultation with their employees. The Australian Government notes this recommendation recognising it is directed towards all Australian workplaces. As a model employer, the Government supports A"
9326,26,too short to be a recommendation,,and,Recommendation 26 and Recommendation 27 26: The Committee recommends that the Department of Health and Aged Care consider sexual and reproductive healthcare for LGBTIQA+ people in the context of the 10-year National Action Plan for the Health and Wellbeing of LGBTIQA+ people. 27: The Committee recommends that the Austr
9326,30,too short to be a recommendation,,and,"Recommendation 30 and Recommendation 31 30: The Committee recommends that the Australian Government, in consultation with state and territory governments, consider options for ensuring the provision of reproductive health and pregnancy care services to all people living in Australia, irrespective of their visa status."
9326,32,too short to be a recommendation,,and,Recommendation 32 and Recommendation 33 32: The Committee recommends that the Australian Government explores the feasibility of Medicare rebates for in vitro fertilisation (IVF) services for cohorts not currently eligible for subsidised services. 33: The Committee recommends that the Australian Government implement the
9463,10,does not read like a recommendation,,", relating to the timing of statements on indulgence and motions of condolence, not occurring immediately before or after Question Time, and *","Recommendation 10, relating to the timing of statements on indulgence and motions of condolence, not occurring immediately before or after Question Time, and * Recommendation 11, relating to improved promotion of the work of the House. The Government notes this recommendation. The Albanese Government has adopted a n"
9463,11,too short to be a recommendation,yes,", relating to improved promotion of the work of the House","Recommendation 11, relating to improved promotion of the work of the House. The Government notes this recommendation. The Albanese Government has adopted a number of changes to the standing orders relating to Question Time, including limiting all questions to thirty seconds and ensuring a fair allocation of questions"
9463,6,does not read like a recommendation,,", relating to the reduction of the time limit for answers to two minutes, on a trial basis only ¢","Recommendation 6, relating to the reduction of the time limit for answers to two minutes, on a trial basis only ¢ Recommendation 7, relating to points of order on direct relevance in the first 30 seconds of an answer * Recommendation 8, relating to the addition of an option for the Speaker to direct Members to leave"
9463,7,does not read like a recommendation,,", relating to points of order on direct relevance in the first 30 seconds of an answer *","Recommendation 7, relating to points of order on direct relevance in the first 30 seconds of an answer * Recommendation 8, relating to the addition of an option for the Speaker to direct Members to leave the Chamber for three hours, implemented as proposed on the Notice Paper in July 2024 ¢ Recommendation 9, relating"
9463,8,does not read like a recommendation,,", relating to the addition of an option for the Speaker to direct Members to leave the Chamber for three hours, implemented as proposed on the Notice Paper in July 2024 ¢","Recommendation 8, relating to the addition of an option for the Speaker to direct Members to leave the Chamber for three hours, implemented as proposed on the Notice Paper in July 2024 ¢ Recommendation 9, relating to a trial of restricted mobile phone use * Recommendation 10, relating to the timing of statements on i"
9463,9,too short to be a recommendation,,", relating to a trial of restricted mobile phone use *","Recommendation 9, relating to a trial of restricted mobile phone use * Recommendation 10, relating to the timing of statements on indulgence and motions of condolence, not occurring immediately before or after Question Time, and * Recommendation 11, relating to improved promotion of the work of the House. The Govern"
9466,1,the government's words begin mid-sentence,yes,"The committee recommends that the Australian Government should: i. develop and commit to a consistent objective and mission statement in our support for Ukraine across all departments, ensure all government agencies are working to those same objectives, and ensure that all of Australia’s assistance,","Recommendation 1 The committee recommends that the Australian Government should: i. develop and commit to a consistent objective and mission statement in our support for Ukraine across all departments, ensure all government agencies are working to those same objectives, and ensure that all of Australia’s assistance, su"
9466,10,the government's words begin mid-sentence,yes,"The committee recommends the Australian Government publicly attribute the role that the People’s Republic of China, the Islamic Republic of Iran, and the Democratic People’s Republic of Korea (North Korea) are playing in supporting Russia in its invasion of Ukraine, and ensure Australia’s foreign po","Recommendation 10 The committee recommends the Australian Government publicly attribute the role that the People’s Republic of China, the Islamic Republic of Iran, and the Democratic People’s Republic of Korea (North Korea) are playing in supporting Russia in its invasion of Ukraine, and ensure Australia’s foreign poli"
9466,11,the government's words begin mid-sentence,yes,"The committee recommends that the Australian Government ensure that Australia keeps pace with international partners in sanctioning entities and individuals providing support to Russia’s invasion of Ukraine, including provision of weapons and componentry used to manufacture weapons","Recommendation 11 The committee recommends that the Australian Government ensure that Australia keeps pace with international partners in sanctioning entities and individuals providing support to Russia’s invasion of Ukraine, including provision of weapons and componentry used to manufacture weapons. Government Respons"
9466,12,the government's words begin mid-sentence,yes,"The committee recommends that the Australian Government expediently responds to requests from the Ukrainian Government for specific military and defence equipment and materiel, acknowledging that the Ukrainian authorities with direct knowledge of the battlefield situation are best placed to decide w","Recommendation 12 The committee recommends that the Australian Government expediently responds to requests from the Ukrainian Government for specific military and defence equipment and materiel, acknowledging that the Ukrainian authorities with direct knowledge of the battlefield situation are best placed to decide whe"
9466,13,the government's words begin mid-sentence,yes,The committee recommends that the Australia Government adopts a default position that Defence materiel being retired or otherwise disposed of will be gifted to Ukraine unless there is a compelling case against this for an individual asset,Recommendation 13 The committee recommends that the Australia Government adopts a default position that Defence materiel being retired or otherwise disposed of will be gifted to Ukraine unless there is a compelling case against this for an individual asset. 14 Government Response to Recommendation 13 The Government agr
9466,14,the government's words begin mid-sentence,yes,The committee recommends that the Australian Government urgently directs the Department of Defence to develop plans to provide Ukraine with:  additional Bushmaster protected mobility vehicles;  Hawkei reconnaissance vehicles;  the retiring M1A1 Abrams tanks;  the retiring Tiger Armed Reconnaissa,Recommendation 14 The committee recommends that the Australian Government urgently directs the Department of Defence to develop plans to provide Ukraine with:  additional Bushmaster protected mobility vehicles;  Hawkei reconnaissance vehicles;  the retiring M1A1 Abrams tanks;  the retiring Tiger Armed Reconnaissanc
9466,15,the government's words begin mid-sentence,yes,"The committee recommends the Australian Government commits to replenish, via new orders from manufacturers or through enhanced acquisition plans, all new Australian Defence Force commitments to Ukraine with the exception of assets being retired where replacement capabilities are already acquired","Recommendation 15 The committee recommends the Australian Government commits to replenish, via new orders from manufacturers or through enhanced acquisition plans, all new Australian Defence Force commitments to Ukraine with the exception of assets being retired where replacement capabilities are already acquired. Gove"
9466,16,the government's words begin mid-sentence,yes,The committee recommends that the Australian Government urgently join Australia to the Demining Coalition for Ukraine,Recommendation 16 The committee recommends that the Australian Government urgently join Australia to the Demining Coalition for Ukraine. Government Response to Recommendation 16 The Government notes this recommendation. The Government notes that the De-mining Capability Coalition is one of eight capability coalitions u
9466,17,the government's words begin mid-sentence,yes,"The committee recommends Australia deepen cooperation and liaison between Australia and NATO partners, as well as the Australian Defence Force and the Armed Forces of Ukraine to ensure Australia learn from Ukraine’s defence and response to Russia’s invasion","Recommendation 17 The committee recommends Australia deepen cooperation and liaison between Australia and NATO partners, as well as the Australian Defence Force and the Armed Forces of Ukraine to ensure Australia learn from Ukraine’s defence and response to Russia’s invasion. Government Response to Recommendation 17 Th"
9466,18,the government's words begin mid-sentence,yes,"The committee recommends the Australian Government strengthens support for Australia’s defence industry to provide equipment to Ukraine, and to develop innovative technologies relevant to modern warfare as highlighted by Ukraine’s defence against the Russian invasion","Recommendation 18 The committee recommends the Australian Government strengthens support for Australia’s defence industry to provide equipment to Ukraine, and to develop innovative technologies relevant to modern warfare as highlighted by Ukraine’s defence against the Russian invasion. 18 Government Response to Recomme"
9466,2,the government's words begin mid-sentence,yes,"The committee recommends the Australian Government appoint a Coordinator-General to lead coordination of Australia’s assistance and support to Ukraine across all agencies. The person tasked with this lead coordination role should report directly to the National Security Committee of Cabinet, and sho","Recommendation 2 The committee recommends the Australian Government appoint a Coordinator-General to lead coordination of Australia’s assistance and support to Ukraine across all agencies. The person tasked with this lead coordination role should report directly to the National Security Committee of Cabinet, and should"
9466,20,the government's words begin mid-sentence,yes,"The committee recommends that the Australian Government urgently make new commitments for humanitarian assistance for Ukraine as part of a comprehensive, multi-year strategy","Recommendation 20 The committee recommends that the Australian Government urgently make new commitments for humanitarian assistance for Ukraine as part of a comprehensive, multi-year strategy. Government Response to Recommendation 20 The Government notes this recommendation. Australia has provided humanitarian funding"
9466,21,the government's words begin mid-sentence,yes,"The committee recommends that the Australian Government prioritise using Australian non- government organisations and businesses to deliver Australian Government-funded aid, medical aid and humanitarian assistance to Ukraine wherever possible","Recommendation 21 The committee recommends that the Australian Government prioritise using Australian non- government organisations and businesses to deliver Australian Government-funded aid, medical aid and humanitarian assistance to Ukraine wherever possible. Government Response to Recommendation 21 The Government no"
9466,22,the government's words begin mid-sentence,yes,The committee recommends that the Australian Government provide long- term certainty to Ukrainians already in Australia on temporary visas who wish to stay in Australia or are unable to safely return to Ukraine due to the ongoing war,Recommendation 22 The committee recommends that the Australian Government provide long- term certainty to Ukrainians already in Australia on temporary visas who wish to stay in Australia or are unable to safely return to Ukraine due to the ongoing war. Government Response to Recommendation 22 The Government agrees to t
9466,3,the government's words begin mid-sentence,yes,"The committee recommends the Australian Government re-open the Australian Embassy in Ukraine, and ensure Australia is represented at the highest levels at future global meetings that discuss Ukraine’s defence, peace, and reconstruction","Recommendation 3 The committee recommends the Australian Government re-open the Australian Embassy in Ukraine, and ensure Australia is represented at the highest levels at future global meetings that discuss Ukraine’s defence, peace, and reconstruction. Government Response to Recommendation 3 The Government notes this"
9466,4,the government's words begin mid-sentence,yes,The committee recommends that the Australian Government support the lifting of restrictions on the ability of the Armed Forces of Ukraine to strike military targets in Russia as part of the defence of Ukraine from the Russian invasion,Recommendation 4 The committee recommends that the Australian Government support the lifting of restrictions on the ability of the Armed Forces of Ukraine to strike military targets in Russia as part of the defence of Ukraine from the Russian invasion. Government Response to Recommendation 4 The Government notes this r
9466,5,the government's words begin mid-sentence,yes,"The committee recommends that any future requests from the Ukrainian Government for Australian coal shipments be responded to with high priority, acknowledging the serious threat to the Ukrainian population of energy shortages and Australia’s ability to assist with this challenge","Recommendation 5 The committee recommends that any future requests from the Ukrainian Government for Australian coal shipments be responded to with high priority, acknowledging the serious threat to the Ukrainian population of energy shortages and Australia’s ability to assist with this challenge. Government Response t"
9466,6,the government's words begin mid-sentence,yes,The committee recommends that the Australian Government become a Participant or Associate Member of the Register of Damage Caused by the Aggression of the Russian Federation Against Ukraine (Register of Damage for Ukraine) as a matter of priority,Recommendation 6 The committee recommends that the Australian Government become a Participant or Associate Member of the Register of Damage Caused by the Aggression of the Russian Federation Against Ukraine (Register of Damage for Ukraine) as a matter of priority. Government Response to Recommendation 6 The Government
9466,7,the government's words begin mid-sentence,yes,"The committee recommends that the Australian Government identify as a matter of priority all Russian assets in Australia that are subject to sanctions, and assess what legislative changes are required to enable the transfer of these assets or associated income to Ukraine","Recommendation 7 The committee recommends that the Australian Government identify as a matter of priority all Russian assets in Australia that are subject to sanctions, and assess what legislative changes are required to enable the transfer of these assets or associated income to Ukraine. Government Response to Recomme"
9466,8,the government's words begin mid-sentence,yes,"The committee recommends that the Australian Government improve tracking of petroleum- based products made with refined Russian oil, and apply autonomous sanctions as required in order to prevent the sale of Russian oil and petroleum products in Australia","Recommendation 8 The committee recommends that the Australian Government improve tracking of petroleum- based products made with refined Russian oil, and apply autonomous sanctions as required in order to prevent the sale of Russian oil and petroleum products in Australia. Government Response to Recommendation 8 The Go"
9466,9,the government's words begin mid-sentence,yes,"The committee recommends that the Australian Government ensure relevant agencies are appropriately resourced to identify and address foreign interference and disinformation activities in Australia, including from Russian actors, and to respond to community and diaspora concerns regarding these activ","Recommendation 9 The committee recommends that the Australian Government ensure relevant agencies are appropriately resourced to identify and address foreign interference and disinformation activities in Australia, including from Russian actors, and to respond to community and diaspora concerns regarding these activiti"
9517,11,the extraction looks broken,yes,"The Committee recommends that the Australian Securities and Investments Commission, the Reserve Bank of Australia, and Treasury: • enhance their skills, experience, and processes at the most senior levels for monitoring and supervising strategic technology benefits and risks in financial services an","Recommendation 11 The Committee recommends that the Australian Securities and Investments Commission, the Reserve Bank of Australia, and Treasury: • enhance their skills, experience, and processes at the most senior levels for monitoring and supervising strategic technology benefits and risks in financial services and"
10128,10,too short to be a recommendation,yes,will be considered in the context of this process,Recommendation 10 will be considered in the context of this process. The Government has directed Defence to provide briefings to the Committee on the progress of works at the Harold E Holt Naval Communications Station in relation to Recommendation 11.
11618,10,too short to be a recommendation,yes,will be considered in the context of this process,Recommendation 10 will be considered in the context of this process. The Government has directed Defence to provide briefings to the Committee on the progress of works at the Harold E Holt Naval Communications Station in relation to Recommendation 11.
11765,6,does not read like a recommendation,yes,Extend the COVID-19 Vaccine Claims Scheme and fully review its terms to ensure that victims are adequately compensated,"Recommendation 6 Extend the COVID-19 Vaccine Claims Scheme and fully review its terms to ensure that victims are adequately compensated. The Australian Government does not support this recommendation. The Australian Government established the COVID-19 Vaccine Claims Scheme on 13 December 2021 as a no-fault, time-limite"
12106,11,the extraction looks broken,yes,"The Committee recommends that the Australian Government: "" by March 2024, ensure that all Registered Training Organisations provide English as an Additional Language or Dialect (EAL/D) learners with instruction from specialist teachers with degree or post-graduate qualifications in Teaching English ","Recommendation 11 The Committee recommends that the Australian Government: "" by March 2024, ensure that all Registered Training Organisations provide English as an Additional Language or Dialect (EAL/D) learners with instruction from specialist teachers with degree or post-graduate qualifications in Teaching English"
12106,8,the extraction looks broken,yes,"| The Committee recommends that, as part of the new National School Reform Agreement, commencing in 2023, the Australian Government seek the agreement of the states and territories to: “"" require a proportionate number of qualified English as a second or additional language (TESOL) educators to be p","Recommendation 8 | The Committee recommends that, as part of the new National School Reform Agreement, commencing in 2023, the Australian Government seek the agreement of the states and territories to: “"" require a proportionate number of qualified English as a second or additional language (TESOL) educators to be pr"
12298,2,the extraction looks broken,yes,"The C ommittee recommends that the Department of Health and Aged Care investigate the feasibility of a two-week urgent referral system for suspected cancer, such as the model offered in the United Kingdom. The Austra lian Government notes this recommendation. In the Australian context, t he Optimal ","Recommendation 2 The C ommittee recommends that the Department of Health and Aged Care investigate the feasibility of a two-week urgent referral system for suspected cancer, such as the model offered in the United Kingdom. The Austra lian Government notes this recommendation. In the Australian context, t he Op"
12298,34,the extraction looks broken,,"The C ommittee recommends that the Australian Government ensure continued funding for rare and less common cancer projects to reduce existing research and clinical trial disparities. The Australian Government support s this recommendation. Under the Medical Research Future Fund ( MRFF ) , the Govern","Recommendation 34 The C ommittee recommends that the Australian Government ensure continued funding for rare and less common cancer projects to reduce existing research and clinical trial disparities. The Australian Government support s this recommendation. Under the Medical Research Future Fund ( MRFF ) , the"
12354,10,longer than a quotation can carry,,"The Committee recommendsthat, in the next Parliament, the Australian Government lead the developmentand implementation ofa package ofreforms to eliminate opportunities for systems abusein the family law andstate and territory FVO systems. Development ofthe reforms should consider: e evaluating the e","Recommendation 10 The Committee recommendsthat, in the next Parliament, the Australian Government lead the developmentand implementation ofa package ofreforms to eliminate opportunities for systems abusein the family law andstate and territory FVO systems. Development ofthe reforms should consider: e evaluating the eff"
12354,2,longer than a quotation can carry,,"The Committee recommendsthat, in the next Parliament, the Attorney-General work with the states and territories to develop and implement a community education program to raise awareness ofhow FVOsare recognised and enforced across Australia through NDVOS,andthelegal intersection between FVOsand pare","Recommendation 2 The Committee recommendsthat, in the next Parliament, the Attorney-General work with the states and territories to develop and implement a community education program to raise awareness ofhow FVOsare recognised and enforced across Australia through NDVOS,andthelegal intersection between FVOsand parenti"
12354,3,the extraction looks broken,yes,"The Committee recommendsthat, in the next Parliament, the Attorney-General advocate for, and assist all states andterritories to: e adopt nationally harmonised: o legal definitions offamily, domestic and sexualviolence (FDSV) o family violence laws and consistency in access, application processes an","Recommendation 3 The Committee recommendsthat, in the next Parliament, the Attorney-General advocate for, and assist all states andterritories to: e adopt nationally harmonised: o legal definitions offamily, domestic and sexualviolence (FDSV) o family violence laws and consistency in access, application processes and e"
12354,4,longer than a quotation can carry,,"The Committee recommendsthat, in the next Parliament, the Australian Government increase the Federal Circuit and Family Court ofAustralia (FCFCOA)’s capacity to identify, respond and expedite high-risk FDSV andchild abuse matters, including: e reducing wait times and overall costs forvictim-survivor","Recommendation 4 The Committee recommendsthat, in the next Parliament, the Australian Government increase the Federal Circuit and Family Court ofAustralia (FCFCOA)’s capacity to identify, respond and expedite high-risk FDSV andchild abuse matters, including: e reducing wait times and overall costs forvictim-survivors O"
12354,5,longer than a quotation can carry,yes,"The Committee recommendsthe Australian Government continue to lead the development and implementation ofan enhanced national FDSVrisk and information sharing framework, with the goalofestablishing, in the next Parliament, a live dashboardthat all decision-makers in FDSV and child abuse matters can a","Recommendation 5 The Committee recommendsthe Australian Government continue to lead the development and implementation ofan enhanced national FDSVrisk and information sharing framework, with the goalofestablishing, in the next Parliament, a live dashboardthat all decision-makers in FDSV and child abuse matters can acce"
12354,6,the extraction looks broken,,"The Committee recommendsthat, in the next Parliament, the Australian Government introduce measures to improve the safety ofvictim-survivors ofFDSV at court during family law proceedings, including: e ensuring victim-survivors can attend court appointments remotely where there are safety concerns e m","Recommendation 6 The Committee recommendsthat, in the next Parliament, the Australian Government introduce measures to improve the safety ofvictim-survivors ofFDSV at court during family law proceedings, including: e ensuring victim-survivors can attend court appointments remotely where there are safety concerns e meet"
12354,7,longer than a quotation can carry,,"The Committee recommendsthat, in the next Parliament, the Australian Government introduce measures to improvethe accessibility ofFCFCOA proceedings and the support provided to vulnerable groups, including: e supporting individuals with low English and/or digital literacy to complete relevant online ","Recommendation 7 The Committee recommendsthat, in the next Parliament, the Australian Government introduce measures to improvethe accessibility ofFCFCOA proceedings and the support provided to vulnerable groups, including: e supporting individuals with low English and/or digital literacy to complete relevant online for"
12355,1,does not read like a recommendation,yes,Supplement the factors the Minister can consider in determining whether an arrangement complies with the Foreign Relations Act (that an arrangement does not adversely affect Australia’s foreign relations and is not inconsistent with Australia’s foreign policy) to include reference to the national in,Recommendation 1 Supplement the factors the Minister can consider in determining whether an arrangement complies with the Foreign Relations Act (that an arrangement does not adversely affect Australia’s foreign relations and is not inconsistent with Australia’s foreign policy) to include reference to the national inter
12355,10,does not read like a recommendation,yes,Remove the notification provisions for subsidiary arrangements from the provisions of the Rules and include a provision in the Foreign Relations Act or Rules authorising the Minister to request information about subsidiary arrangements entered into or proposed to be entered into under the auspices o,Recommendation 10 Remove the notification provisions for subsidiary arrangements from the provisions of the Rules and include a provision in the Foreign Relations Act or Rules authorising the Minister to request information about subsidiary arrangements entered into or proposed to be entered into under the auspices of
12355,11,does not read like a recommendation,,Streamline the administration of multi-party arrangements under the Scheme through use of delegations and Ministerial discretion (related,"Recommendation 11 Streamline the administration of multi-party arrangements under the Scheme through use of delegations and Ministerial discretion (related Recommendation 13), and update guidance to encourage designation of a lead entity for the purpose of the Foreign Relations Act. Response: Agreed The Government agre"
12355,12,does not read like a recommendation,yes,"(a) Refresh key concepts in the Foreign Relations Act and Rules (State/Territory entity, foreign entity, institutional autonomy, minor administrative and logistical) as part of a process of maturing concepts based on operations to date. (b) Provide more specific guidance and case studies on specific","Recommendation 12 (a) Refresh key concepts in the Foreign Relations Act and Rules (State/Territory entity, foreign entity, institutional autonomy, minor administrative and logistical) as part of a process of maturing concepts based on operations to date. (b) Provide more specific guidance and case studies on specific c"
12355,13,does not read like a recommendation,yes,Take measures to improve the administrative efficiency of the Foreign Relations Act by enabling delegations and ministerial discretion in certain circumstances: i. delegation by the Minister of the power to approve negotiation of core arrangements in certain circumstances ii. flexibility to address ,Recommendation 13 Take measures to improve the administrative efficiency of the Foreign Relations Act by enabling delegations and ministerial discretion in certain circumstances: i. delegation by the Minister of the power to approve negotiation of core arrangements in certain circumstances ii. flexibility to address ad
12355,14,does not read like a recommendation,yes,"Retain a statutory requirement for a regular review of the Foreign Relations Act as set out at section 63A, with a review to occur at least every five years and with terms of reference addressing the key themes of this Review","Recommendation 14 Retain a statutory requirement for a regular review of the Foreign Relations Act as set out at section 63A, with a review to occur at least every five years and with terms of reference addressing the key themes of this Review. Response: Agreed in principle The Government agrees that regular review of"
12355,15,does not read like a recommendation,yes,"Reduce the cost of administration of the Scheme through removal of low-risk arrangements, legislative amendments that improve the efficient operation of the Foreign Relations Act and updated guidance material","Recommendation 15 Reduce the cost of administration of the Scheme through removal of low-risk arrangements, legislative amendments that improve the efficient operation of the Foreign Relations Act and updated guidance material. Response: Agreed in principle The Government is committed to ensuring the Scheme is administ"
12355,16,does not read like a recommendation,yes,"Require only one notification step for non-core arrangements, with an STE required to notify the Minister within fourteen days of a non-core arrangement being entered","Recommendation 16 Require only one notification step for non-core arrangements, with an STE required to notify the Minister within fourteen days of a non-core arrangement being entered. Response: Agreed The Government recognises that streamlining the notification requirements for non-core foreign arrangements will stre"
12355,17,does not read like a recommendation,yes,"Provide on the Portal, a list of foreign universities that have been deemed not to have institutional autonomy under the Scheme and the countries in which those institutions operate, that can be referenced by entities in considering whether a foreign university is in scope of the Scheme","Recommendation 17 Provide on the Portal, a list of foreign universities that have been deemed not to have institutional autonomy under the Scheme and the countries in which those institutions operate, that can be referenced by entities in considering whether a foreign university is in scope of the Scheme. Response: Agr"
12355,18,does not read like a recommendation,yes,Provide more detailed feedback in the Portal as to why an arrangement has been deemed out of scope and consolidate the main reasons why this occurs to reduce the number of out of scope arrangements,Recommendation 18 Provide more detailed feedback in the Portal as to why an arrangement has been deemed out of scope and consolidate the main reasons why this occurs to reduce the number of out of scope arrangements. Response: Agreed The Government recognises there is scope to better inform the regulated community of t
12355,19,does not read like a recommendation,yes,Enable an advanced search capability in the Portal to allow authorised users to interrogate their data and generate reports to reduce their administrative overheads,"Recommendation 19 Enable an advanced search capability in the Portal to allow authorised users to interrogate their data and generate reports to reduce their administrative overheads. Response: Agreed in principle The Government will continue to enhance functionality and user experience on the Portal, which already ena"
12355,2,does not read like a recommendation,yes,"Establish formal governance across Commonwealth Government resilience and transparency measures, with representation from intelligence, national security and economic agencies, to work collaboratively and share data, identify current and emerging risks, and streamline communications with affected en","Recommendation 2 Establish formal governance across Commonwealth Government resilience and transparency measures, with representation from intelligence, national security and economic agencies, to work collaboratively and share data, identify current and emerging risks, and streamline communications with affected entit"
12355,20,does not read like a recommendation,yes,"Establish a formal user group to embed user feedback into the administration of the Scheme, including guidance material and information technology enhancements, and ongoing consideration of administrative overheads and how these can be reduced","Recommendation 20 Establish a formal user group to embed user feedback into the administration of the Scheme, including guidance material and information technology enhancements, and ongoing consideration of administrative overheads and how these can be reduced. Response: Agreed The Government will establish a formal u"
12355,21,does not read like a recommendation,,"Continue to enhance the Portal, in consultation with the proposed user group (","Recommendation 21 Continue to enhance the Portal, in consultation with the proposed user group (Recommendation 20), to assist entities to comply with the Scheme, increase transparency and reduce administration. Response: Agreed The Government will continue its ongoing program of enhancements to the online Portal that a"
12355,22,does not read like a recommendation,,Ensure the Public Register enables transparency as an authoritative source of current arrangements by i. updating the Register only when a non-core arrangement has been entered (noting the interaction with,"Recommendation 22 Ensure the Public Register enables transparency as an authoritative source of current arrangements by i. updating the Register only when a non-core arrangement has been entered (noting the interaction with recommendation 16). ii. removing arrangements that have expired, been terminated or are no longe"
12355,23,does not read like a recommendation,yes,"Retain exemptions for entries on the Public Register and provide further guidance on Public Register exclusion requests, including in relation to the aggregation of data on the Register","Recommendation 23 Retain exemptions for entries on the Public Register and provide further guidance on Public Register exclusion requests, including in relation to the aggregation of data on the Register. Response: Agreed The Government will provide opportunities to ensure greater understanding among the regulated comm"
12355,3,does not read like a recommendation,yes,"Add a general disclosure provision to the Foreign Relations Act to enable the DFAT Secretary to communicate Scheme information within DFAT and with other Commonwealth Government agencies, including for the purpose of administering other resilience and transparency measures, to enhance the effectiven","Recommendation 3 Add a general disclosure provision to the Foreign Relations Act to enable the DFAT Secretary to communicate Scheme information within DFAT and with other Commonwealth Government agencies, including for the purpose of administering other resilience and transparency measures, to enhance the effectiveness"
12355,4,does not read like a recommendation,yes,"Engage formally with state and territory governments, local government and universities – recognising their role as global players – in order to provide coordinated information on foreign policy settings, current and emerging risks and intelligence insights (including through the First Secretaries G","Recommendation 4 Engage formally with state and territory governments, local government and universities – recognising their role as global players – in order to provide coordinated information on foreign policy settings, current and emerging risks and intelligence insights (including through the First Secretaries Grou"
12355,5,does not read like a recommendation,yes,"Establish a central point of support for affected entities to assist them in determining foreign policy risk, with resources freed up by amending Scheme settings redirected to this purpose","Recommendation 5 Establish a central point of support for affected entities to assist them in determining foreign policy risk, with resources freed up by amending Scheme settings redirected to this purpose. Response: Agreed in principle The Government acknowledges that early engagement on proposed foreign arrangements"
12355,6,does not read like a recommendation,yes,"Focus the administration of the Scheme on high-risk arrangements, informed by foreign policy and intelligence assessments, be proactive in engaging with entities on the nature of risk and emerging trends, and build a risk-focused approach into administrative processes","Recommendation 6 Focus the administration of the Scheme on high-risk arrangements, informed by foreign policy and intelligence assessments, be proactive in engaging with entities on the nature of risk and emerging trends, and build a risk-focused approach into administrative processes. Response: Agreed The Government r"
12355,7,does not read like a recommendation,yes,(a) Increase education and outreach to Commonwealth Government entities on the requirements of the Foreign Relations Act and the importance of those entities meeting the intent of the Act in their own arrangements. (b) Place a formal requirement on Commonwealth Government accountable authorities to ,Recommendation 7 (a) Increase education and outreach to Commonwealth Government entities on the requirements of the Foreign Relations Act and the importance of those entities meeting the intent of the Act in their own arrangements. (b) Place a formal requirement on Commonwealth Government accountable authorities to ens
12355,8,does not read like a recommendation,yes,(a) Exempt arrangements with Five Eyes countries and articulation agreements between educational institutions from the requirement to be notified under the Rules as these arrangements represent low or no foreign policy risk. (b) Exempt core and non-core arrangements relating to the sharing of inform,Recommendation 8 (a) Exempt arrangements with Five Eyes countries and articulation agreements between educational institutions from the requirement to be notified under the Rules as these arrangements represent low or no foreign policy risk. (b) Exempt core and non-core arrangements relating to the sharing of informati
12355,9,does not read like a recommendation,yes,"Identify and remove areas of inconsistency in how the Scheme defines core and non-core entities in named low risk areas. Certain cultural institutions (museums and art galleries), research institutions and TAFEs could be deemed as non-core on a case-by-case basis, consistent with the treatment of th","Recommendation 9 Identify and remove areas of inconsistency in how the Scheme defines core and non-core entities in named low risk areas. Certain cultural institutions (museums and art galleries), research institutions and TAFEs could be deemed as non-core on a case-by-case basis, consistent with the treatment of the m"
12527,11,does not read like a recommendation,,oo... ceccccccccsscsssscsscecsessssesecscsesessesucssssssssssssssaseesereusessucisetesceseceseececs,Recommendation 11 oo... ceccccccccsscsssscsscecsessssesecscsesessesucssssssssssssssaseesereusessucisetesceseceseececs 18 Recommendation 1 The Committee recommends that the Australian Government prioritise sleep health as a national priority and recognise its importance to health and wellbeing alongside fitness and nu
12527,11,the extraction looks broken,yes,"The Committee recommends that the Australian Government fund research focussed on: e the prevalence of sleep disorders with a particular focus on under-researched population groups such as women and Aboriginal and Torres Strait Islander peoples; e the prevalence, causes, and mechanisms of rare or no","Recommendation 11 The Committee recommends that the Australian Government fund research focussed on: e the prevalence of sleep disorders with a particular focus on under-researched population groups such as women and Aboriginal and Torres Strait Islander peoples; e the prevalence, causes, and mechanisms of rare or n"
12527,2.0,does not read like a recommendation,,eeccececcsccssssssescssescsessssesecscsessssssussssssssasssesssucsvarsevsrersassusesecseeseececees,Recommendation 2.0... eeccececcsccssssssescssescsessssesecscsessssssussssssssasssesssucsvarsevsrersassusesecseeseececees 5 Recommendation 30.0... .eccceccssssssssssscssscessesvescsscacsssussssusaesssassssssssasssvesesssseuseserseseseeeseececess 7 Recommendation 4.0.0... ..cecccccccsccsssesssscsssstssesssesecsecasssssus
12527,3,the extraction looks broken,yes,The Committee recommends the Australian Government work with the states and territories to: e develop a nationally consistent approach to working hours and rest breaks for shift workers; and © consider whether there is a need for sleep health screenings for shift workers; and e that this approach be,Recommendation 3 The Committee recommends the Australian Government work with the states and territories to: e develop a nationally consistent approach to working hours and rest breaks for shift workers; and © consider whether there is a need for sleep health screenings for shift workers; and e that this approach b
12527,30.0,does not read like a recommendation,,eccceccssssssssssscssscessesvescsscacsssussssusaesssassssssssasssvesesssseuseserseseseeeseececess,Recommendation 30.0... .eccceccssssssssssscssscessesvescsscacsssussssusaesssassssssssasssvesesssseuseserseseseeeseececess 7 Recommendation 4.0.0... ..cecccccccsccsssesssscsssstssesssesecsecasssssussusisssssssissscevessersarsesstcasseteecececesces 10 Recommendation 5... eccccccsccccsesscsessssescsssscsrsucessucasavsnear
12527,4,the extraction looks broken,yes,"The Committee recommends that the Department of Health undertake a review of the Medicare Benefits Schedule (MBS) as it relates to sleep health services in Australia. The review should include, but not be limited to, the following: e simple diagnostic sleep studies (Level 3 and Level 4) that do not ","Recommendation 4 The Committee recommends that the Department of Health undertake a review of the Medicare Benefits Schedule (MBS) as it relates to sleep health services in Australia. The review should include, but not be limited to, the following: e simple diagnostic sleep studies (Level 3 and Level 4) that do not c"
12527,4.0,does not read like a recommendation,,0... ..cecccccccsccsssesssscsssstssesssesecsecasssssussusisssssssissscevessersarsesstcasseteecececesces,Recommendation 4.0.0... ..cecccccccsccsssesssscsssstssesssesecsecasssssussusisssssssissscevessersarsesstcasseteecececesces 10 Recommendation 5... eccccccsccccsesscsessssescsssscsrsucessucasavsnearsssststsssssessassssevsuseverstsetescececececs 12 Recommendation 6...0........cccccccsesesssssssssssesescssesecesstssssssess
12527,5,does not read like a recommendation,,eccccccsccccsesscsessssescsssscsrsucessucasavsnearsssststsssssessassssevsuseverstsetescececececs,Recommendation 5... eccccccsccccsesscsessssescsssscsrsucessucasavsnearsssststsssssessassssevsuseverstsetescececececs 12 Recommendation 6...0........cccccccsesesssssssssssesescssesecesstssssssessssusssssesssesssssassscsssesaseccesssseeseesecesees 14 Recommendation 7 o.o......c.ccccccccesescsssssssssescsscsssesecssssssss
12527,5,the extraction looks broken,yes,"The Committee recommends that the Australian Government work with the states and territories, and provides funding where necessary, to: e ensure that all Pensioner or Health Care Card holders with moderate to severe obstructive sleep apnoea, regardless of their location, have access to a free trial ","Recommendation 5 The Committee recommends that the Australian Government work with the states and territories, and provides funding where necessary, to: e ensure that all Pensioner or Health Care Card holders with moderate to severe obstructive sleep apnoea, regardless of their location, have access to a free trial o"
12527,6,does not read like a recommendation,,0........cccccccsesesssssssssssesescssesecesstssssssessssusssssesssesssssassscsssesaseccesssseeseesecesees,Recommendation 6...0........cccccccsesesssssssssssesescssesecesstssssssessssusssssesssesssssassscsssesaseccesssseeseesecesees 14 Recommendation 7 o.o......c.ccccccccesescsssssssssescsscsssesecssssssssessssssssasesssssucssaretsatsteesetescececcesecececs 14 Recommendation 80.00... cececcccssessssssessssesescsssvsucassesa
12527,6,the extraction looks broken,yes,The Committee recommends that the Australian Government and the Australian Competition and Consumer Commission monitor the Continuous Positive Airway Pressure (CPAP) industry to ensure that vertical integration in the industry does not result in actions that: e Limit the quality of care or clinical ,Recommendation 6 The Committee recommends that the Australian Government and the Australian Competition and Consumer Commission monitor the Continuous Positive Airway Pressure (CPAP) industry to ensure that vertical integration in the industry does not result in actions that: e Limit the quality of care or clinical a
12527,8,the extraction looks broken,yes,"The Committee recommends that the Australian Government, in partnership with the states, territories and key stakeholder groups, work to develop and implement a national sleep health awareness campaign. The campaign should: © promote sleep as the foundation of ensuring positive health and wellbeing ","Recommendation 8 The Committee recommends that the Australian Government, in partnership with the states, territories and key stakeholder groups, work to develop and implement a national sleep health awareness campaign. The campaign should: © promote sleep as the foundation of ensuring positive health and wellbeing o"
12527,80.00,does not read like a recommendation,,cececcccssessssssessssesescsssvsucassesassususarsassssesssssevasscsevsusasereasatercececececs,Recommendation 80.00... cececcccssessssssessssesescsssvsucassesassususarsassssesssssevasscsevsusasereasatercececececs 15 Recommendation 9 oo... eccescsessssssesssscsssccscsececsesussssssssessssrsessssssssassssssesessesersessseceseseeees 16 Recommendation 10 .0.0........ccccccesccssssssssssssssscsssecsessscstsusssssssss
12527,9,does not read like a recommendation,,oo... eccescsessssssesssscsssccscsececsesussssssssessssrsessssssssassssssesessesersessseceseseeees,Recommendation 9 oo... eccescsessssssesssscsssccscsececsesussssssssessssrsessssssssassssssesessesersessseceseseeees 16 Recommendation 10 .0.0........ccccccesccssssssssssssssscsssecsessscstsussssssssssssvssssveescetsusisessesassteeceseseeees 17 Recommendation 11 oo... ceccccccccsscsssscsscecsessssesecscsesessesucsssssss
12527,9,the extraction looks broken,yes,"The Committee recommends that the Australian Government in consultation with the Royal Australian College of General Practitioners and other key stakeholders: e Assess the current knowledge levels of general practitioners, nurses and psychologists in relation to sleep health, and e Develop effective","Recommendation 9 The Committee recommends that the Australian Government in consultation with the Royal Australian College of General Practitioners and other key stakeholders: e Assess the current knowledge levels of general practitioners, nurses and psychologists in relation to sleep health, and e Develop effective"
12528,12,the extraction looks broken,yes,The Committee recommends that the Therapeutic Goods Administration make the following changes to its Orphan Drugs Program: e Provide automatic access to the Priority Review Pathway for all medicines granted an orphan drug designation e Treat paediatric patient populations as separate to adult patien,Recommendation 12 The Committee recommends that the Therapeutic Goods Administration make the following changes to its Orphan Drugs Program: e Provide automatic access to the Priority Review Pathway for all medicines granted an orphan drug designation e Treat paediatric patient populations as separate to adult patie
12528,14,the extraction looks broken,,"The Committee recommends that the Australian Government reconsider the current cost recovery funding model for the Therapeutic Goods Administration, paying attention to future staffing and IT infrastructure needs in an environment where demand on its services and systems are expected to increase in ","Recommendation 14 The Committee recommends that the Australian Government reconsider the current cost recovery funding model for the Therapeutic Goods Administration, paying attention to future staffing and IT infrastructure needs in an environment where demand on its services and systems are expected to increase in f"
12528,2,too short to be a recommendation,,"The Committee recommends that, consistent with","Recommendation 2 The Committee recommends that, consistent with Recommendation 1 and the establishment of a Centre for Precision Medicine and Rare Diseases, the Health Technology Assessment (HTA) process for cell and gene therapies be simplified to establish a clear and certain pathway for such therapies. e This simp"
12528,3,the extraction looks broken,yes,The Committee recommends the Australian Government establish an Office of Clinical Evaluation within the Department of Health to assess the best and most effective care for patients in the context of new and emerging health technologies. ° The Office should enable evaluation of both pharmacological ,Recommendation 3 The Committee recommends the Australian Government establish an Office of Clinical Evaluation within the Department of Health to assess the best and most effective care for patients in the context of new and emerging health technologies. ° The Office should enable evaluation of both pharmacological a
12528,4,the extraction looks broken,yes,The Committee recommends that the assessment process for the Life Saving Drugs Program (LSDP) be streamlined and delays in access to treatments be reduced by ensuring that a sponsor only need lodge one application for one Health Technology Assessment pathway. The Committee recommends either: e Provi,Recommendation 4 The Committee recommends that the assessment process for the Life Saving Drugs Program (LSDP) be streamlined and delays in access to treatments be reduced by ensuring that a sponsor only need lodge one application for one Health Technology Assessment pathway. The Committee recommends either: e Provid
12528,6,the extraction looks broken,yes,"The Committee recommends that the Department of Health increase its efforts to educate and engage with patients, clinicians, industry and the public and develop education campaigns on all aspects of the regulation and reimbursement system. The Committee recommends that the Department of Health impro","Recommendation 6 The Committee recommends that the Department of Health increase its efforts to educate and engage with patients, clinicians, industry and the public and develop education campaigns on all aspects of the regulation and reimbursement system. The Committee recommends that the Department of Health improv"
12528,7,the extraction looks broken,yes,"The Committee recommends that the Department of Health and the National Blood Authority, in consultation with state and territory governments, reform the Health Technology Assessment processes for blood products to provide better alignment with the Health Technology Assessment system, including: e P","Recommendation 7 The Committee recommends that the Department of Health and the National Blood Authority, in consultation with state and territory governments, reform the Health Technology Assessment processes for blood products to provide better alignment with the Health Technology Assessment system, including: e Pu"
12528,8,the extraction looks broken,yes,The Committee recommends that the Australian Government make the following changes to submission fees for the Therapeutic Goods Administration (TGA) and the Pharmaceutical Benefits Advisory Committee (PBAC) and where appropriate Medical Services Advisory Committee (MSAC) assessments in the following,Recommendation 8 The Committee recommends that the Australian Government make the following changes to submission fees for the Therapeutic Goods Administration (TGA) and the Pharmaceutical Benefits Advisory Committee (PBAC) and where appropriate Medical Services Advisory Committee (MSAC) assessments in the following s
12528,9,the extraction looks broken,yes,"The Committee recommends that the Australian Government establish a fund to support patients, clinicians and non-profit organisations to sponsor registration and reimbursement applications where there is no realistic prospect of a company serving as sponsor, and where the Department of Health is oth","Recommendation 9 The Committee recommends that the Australian Government establish a fund to support patients, clinicians and non-profit organisations to sponsor registration and reimbursement applications where there is no realistic prospect of a company serving as sponsor, and where the Department of Health is other"
12529,23,longer than a quotation can carry,,"The Committee recommends that the Australian Government give consideration of how best to increase the utilisation of nurses and allied health care workers to support the care of patients with allergic disease. Fully supported Through the Workforce Incentive Program (WIP), the Government is improvin","Recommendation 23 The Committee recommends that the Australian Government give consideration of how best to increase the utilisation of nurses and allied health care workers to support the care of patients with allergic disease. Fully supported Through the Workforce Incentive Program (WIP), the Government is improving"
12533,2,too short to be a recommendation,,3,Recommendation 2 ................................................................................................................................. 3 Recommendation 3 ................................................................................................................................. 5 Recommendation 4 .....
12533,2,too short to be a recommendation,,Number,"Recommendation 2 Number Recommendation 2 Given the crucial role that procurement plays in planning, the tendering process and delivery of infrastructure projects, the committee recommends that the Australian Government review the practical application of the Commonwealth Procurement Rules, with a particular focus on th"
12533,3,too short to be a recommendation,,5,Recommendation 3 ................................................................................................................................. 5 Recommendation 4 ................................................................................................................................. 6 Recommendation 5 .....
12533,3,too short to be a recommendation,,Number,"Recommendation 3 Number Recommendation 3 The committee recommends that the Australian Government, in consultation with state, territory and local governments, establish a mechanism for monitoring and rating funding recipients’ performance on government-funded infrastructure projects, capturing elements of whether the p"
12533,4,too short to be a recommendation,,6,Recommendation 4 ................................................................................................................................. 6 Recommendation 5 ................................................................................................................................. 7 Recommendation 6 .....
12533,4,too short to be a recommendation,,Number,"Recommendation 4 Number Recommendation 4 The committee recommends that state, territory and local government infrastructure projects that receive Australian Government funding should be subject to verification of value for money by the Australian Government or a specified entity. To support this, the Australian Governm"
12533,5,too short to be a recommendation,,7,Recommendation 5 ................................................................................................................................. 7 Recommendation 6 ................................................................................................................................. 8 Recommendation 7 .....
12533,5,too short to be a recommendation,,Number,"Recommendation 5 Number Recommendation 5 To improve planning, procurement and delivery efficiencies for infrastructure projects, the committee recommends the Australian Government, in consultation with state, territory and local governments, explores opportunities for standardisation on like projects. Support-in-princi"
12533,6,too short to be a recommendation,,8,Recommendation 6 ................................................................................................................................. 8 Recommendation 7 ............................................................................................................................... 10 Recommendation 8 ......
12533,6,too short to be a recommendation,,Number,"Recommendation 6 Number Recommendation 6 The committee sees increasing the access of tier two and three companies, and related Australian small and medium enterprises, to projects in the Australian infrastructure pipeline as key to enhancing Australia’s sovereign industry capacity. Accordingly, the committee recommends"
12533,7,too short to be a recommendation,,10,Recommendation 7 ............................................................................................................................... 10 Recommendation 8 ............................................................................................................................... 11 ii / v Preamble Backgrou
12533,7,too short to be a recommendation,,Number,"Recommendation 7 Number Recommendation 7 The committee recognises the potential benefits for increased efficiencies and productivity through the adoption of a digital by default approach in infrastructure projects, in which governments take the lead in providing accessible digital options that can be utilised by govern"
12533,8,longer than a quotation can carry,yes,"11 ii / v Preamble Background On 31 March 2022 the then House of Representatives Standing Committee on Infrastructure, Transport and Cities inquired into and released its report on procurement practices for government-funded infrastructure. The Terms of Reference for the report required the Committe","Recommendation 8 ............................................................................................................................... 11 ii / v Preamble Background On 31 March 2022 the then House of Representatives Standing Committee on Infrastructure, Transport and Cities inquired into and released its repo"
12533,8,too short to be a recommendation,,Number,"Recommendation 8 Number Recommendation 8 To deliver on Australia’s significant infrastructure pipeline of projects over the next decade, the committee acknowledges the importance of improving productivity in the construction industry and recommends that the Australian Government investigate how in the tender and delive"
12658,15,too short to be a recommendation,,"The Committee recommends that, subject to","Recommendation 15: The Committee recommends that, subject to Recommendation 19, the proposed Digital Safety Review make recommendations to the Australian Government on potential proposals for mandating platform transparency. Recommendation 16: The Committee recommends the implementation of a mandatory requirement for a"
12658,19,too short to be a recommendation,,"The Committee recommends that, subject to","Recommendation 19: The Committee recommends that, subject to Recommendation 18, the Digital Review examine the need and possible models for a single regulatory framework under the Online Safety Act, to simplify regulatory arrangements. Recommendation 20: The Committee recommends that the Digital Review include in its t"
12658,2,too short to be a recommendation,,"The Committee recommends that, subject to","Recommendation 2: The Committee recommends that, subject to Recommendation 1, the Australian Government propose an inquiry into the role of social media in relation to democratic health and social cohesion, to be referred to the aforementioned committee or a related parliamentary committee. Recommendation 3: The Commit"
12658,4,too short to be a recommendation,,Subject to the findings in,"Recommendation 4: Subject to the findings in Recommendation 3, the Committee recommends that the Australian Government establishes an educational and awareness campaign targeted at all Australians, focusing on digital citizenship, civics and respectful online interaction. Recommendation 5: The Committee recommends that"
12659,29,longer than a quotation can carry,,"Supported in Based on recommendations from the eSafety Commissioner, the Committee principle recommends that the Australian Government, in cooperation with state and territory governments where applicable: • Develop and implement education initiatives that drive cultural change and increase awarenes","Recommendation 29 Supported in Based on recommendations from the eSafety Commissioner, the Committee principle recommends that the Australian Government, in cooperation with state and territory governments where applicable: • Develop and implement education initiatives that drive cultural change and increase awareness"
12659,29,longer than a quotation can carry,yes,"Based on recommendations from the eSafety Commissioner, the Committee recommends that the Australian Government, in cooperation with state and territory governments where applicable: • Develop and implement education initiatives that drive cultural change and increase awareness about the abusive nat","Recommendation 29 Based on recommendations from the eSafety Commissioner, the Committee recommends that the Australian Government, in cooperation with state and territory governments where applicable: • Develop and implement education initiatives that drive cultural change and increase awareness about the abusive natur"
12659,61,too short to be a recommendation,yes,,"Recommendation 61 Supported 16 Recommendation Response The Committee recommends that the next National Plan include measures to support the social services sector (including the health, mental health, disability, family and relationships, and alcohol and other drugs sectors) to have a greater role in identifying and re"
13153,3,the extraction looks broken,yes,"That the Australian Government increase investment in TAFEs to update infrastructure and equipment, and ensure secure jobs, fair pay and conditions for staff, and adequate resources and support for both staff and students. The g overnment notes this recommendation. Funding for the VET system is a jo","Recommendation 3 That the Australian Government increase investment in TAFEs to update infrastructure and equipment, and ensure secure jobs, fair pay and conditions for staff, and adequate resources and support for both staff and students. The g overnment notes this recommendation. Funding for the VET system i"
13234,1,too short to be a recommendation,yes,The committee recommends that the Senate pass the Bill,Recommendation 1: The committee recommends that the Senate pass the Bill. The Government agrees to this recommendation and welcomes the passage of the Bill through the Parliament. Additional Comments from Senator Paul Scarr Recommendation 1: It is recommended that the government amends the bill to ensure the new minimu
13234,3,does not read like a recommendation,yes,Jobs and Skills Australia to develop an Essential Skills Occupation List or clearly state the relationship between the Essential Skills Pathway and Core Skills Pathway,Recommendation 3: Jobs and Skills Australia to develop an Essential Skills Occupation List or clearly state the relationship between the Essential Skills Pathway and Core Skills Pathway. The Government does not agree to this recommendation. The Explanatory Memorandum accompanying the Bill outlines the difference betwee
13234,4,does not read like a recommendation,yes,"Expand the public register to include businesses that employ other temporary migrants on working visas to promote transparency and accountability, with the appropriate exclusions to ensure worker safety and privacy","Recommendation 4: Expand the public register to include businesses that employ other temporary migrants on working visas to promote transparency and accountability, with the appropriate exclusions to ensure worker safety and privacy. The Government does not agree to this recommendation. The Bill will enable the publica"
13234,5,does not read like a recommendation,yes,Remove proposed amendments extending the validity of LMT from 4 to 6 months,Recommendation 5: Remove proposed amendments extending the validity of LMT from 4 to 6 months. The Government does not agree to this recommendation. The Bill proposes amendments to the Migration Act to provide that Labour Market Testing (LMT) be completed within 6 months (increased from 4 months) prior to the sponsor o
13252,2,does not read like a recommendation,yes,"If the Bill is not passed, implement a requirement that all greyhounds are desexed before export, which is independently and expertly assessed, monitored and enforced","Recommendation 2 If the Bill is not passed, implement a requirement that all greyhounds are desexed before export, which is independently and expertly assessed, monitored and enforced. Response The Australian Government does not agree with this recommendation. Under the Export Control Act, companion animals—including g"
13252,3,does not read like a recommendation,yes,"If the Bill is not passed, impose a ban or limit on the export and import of greyhound semen, which is independently and expertly assessed, monitored, and enforced","Recommendation 3 If the Bill is not passed, impose a ban or limit on the export and import of greyhound semen, which is independently and expertly assessed, monitored, and enforced. Response The Australian Government does not agree with this recommendation. The Customs Regulations prohibit the exportation and importati"
13252,4,does not read like a recommendation,yes,"If the Bill is not passed, implement a requirement that all greyhounds exported for medical or service purposes satisfy appropriate behavioural assessment or training before export, which is independently implemented, monitored, and enforced","Recommendation 4 If the Bill is not passed, implement a requirement that all greyhounds exported for medical or service purposes satisfy appropriate behavioural assessment or training before export, which is independently implemented, monitored, and enforced. Response The Australian Government does not agree with this"
13947,19,too short to be a recommendation,,Consistent with,"Recommendation 19: Consistent with Recommendation 2 of the Committee’s report on press freedom, the Committee recommends that the Surveillance Legislation Amendment (Identify and Disrupt) Bill 2020 be amended to require that – with respect to an application for a data disruption warrant, a network activity warrant or a"
13993,11,the extraction looks broken,yes,The Committee recommends that s 21A(1)(e) and s 21A(5)(e) of the Australian Security Intelligence Organisation Act 1979 be amended to confine the scope of the immunity from civil liability offered under the Act to ‘conduct that does not result in serious personal injury or death to any person or sig,Recommendation 11: The Committee recommends that s 21A(1)(e) and s 21A(5)(e) of the Australian Security Intelligence Organisation Act 1979 be amended to confine the scope of the immunity from civil liability offered under the Act to ‘conduct that does not result in serious personal injury or death to any person or sign
13993,27,the extraction looks broken,yes,The Committee recommends that s 3LA of the Crimes Act 1914 and s 201A of the Customs Act 1901 be amended to require agencies to report to inspection bodies on the execution of assistance orders and publish those figures in their respective annual reports,Recommendation 27: The Committee recommends that s 3LA of the Crimes Act 1914 and s 201A of the Customs Act 1901 be amended to require agencies to report to inspection bodies on the execution of assistance orders and publish those figures in their respective annual reports. Response: The Government notes this recommend
14171,122,the government's words begin mid-sentence,yes,was that the government establish a new statutory entity to oversee system reform across the whole defence ecosystem. The royal commission said that this was its most important recommendation. It went on to say that it considered that this recommendation would 'underpin all the recommendations that ,Recommendation 122 was that the government establish a new statutory entity to oversee system reform across the whole defence ecosystem. The royal commission said that this was its most important recommendation. It went on to say that it considered that this recommendation would 'underpin all the recommendations that p
14171,4,does not read like a recommendation,yes,"Ensure DVSC staffing includes expertise in mental health, suicide prevention and veteran support with lived experience. Summary of","Recommendation 4: Ensure DVSC staffing includes expertise in mental health, suicide prevention and veteran support with lived experience. Summary of Response: Noted. The Bill provides for the engagement of staff under the Public Service Act 1999 (see clause 83), as well as contractors (see clause 84), the secondment of"
14171,5,does not read like a recommendation,yes,Expand investigative powers to allow entry to Commonwealth premises without judicial warrants. Summary of,Recommendation 5: Expand investigative powers to allow entry to Commonwealth premises without judicial warrants. Summary of Response: Agreed The Bill includes new provisions which will provide the Commissioner with the power to enter the premises of a government entity or a Commonwealth contractor without a warrant (cl
14171,6,does not read like a recommendation,yes,"Strengthen witness protections to guard against reprisals, destruction of evidence and adverse impacts on entitlements. Summary of","Recommendation 6: Strengthen witness protections to guard against reprisals, destruction of evidence and adverse impacts on entitlements. Summary of Response: Agreed in part The Bill has significantly strengthened the protections available to witnesses and includes offences available to the Commissioner where a person"
14171,7,does not read like a recommendation,yes,Establish an independent appeals and dispute resolution process for veterans and families dissatisfied with DVSC decisions. Summary of,"Recommendation 7: Establish an independent appeals and dispute resolution process for veterans and families dissatisfied with DVSC decisions. Summary of Response: Agreed in Part It is important to note that the DVSC’s existing functions are aimed at systemic reform, including through monitoring data and trends regardin"
14171,8,does not read like a recommendation,yes,"Bring forward the first review to 18 months, with subsequent reviews at longer intervals Summary of","Recommendation 8: Bring forward the first review to 18 months, with subsequent reviews at longer intervals Summary of Response: Not Agreed The Senate Committee process has effectively undertaken a review of the current provisions in Part VIIIE of the Defence Act 1903. The DVSC commenced on 29 September 2025. The Govern"
14688,2,too short to be a recommendation,,5,Recommendation 2: ...................................................................................................................... 5 Recommendation 3: ...................................................................................................................... 6 Recommendation 4: ........................
14688,2,too short to be a recommendation,yes,That the bill be amended to cap executive bonuses,Recommendation 2: 1.7 That the bill be amended to cap executive bonuses The Government does not support this recommendation. NBN Co’s remuneration and payment of incentives are the responsibility of the NBN Co Board. The position of NBN Co CEO is listed as a Principal Executive Office (PEO) Band E under the Remuneratio
14887,25,longer than a quotation can carry,,came in the context of a discussion about barriers to pursuing general sexual harassment claims in the courts. The discussion in the report is short but clear and dealt with just a few key points. It's worth reflecting on those points which should have been—but are not—the guiding principles for our,Recommendation 25 came in the context of a discussion about barriers to pursuing general sexual harassment claims in the courts. The discussion in the report is short but clear and dealt with just a few key points. It's worth reflecting on those points which should have been—but are not—the guiding principles for our d
15205,11,the extraction looks broken,yes,The Committee recommends that the Department of Social Services urgently undertake a public information campaign to increase awareness of the Scheme and redress support services. This should include: • Media advertising. • Additional resources for redress support services to share among community or,Recommendation 11 1.64 The Committee recommends that the Department of Social Services urgently undertake a public information campaign to increase awareness of the Scheme and redress support services. This should include: • Media advertising. • Additional resources for redress support services to share among community
15205,12,the extraction looks broken,yes,The Committee recommends that the Australian Government should publicly disclose and report on: • How many redress applications have named: o An institution that has refused to join the Scheme. o An institution intending to join the Scheme for longer than 12 months. o The names of those institutions,Recommendation 12 1.74 The Committee recommends that the Australian Government should publicly disclose and report on: • How many redress applications have named: o An institution that has refused to join the Scheme. o An institution intending to join the Scheme for longer than 12 months. o The names of those instituti
15205,20,the extraction looks broken,yes,"The Committee recommends that the Commonwealth encourages state and territory governments to urgently change laws to address claim farming and exploitative practices, including by: • Making it unlawful for lawyers to charge contingency fees for services delivered with respect to National Redress Sch","Recommendation 20 1.117 The Committee recommends that the Commonwealth encourages state and territory governments to urgently change laws to address claim farming and exploitative practices, including by: • Making it unlawful for lawyers to charge contingency fees for services delivered with respect to National Redress"
15205,22,the extraction looks broken,yes,"The Committee recommends that the Australian Government: • Fund additional redress support services to provide dedicated support to: o Survivors from culturally and linguistically diverse backgrounds, including for travel and translation. o Survivors with disability. o Survivors living in regional a","Recommendation 22 1.125 The Committee recommends that the Australian Government: • Fund additional redress support services to provide dedicated support to: o Survivors from culturally and linguistically diverse backgrounds, including for travel and translation. o Survivors with disability. o Survivors living in region"
15205,5,the extraction looks broken,yes,"The Committee recommends that the Department of Social Services should: • Make reasonable adjustments and allow exceptions to the Scheme’s application procedures. • Do this subject to individual circumstances and the risks in each case, such as where a survivor has severe disability or a communicati","Recommendation 5 1.51 The Committee recommends that the Department of Social Services should: • Make reasonable adjustments and allow exceptions to the Scheme’s application procedures. • Do this subject to individual circumstances and the risks in each case, such as where a survivor has severe disability or a communica"
15418,2,the extraction looks broken,,"The Committee recommends that the Australian Government undertake a body of work to progress the understanding of nuclear energy technology by: a. Commissioning the Australian Nuclear Science and Technology Organisation (ANSTO), or other equivalent expert reviewer, to undertake a technological asses","Recommendation 2 The Committee recommends that the Australian Government undertake a body of work to progress the understanding of nuclear energy technology by: a. Commissioning the Australian Nuclear Science and Technology Organisation (ANSTO), or other equivalent expert reviewer, to undertake a technological assessme"
15418,2,too short to be a recommendation,yes,,"Recommendation 2 The Australian Government notes this recommendation. However, given the passage of time since this report was tabled, a substantive Government response is no longer appropriate. Recommendation 3 The Committee recommends that the Australian Government allow partial and conditional consideration of nucle"
15449,1,too short to be a recommendation,,PAGEREF _Toc205287796 \h,Recommendation 1 PAGEREF _Toc205287796 \h 5 Recommendation 2 PAGEREF _Toc205287797 \h 5 Recommendation 3 PAGEREF _Toc205287798 \h 6 Recommendation 4 PAGEREF _Toc205287799 \h 6 Recommendation 5 PAGEREF _Toc205287800 \h 6 Recommendation 6 PAGEREF _Toc205287801 \h 7 Recommendation 7 PAGEREF _Toc205
15481,5,longer than a quotation can carry,yes,If the Telecommunications (Interception and Access) Amendment (Data Retention) Bill 2014 is not withdrawn the Chair recommends that the Bill be amended to: • include a definition of 'telecommunications data' in the primary legislation; • identify in the definition of 'telecommunications data' the el,Recommendation 5: If the Telecommunications (Interception and Access) Amendment (Data Retention) Bill 2014 is not withdrawn the Chair recommends that the Bill be amended to: • include a definition of 'telecommunications data' in the primary legislation; • identify in the definition of 'telecommunications data' the elem
15484,3,does not read like a recommendation,yes,Treasury and ACCC officials make themselves available to provide a private briefing to the Senate Economics Committee on merger regime implementation progress on a quarterly basis,Recommendation 3 Treasury and ACCC officials make themselves available to provide a private briefing to the Senate Economics Committee on merger regime implementation progress on a quarterly basis. Australian Government response The Government notes this recommendation. Relevant Treasury and ACCC officials have and wil
15672,5,does not read like a recommendation,yes,"Expand the SRES to include home battery systems, significantly reducing their installation cost and promoting widespread adoption","Recommendation 5 Expand the SRES to include home battery systems, significantly reducing their installation cost and promoting widespread adoption Response Agreed. As noted in response to the Inquiry Report’s recommendation 1, the Australian Government has announced the Cheaper Home Batteries Program. This includes pur"
15672,6,does not read like a recommendation,yes,Establish a workforce development program and enhance domestic supply chains for key electrification technologies,"Recommendation 6 Establish a workforce development program and enhance domestic supply chains for key electrification technologies Response Agreed. As noted in response to the Inquiry Report’s recommendation 4, the Australian Government has a number of initiatives in place to develop a workforce for electrification. Th"
15672,7,does not read like a recommendation,yes,Commence a process to reform the design of the National Energy Market in accordance with my additional comments to the recent report from the Select Committee on Energy Planning and Regulation in Australia,Recommendation 7 Commence a process to reform the design of the National Energy Market in accordance with my additional comments to the recent report from the Select Committee on Energy Planning and Regulation in Australia. Response Noted. The Australian Government is considering its response on the December 2024 Senat
15673,2,the extraction looks broken,yes,The Committee recommends that following the release of the Australian Registrars’ National Electronic Conveyancing Council reviews: • the Australian Competition and Consumer Commission investigate the e-conveyancing market and report on its findings to both the Treasurer and the Assistant Minister f,Recommendation 2 The Committee recommends that following the release of the Australian Registrars’ National Electronic Conveyancing Council reviews: • the Australian Competition and Consumer Commission investigate the e-conveyancing market and report on its findings to both the Treasurer and the Assistant Minister for
15838,4,does not read like a recommendation,yes,"The Australian Government release the advice on the bill provided by the Treasury to the Assistant Minister for Competition, Charities and the Treasury","Recommendation 4 The Australian Government release the advice on the bill provided by the Treasury to the Assistant Minister for Competition, Charities and the Treasury. Australian Government response The Government notes this recommendation. Treasury advice on the bill provided to the Assistant Minister for Competitio"
15838,5,does not read like a recommendation,yes,"Having failed to endorse the bill, the Australian Government bring forward its own, alternative plan to support donations to food relief charities and reduce food waste in Australia","Recommendation 5 Having failed to endorse the bill, the Australian Government bring forward its own, alternative plan to support donations to food relief charities and reduce food waste in Australia. Australian Government response The Government notes this recommendation. The Government continues to support targeted, e"
15840,1,too short to be a recommendation,,6,Recommendation 1............................................................................................................................6 Recommendation 2............................................................................................................................8 Recommendation 3....................
15840,1,longer than a quotation can carry,yes,"The Committee recommends the Government lead a ‘Team Australia’ program to build a stronger national international education brand and platform and agree on a five-year prioritised Market Diversification Plan. An enhanced Team Australia approach will: • better coordinate through shared agreements, A","Recommendation 1 The Committee recommends the Government lead a ‘Team Australia’ program to build a stronger national international education brand and platform and agree on a five-year prioritised Market Diversification Plan. An enhanced Team Australia approach will: • better coordinate through shared agreements, Aust"
15840,15,too short to be a recommendation,,20,Recommendation 15........................................................................................................................20 Recommendation 16........................................................................................................................21 Recommendation 17.......................
15840,15,the extraction looks broken,yes,"The Committee recommends the Government implement or at least trial major reforms to how international student learning is assessed, and education quality assured for high-risk Vocational Education and Training (VET) providers and courses by working with the States and Territories to consider the fo","Recommendation 15 The Committee recommends the Government implement or at least trial major reforms to how international student learning is assessed, and education quality assured for high-risk Vocational Education and Training (VET) providers and courses by working with the States and Territories to consider the foll"
15840,8,too short to be a recommendation,,13,Recommendation 8..........................................................................................................................13 Recommendation 9..........................................................................................................................14 Recommendation 10.....................
15840,8,longer than a quotation can carry,yes,"The Committee recommends the Government develop an International Education Compact for the endorsement of National Cabinet, to clarify the roles and responsibilities of respective levels of government regarding the quality and integrity standards of Australia’s international education system and to ","Recommendation 8 The Committee recommends the Government develop an International Education Compact for the endorsement of National Cabinet, to clarify the roles and responsibilities of respective levels of government regarding the quality and integrity standards of Australia’s international education system and to imp"
15841,1,too short to be a recommendation,yes,The Committee recommends that the bill be passed,Recommendation 1 The Committee recommends that the bill be passed. Australian Government response The Government supports this recommendation. The Superannuation (Objective) Bill 2023 passed both Houses on 28 November 2024 and received Royal Assent on 10 December 2024 as the Superannuation (Objective) Act 2024. Recomme
15843,7,does not read like a recommendation,yes,"That Parliament conduct a public inquiry to review standing orders and any changes to their language and interpretation in order to eliminate racist, exclusionary and discriminatory behaviour","Recommendation 7: That Parliament conduct a public inquiry to review standing orders and any changes to their language and interpretation in order to eliminate racist, exclusionary and discriminatory behaviour. Response: The Australian Government notes this recommendation as it is a matter for the Parliament. Recommend"
15843,8,does not read like a recommendation,yes,"That technology companies be held accountable for the proliferation of hate on their platforms through: • a ban on the targeting, harvesting and selling of young people's data • a Digital Duty of Care on tech platforms • limiting the toxicity of algorithms and extreme content • stopping the monetisa","Recommendation 8: That technology companies be held accountable for the proliferation of hate on their platforms through: • a ban on the targeting, harvesting and selling of young people's data • a Digital Duty of Care on tech platforms • limiting the toxicity of algorithms and extreme content • stopping the monetisati"
15918,10,too short to be a recommendation,yes,,Recommendation 10 The Government SUPPORTS IN PRINCIPLE this The Committee recommends that the Australian Government work with State recommendation and Territory Governments to enhance the quality and consistency of vocational education and training delivered to secondary school students The Government is committed to i
15918,10,the extraction looks broken,,Supports in The Committee recommends that the Australian Government work with State and Territory Governments to enhance the quality and consistency of vocational education and Principle training delivered to secondary school students (VETDSSS). This should include the following key measures: • Esta,Recommendation 10 Supports in The Committee recommends that the Australian Government work with State and Territory Governments to enhance the quality and consistency of vocational education and Principle training delivered to secondary school students (VETDSSS). This should include the following key measures: • Establ
15918,2,too short to be a recommendation,yes,,"Recommendation 2 The Government NOTES this recommendation The Committee recommends that the Australian Government enhance the functions of the National Careers Institute (NCI) to ensure the NCI is able to The Government is supporting the provision of careers operate as a single, trusted source of information on educati"
15918,2,the extraction looks broken,,"Notes The Committee recommends that the Australian Government enhance the functions of the National Careers Institute (NCI) to ensure the NCI is able to operate as a single, trusted source of information on education, training, and careers. The primary focus of the NCI should be supporting key influ","Recommendation 2 Notes The Committee recommends that the Australian Government enhance the functions of the National Careers Institute (NCI) to ensure the NCI is able to operate as a single, trusted source of information on education, training, and careers. The primary focus of the NCI should be supporting key influenc"
15918,23,too short to be a recommendation,yes,,"Recommendation 23 The Government NOTES this recommendation The Committee recommends that the Australian Government work with State and Territory Governments, Jobs and Skills Australia, academic and policy The Government is delivering on reforms recommended by the experts, and the vocational education and training (VET)"
15918,23,the extraction looks broken,,"Notes The Committee recommends that the Australian Government work with State and Territory Governments, Jobs and Skills Australia, academic and policy experts, and the vocational education and training (VET) and university sectors to design and implement a national policy framework for micro-creden","Recommendation 23 Notes The Committee recommends that the Australian Government work with State and Territory Governments, Jobs and Skills Australia, academic and policy experts, and the vocational education and training (VET) and university sectors to design and implement a national policy framework for micro-credenti"
15918,9,too short to be a recommendation,yes,,"Recommendation 9 The Government NOTES this recommendation The Committee recommends that the Australian Government work with State and Territory Governments to develop and implement a national strategy for The Government recognises the importance of career career education in schools, including the following measures: e"
15918,9,the extraction looks broken,,"Notes The Committee recommends that the Australian Government work with State and Territory Governments to develop and implement a national strategy for career education in schools, including the following measures: • Career education starting in primary school and continuing to the end of secondary","Recommendation 9 Notes The Committee recommends that the Australian Government work with State and Territory Governments to develop and implement a national strategy for career education in schools, including the following measures: • Career education starting in primary school and continuing to the end of secondary sc"
16018,1,does not read like a recommendation,yes,"Increase the Instant Asset Write-off threshold to $30,000 and expand the eligibility to businesses with aggregated turnover of up to $50 million, which would restore the business investment incentive policy to 2019-20 levels","Recommendation 1 Increase the Instant Asset Write-off threshold to $30,000 and expand the eligibility to businesses with aggregated turnover of up to $50 million, which would restore the business investment incentive policy to 2019-20 levels. Australian Government response The Government does not support this recommend"
16018,1,does not read like a recommendation,yes,"The Small Business Energy Incentive be extended to operate for three financial years, to expire on 30 June 2026","Recommendation 1 The Small Business Energy Incentive be extended to operate for three financial years, to expire on 30 June 2026. Australian Government response The Government does not support this recommendation. The Government supported small businesses to electrify and improve their energy efficiency by legislating"
16059,11,does not read like a recommendation,,"Amend the EPA Bill to legislate Objects of the EPA Act and clear duties on the CEO, including duties to deliver nature positive outcomes, halt and reverse the decline of listed threatened species, and adhere to the principles of Free, Prior and Informed Consent in engaging with First Nations","Recommendation 11 Amend the EPA Bill to legislate Objects of the EPA Act and clear duties on the CEO, including duties to deliver nature positive outcomes, halt and reverse the decline of listed threatened species, and adhere to the principles of Free, Prior and Informed Consent in engaging with First Nations. Recommen"
16059,13,does not read like a recommendation,,Amend the EIA Bill to insert a definition of nature positive based on the Global Biodiversity Framework,"Recommendation 13 Amend the EIA Bill to insert a definition of nature positive based on the Global Biodiversity Framework. Recommendation 14 The Nature Positive baseline should be established as a matter of urgency in the EIA Bill to avoid Country and cultural heritage being destroyed by any further delays, to be imple"
16059,16,does not read like a recommendation,,Amend the EPBC Act to strengthen critical habitat protections and provide clear definitions of unacceptable impacts for each Matter of Environmental Significance,Recommendation 16 Amend the EPBC Act to strengthen critical habitat protections and provide clear definitions of unacceptable impacts for each Matter of Environmental Significance. Recommendation 17 Amend the EPBC Act to repeal the exemption for Regional Forestry Agreements and ensure the EPBC Act can apply to native f
16059,17,does not read like a recommendation,,"Amend the EPBC Act to repeal the exemption for Regional Forestry Agreements and ensure the EPBC Act can apply to native forest logging to halt the destruction of our sacred sites, our totems, and so many threatened forest-dependent species","Recommendation 17 Amend the EPBC Act to repeal the exemption for Regional Forestry Agreements and ensure the EPBC Act can apply to native forest logging to halt the destruction of our sacred sites, our totems, and so many threatened forest-dependent species. Recommendation 18 Amend the EPBC Act to ensure appropriate re"
16059,18,does not read like a recommendation,,Amend the EPBC Act to ensure appropriate referral of land clearing for impact assessment and requirements for the consideration of cumulative impacts in decision- making under relevant sections of the Act,Recommendation 18 Amend the EPBC Act to ensure appropriate referral of land clearing for impact assessment and requirements for the consideration of cumulative impacts in decision- making under relevant sections of the Act. Recommendation 19 Repeal the continued use of land exemption at section 43B of the EPBC Act to e
16059,19,does not read like a recommendation,,Repeal the continued use of land exemption at section 43B of the EPBC Act to end the agricultural sector’s exploitation of this loophole and allow for EPBC regulation of deforestation in threatened species habitat,Recommendation 19 Repeal the continued use of land exemption at section 43B of the EPBC Act to end the agricultural sector’s exploitation of this loophole and allow for EPBC regulation of deforestation in threatened species habitat. Recommendation 20 Amend the EPBC Act to insert provisions to restrict the use of biodiv
16059,20,does not read like a recommendation,,Amend the EPBC Act to insert provisions to restrict the use of biodiversity offsets in line with best practice,"Recommendation 20 Amend the EPBC Act to insert provisions to restrict the use of biodiversity offsets in line with best practice. Recommendation 21 The Nature Positive bills must be amended to require explicit consideration of climate impacts and full emissions contributions of new projects, aligning the legislation wi"
16059,22,does not read like a recommendation,,Amend the EPBC Act to expand the existing water trigger to include consideration of the cultural values of water resources and ensure it applies to carbon capture and storage projects,Recommendation 22 Amend the EPBC Act to expand the existing water trigger to include consideration of the cultural values of water resources and ensure it applies to carbon capture and storage projects. Recommendation 23 The Minister for Environment and Water must use their powers under the EPBC Act to protect Country
16079,1,too short to be a recommendation,yes,The committee recommends that the Senate pass the bills,Recommendation 1 The committee recommends that the Senate pass the bills. The Government agrees to this recommendation. The Bills passed the Senate on 16 May 2024. The ART Act received Royal Assent on 3 June 2024. Consequential and Transitional Act 1 and Consequential and Transitional Act 2 received Royal
16083,1,too short to be a recommendation,yes,The committee recommends that the Senate pass the bill,Recommendation 1 The committee recommends that the Senate pass the bill. The Government agrees with this recommendation. The Bill passed the Senate on 12 February 202 5 . The Act received Royal Assent on 20 February 2025. Dissenting report by Australian Greens Recommendation 1 The government s
16083,3,does not read like a recommendation,yes,"Harmonise application timeframes for both detained and non-detained applicants, removing the seven-day restriction for those in detention or alternatively, provide additional time for applicants facing barriers to access legal services or translation","Recommendation 3 1.10 Harmonise application timeframes for both detained and non-detained applicants, removing the seven-day restriction for those in detention or alternatively, provide additional time for applicants facing barriers to access legal services or translation. The Government notes this recommendati"
16083,4,does not read like a recommendation,yes,"Grant the Administrative Review Tribunal discretion to accept applications with minor or procedural or factual errors or omissions if it serves justice, ensuring vulnerable applicants are not disadvantaged by technicalities or minor omissions. This is clearly in the overall interest of the efficient","Recommendation 4 1.12 Grant the Administrative Review Tribunal discretion to accept applications with minor or procedural or factual errors or omissions if it serves justice, ensuring vulnerable applicants are not disadvantaged by technicalities or minor omissions. This is clearly in the overall interest of the e"
16083,5,does not read like a recommendation,yes,"Align procedural standards for migration and protection reviews with those used in other Administrative Review Tribunal areas, including the flexibility to extend lodgement timeframes for applicants facing extenuating circumstances","Recommendation 5 1.14 Align procedural standards for migration and protection reviews with those used in other Administrative Review Tribunal areas, including the flexibility to extend lodgement timeframes for applicants facing extenuating circumstances. The Government does not agree with this recommendation."
16143,9,does not read like a recommendation,yes,"The committee urges the National School Reform Agreement Ministerial Reference Group to fast- track the implementation of the National Unique Student Identifier for school students, an initiative of the current National School Reform Agreement","Recommendation 9 The committee urges the National School Reform Agreement Ministerial Reference Group to fast- track the implementation of the National Unique Student Identifier for school students, an initiative of the current National School Reform Agreement. Agreed in principle. The implementation of the Unique Stud"
16158,10,too short to be a recommendation,yes,Extend paid parental leave to PhD students,"Recommendation 10. Extend paid parental leave to PhD students. The Australian Government acknowledges the range of views presented to the inquiry and notes this recommendation. The Australian Government's response, as outlined above, reflects a range of actions the Government is taking to support more students to parti"
16158,11,does not read like a recommendation,yes,Scrap the idea of a levy on international student fee income,"Recommendation 11. Scrap the idea of a levy on international student fee income. The Australian Government acknowledges the range of views presented to the inquiry and notes this recommendation. The Australian Government's response, as outlined above, reflects a range of actions the Government is taking to support more"
16158,12,does not read like a recommendation,yes,"Boost government funding to universities and link it to ensuring increases in secure, permanent and ongoing employment for staff","Recommendation 12. Boost government funding to universities and link it to ensuring increases in secure, permanent and ongoing employment for staff. The Australian Government acknowledges the range of views presented to the inquiry and notes this recommendation. The Australian Government's response, as outlined above,"
16158,6,too short to be a recommendation,yes,Abolish indexation on all student debt,"Recommendation 6. Abolish indexation on all student debt. The Australian Government acknowledges the range of views presented to the inquiry and notes this recommendation. The Australian Government's response, as outlined above, reflects a range of actions the Government is taking to support more students to participat"
16158,7,does not read like a recommendation,yes,Raise the minimum repayment income for student debt to the median wage,"Recommendation 7. Raise the minimum repayment income for student debt to the median wage. The Australian Government acknowledges the range of views presented to the inquiry and notes this recommendation. 6 The Australian Government's response, as outlined above, reflects a range of actions the Government is taking to s"
16158,8,too short to be a recommendation,yes,Ensure students are paid for mandatory placements,"Recommendation 8. Ensure students are paid for mandatory placements. The Australian Government acknowledges the range of views presented to the inquiry and notes this recommendation. The Australian Government's response, as outlined above, reflects a range of actions the Government is taking to support more students to"
16158,9,too short to be a recommendation,yes,Raise PhD stipends,"Recommendation 9. Raise PhD stipends. The Australian Government acknowledges the range of views presented to the inquiry and notes this recommendation. The Australian Government's response, as outlined above, reflects a range of actions the Government is taking to support more students to participate and succeed in ter"
16159,10,too short to be a recommendation,yes,Extend paid parental leave to PhD students,"Recommendation 10. Extend paid parental leave to PhD students. The Australian Government acknowledges the range of views presented to the inquiry and notes this recommendation. The Australian Government's response, as outlined above, reflects a range of actions the Government is taking to support more students to parti"
16159,11,does not read like a recommendation,yes,Scrap the idea of a levy on international student fee income,"Recommendation 11. Scrap the idea of a levy on international student fee income. The Australian Government acknowledges the range of views presented to the inquiry and notes this recommendation. The Australian Government's response, as outlined above, reflects a range of actions the Government is taking to support more"
16159,12,does not read like a recommendation,yes,"Boost government funding to universities and link it to ensuring increases in secure, permanent and ongoing employment for staff","Recommendation 12. Boost government funding to universities and link it to ensuring increases in secure, permanent and ongoing employment for staff. The Australian Government acknowledges the range of views presented to the inquiry and notes this recommendation. The Australian Government's response, as outlined above,"
16159,6,too short to be a recommendation,yes,Abolish indexation on all student debt,"Recommendation 6. Abolish indexation on all student debt. The Australian Government acknowledges the range of views presented to the inquiry and notes this recommendation. The Australian Government's response, as outlined above, reflects a range of actions the Government is taking to support more students to participat"
16159,7,does not read like a recommendation,yes,Raise the minimum repayment income for student debt to the median wage,"Recommendation 7. Raise the minimum repayment income for student debt to the median wage. The Australian Government acknowledges the range of views presented to the inquiry and notes this recommendation. 6 The Australian Government's response, as outlined above, reflects a range of actions the Government is taking to s"
16159,8,too short to be a recommendation,yes,Ensure students are paid for mandatory placements,"Recommendation 8. Ensure students are paid for mandatory placements. The Australian Government acknowledges the range of views presented to the inquiry and notes this recommendation. The Australian Government's response, as outlined above, reflects a range of actions the Government is taking to support more students to"
16159,9,too short to be a recommendation,yes,Raise PhD stipends,"Recommendation 9. Raise PhD stipends. The Australian Government acknowledges the range of views presented to the inquiry and notes this recommendation. The Australian Government's response, as outlined above, reflects a range of actions the Government is taking to support more students to participate and succeed in ter"
16160,10,too short to be a recommendation,yes,Extend paid parental leave to PhD students,"Recommendation 10. Extend paid parental leave to PhD students. The Australian Government acknowledges the range of views presented to the inquiry and notes this recommendation. The Australian Government's response, as outlined above, reflects a range of actions the Government is taking to support more students to parti"
16160,11,does not read like a recommendation,yes,Scrap the idea of a levy on international student fee income,"Recommendation 11. Scrap the idea of a levy on international student fee income. The Australian Government acknowledges the range of views presented to the inquiry and notes this recommendation. The Australian Government's response, as outlined above, reflects a range of actions the Government is taking to support more"
16160,12,does not read like a recommendation,yes,"Boost government funding to universities and link it to ensuring increases in secure, permanent and ongoing employment for staff","Recommendation 12. Boost government funding to universities and link it to ensuring increases in secure, permanent and ongoing employment for staff. The Australian Government acknowledges the range of views presented to the inquiry and notes this recommendation. The Australian Government's response, as outlined above,"
16160,6,too short to be a recommendation,yes,Abolish indexation on all student debt,"Recommendation 6. Abolish indexation on all student debt. The Australian Government acknowledges the range of views presented to the inquiry and notes this recommendation. The Australian Government's response, as outlined above, reflects a range of actions the Government is taking to support more students to participat"
16160,7,does not read like a recommendation,yes,Raise the minimum repayment income for student debt to the median wage,"Recommendation 7. Raise the minimum repayment income for student debt to the median wage. The Australian Government acknowledges the range of views presented to the inquiry and notes this recommendation. 6 The Australian Government's response, as outlined above, reflects a range of actions the Government is taking to s"
16160,8,too short to be a recommendation,yes,Ensure students are paid for mandatory placements,"Recommendation 8. Ensure students are paid for mandatory placements. The Australian Government acknowledges the range of views presented to the inquiry and notes this recommendation. The Australian Government's response, as outlined above, reflects a range of actions the Government is taking to support more students to"
16160,9,too short to be a recommendation,yes,Raise PhD stipends,"Recommendation 9. Raise PhD stipends. The Australian Government acknowledges the range of views presented to the inquiry and notes this recommendation. The Australian Government's response, as outlined above, reflects a range of actions the Government is taking to support more students to participate and succeed in ter"
16278,13,does not read like a recommendation,yes,"Amend the definition of education agent to make it clear that an agent is an entity that engages in the specified activities in relation to a provider in exchange for a commission, and that is listed in the PRISMS system","Recommendation 13 Amend the definition of education agent to make it clear that an agent is an entity that engages in the specified activities in relation to a provider in exchange for a commission, and that is listed in the PRISMS system. The Australian Government notes this recommendation. This recommendation has bee"
16278,16,does not read like a recommendation,yes,Narrow the reasons why the Minister can suspend or cancel a course to those with systemic integrity issues,Recommendation 16 Narrow the reasons why the Minister can suspend or cancel a course to those with systemic integrity issues. The Australian Government notes this recommendation. This recommendation has been acquitted on the basis that it is a proposed amendment to the legislation. The measure to give the Minister the
16278,17,does not read like a recommendation,yes,Ensure the legislation allows new independent higher education providers to enter the market with appropriate quality and integrity safeguards,Recommendation 17 Ensure the legislation allows new independent higher education providers to enter the market with appropriate quality and integrity safeguards. The Australian Government notes this recommendation. This recommendation has been acquitted on the basis that it is a proposed amendment to the legislation. F
16278,2,does not read like a recommendation,yes,That Ministerial Direction 107 be revoked immediately and not be contingent on the passage of the government’s legislation to cap international student numbers,"Recommendation 2 That Ministerial Direction 107 be revoked immediately and not be contingent on the passage of the government’s legislation to cap international student numbers. The Australian Government notes this recommendation. As outlined in the response to Committee Recommendation 8, Ministerial Direction 107 (MD1"
16278,4,does not read like a recommendation,yes,"That university funding be increased to fully and properly funded learning, teaching and research","Recommendation 4 That university funding be increased to fully and properly funded learning, teaching and research. The Australian Government notes this recommendation. Recommendation 40 of the Australian Universities Accord’s Final Report proposed the introduction of a new funding system to be planned and managed by a"
16278,40,longer than a quotation can carry,yes,of the Australian Universities Accord’s Final Report proposed the introduction of a new funding system to be planned and managed by an Australian Tertiary Education Commission (ATEC). The Universities Accord (Australian Tertiary Education Commission) Bill 2025 establishing the ATEC passed Parliament,Recommendation 40 of the Australian Universities Accord’s Final Report proposed the introduction of a new funding system to be planned and managed by an Australian Tertiary Education Commission (ATEC). The Universities Accord (Australian Tertiary Education Commission) Bill 2025 establishing the ATEC passed Parliament o
16386,1,too short to be a recommendation,,,"Recommendation 1 Recommendation 1: The committee recommends that the Australian Government develop a National Food Plan for Australia, which includes: e clear objectives e defined outcomes e measurable targets The National Food Plan should be developed in consultation with state/territory and local governments, alon"
16386,1,the extraction looks broken,yes,"The committee recommends that the Australian Government develop a National Food Plan for Australia, which includes: e clear objectives e defined outcomes e measurable targets The National Food Plan should be developed in consultation with state/territory and local governments, along with relevant se","Recommendation 1: The committee recommends that the Australian Government develop a National Food Plan for Australia, which includes: e clear objectives e defined outcomes e measurable targets The National Food Plan should be developed in consultation with state/territory and local governments, along with relevant se"
16386,12,too short to be a recommendation,,,"Recommendation 12 Recommendation 12: The committee recommends that the Australian Government provide support and funding to establish strategically positioned food and beverage manufacturing facilities to enable increased regional food resilience, including: e a manufacturing facility in northern Australia, to reduce"
16386,12,the extraction looks broken,yes,"The committee recommends that the Australian Government provide support and funding to establish strategically positioned food and beverage manufacturing facilities to enable increased regional food resilience, including: e a manufacturing facility in northern Australia, to reduce the ecological foo","Recommendation 12: The committee recommends that the Australian Government provide support and funding to establish strategically positioned food and beverage manufacturing facilities to enable increased regional food resilience, including: e a manufacturing facility in northern Australia, to reduce the ecological foo"
16386,20,too short to be a recommendation,,,"Recommendation 20 Recommendation 20: The committee recommends that the Australian Government investigate: e sectoral needs for advanced manufacturing hubs and machinery, e along with their location requirements, and e use that information to create an Upcycled Food Infrastructure Investment Plan. Response: The Austr"
16386,20,the extraction looks broken,yes,"The committee recommends that the Australian Government investigate: e sectoral needs for advanced manufacturing hubs and machinery, e along with their location requirements, and e use that information to create an Upcycled Food Infrastructure Investment Plan","Recommendation 20: The committee recommends that the Australian Government investigate: e sectoral needs for advanced manufacturing hubs and machinery, e along with their location requirements, and e use that information to create an Upcycled Food Infrastructure Investment Plan. Response: The Australian Government ag"
16386,21,too short to be a recommendation,,,"Recommendation 21 Recommendation 21: The committee recommends that the Australian Government continue to develop policies to support reduced and recyclable food packaging, including the consideration of: e support for Australian businesses in the transition towards more sustainable practices, e national-level lead"
16386,21,the extraction looks broken,yes,"The committee recommends that the Australian Government continue to develop policies to support reduced and recyclable food packaging, including the consideration of: e support for Australian businesses in the transition towards more sustainable practices, e national-level leadership in addressing p","Recommendation 21: The committee recommends that the Australian Government continue to develop policies to support reduced and recyclable food packaging, including the consideration of: e support for Australian businesses in the transition towards more sustainable practices, e national-level leadership in addressin"
16545,11,does not read like a recommendation,yes,"The government support uptake of new, more secure technologies like the Consumer Data Right and the NPP as part of its scams prevention strategy","Recommendation 11 The government support uptake of new, more secure technologies like the Consumer Data Right and the NPP as part of its scams prevention strategy. Australian Government response The Government notes this recommendation. The Government continues to support the uptake of new, more secure technologies as"
16545,12,does not read like a recommendation,yes,"The government properly consult on all future SPF delegated legislation and avoid the truncated, rushed approach to consultation conducted for the exposure draft of this Bill","Recommendation 12 The government properly consult on all future SPF delegated legislation and avoid the truncated, rushed approach to consultation conducted for the exposure draft of this Bill. Australian Government response The Government notes this recommendation. Initial Treasury consultation on sector designations,"
16545,2,does not read like a recommendation,yes,The Australian Government urgently act to bring digital platforms under Australian jurisdiction and ensure jurisdiction is not an impediment to enforcement measures in the bill,Recommendation 2 The Australian Government urgently act to bring digital platforms under Australian jurisdiction and ensure jurisdiction is not an impediment to enforcement measures in the bill. Australian Government response The Government notes this recommendation. Any business operating in Australia is required to c
16545,3,does not read like a recommendation,yes,"The government create a Memorandum of Understanding clearly setting out the roles of the SPF Regulators (ACCC, ASIC, ACMA), the SPF EDR scheme operator (AFCA) and the National Anti-Scam Centre in relation to the operation of the SPF","Recommendation 3 The government create a Memorandum of Understanding clearly setting out the roles of the SPF Regulators (ACCC, ASIC, ACMA), the SPF EDR scheme operator (AFCA) and the National Anti-Scam Centre in relation to the operation of the SPF. Australian Government response The Government notes this recommendati"
16545,5,does not read like a recommendation,yes,The Explanatory Memorandum be revised to: clarify the interoperability of the SPF with the existing legal rights for victims of unauthorised transactions under the ePayments Code; and replace the Regulatory Impact Analysis to ensure it accurately reflects the likely regulatory burden of the SPF and ,Recommendation 5 The Explanatory Memorandum be revised to: clarify the interoperability of the SPF with the existing legal rights for victims of unauthorised transactions under the ePayments Code; and replace the Regulatory Impact Analysis to ensure it accurately reflects the likely regulatory burden of the SPF and use
16547,10,does not read like a recommendation,yes,"Subject ACCUs, SMCs and any future use of international credits to rolling vintage windows of 3-year timeframe","Recommendation 10 1.81 Subject ACCUs, SMCs and any future use of international credits to rolling vintage windows of 3-year timeframe. Response The Government does not agree with this recommendation. A fixed time limit on banking of credits (or rolling vintage windows) may limit the supply of credits in the longer-term"
16547,11,does not read like a recommendation,yes,"Require the Clean Energy Regulator to: • Publish the details of ACCUs that are held and that have been surrendered by each facility, including project origin on a yearly basis; and • Publish new data on the Carbon Estimation Areas as often as practicable","Recommendation 11 1.88 Require the Clean Energy Regulator to: • Publish the details of ACCUs that are held and that have been surrendered by each facility, including project origin on a yearly basis; and • Publish new data on the Carbon Estimation Areas as often as practicable. Response The Government accepts this reco"
16547,12,does not read like a recommendation,yes,Amend the Carbon Credits (Carbon Farming Initiative) Act 2011 to provide for extended standing for judicial review,Recommendation 12 1.89 Amend the Carbon Credits (Carbon Farming Initiative) Act 2011 to provide for extended standing for judicial review. Response The Government does not agree with this recommendation. The CFI Act defines administrative decisions of the CER that can be reviewed. These include refusal to register a pr
16547,13,does not read like a recommendation,yes,Increase in the funding available through the Safeguard Transformation Stream of the Powering the Regions Fund,Recommendation 13 1.94 Increase in the funding available through the Safeguard Transformation Stream of the Powering the Regions Fund. Response The Government accepts in principle this recommendation. Since the announcement of the $600 million available for facilities under the Safeguard Transformation Stream on 10 Jan
16547,15,does not read like a recommendation,yes,Bring methane emissions reporting and methane intensity targets into line with international best practices,Recommendation 15 1.118 Bring methane emissions reporting and methane intensity targets into line with international best practices. Response The Government agrees in principle with this recommendation. Emissions data reported under the NGER scheme are a key data source for Australia’s national greenhouse gas inventory
16547,17,does not read like a recommendation,yes,Make public: • The modelling of ACCU usage as a proportion of total abatement under the reform of the Safeguard Mechanism; and • Carbon Estimation Area data,Recommendation 17 1.122 Make public: • The modelling of ACCU usage as a proportion of total abatement under the reform of the Safeguard Mechanism; and • Carbon Estimation Area data. Response The Government agrees in part with this recommendation. The 2025 emissions projections estimate net demand for carbon credit unit
16549,3,the extraction looks broken,,"The Committee recommends that: • should the Australian National Audit Office (ANAO) audits of the financial statements of the Australian Federal Police, the Department of Defence, the Director of National Parks and the Department of Home Affairs for the period ended 30 June 2018 result in any signif","Recommendation 3 2.17 The Committee recommends that: • should the Australian National Audit Office (ANAO) audits of the financial statements of the Australian Federal Police, the Department of Defence, the Director of National Parks and the Department of Home Affairs for the period ended 30 June 2018 result in any sign"
16571,1,does not read like a recommendation,yes,"The Albanese Government finally treat supermarket sector competition with the urgency and sufficient penalties required to deliver cheaper groceries, greater opportunity for new entries, and protections for suppliers","Recommendation 1 The Albanese Government finally treat supermarket sector competition with the urgency and sufficient penalties required to deliver cheaper groceries, greater opportunity for new entries, and protections for suppliers. Australian Government response The Government notes this recommendation. The Governme"
16654,2,too short to be a recommendation,yes,,Recommendation 2 Australian Government response The Government rejects the premise of this recommendation. | 2
16654,3,too short to be a recommendation,yes,,"Recommendation 3 Australian Government response The Government notes this recommendation. Parliament passed the Government’s package of Environment Protection Reform Bills in November 2025. The package included key measures to speed up decision making for business and improve outcomes for the community, including: • A"
16802,2,too short to be a recommendation,,). Coalition dissenting report,recommendation 2). Coalition dissenting report Recommendation 1 That the Australian Government properly consult on a sustainable biosecurity funding mechanism including: • a full cost recovery basis for managing biosecurity risks of both passengers and commodities entering Australia; and • an import container levy to p
16803,1,does not read like a recommendation,yes,Funding be provided for the establishment of a National Energy Transition Authority in the forthcoming federal budget in May 2023,Recommendation 1 Funding be provided for the establishment of a National Energy Transition Authority in the forthcoming federal budget in May 2023. Response The Australian Government notes this recommendation and notes the establishment of the Net Zero Economy Authority and relevant policies that have been introduced s
16804,19,longer than a quotation can carry,,The committee recommends the AER examine whether a positive duty of care should be imposed on energy market service providers to ensure appropriate protections are offered to consumers. Response Agree in principle. The Australian Energy Regulator (AER) is actively improving consumer protections thro,Recommendation 19 5.56 The committee recommends the AER examine whether a positive duty of care should be imposed on energy market service providers to ensure appropriate protections are offered to consumers. Response Agree in principle. The Australian Energy Regulator (AER) is actively improving consumer protections t
16815,1,too short to be a recommendation,,4,Recommendation 1 .............................................................................................. 4 Recommendation 2 .............................................................................................. 4 Recommendation 3 ...........................................................................
16815,1,does not read like a recommendation,yes,The $1.5 – $3.6 billion federal subsidy for the proposed Middle Arm Gas and petrochemical precinct be redirected to support clean industries under a Future Made in Australia,Recommendation 1: 1.61 – The $1.5 – $3.6 billion federal subsidy for the proposed Middle Arm Gas and petrochemical precinct be redirected to support clean industries under a Future Made in Australia. Response: The Australian Government does not support this recommendation. The Australian Government remains committed to
16815,10,too short to be a recommendation,,9,Recommendation 10 ............................................................................................ 9 Recommendation 11 ............................................................................................ 9 Recommendation 12 ............................................................................
16815,10,does not read like a recommendation,yes,"Refinement of sector assessments for greater transparency, effectiveness and rigor","Recommendation 10: 1.3 – Refinement of sector assessments for greater transparency, effectiveness and rigor. Response: The Australian Government notes this recommendation. Sector assessments under the Future Made in Australia Bill, as enacted, will be conducted using an evidence-based process drawing on relevant data,"
16815,11,too short to be a recommendation,,9,Recommendation 11 ............................................................................................ 9 Recommendation 12 ............................................................................................ 9 Recommendation 13 ............................................................................
16815,11,too short to be a recommendation,,,"Recommendation 11 Recommendation 11: 1.9 – Clear identification of the opportunities and limits associated with transnational cooperation. Response: The Australian Government notes this recommendation. The Future Made in Australia Bill, as enacted, establishes a framework to support Australian Government consideration"
16815,11,does not read like a recommendation,yes,Clear identification of the opportunities and limits associated with transnational cooperation,"Recommendation 11: 1.9 – Clear identification of the opportunities and limits associated with transnational cooperation. Response: The Australian Government notes this recommendation. The Future Made in Australia Bill, as enacted, establishes a framework to support Australian Government consideration and decision-makin"
16815,12,too short to be a recommendation,,9,Recommendation 12 ............................................................................................ 9 Recommendation 13 .......................................................................................... 10 Recommendation 14 .............................................................................
16815,12,too short to be a recommendation,,,Recommendation 12 Recommendation 12: 1.15 – Acknowledgment of the role of REIPs and batteries in efficiently decarbonising Australia relative to transmission. Response: The Australian Government notes this recommendation. The Government is working with states and territories to develop Renewable Energy Zones where clus
16815,12,does not read like a recommendation,yes,Acknowledgment of the role of REIPs and batteries in efficiently decarbonising Australia relative to transmission,Recommendation 12: 1.15 – Acknowledgment of the role of REIPs and batteries in efficiently decarbonising Australia relative to transmission. Response: The Australian Government notes this recommendation. The Government is working with states and territories to develop Renewable Energy Zones where clusters of large-scal
16815,13,too short to be a recommendation,,10,Recommendation 13 .......................................................................................... 10 Recommendation 14 .......................................................................................... 11 Recommendation 15 ..............................................................................
16815,13,too short to be a recommendation,,,"Recommendation 13 Recommendation 13: 1.25 – Tailored support for the production of green metals such as aluminium. Response: The Australian Government supports this recommendation. Green metals are aligned with the net zero transformation stream of the Future Made in Australia National Interest Framework, as identified"
16815,13,does not read like a recommendation,yes,Tailored support for the production of green metals such as aluminium,"Recommendation 13: 1.25 – Tailored support for the production of green metals such as aluminium. Response: The Australian Government supports this recommendation. Green metals are aligned with the net zero transformation stream of the Future Made in Australia National Interest Framework, as identified in the 2024–2025"
16815,14,too short to be a recommendation,,11,Recommendation 14 .......................................................................................... 11 Recommendation 15 .......................................................................................... 11 Recommendation 16 ..............................................................................
16815,14,too short to be a recommendation,,,Recommendation 14 Recommendation 14: 1.31 – Greater and more refined support for the production of Low Carbon Liquid Fuels for Australian use. Response: The Australian Government supports in principle this recommendation. Low carbon liquid fuels are aligned with the net zero transformation stream of the Future Made in
16815,14,does not read like a recommendation,yes,Greater and more refined support for the production of Low Carbon Liquid Fuels for Australian use,Recommendation 14: 1.31 – Greater and more refined support for the production of Low Carbon Liquid Fuels for Australian use. Response: The Australian Government supports in principle this recommendation. Low carbon liquid fuels are aligned with the net zero transformation stream of the Future Made in Australia National
16815,15,too short to be a recommendation,,11,Recommendation 15 .......................................................................................... 11 Recommendation 16 .......................................................................................... 11 Additional comments from Senator David Pocock ..................................................
16815,15,too short to be a recommendation,,,"Recommendation 15 Recommendation 15: 1.36 – Acknowledgment of the dual potential for LCLFs to be used domestically and as an international export. Response: The Australian Government supports in principle this recommendation. Like any other tradeable commodity in a global market, domestically produced LCLFs could be us"
16815,15,does not read like a recommendation,yes,Acknowledgment of the dual potential for LCLFs to be used domestically and as an international export,"Recommendation 15: 1.36 – Acknowledgment of the dual potential for LCLFs to be used domestically and as an international export. Response: The Australian Government supports in principle this recommendation. Like any other tradeable commodity in a global market, domestically produced LCLFs could be used both domestical"
16815,16,too short to be a recommendation,,11 Additional comments from Senator David Pocock,Recommendation 16 .......................................................................................... 11 Additional comments from Senator David Pocock ..................................................... 12 Recommendation 17 .......................................................................................
16815,16,too short to be a recommendation,,,"Recommendation 16 Recommendation 16: 1.41 – Refinement of the NIF to better reinforce current defence priorities. Response: The Australian Government notes this recommendation. The Government’s Future Made in Australia Bill, as enacted, legislates a National Interest Framework to support better alignment of economic in"
16815,16,does not read like a recommendation,yes,Refinement of the NIF to better reinforce current defence priorities,"Recommendation 16: 1.41 – Refinement of the NIF to better reinforce current defence priorities. Response: The Australian Government notes this recommendation. The Government’s Future Made in Australia Bill, as enacted, legislates a National Interest Framework to support better alignment of economic incentives with our"
16815,4,too short to be a recommendation,,6,Recommendation 4 .............................................................................................. 6 Recommendation 5 .............................................................................................. 6 Recommendation 6 ...........................................................................
16815,4,too short to be a recommendation,,,Recommendation 4 Recommendation 4: 1.22 – End the Fuel Tax Credits scheme for mining projects. This will remove the financial incentive to burn subsidised diesel instead of making capital investments in off-grid renewable energy systems. Response: The Australian Government does not support this recommendation. The Fuel
16815,4,does not read like a recommendation,yes,End the Fuel Tax Credits scheme for mining projects. This will remove the financial incentive to burn subsidised diesel instead of making capital investments in off-grid renewable energy systems,Recommendation 4: 1.22 – End the Fuel Tax Credits scheme for mining projects. This will remove the financial incentive to burn subsidised diesel instead of making capital investments in off-grid renewable energy systems. Response: The Australian Government does not support this recommendation. The Fuel Tax Credits (FTC
16815,5,too short to be a recommendation,,6,Recommendation 5 .............................................................................................. 6 Recommendation 6 .............................................................................................. 7 Recommendation 7 ...........................................................................
16815,5,too short to be a recommendation,,,"Recommendation 5 Recommendation 5: 1.29 – Electrification of Australian households, businesses and industry (including LNG terminals) needs to be prioritised to prevent any new gas fields being required for a Future Made in Australia. Response: The Australian Government notes this recommendation. The Government recogni"
16815,5,does not read like a recommendation,yes,"Electrification of Australian households, businesses and industry (including LNG terminals) needs to be prioritised to prevent any new gas fields being required for a Future Made in Australia","Recommendation 5: 1.29 – Electrification of Australian households, businesses and industry (including LNG terminals) needs to be prioritised to prevent any new gas fields being required for a Future Made in Australia. Response: The Australian Government notes this recommendation. The Government recognises that electrif"
16815,9,too short to be a recommendation,,8 Additional comments from Senator David Van,Recommendation 9 .............................................................................................. 8 Additional comments from Senator David Van ............................................................ 9 Recommendation 10 ..................................................................................
16815,9,too short to be a recommendation,,,Recommendation 9 Recommendation 9: 1.52 – Better defined and more expansive Community Benefit Principles are required to ensure that First Nations people benefit from the projects delivered under Future Made in Australia. Response: The Australian Government supports this recommendation. The Government is committed to l
16815,9,does not read like a recommendation,yes,Better defined and more expansive Community Benefit Principles are required to ensure that First Nations people benefit from the projects delivered under Future Made in Australia,Recommendation 9: 1.52 – Better defined and more expansive Community Benefit Principles are required to ensure that First Nations people benefit from the projects delivered under Future Made in Australia. Response: The Australian Government supports this recommendation. The Government is committed to lasting economic e
16816,5,does not read like a recommendation,yes,"All higher education provider governing bodies reflect the community's diversity including First Nations peoples, culturally and racially marginalised people, LGBTIQA+ people and people with disabilities","Recommendation 5: All higher education provider governing bodies reflect the community's diversity including First Nations peoples, culturally and racially marginalised people, LGBTIQA+ people and people with disabilities. The Australian Government acknowledges the range of views presented to the inquiry and notes this"
16816,5,does not read like a recommendation,yes,"Establish a publicly accessible register of all university partnerships, sponsorships, and funding arrangements with corporations and external entities, including the nature and value of the partnership","Recommendation 5: Establish a publicly accessible register of all university partnerships, sponsorships, and funding arrangements with corporations and external entities, including the nature and value of the partnership. The Australian Government acknowledges the range of views presented to the inquiry and notes this"
16816,5,does not read like a recommendation,yes,"Independent bodies representing university stakeholders be created with powers to appoint new governing body members and, in cases of serious failure, breach, or loss of confidence, to terminate the appointment of existing members","Recommendation 5: Independent bodies representing university stakeholders be created with powers to appoint new governing body members and, in cases of serious failure, breach, or loss of confidence, to terminate the appointment of existing members. The Australian Government acknowledges the range of views presented to"
16816,6,does not read like a recommendation,yes,The majority of members on university governing bodies have public administration and higher education expertise,Recommendation 6: The majority of members on university governing bodies have public administration and higher education expertise. The Australian Government acknowledges the range of views presented to the inquiry and notes this recommendation. The Australian Government encourages universities to consider this recomme
16816,6,too short to be a recommendation,yes,Increase PhD stipends to above the minimum wage,"Recommendation 6: Increase PhD stipends to above the minimum wage. The Australian Government acknowledges the range of views presented to the inquiry and notes this recommendation. The Australian Government's response, as outlined above, reflects a range of actions the Government is taking to strengthen university gove"
16816,6,does not read like a recommendation,yes,Update university practices and procedures to prohibit or severely limit the circumstances in which non-disclosure or non-disparagement clauses or agreements can be used and establish a mechanism to oversee and challenge any such use,Recommendation 6: Update university practices and procedures to prohibit or severely limit the circumstances in which non-disclosure or non-disparagement clauses or agreements can be used and establish a mechanism to oversee and challenge any such use. The Australian Government acknowledges the range of views presented
16816,9,does not read like a recommendation,yes,"Complaints processes be examined and enhanced by working with students, staff, and student bodies","Recommendation 9: Complaints processes be examined and enhanced by working with students, staff, and student bodies. The Australian Government acknowledges the range of views presented to the inquiry and notes this recommendation. The Australian Government encourages universities to consider this recommendation in cons"
16816,9,does not read like a recommendation,yes,Universities make disclosure-of-interests registers for senior executives and governing body members public and update them in real time,Recommendation 9: Universities make disclosure-of-interests registers for senior executives and governing body members public and update them in real time. The Australian Government acknowledges the range of views presented to the inquiry and supports-in-principle this recommendation. The Australian Government encourag
16842,6,too short to be a recommendation,,12 Senator David Pocock Additional Comments,Recommendation 6: ............................................ 12 Senator David Pocock Additional Comments Recommendation 3: ............................................ 14 Key issue: Gambling advertising .................................................................................................. 15 Senator David
16842,6,does not read like a recommendation,yes,"Have the Australian Government develop and fund media literacy training to be delivered throughout Australian schools, community hubs like libraries and by other community organisations","Recommendation 6: 1.21 Have the Australian Government develop and fund media literacy training to be delivered throughout Australian schools, community hubs like libraries and by other community organisations. The government notes this recommendation. The government has invested in digital literacy and online safety ed"
16842,7,does not read like a recommendation,yes,"15 2 Overview Keeping Australians safe online is a top priority for the government. The social media minimum age, which came into effect on 10 December 2025, requires certain social media platforms to prevent Australians under the age of 16 from having accounts. The legislation reflects Australians’","Recommendation 7: ............................................ 15 2 Overview Keeping Australians safe online is a top priority for the government. The social media minimum age, which came into effect on 10 December 2025, requires certain social media platforms to prevent Australians under the age of 16 from having acco"
16842,7,does not read like a recommendation,yes,Ban all forms of gambling advertising which are also causing immense harm to young people,"Recommendation 7: 1.22 Ban all forms of gambling advertising which are also causing immense harm to young people. The government notes this recommendation. On 2 April 2026, the government announced a package of reforms to address online gambling harms, including the following restrictions on wagering advertising: • ban"
16970,4,too short to be a recommendation,,In enforcing the mandatory Banking Code outlined in,"Recommendation 4 In enforcing the mandatory Banking Code outlined in Recommendation 3, the committee recommends that the regulator be authorised to approve or defer any closure request. In deferring a closure, the regulator would be authorised to direct a bank to take certain reasonable actions, including to order furt"
17017,6,too short to be a recommendation,,9,Recommendation 6..............................................................................................................9 Recommendation 7..............................................................................................................9 Recommendation 8................................................
17017,6,does not read like a recommendation,,The committee urges the Inspector-General of Aged Care to consider conducting an urgent review into the operation of the Single Assessment System,"Recommendation 6 The committee urges the Inspector-General of Aged Care to consider conducting an urgent review into the operation of the Single Assessment System. Recommendation 7 The committee recommends the Senate refer, to the Community Affairs References Committee, for inquiry and report by 15 April 2026, the expe"
17023,3,does not read like a recommendation,yes,"Ensure volunteers have access to adequate resources, equipment and nationally consistent training and support to carry out their duties safely and effectively","Recommendation 3: Ensure volunteers have access to adequate resources, equipment and nationally consistent training and support to carry out their duties safely and effectively. The Australian Government notes this recommendation. The Australian Government’s support for nationally consistent training through the VET se"
17023,4,does not read like a recommendation,yes,"Develop a nationally recognised credentialing system to provide portable qualifications in disaster response, safety and leadership, with recognition across education and employment sectors","Recommendation 4: Develop a nationally recognised credentialing system to provide portable qualifications in disaster response, safety and leadership, with recognition across education and employment sectors. The Australian Government agrees in principle with recommendation 1 and notes Recommendation 4 Enhancing volunt"
17023,5,does not read like a recommendation,yes,"Explore options to incentivise youth participation, including education credits, HECS or TAFE fee reductions or integration of volunteering into secondary and tertiary curricula","Recommendation 5: Explore options to incentivise youth participation, including education credits, HECS or TAFE fee reductions or integration of volunteering into secondary and tertiary curricula. The Australian Government notes this recommendation. The Australian Government acknowledges volunteering supports young peo"
17023,6,does not read like a recommendation,yes,Invest in community resilience projects to maintain engagement between disaster events and shift investment toward prevention and mitigation,Recommendation 6: Invest in community resilience projects to maintain engagement between disaster events and shift investment toward prevention and mitigation. The Australian Government agrees in principle with this recommendation. The Disaster Ready Fund is the Australian Government’s flagship disaster risk reduction
17023,7,does not read like a recommendation,yes,"Ensure there is clear separation from Defence resources, by establishing the Climate Army as a distinct civilian capability that supports, but does not draw from, ADF personnel or funding","Recommendation 7: Ensure there is clear separation from Defence resources, by establishing the Climate Army as a distinct civilian capability that supports, but does not draw from, ADF personnel or funding. The Australian Government agrees in principle with this recommendation. The Australian Government is collaboratin"
17143,10,does not read like a recommendation,yes,"The Australian Government provide sufficient resourcing for the Commonwealth Superannuation Corporation to ensure its claim management team is appropriately staffed to process claims in a timely manner, consistent with the needs of serving and former ADF members","Recommendation 10 1.51 The Australian Government provide sufficient resourcing for the Commonwealth Superannuation Corporation to ensure its claim management team is appropriately staffed to process claims in a timely manner, consistent with the needs of serving and former ADF members. Response: The Government notes th"
17143,5,does not read like a recommendation,yes,The Australian Government implement a coordinated whole of government education and awareness strategy to provide former and current ADF members with accessible information about military superannuation and pension arrangements,Recommendation 5 1.34 The Australian Government implement a coordinated whole of government education and awareness strategy to provide former and current ADF members with accessible information about military superannuation and pension arrangements. Response: The Government notes this recommendation. The Government no
17143,7,does not read like a recommendation,yes,"The Department of Defence provide professional financial advice to all ADF members at key career points such as recruitment, mid-career service and transition to civilian life to ensure an accurate understanding of applicable military superannuation or pension schemes","Recommendation 7 1.36 The Department of Defence provide professional financial advice to all ADF members at key career points such as recruitment, mid-career service and transition to civilian life to ensure an accurate understanding of applicable military superannuation or pension schemes. Response: The Government not"
17143,8,does not read like a recommendation,yes,"The Australian Government review section 37 of the Defence Force Retirement and Death Benefits Act 1973 for relevance and necessity, with the aim of ensuring all applications are referred to the Commonwealth Superannuation Corporation for independent assessment, without requiring the opinion of the ","Recommendation 8 The Australian Government review section 37 of the Defence Force Retirement and Death Benefits Act 1973 for relevance and necessity, with the aim of ensuring all applications are referred to the Commonwealth Superannuation Corporation for independent assessment, without requiring the opinion of the Chi"
17143,9,does not read like a recommendation,yes,The Australian Government revise reversionary pension arrangements across military superannuation and pension schemes to ensure that surviving spouses and dependants retain eligibility when they are living apart from a member due to illness or safety concerns,Recommendation 9 1.48 The Australian Government revise reversionary pension arrangements across military superannuation and pension schemes to ensure that surviving spouses and dependants retain eligibility when they are living apart from a member due to illness or safety concerns. Response: The Government notes this r
17294,10,too short to be a recommendation,,Work value and equal remuneration cases,Recommendation 10: Work value and equal remuneration cases ....................... 15 Recommendation 11: Support for work value proceedings ................................. 16 Recommendation 12: Government funding positions ........................................ 17 Recommendation 13: Wage-setting practices .........
17294,10,does not read like a recommendation,yes,"Work value and equal remuneration cases The review panel encourages the Fair Work Commission to continue its program of work to advance gender equality, particularly by addressing the low pay in other female-dominated sectors (beyond care work), and to set out broader principles for identifying and ","Recommendation 10: Work value and equal remuneration cases The review panel encourages the Fair Work Commission to continue its program of work to advance gender equality, particularly by addressing the low pay in other female-dominated sectors (beyond care work), and to set out broader principles for identifying and a"
17294,8,too short to be a recommendation,,Statement of Principles on Genuine Agreement,Recommendation 8: Statement of Principles on Genuine Agreement ................. 13 Recommendation 9: Statement of Principles on Genuine Agreement – stakeholder engagement ................................................................................................... 14 Recommendation 10: Work value and equal remun
17294,8,the government's verdict is inside the recommendation,yes,Statement of Principles on Genuine Agreement The Australian Government should amend the Fair Work Act to ensure the Statement of Principles on Genuine Agreement is a more complete statement of the procedural matters the Fair Work Commission must consider in relation to whether a proposed enterprise ,Recommendation 8: Statement of Principles on Genuine Agreement The Australian Government should amend the Fair Work Act to ensure the Statement of Principles on Genuine Agreement is a more complete statement of the procedural matters the Fair Work Commission must consider in relation to whether a proposed enterprise ag
17307,5,does not read like a recommendation,yes,"Specify a floor in the legislation opening the scheme up to a minimum 30,000 eligible participants per annum, ensuring the scheme operates in perpetuity (as opposed to exhausting after four years) and quarantining at least one third of available places per annum for offer in the first instance to hi","Recommendation 5 Specify a floor in the legislation opening the scheme up to a minimum 30,000 eligible participants per annum, ensuring the scheme operates in perpetuity (as opposed to exhausting after four years) and quarantining at least one third of available places per annum for offer in the first instance to histo"
17516,14,does not read like a recommendation,yes,7 The Committee encourages the Department of Defence to scope and schedule projects elements at a level appropriate for Australian small and medium enterprise to bid directly where appropriate,Recommendation 14 7 The Committee encourages the Department of Defence to scope and schedule projects elements at a level appropriate for Australian small and medium enterprise to bid directly where appropriate. Response: The Government agrees with this recommendation. Defence already pursues this objective through a r
17526,14,longer than a quotation can carry,,"The Committee recommends that workforce and resources be developed across all areas of support for families to navigate an extremely complex system and that, wherever possible, support should be provided by a range of workers to ensure equitable access for all, including: regional, rural and remote ","Recommendation 14 The Committee recommends that workforce and resources be developed across all areas of support for families to navigate an extremely complex system and that, wherever possible, support should be provided by a range of workers to ensure equitable access for all, including: regional, rural and r"
17624,7,does not read like a recommendation,yes,Establish a Whistle-blower Protection Authority to ensure that whistle-blowers using parliamentary privilege are adequately protected,"Recommendation 7: Establish a Whistle-blower Protection Authority to ensure that whistle-blowers using parliamentary privilege are adequately protected. Response: Noted. Earlier this year, the Prime Minister, the Hon Anthony Albanese MP, wrote to the Presiding Officers to express the government's clear view that there"
17689,10,the government's words begin mid-sentence,yes,"The committee recommends that the Australian Government reverse its decision, announced in the 2023–24 Budget, to reduce the frequency of Financial Regulator Assessment Authority (FRAA) reviews from every two years to every five years. Further, the committee recommends that the FRAA undertake an inq","Recommendation 10 The committee recommends that the Australian Government reverse its decision, announced in the 2023–24 Budget, to reduce the frequency of Financial Regulator Assessment Authority (FRAA) reviews from every two years to every five years. Further, the committee recommends that the FRAA undertake an inq"
17689,11,the government's words begin mid-sentence,yes,The committee recommends that the Australian Government reassess the funding arrangements for the Australian Securities and Investments Commission or any alternative regulatory authority so that: a greater level of funding can be directly resourced with the proceeds of regulatory fines—including lat,Recommendation 11 The committee recommends that the Australian Government reassess the funding arrangements for the Australian Securities and Investments Commission or any alternative regulatory authority so that: a greater level of funding can be directly resourced with the proceeds of regulatory fines—including
17689,2,the government's words begin mid-sentence,yes,"The committee recommends that the Australian Government should recognise, based on the finding of recommendation one, that the Australian Securities and Investments Commission’s regulatory failures call into question whether its remit is too broad for it to be an effective and efficient agency, and ","Recommendation 2 The committee recommends that the Australian Government should recognise, based on the finding of recommendation one, that the Australian Securities and Investments Commission’s regulatory failures call into question whether its remit is too broad for it to be an effective and efficient agency, and"
17689,3,the government's words begin mid-sentence,yes,"The committee recommends that the Australian Government urgently address the shortcomings in Australia’s system for handling reports of alleged corporate misconduct. In doing so, the committee recommends that the Australian Government make it a legislative requirement of the Australian Securities an","Recommendation 3 The committee recommends that the Australian Government urgently address the shortcomings in Australia’s system for handling reports of alleged corporate misconduct. In doing so, the committee recommends that the Australian Government make it a legislative requirement of the Australian Securities an"
17689,4,the government's words begin mid-sentence,yes,"The committee recommends that the statement of expectations which is currently issued for the Australian Securities and Investments Commission: contain, among other things, expectations and priorities relating to transparency; and be provided in draft form to the Parliamentary Joint Committee on Cor","Recommendation 4 The committee recommends that the statement of expectations which is currently issued for the Australian Securities and Investments Commission: contain, among other things, expectations and priorities relating to transparency; and be provided in draft form to the Parliamentary Joint Committee"
17689,5,the government's words begin mid-sentence,yes,"The committee recommends that the Australian Government make it a legislated regulatory objective of the Australian Securities and Investments Commission or other regulatory authorities to establish and maintain a high level of transparency of investigation and enforcement outcomes. Additionally, th","Recommendation 5 The committee recommends that the Australian Government make it a legislated regulatory objective of the Australian Securities and Investments Commission or other regulatory authorities to establish and maintain a high level of transparency of investigation and enforcement outcomes. Additionally, th"
17689,6,the government's words begin mid-sentence,yes,The committee recommends that the Australian Government investigate amending the whistleblower protection provisions in the Corporations Act 2001 to include pecuniary incentives and compensation for whistleblowers who make a substantiated disclosure. The committee recommends that the pecuniary provi,Recommendation 6 The committee recommends that the Australian Government investigate amending the whistleblower protection provisions in the Corporations Act 2001 to include pecuniary incentives and compensation for whistleblowers who make a substantiated disclosure. The committee recommends that the pecuniary provis
17689,7,the government's words begin mid-sentence,yes,"The committee recommends that regulatory authorities adopt an enforcement approach which prioritises the litigation of all serious instances of suspected breaches of corporations law, particularly in cases where consumer losses arise, or could have potentially arisen, from such breaches","Recommendation 7 The committee recommends that regulatory authorities adopt an enforcement approach which prioritises the litigation of all serious instances of suspected breaches of corporations law, particularly in cases where consumer losses arise, or could have potentially arisen, from such breaches. Austral"
17689,9,the government's words begin mid-sentence,yes,"The committee recommends that the Australian Government should ensure that a legislated code of conduct be included as part of the governing documents of ASIC or any alternative regulatory bodies, and that the Chair and any other statutory appointees can be sanctioned for workplace misconduct that i","Recommendation 9 The committee recommends that the Australian Government should ensure that a legislated code of conduct be included as part of the governing documents of ASIC or any alternative regulatory bodies, and that the Chair and any other statutory appointees can be sanctioned for workplace misconduct that i"
17857,1,the extraction looks broken,,The Committee recommends that: x the Northern Land Council report back to the Committee on progress in responding to the two significant legislative breaches reported by the Australian National Audit Office (ANAO) in Audit Report No. 24 (2017-18) x should the ANAO audit of the financial statements o,Recommendation 1 2.9 The Committee recommends that: x the Northern Land Council report back to the Committee on progress in responding to the two significant legislative breaches reported by the Australian National Audit Office (ANAO) in Audit Report No. 24 (2017-18) x should the ANAO audit of the financial statements
