commission_id,report_id,label,response_id,response_tabled,response_url,state,verdict,government_label,other_governments,government_words,government_words_more,note
defence-veteran-suicide,143,1,349,2022-09-26,https://www.aph.gov.au/Parliamentary_Business/Tabled_Documents/349,position,accepted,The Government agrees,,"The Government agrees to this recommendation. The Government will develop a pathway for simplification and harmonisation of veteran compensation and rehabilitation legislation on the basis of this recommendation, noting that funding will be considered in the context of budget processes and fiscal constraints. The timing of implementation will be informed by what is required for necessary consultation and the passage of legislation.",,
defence-veteran-suicide,143,2,349,2022-09-26,https://www.aph.gov.au/Parliamentary_Business/Tabled_Documents/349,position,accepted,The Government agrees,,"The Government agrees to this recommendation. The Government recognises that the current claims backlog is unacceptable and that is why it committed at the last election to employing 500 additional DVA staff to tackle this backlog. Recruiting these staff is already underway. Eliminating the claims backlog is a priority and will be closely monitored and routinely reported. Reducing claim processing times is also a priority, along with maintaining the quality of claims decision making. Work in addition to the employing of 500 additional staff is already underway as well as looking at what further work can be done to improve claims processing, including implementing relevant recommendations from McKinsey & Company (see response to Recommendation 3 below).",yes,
defence-veteran-suicide,143,3,349,2022-09-26,https://www.aph.gov.au/Parliamentary_Business/Tabled_Documents/349,position,accepted,The Government agrees,,"The Government agrees to this recommendation. The Government recognises that some veterans and families do not have a good experience accessing support they deserve. The Government will consider ways to improve the veterans’ experience of the claims system, remove complexity and enhance efficiency in supporting veterans and families navigating the veteran support system. Measures to improve the claims system will be considered by Government, along with any necessary legislative amendments. The Government notes that work is already underway in response to this recommendation, taking into account the recommendations of McKinsey & Company’s claims process diagnostic to improve the administration of the claims system. The overall benefits of the implementation of the work program will be demonstrated in the efficiencies reported as noted in the response to Recommendation 2 above.",,
defence-veteran-suicide,143,4,349,2022-09-26,https://www.aph.gov.au/Parliamentary_Business/Tabled_Documents/349,position,accepted,Government agrees,,"Government agrees to this recommendation. The Government recognises the importance of closely monitoring, reporting and responding to the changing needs of veterans and families. The Department of Veterans’ Affairs will provide advice in line with the Budget and Mid-Year Economic and Fiscal Outlook (MYEFO) processes on resourcing requirements and factors leading to uncertainty in those requirements wherever possible, but also notes there may be a need for out-of-cycle considerations.",,
defence-veteran-suicide,143,5,349,2022-09-26,https://www.aph.gov.au/Parliamentary_Business/Tabled_Documents/349,noted,,,,"Consistent with its election commitment, the Government has removed the ASL cap across all government agencies, including the Department of Veterans’ Affairs.",,
defence-veteran-suicide,143,6,349,2022-09-26,https://www.aph.gov.au/Parliamentary_Business/Tabled_Documents/349,position,in part or in principle,The Government agrees in-principle,,"The Government agrees in-principle to this recommendation. The Government will take forward suggested legislative reforms to the Royal Commissions Act 1902. The Government will consult the Royal Commission and other key stakeholders on drafting of the amendments. The Government agrees serving and ex-serving ADF members should have protections to communicate information to the Royal Commission without breaching the general secrecy offences in the Criminal Code. To achieve this, the Government welcomes continued engagement with the Royal Commission in relation to the agreement referred to in Chapter 6.2 of the Interim Report. Conclusion of this agreement will permit serving and ex serving ADF members to access existing defences, including paragraph 122.5(1)(b) of the Criminal Code.",yes,
defence-veteran-suicide,143,7,349,2022-09-26,https://www.aph.gov.au/Parliamentary_Business/Tabled_Documents/349,noted,,,,"The Government notes this recommendation. The Government recognises the importance of Royal Commissions being able to thoroughly investigate, and provide recommendations in relation to their terms of reference and is committed to assisting Royal Commissions to conduct their inquiries. The Parliamentary Privileges Act 1987 provides important protections for freedom of speech in Parliament. Section 16 of the Act protects proceedings in Parliament from being questioned or impeached in a court or tribunal. Broadly, section 16(3)(c) prevents the drawing of inferences or conclusions from proceedings in Parliament, in any court or tribunal (which includes a Royal Commission). The Government considers that Royal Commissions can carry out their functions without infringing section 16(3) (c).",,
defence-veteran-suicide,143,8,349,2022-09-26,https://www.aph.gov.au/Parliamentary_Business/Tabled_Documents/349,noted,,,,"The Government notes this recommendation. The Government agrees with the need for Royal Commissions to have access to the information they need to ensure their work is effective and efficient. The Government also recognises the significant harm that public interest immunity (PII) is designed to guard against. For example, there is a strong and longstanding convention that deliberations and discussions within Cabinet remain confidential. This is to preserve and support the principle of collective responsibility, which is critical to our system of government. The Government will improve policies and practices to streamline and introduce additional rigour around the use of PII claims in Royal Commissions. This will include clarifying the bases on which PII claims are made, and introducing additional requirements regarding the justification of claims.",,
defence-veteran-suicide,143,9,349,2022-09-26,https://www.aph.gov.au/Parliamentary_Business/Tabled_Documents/349,position,accepted,The Government agrees,,"The Government agrees to this recommendation. The Government recognises how clear, published, department-wide, trauma-informed policies regarding the administrative release of information, consistent with Australian information law principles, would empower both applicants and decision makers. The Government further recognises how such policies would enable the proactive use of administrative release for applications for information, whether made under or outside the Freedom of Information Act 1982 (Cth) and the Privacy Act 1988 (Cth). The Government also recognises the importance of consultation on the means of information access, as well as education about processes, and will seek to do so consistently with its work on Recommendation 13 below. Defence and DVA have commenced work towards this recommendation.",,
defence-veteran-suicide,143,10,349,2022-09-26,https://www.aph.gov.au/Parliamentary_Business/Tabled_Documents/349,position,accepted,The Government agrees,,"The Government agrees to this recommendation. The Government, through Defence and DVA, will undertake co-design with serving and ex-serving Australian Defence Force members and families to raise awareness of redaction and how it applies to accessing information from Defence or DVA. Defence and DVA have commenced work towards this recommendation.",,
defence-veteran-suicide,143,11,349,2022-09-26,https://www.aph.gov.au/Parliamentary_Business/Tabled_Documents/349,position,accepted,The Government agrees,,"The Government agrees to this recommendation. The Government acknowledges that serving and ex-serving ADF members and their families may seek information at times of vulnerability or stress. The Government recognises that adopting a trauma-informed approach when interacting with a person seeking information, regardless of why that person is seeking information, provides an opportunity to better support current and former ADF members and their families. The Government will leverage the work already undertaken by DVA through the Veteran Centric Reform program and the recent Defence improvements to information exchange practices, recognising that more needs to be done to ensure that a trauma-informed process is consistently applied across Defence and DVA.",yes,
defence-veteran-suicide,143,12,349,2022-09-26,https://www.aph.gov.au/Parliamentary_Business/Tabled_Documents/349,position,accepted,The Government agrees,,"The Government agrees to this recommendation. The Government, through Defence and DVA, will optimise and increase the opportunities available to serving and ex-serving ADF members to provide or change consent to Defence or DVA to provide their personal information to other persons. Defence and DVA have commenced work towards this recommendation.",,
defence-veteran-suicide,143,13,349,2022-09-26,https://www.aph.gov.au/Parliamentary_Business/Tabled_Documents/349,position,accepted,The Government agrees,,"The Government agrees to this recommendation. The Government, through Defence and DVA, will co-design education material, targeted to serving and ex-serving ADF members and their families, to enhance their understanding of the information access mechanisms and the trauma-informed supports available to those accessing information. Defence and DVA have commenced work towards this recommendation.",,
robodebt,2743,10.1,4163,2023-11-14,https://www.aph.gov.au/Parliamentary_Business/Tabled_Documents/4163,position,accepted,The Government accepts,,"The Government accepts this recommendation. The Government recognises the importance of designing policies and government services that focus on the needs of recipients. This includes making services as accessible as possible and delivering them in a way that meets the needs of individuals and the community. The Government will continue to improve the delivery of services for Australians. When considering a change to a service, before policy, investment and service delivery decisions are made, the Government will gather an evidence-based understanding of the needs of recipients, which is based on the views of recipients, and explore how the proposed changes may impact recipients. The Department of Social Services and Services Australia will work together to ensure customer and staff feedback is considered in the design of policy and processes.",yes,
robodebt,2743,11.1,4163,2023-11-14,https://www.aph.gov.au/Parliamentary_Business/Tabled_Documents/4163,position,accepted,The Government accepts,,The Government accepts this recommendation. The Government supports the need for clear documentation that specifies the circumstances when an individual may be excluded from a compliance process. Services Australia will produce clear documentation for any exclusion criteria when any cohort of recipients is intended to be excluded from compliance or debt related activities. This includes recording any associated exclusions within any compliance activity business process specifications and compliance program documents.,,
robodebt,2743,11.2,4163,2023-11-14,https://www.aph.gov.au/Parliamentary_Business/Tabled_Documents/4163,position,accepted,The Government accepts,,"The Government accepts this recommendation. The Government agrees that individual circumstances that might impact on an individual’s capacity to engage with government services, or reviews of payments and services, should be taken into account during service delivery and customer engagements. Disclosure of individual circumstances is voluntary in most cases, particularly when this detail may not be required to establish an entitlement to a payment or service. Noting this, in some circumstances it may not be possible for delivery agencies to proactively identify all circumstances that might affect a person’s ability to engage with a compliance activity.",yes,
robodebt,2743,11.3,4163,2023-11-14,https://www.aph.gov.au/Parliamentary_Business/Tabled_Documents/4163,position,accepted,The Government accepts,,"The Government accepts this recommendation. Operational guidance material and the ‘Our vulnerability strategy’ support Services Australia service officers to identify when customers’ circumstances should be recorded and updated on a customer’s record. This includes when vulnerabilities are identified, require updates due to a change in the customer’s circumstances, or are no longer impacting the customer. Records held by Services Australia contain notes that alert staff to circumstances where a recipient is experiencing difficulties that might affect their ability to meet mutual obligation requirements. Where an individual discloses a vulnerability, staff will use this knowledge to tailor the discussion and interaction, including the promotion of appropriate programs and services, and connect the customer to specialist supports and/or referrals to local service providers.",yes,
robodebt,2743,11.4,4163,2023-11-14,https://www.aph.gov.au/Parliamentary_Business/Tabled_Documents/4163,position,accepted,The Government accepts,,"The Government accepts this recommendation. The Government recognises the importance of considering an individual’s capacity to engage with government services and any reviews of their circumstances that might impact eligibility for a payment or services. Services Australia uses established forums to support engagements with advocacy groups including the National Multicultural Advisory Group, Disability Peak Bodies, Stakeholder Consultative Group and the Civil Society Advisory Group. Engagements through these forums have informed changes to the agency’s service delivery and support services. Services Australia will continue to seek advice and input from civil society stakeholders to improve service delivery, particularly where changes are being made and there are opportunities for co-design.",,
robodebt,2743,12.1,4163,2023-11-14,https://www.aph.gov.au/Parliamentary_Business/Tabled_Documents/4163,position,accepted,The Government accepts,,"The Government accepts this recommendation. The Government recognises the important role advocates play in the administration of government services and undertakes regular engagements with peak advocacy groups. Services Australia will actively identify opportunities to engage with advocacy groups. To support engagement between Services Australia and advocacy groups, the agency has a number of established forums through which advocacy groups can engage directly with the agency. These forums provide a channel for advocacy groups to raise concerns and provide feedback to the agency. Services Australia will pilot an ‘advocates’ channel for legal advocates. This pilot will help inform the suitability of channels for advocacy groups acting on behalf of vulnerable customers, and to inform a longer-term scalable solution.",yes,
robodebt,2743,12.2,4163,2023-11-14,https://www.aph.gov.au/Parliamentary_Business/Tabled_Documents/4163,position,in part or in principle,The Government accepts in principle,,"The Government accepts in principle this recommendation. Government agencies provide vital services and information for the community. Service design should respond to community need, and the methods of service delivery should be as effective and efficient as possible. In partnership with the broader APS and government services users, Services Australia has developed a whole of service vision for user-centred service excellence: “reliable and accessible services when and how you need them”17. This vision forms part of Priority 2 of the Government’s Australian Public Sector Reform agenda, and puts people and business at the centre of policy and services. The vision supports coherent leadership in the design and delivery of government programs, services and payments; service alignment; and shared execution.",yes,
robodebt,2743,12.3,4163,2023-11-14,https://www.aph.gov.au/Parliamentary_Business/Tabled_Documents/4163,position,accepted,The Government accepts,,"The Government accepts this recommendation. The Government will consult with peak advocacy groups when implementing modifications to the social security system. Building and expanding on existing engagement mechanisms, including with organisations like Economic Justice Australia and the Australian Council of Social Service, the Department of Social Services and Services Australia will engage with peak advocacy bodies to determine the most effective way to seek their views on the design and implementation of projects where there are likely to be implications for users of the social security system. 17 APS Vision for user-centred service excellence | APS Reform (apsreform.gov.au).",,
robodebt,2743,12.4,4163,2023-11-14,https://www.aph.gov.au/Parliamentary_Business/Tabled_Documents/4163,position,accepted,The Government accepts,,"The Government accepts this recommendation. Legal assistance plays a vital role in ensuring more equal access to the justice system which is fundamental to our democratic society and the rule of law. Not only does legal assistance facilitate improved outcomes for individuals, it also generates broader benefits to society. The independent review of the National Legal Assistance Partnership 2020-25 (NLAP) commenced in June 2023.18 The Terms of Reference for the review are broad, and require the review to evaluate whether the objectives, outcomes and outputs of the NLAP have been achieved.19 The Issues Paper published by the independent reviewer states that recommendation 12.4 is within the scope of the Terms of Reference, and will be considered as part of the review.20 The findings and recommendations of the review will inform future funding arrangements for legal assistance.",,
robodebt,2743,13.1,4163,2023-11-14,https://www.aph.gov.au/Parliamentary_Business/Tabled_Documents/4163,position,accepted,The Government accepts,,"The Government accepts this recommendation. The Government supports undertaking consultation with front-line staff when designing and implementing new programs, noting their expertise in engaging with customers. Services Australia will ensure the experiences of front-line staff are sought and fed into design practice and service delivery policy. 18 Independent Review of the National Legal Assistance Partnership (ag.gov.au). 19 The Independent Review of the NLAP (nlapreview.com.au). 20 Issues Paper | NLAP review (nlapreview.com.au).",,
robodebt,2743,13.2,4163,2023-11-14,https://www.aph.gov.au/Parliamentary_Business/Tabled_Documents/4163,position,accepted,The Government accepts,,"The Government accepts this recommendation. The Government commits to ensuring agencies have processes in place to gather feedback from front-line staff, noting their first-hand experiences in engaging with the community. Services Australia has a variety of mechanisms in place for staff to provide feedback, given the variability of services provided by the agency. Services Australia is committed to supporting staff input into the delivery of programs, both specific and systemic delivery considerations, and insights on emerging issues for policy design and program delivery.",,
robodebt,2743,13.3,4163,2023-11-14,https://www.aph.gov.au/Parliamentary_Business/Tabled_Documents/4163,position,in part or in principle,The Government accepts in principle,,"The Government accepts in principle this recommendation. The Government recognises the importance of designing services to meet the needs of individuals, particularly vulnerable recipients. This includes making services as accessible as possible, including for individuals located in remote areas, through the preferred channel of the individual. The Australian Public Sector Reform Office and Services Australia are partnering to develop whole-of-government service delivery attributes and Service Design Standards to support agencies to design and administer new and existing services and payments. The Standards will be evidence-based and informed by the needs and expectations of the Australian community. The Government recognises the importance of having face-to-face services available to Australians when required.",yes,
robodebt,2743,13.4,4163,2023-11-14,https://www.aph.gov.au/Parliamentary_Business/Tabled_Documents/4163,position,in part or in principle,The Government accepts in principle,,"The Government accepts in principle this recommendation. The Government recognises the important role social workers play in supporting our community, and connecting Australians with services that support their needs. The Services Australia Social Work Servicing Strategy (2021-2025) outlines how the agency is transforming the way it delivers social work services. The Strategy was developed in consultation with Services Australia social workers, and draws on their expertise and experience. The vision identified in the Strategy is to ensure “a progressive social work service committed to social justice and helping individuals, families and communities so people can get on with their lives” consistent with the agency’s Master Plan, and to provide world-class services to citizens through increased social worker accessibility.",yes,
robodebt,2743,15.1,4163,2023-11-14,https://www.aph.gov.au/Parliamentary_Business/Tabled_Documents/4163,position,accepted,The Government accepts,,"The Government accepts this recommendation. In providing advice to Cabinet, Ministers, departments and agencies should indicate whether a new policy proposal will require legislative change in order for it to be lawfully implemented, in addition to giving advice on whether legislation is required to authorise expenditure. In circumstances where it has not been possible to determine whether legislative change is required, this should also be clearly stated. Relevant Cabinet procedures will be updated to reflect this. This recommendation will be implemented by the Department of the Prime Minister and Cabinet, the Department of Finance and the Treasury, in consultation with the Attorney-General’s Department.",,
robodebt,2743,15.2,4163,2023-11-14,https://www.aph.gov.au/Parliamentary_Business/Tabled_Documents/4163,position,in part or in principle,The Government accepts in principle,,"The Government accepts in principle this recommendation. The Government agrees that Cabinet should be clearly informed of identifiable legal issues associated with the implementation of new policy proposals. The Government considers that clear, concise and succinct summaries of legal issues are likely to be of greater assistance to entities and Ministers than copies of entire legal advices. Relevant Cabinet procedures will be updated to reflect this. This recommendation will be implemented by the Department of the Prime Minister and Cabinet, the Department of Finance and the Treasury, in consultation with the Attorney-General’s Department.",,
robodebt,2743,15.3,4163,2023-11-14,https://www.aph.gov.au/Parliamentary_Business/Tabled_Documents/4163,position,accepted,The Government accepts,,"The Government accepts this recommendation. Sponsoring Ministers and entities are responsible for ensuring that they present clear information on what is required to implement a new policy proposal. Where legal advice is provided on a new policy proposal, Cabinet should receive complete and accurate information, particularly regarding whether or not the Australian Government Solicitor has reviewed and agreed with any legal advice on whether legislative change is required. Relevant Cabinet procedures will be updated to reflect this. This recommendation will be implemented by the Department of the Prime Minister and Cabinet, the Department of Finance and the Treasury, in consultation with the Attorney-General’s Department.",,
robodebt,2743,15.4,4163,2023-11-14,https://www.aph.gov.au/Parliamentary_Business/Tabled_Documents/4163,position,accepted,The Government accepts,,"The Government accepts this recommendation. Cabinet should receive clear and accurate advice on new policy proposals, to ensure it fully understands associated legal issues and risks. Relevant Cabinet procedures will be updated to make it clear what legal advice has been obtained, in respect of what risks, and by whom it was provided. The updates will provide clearer information on legislative authority issues relating to spending, and on legal issues relating to other aspects of the proposal. This recommendation will be implemented by the Department of the Prime Minister and Cabinet, in consultation with the Department of Finance, the Treasury and the Attorney-General’s Department.",,
robodebt,2743,15.5,4163,2023-11-14,https://www.aph.gov.au/Parliamentary_Business/Tabled_Documents/4163,position,accepted,The Government accepts,,"The Government accepts this recommendation. All Ministers, departments and agencies are expected and required to comply with the rules outlined in the Cabinet Handbook and the Budget Process Operational Rules when developing new policy proposals and measures with financial implications. The Department of Social Services and Services Australia will ensure budget initiatives are progressed in consultation with the Department of Finance, and in compliance with the Budget Process Operational Rules. Data sources will be identified, and assumptions will be required to be documented and provided in a transparent manner. The Digital Transformation Agency is also assisting agencies articulate and measure the benefits of investment in technology, including as they relate to technology-enabled compliance measures.",,
robodebt,2743,15.6,4163,2023-11-14,https://www.aph.gov.au/Parliamentary_Business/Tabled_Documents/4163,position,accepted,The Government accepts,,"The Government accepts this recommendation. All Ministers, departments and agencies are expected and required to comply with the rules outlined within the Cabinet Handbook and the Budget Process Operational Rules when developing new policy proposals and measures with financial implications. The Department of Social Services and Services Australia will ensure budget initiatives are progressed in consultation with the Department of Finance, and in compliance with the Budget Process Operational Rules. Data sources will be identified, and assumptions and inputs will be provided for compliance measures. These will be required to be documented and provided in a transparent manner.",,
robodebt,2743,16.1,4163,2023-11-14,https://www.aph.gov.au/Parliamentary_Business/Tabled_Documents/4163,position,accepted,The Government accepts,,"The Government accepts this recommendation. The collection, use, storage and disclosure of personal information is fundamental to the effective administration of government agencies and departments. It is therefore critical the public have trust and confidence that agencies and departments are adhering to the robust legislative frameworks in place which protect personal privacy. Government agencies and departments have obligations to protect an individual’s information under the Privacy Act 1988 (Cth), the Australian Privacy Principles and relevant guidelines issued by the Office of the Australian Information Commissioner.",yes,
robodebt,2743,16.2,4163,2023-11-14,https://www.aph.gov.au/Parliamentary_Business/Tabled_Documents/4163,position,accepted,The Government accepts,,"The Government accepts this recommendation. The Government recognises the importance governance frameworks have in providing an effective level of oversight of joint programs operating between government agencies. These frameworks provide agencies with appropriate issues resolution pathways, clearly articulate the objectives of the arrangement and outline the expectations and responsibilities of each party. The Australian Taxation Office and Services Australia are reviewing all existing data exchanges operating between the agencies to ensure all legal and ethical requirements are met, and that the governance arrangements and supporting framework documentation, including Memoranda of Understanding and joint forum terms of reference, are in place and accurately reflect the processes and procedures of the exchange.",yes,
robodebt,2743,17.1,4163,2023-11-14,https://www.aph.gov.au/Parliamentary_Business/Tabled_Documents/4163,position,accepted,The Government accepts,,"The Government accepts this recommendation. The safe and responsible development and deployment of automated decision-making provides important opportunities to deliver timely and efficient services for Australians. The Government will consider opportunities for legislative reform to introduce a consistent legal framework in which automation in government services can operate ethically, without bias and with appropriate safeguards, which will include consideration of: • review pathways for those affected by decisions, and • transparency about the use of automated decision-making, and how such decision- making processes operate, for persons affected by decisions and to enable independent scrutiny.",yes,
robodebt,2743,17.2,4163,2023-11-14,https://www.aph.gov.au/Parliamentary_Business/Tabled_Documents/4163,position,accepted,The Government accepts,,"The Government accepts this recommendation. The Government agrees that ethical considerations and principles of administrative law must be taken into account in the design of automated decision-making processes and there should be proper oversight of these arrangements. The Government will ensure there is appropriate oversight of the use of automation in service delivery. This includes oversight of technical aspects to identify potential bias and ensure the use of automated decision-making or artificial intelligence is ethical and in accordance with legislative protections. In implementing this recommendation, the Government will consider establishing a body, or expanding the functions of an existing body, with the power to monitor and audit automated decision-making processes.",yes,
robodebt,2743,18.1,4163,2023-11-14,https://www.aph.gov.au/Parliamentary_Business/Tabled_Documents/4163,position,accepted,The Government accepts,,"The Government accepts this recommendation. The Government commits to ensuring income support and other services are available to vulnerable Australians when they need it, without stigma; and that debt recovery practices are undertaken in a manner that is fair, empathetic and respectful, and takes into account individual circumstances. The Government will continue to implement changes to improve debt recovery policy and practice, within the underpinning legal framework.",,
robodebt,2743,18.2,4163,2023-11-14,https://www.aph.gov.au/Parliamentary_Business/Tabled_Documents/4163,position,in part or in principle,The Government accepts in principle,,"The Government accepts in principle this recommendation. The Government will improve social security debt arrangements and is committed to ensuring debt raising and recovery is undertaken in a timely, fair and respectful manner. Any reform to the approach of raising and recovering social security debts should be undertaken in a systematic way, with careful consideration of the unique circumstances of social security debtors. The Government will carefully consider options for legislative reform, including appropriate statutory limitation periods for the raising and recovery of social security debts to comprehensively address the issues identified by the Royal Commission. The Government is committed to improving social security debt arrangements to ensure that debt recovery practices are clear and conducted in a respectful manner.",yes,
robodebt,2743,19.1,4163,2023-11-14,https://www.aph.gov.au/Parliamentary_Business/Tabled_Documents/4163,position,accepted,The Government accepts,,The Government accepts this recommendation. The Government recognises the specialist input the Australian Government Solicitor or their representative could provide in the selection of the chief legal officers of Services Australia and the Department of Social Services.,,
robodebt,2743,19.2,4163,2023-11-14,https://www.aph.gov.au/Parliamentary_Business/Tabled_Documents/4163,position,accepted,The Government accepts,,"The Government accepts this recommendation. The Government recognises the importance of providing training and development to its in- house legal officers, to ensure that they are able to deliver services in line with Legal Practice Standards. Services Australia legal staff are subject to Legal Practice Directions issued by the Chief Counsel which set out the obligations and requirements of agency legal staff, including a requirement to undertake regular training. In addition, performance agreements for all Services Australia legal staff will require staff to comply with the Legal Practice Directions. Services Australia has also engaged with the Department of Social Services and other agencies within the Social Services portfolio on shared training for legal staff across the social services portfolio.",yes,
robodebt,2743,19.3,4163,2023-11-14,https://www.aph.gov.au/Parliamentary_Business/Tabled_Documents/4163,position,accepted,The Government accepts,,"The Government accepts this recommendation. The Government recognises the importance of having clear Legal Practice Standards in place that outline the core duties and responsibilities of in-house government lawyers. The Department of Social Services (DSS) has developed a new package of legal practice governance documents, which include updates to the Legal Practice Manual issued by the Chief Counsel that set out the core duties and responsibilities of all legal officers working at DSS. Compliance with these duties and obligations will be included in the performance agreements for all legal staff.",,
robodebt,2743,19.4,4163,2023-11-14,https://www.aph.gov.au/Parliamentary_Business/Tabled_Documents/4163,position,accepted,The Government accepts,,"The Government accepts this recommendation. The Government recognises the importance of providing training and development to its in- house legal officers, to ensure that they are able to deliver services in line with Legal Practice Standards. The Department of Social Services (DSS) is establishing a regular training program for in-house lawyers that will include a focus on core studies and responsibilities laid down in DSS Legal Practice Standards. DSS is also actively taking steps to engage providers to deliver integrity and professional independence training for all lawyers in the Department. This training will be in addition to the lawyers’ obligation to complete Continuing Legal Education (CLE) associated with maintaining the required Practising Certificate.",yes,
robodebt,2743,19.5,4163,2023-11-14,https://www.aph.gov.au/Parliamentary_Business/Tabled_Documents/4163,position,accepted,The Government accepts,,"The Government accepts this recommendation. The Government agrees that legal advice cannot be disregarded because it is in draft form and it is never acceptable for legal advice not to be finalised on the basis that the advice may be inconvenient or unwelcome. The Secretary of the Department of Social Services issued guidance on the practice of requesting, clarifying and finalising legal advice on 14 November 2022. The Chief Counsel of the Department of Social Services has also issued Legal Services Practice guidance on obtaining external legal advice, including draft advice, clearly articulating that external advice is not to be left in draft form indefinitely, but should be finalised as soon as is practicable. The Government also considers it is important that the treatment of draft legal advice is consistent across agencies.",yes,
robodebt,2743,19.6,4163,2023-11-14,https://www.aph.gov.au/Parliamentary_Business/Tabled_Documents/4163,position,accepted,The Government accepts,,"The Government accepts this recommendation. The Government agrees that legal advice cannot be disregarded because it is in draft form and it is never acceptable for legal advice not to be finalised on the basis that the advice may be inconvenient or unwelcome. The Chief Counsel of Services Australia has issued internal Legal Practice Standards on obtaining external legal advice, including draft advice. Legal Officers are required to have regard to the Chief Counsel’s expectation that draft legal advice will ordinarily be finalised, that legal advice cannot be disregarded on the basis that it is in draft form, that it is never acceptable for draft legal advice not to be finalised because it may be unwelcome or inconvenient, and that draft legal advice should be finalised before it is relied upon to make decisions.",yes,
robodebt,2743,19.7,4163,2023-11-14,https://www.aph.gov.au/Parliamentary_Business/Tabled_Documents/4163,position,accepted,The Government accepts,,"The Government accepts this recommendation. The Legal Services Directions 2017 play an important function setting out the requirements for sound practice in the provision of legal services to the Australian Government. The Government will review and redraft aspects of the Legal Services Directions 2017 with a view to ensuring the Directions are fit-for-purpose in supporting agencies to undertake Commonwealth legal work and manage legal risk in an effective, consistent and whole-of-Commonwealth manner. The Attorney-General’s Department will lead implementation of this recommendation.",,
robodebt,2743,19.8,4163,2023-11-14,https://www.aph.gov.au/Parliamentary_Business/Tabled_Documents/4163,position,accepted,The Government accepts,,"The Government accepts this recommendation. The Government recognises the important function that the Office of Legal Services Coordination performs for the APS and supports the provision of any guidance that would further strengthen the reporting of significant legal issues. The significant issues reporting and settlement regime in the Legal Services Directions 2017 allows the Attorney-General as First Law Officer to have visibility of, and the ability to influence, key legal matters across the Commonwealth. The Attorney-General’s Department will review its practices to provide improved guidance and support to better enable agencies to identify significant issues arising in their legal work, and to provide the relevant information at the appropriate time to support the Attorney-General perform the functions of the First Law Officer.",yes,
robodebt,2743,19.9,4163,2023-11-14,https://www.aph.gov.au/Parliamentary_Business/Tabled_Documents/4163,position,accepted,The Government accepts,,The Government accepts this recommendation. The Attorney-General’s Department will build on existing work to ensure it has appropriate processes to document and record all inquiries with agencies on whether a legal issue is required to be reported.,,
robodebt,2743,19.10,4163,2023-11-14,https://www.aph.gov.au/Parliamentary_Business/Tabled_Documents/4163,position,accepted,The Government accepts,,The Government accepts this recommendation. The Government recognises the important function that the Office of Legal Services Coordination performs for the Australian Public Service and supports the provision of any guidance that would further strengthen the reporting of significant legal issues. The Attorney-General’s Department will develop new guidance material to support agencies' understanding of and compliance with the obligations in paragraph 10 of the Legal Services Directions 2017 on the consultation on and sharing of legal advices.,,
robodebt,2743,19.11,4163,2023-11-14,https://www.aph.gov.au/Parliamentary_Business/Tabled_Documents/4163,position,accepted,The Government accepts,,"The Government accepts this recommendation. The Government recognises the important function that the Office of Legal Services Coordination performs for the Australian Public Service and that it be properly resourced. The Office of Legal Services Coordination in the Attorney-General’s Department performs a critical function in supporting the Attorney-General as First Law Officer in having overarching responsibility for all Commonwealth legal work, and supporting agencies to manage legal risk in a collaborative and whole-of-Commonwealth manner. The Government will ensure that OLSC is adequately resourced to perform its functions, which will enable it to provide the support necessary for agencies to manage legal issues effectively.",,
robodebt,2743,19.12,4163,2023-11-14,https://www.aph.gov.au/Parliamentary_Business/Tabled_Documents/4163,position,accepted,The Government accepts,,"The Government accepts this recommendation. The Government recognises that the General Counsel or Chief Counsel in a government agency plays an important role in the management of Commonwealth legal risk. The General Counsel Charter, established in January 2022, establishes a set of common expectations for General Counsel, and creates a relationship between General Counsel and the Attorney-General’s Department Secretary as the head of the Australian Government Legal Service (AGLS). The Attorney-General’s Department, in consultation with the AGLS Board and General Counsel, will review and update the General Counsel Charter in light of the recommendations and observations of the Royal Commission.",,
robodebt,2743,19.13,4163,2023-11-14,https://www.aph.gov.au/Parliamentary_Business/Tabled_Documents/4163,position,accepted,The Government accepts,,"The Government accepts this recommendation. In April 2023, the Secretary of the Department of Social Services and the Chief Executive Officer of Services Australia executed a new Head Agreement to support the Bilateral Management Arrangement. Under that agreement both committed to reviewing all Protocols, Service Arrangements and Service Schedules entered into under the former Head Agreement. Work is underway by both agencies to include the requirement to consult on and disclose relevant legal advices in an updated Protocol. In conjunction, Chief Counsels within the social services portfolio have updated the advice-sharing arrangements agreed in 2021. Chief Counsels also have regular dialogue on significant legal issues and portfolio-level responses, including through a regular Chief Counsel Forum.",,
robodebt,2743,20.1,4163,2023-11-14,https://www.aph.gov.au/Parliamentary_Business/Tabled_Documents/4163,position,accepted,The Government accepts,,"The Government accepts this recommendation. The Government recognises the importance of this recommendation and supports the work underway within the Department of Social Services (DSS) and Services Australia to strengthen their processes and ensure greater transparency in the reporting of information relating to Administrative Appeals Tribunal (AAT) cases to senior officers of both agencies. Services Australia and DSS legal areas are updating their Standing Operational Statement which prescribes arrangements to ensure matters which raise significant legal and policy issues are brought to the attention of senior officials, and are also raised with the Office of Legal Services Coordination when required.",yes,
robodebt,2743,20.2,4163,2023-11-14,https://www.aph.gov.au/Parliamentary_Business/Tabled_Documents/4163,position,accepted,The Government accepts,,"The Government accepts this recommendation. The Government recognises the importance of providing training and development to legal officers, to ensure that they are able to deliver services in line with the Commonwealth model litigant obligations. The Australian Government Legal Service (AGLS) is the overarching, formal professional network for government lawyers. The AGLS supports coherent and consistent legal services across the Commonwealth and provides a professional network for collaboration including on training modules and legal standards. In addition, the Statement of Expectations of Australian Government Lawyers sets out the expectations of government lawyers and provides guidance for government lawyers in fulfilling their duties in a government context.23 Services Australia will update its training packages and provide specific training to lawyers within the Litigation Branch",yes,
robodebt,2743,20.3,4163,2023-11-14,https://www.aph.gov.au/Parliamentary_Business/Tabled_Documents/4163,position,accepted,The Government accepts,,The Government accepts this recommendation. The Government recognises the importance of this recommendation and supports the work presently underway within the Department of Social Service (DSS) and Services Australia to strengthen their processes and ensure greater transparency in the reporting of information relating to Administrative Appeals Tribunal (AAT) cases to senior officers of both agencies. 23 Statement of expectations of Australian Government lawyers. February 2022. Identification and reporting on significant AAT decisions is governed by Services Australia and the Department of Social Services Standing Operational Statement. The Statement requires Services Australia to notify DSS of significant AAT decisions and provide monthly reporting of active matters.,yes,
robodebt,2743,20.4,4163,2023-11-14,https://www.aph.gov.au/Parliamentary_Business/Tabled_Documents/4163,position,accepted,The Government accepts,,"The Government accepts this recommendation. On 29 September 2023, the Government announced that by the end of the year it will introduce legislation to abolish the Administrative Appeals Tribunal (AAT) and replace it with a new body, the Administrative Review Tribunal (ART). The Government is developing legislation to repeal the Administrative Appeals Tribunal Act 1975 (Cth) and to establish the ART. The legislation is being informed by public consultation with a wide range of stakeholders including the Expert Advisory Group on the administrative review reforms, representatives of the legal, disability, veterans, social security, migration and refugee sectors, and users of the current AAT.",yes,
robodebt,2743,20.5,4163,2023-11-14,https://www.aph.gov.au/Parliamentary_Business/Tabled_Documents/4163,position,accepted,The Government accepts,,"The Government accepts this recommendation. As noted in the response to recommendation 20.4, on 29 September 2023, the Government announced that by the end of the year it will introduce legislation to abolish the Administrative Appeals Tribunal (AAT) and replace it with a new body, the Administrative Review Tribunal (ART). The Government is developing legislation to repeal the Administrative Appeals Tribunal Act 1975 (Cth) and to establish the ART. The Administrative Review Council (ARC) will be re-established under the new legislation as an expert body to monitor and advise on the operation and integrity of the Commonwealth administrative review system.",yes,
robodebt,2743,21.1,4163,2023-11-14,https://www.aph.gov.au/Parliamentary_Business/Tabled_Documents/4163,position,accepted,The Government accepts,,"The Government accepts this recommendation. The Government recognises the importance of ensuring agencies and departments are accountable and act in a manner that is lawful, fair and transparent. A properly resourced, independent, impartial and robust Ombudsman is vital to safeguarding the community in their dealings with government agencies. The Government agrees that a clearly stated statutory duty, imposed on departmental secretaries and agency chief executive officers, to ensure that their department or agency use its best endeavours to assist the Ombudsman would reinforce the responsibility on heads of agencies to ensure their agency engages in good faith and proactively assists the Commonwealth Ombudsman.",yes,
robodebt,2743,21.2,4163,2023-11-14,https://www.aph.gov.au/Parliamentary_Business/Tabled_Documents/4163,position,accepted,The Government accepts,,"The Government accepts this recommendation. The Government recognises the importance of ensuring that the Office of the Commonwealth Ombudsman has the legislative powers to undertake full, independent and transparent investigations. The Government also recognises that in order to provide assurance that an Ombudsman investigation is independent, the Ombudsman needs powers to obtain full, free and direct access to agency records as part of an investigation. The Government will introduce legislation to establish a statutory power equivalent to that of subsection 33(3) of the Auditor-General Act 1997 (Cth). This would ensure the Ombudsman is not dependent upon agencies to undertake searches and provide documents and information, and will complement the Ombudsman’s existing powers to request and compel agencies to provide information.",yes,
robodebt,2743,21.3,4163,2023-11-14,https://www.aph.gov.au/Parliamentary_Business/Tabled_Documents/4163,position,in part or in principle,The Government accepts in principle,,"The Government accepts in principle this recommendation. The Government agrees that agency and departmental responses to Ombudsman investigations must be accurate, complete and provided in a timely manner. This needs to be appropriately balanced with the fact that not all departments or agencies have a legal services division to provide oversight of responses. It would also not be appropriate for a legal division to provide oversight of a response in circumstances where the Ombudsman is investigating matters in which a legal area within a department or agency has been directly involved. The Government has accepted recommendation 21.1, and will progress legislative amendments to require that departmental secretaries and agency chief executive officers ensure that their department or agency use its best endeavours to assist the Ombudsman.",yes,
robodebt,2743,21.4,4163,2023-11-14,https://www.aph.gov.au/Parliamentary_Business/Tabled_Documents/4163,position,accepted,The Government accepts,,"The Government accepts this recommendation. The Commonwealth Ombudsman is committed to effective information and records management systems that meet business needs, accountability requirements and stakeholder expectations. As a public administration oversight and educative body, the Commonwealth Ombudsman should maintain excellent records and demonstrate a high standard of information management. The Commonwealth Ombudsman requires investigators to maintain a log of communications with agencies under investigation when conducting own motion investigations.",,
robodebt,2743,21.5,4163,2023-11-14,https://www.aph.gov.au/Parliamentary_Business/Tabled_Documents/4163,position,accepted,The Government accepts,,"The Government accepts this recommendation. The Commonwealth Ombudsman has the power under section 10A of the Ombudsman Act 1976 (Cth) to refer questions of law arising in an investigation for the opinion of the Administrative Appeals Tribunal (AAT). The Ombudsman also has a related power, under section 11 of the Ombudsman Act 1976 (Cth) to recommend that the principal officer of a department make such a referral. These powers are integral to ensuring there are not unresolved matters of law in respect of an agency’s actions under investigation by the Ombudsman. The Government is developing legislation to repeal the Administrative Appeals Tribunal Act 1975 (Cth) and to establish a new administrative review body.",yes,
robodebt,2743,23.1,4163,2023-11-14,https://www.aph.gov.au/Parliamentary_Business/Tabled_Documents/4163,position,in part or in principle,The Government accepts in principle,,"The Government accepts in principle this recommendation. The Government agrees that portfolio structures should support the effective delivery of government services and programs. The Government will be guided by the Royal Commission’s findings when considering the most optimal arrangement of functions and responsibilities between the Department of Social Services and agencies in the social services portfolio, and the status of Services Australia.",,
robodebt,2743,23.2,4163,2023-11-14,https://www.aph.gov.au/Parliamentary_Business/Tabled_Documents/4163,position,accepted,The Government accepts,,"The Government accepts this recommendation. The Government recognises the importance of building the skills and knowledge which are unique and essential to working in the APS. The APS Academy, within the Australian Public Service Commission, is a networked hub of learning and development; working with APS and industry partners to build the capability and performance of the APS workforce. The APS Induction Pathway (which includes an induction training suite and mandatory modules) provides essential information and guidance to assist new and returning officers to work effectively in the APS.",,
robodebt,2743,23.3,4163,2023-11-14,https://www.aph.gov.au/Parliamentary_Business/Tabled_Documents/4163,position,accepted,The Government accepts,,"The Government accepts this recommendation. The Government recognises the importance of designing policies and processes of government services that focus on the needs of the individuals engaging in those services. This includes making services as accessible as possible through a channel that meets the needs of the individual. There has been a substantial change to the way Services Australia approaches service delivery. When considering a change or improvement to delivery of a service an evidence-based understanding of the needs of customers is formed based on their feedback, and with full exploration of how the proposed changes may impact them, before investment or service delivery decisions are made. Services Australia will continue to embed the customer voice in the earliest stages of decision-making, and draw on customer feedback to improve service delivery.",yes,
robodebt,2743,23.4,4163,2023-11-14,https://www.aph.gov.au/Parliamentary_Business/Tabled_Documents/4163,position,accepted,The Government accepts,,"The Government accepts this recommendation. The Government agrees that access to training and resources on the Commonwealth administrative law system would support proper and lawful administrative decision-making across the public service. The Government will consider the most effective means through which to deliver this training and guidance. The Government is committed to restoring trust and confidence in Australia’s system of administrative review – beginning with the establishment of a new administrative review body that is user-focused, efficient, accessible, independent and fair. As outlined in the Government’s response to recommendation 20.5, the Government will introduce legislation to repeal the Administrative Appeals Tribunal Act 1975 (Cth) and to establish a new administrative review body.",yes,
robodebt,2743,23.5,4163,2023-11-14,https://www.aph.gov.au/Parliamentary_Business/Tabled_Documents/4163,position,accepted,The Government accepts,,"The Government accepts this recommendation. The Government supports providing training, development and the skills that support staff to deliver high quality services on behalf of the government. In 2022, Services Australia formed the Services Australia Learning Academy. The Learning Academy is a networked model of learning faculties and specialist enterprise learning teams, working in partnership to drive connected, professional and consistent learning practice across the agency. This represents a substantial investment in providing all staff with the support, skills and information needed to deliver critical services to the Australian public and to respond to emerging demands on Services Australia. The focus on building capability is reflective of the agency’s approach to supporting staff to deliver world-class customer service, through all methods of customer engagement.",yes,
robodebt,2743,23.6,4163,2023-11-14,https://www.aph.gov.au/Parliamentary_Business/Tabled_Documents/4163,position,accepted,The Government accepts,,"The Government accepts this recommendation. The Government supports Senior Executive Service officials spending time in a front-line service delivery setting or with other community partnerships, to gain exposure and insights to the delivery of government services. Senior Executive Service officials within Services Australia regularly spend time in a front-line service delivery setting, including the face-to-face and telephony environments, to gain insight into the experiences of both customers and staff. Services Australia is also supportive of providing experience of front-line service delivery more broadly to Australian Public Service and Senior Executive Service officials responsible for policy development to assist when formulating policy/legislative changes and program delivery.",,
robodebt,2743,23.7,4163,2023-11-14,https://www.aph.gov.au/Parliamentary_Business/Tabled_Documents/4163,position,accepted,The Government accepts,,"The Government accepts this recommendation. Secretaries and agency heads must be accountable for their actions. The Government will require the performance process and framework for secretaries and agency heads to be published. The Government will introduce legislative amendments to the Public Service Act 1999 (Cth) to provide the Australian Public Service (APS) Commissioner with a new power to commence own motion reviews and investigations into Code of Conduct matters. The APS Commissioner will no longer have to wait for a referral before commencing an inquiry. The Government will also progress amendments to extend the APS Commissioner’s powers to former secretaries, agency heads and APS employees. These amendments will also provide for disciplinary declarations to be made against past secretaries, agency heads and APS employees.",yes,
robodebt,2743,23.8,4163,2023-11-14,https://www.aph.gov.au/Parliamentary_Business/Tabled_Documents/4163,position,accepted,The Government accepts,,"The Government accepts this recommendation. The Government supports the implementation of standards for documenting important decisions and discussions across the APS. The Australian Public Service Commission will implement a coordinated, APS-wide communications strategy (in consultation with the Office of the Australian Information Commissioner and National Archives of Australia (NAA)) that highlights the connection between integrity and recordkeeping, in line with the latest NAA guidance; articulates support from senior leadership for best practice in recordkeeping; and promotes existing training and resources to enhance capability and culture around recordkeeping, including for ministers’ offices. The Australian Public Service Commission, through the APS Academy, is also developing in partnership with the NAA an online Record Keeping Module as part of its induction program.",yes,
disability,3444,4.1,6874,2024-07-31,https://www.aph.gov.au/Parliamentary_Business/Tabled_Documents/6874,noted,,Subject to further consideration,,"The Australian Government is committed to upholding the rights of people with disability. On 30 May 2024, the Parliamentary Joint Committee on Human Rights (PJCHR) tabled its inquiry report regarding Australia’s Human Rights Framework. The PJCHR made 17 recommendations, including that the Government re-establish and significantly improve Australia’s Human Rights Framework. The PJCHR recommended the re-established and improved human rights framework include, among other things, the establishment of a federal Human Rights Act and enhancements to the role of the Australian Human Rights Commission. The Australian Government will further consider the Disability Royal Commission’s recommendations in relation to the enactment of a Disability Rights Act, and the accompanying functions and complaints mechanism of a National Disability Commission, alongside the PJCHR’s recommendations.",yes,
disability,3444,4.2,6874,2024-07-31,https://www.aph.gov.au/Parliamentary_Business/Tabled_Documents/6874,noted,,Subject to further consideration,,"The Australian Government is committed to upholding the rights of people with disability. On 30 May 2024, the Parliamentary Joint Committee on Human Rights (PJCHR) tabled its inquiry report regarding Australia’s Human Rights Framework. The PJCHR made 17 recommendations, including that the Government re-establish and significantly improve Australia’s Human Rights Framework. The PJCHR recommended the re-established and improved human rights framework include, among other things, the establishment of a federal Human Rights Act and enhancements to the role of the Australian Human Rights Commission. The Australian Government will further consider the Disability Royal Commission’s recommendations in relation to the enactment of a Disability Rights Act, and the accompanying functions and complaints mechanism of a National Disability Commission, alongside the PJCHR’s recommendations.",yes,
disability,3444,4.3,6874,2024-07-31,https://www.aph.gov.au/Parliamentary_Business/Tabled_Documents/6874,noted,,Subject to further consideration,,"The Australian Government is committed to upholding the rights of people with disability. On 30 May 2024, the Parliamentary Joint Committee on Human Rights (PJCHR) tabled its inquiry report regarding Australia’s Human Rights Framework. The PJCHR made 17 recommendations, including that the Government re-establish and significantly improve Australia’s Human Rights Framework. The PJCHR recommended the re-established and improved human rights framework include, among other things, the establishment of a federal Human Rights Act and enhancements to the role of the Australian Human Rights Commission. The Australian Government will further consider the Disability Royal Commission’s recommendations in relation to the enactment of a Disability Rights Act, and the accompanying functions and complaints mechanism of a National Disability Commission, alongside the PJCHR’s recommendations.",yes,
disability,3444,4.4,6874,2024-07-31,https://www.aph.gov.au/Parliamentary_Business/Tabled_Documents/6874,noted,,Subject to further consideration,,"The Australian Government is committed to upholding the rights of people with disability. On 30 May 2024, the Parliamentary Joint Committee on Human Rights (PJCHR) tabled its inquiry report regarding Australia’s Human Rights Framework. The PJCHR made 17 recommendations, including that the Government re-establish and significantly improve Australia’s Human Rights Framework. The PJCHR recommended the re-established and improved human rights framework include, among other things, the establishment of a federal Human Rights Act and enhancements to the role of the Australian Human Rights Commission. The Australian Government will further consider the Disability Royal Commission’s recommendations in relation to the enactment of a Disability Rights Act, and the accompanying functions and complaints mechanism of a National Disability Commission, alongside the PJCHR’s recommendations.",yes,
disability,3444,4.5,6874,2024-07-31,https://www.aph.gov.au/Parliamentary_Business/Tabled_Documents/6874,noted,,Subject to further consideration,,"The Australian Government is committed to upholding the rights of people with disability. On 30 May 2024, the Parliamentary Joint Committee on Human Rights (PJCHR) tabled its inquiry report regarding Australia’s Human Rights Framework. The PJCHR made 17 recommendations, including that the Government re-establish and significantly improve Australia’s Human Rights Framework. The PJCHR recommended the re-established and improved human rights framework include, among other things, the establishment of a federal Human Rights Act and enhancements to the role of the Australian Human Rights Commission. The Australian Government will further consider the Disability Royal Commission’s recommendations in relation to the enactment of a Disability Rights Act, and the accompanying functions and complaints mechanism of a National Disability Commission, alongside the PJCHR’s recommendations.",yes,
disability,3444,4.6,6874,2024-07-31,https://www.aph.gov.au/Parliamentary_Business/Tabled_Documents/6874,noted,,Subject to further consideration,,"The Australian Government is committed to upholding the rights of people with disability. On 30 May 2024, the Parliamentary Joint Committee on Human Rights (PJCHR) tabled its inquiry report regarding Australia’s Human Rights Framework. The PJCHR made 17 recommendations, including that the Government re-establish and significantly improve Australia’s Human Rights Framework. The PJCHR recommended the re-established and improved human rights framework include, among other things, the establishment of a federal Human Rights Act and enhancements to the role of the Australian Human Rights Commission. The Australian Government will further consider the Disability Royal Commission’s recommendations in relation to the enactment of a Disability Rights Act, and the accompanying functions and complaints mechanism of a National Disability Commission, alongside the PJCHR’s recommendations.",yes,
disability,3444,4.7,6874,2024-07-31,https://www.aph.gov.au/Parliamentary_Business/Tabled_Documents/6874,noted,,Subject to further consideration,,"The Australian Government is committed to upholding the rights of people with disability. On 30 May 2024, the Parliamentary Joint Committee on Human Rights (PJCHR) tabled its inquiry report regarding Australia’s Human Rights Framework. The PJCHR made 17 recommendations, including that the Government re-establish and significantly improve Australia’s Human Rights Framework. The PJCHR recommended the re-established and improved human rights framework include, among other things, the establishment of a federal Human Rights Act and enhancements to the role of the Australian Human Rights Commission. The Australian Government will further consider the Disability Royal Commission’s recommendations in relation to the enactment of a Disability Rights Act, and the accompanying functions and complaints mechanism of a National Disability Commission, alongside the PJCHR’s recommendations.",yes,
disability,3444,4.8,6874,2024-07-31,https://www.aph.gov.au/Parliamentary_Business/Tabled_Documents/6874,noted,,Subject to further consideration,,"The Australian Government is committed to upholding the rights of people with disability. On 30 May 2024, the Parliamentary Joint Committee on Human Rights (PJCHR) tabled its inquiry report regarding Australia’s Human Rights Framework. The PJCHR made 17 recommendations, including that the Government re-establish and significantly improve Australia’s Human Rights Framework. The PJCHR recommended the re-established and improved human rights framework include, among other things, the establishment of a federal Human Rights Act and enhancements to the role of the Australian Human Rights Commission. The Australian Government will further consider the Disability Royal Commission’s recommendations in relation to the enactment of a Disability Rights Act, and the accompanying functions and complaints mechanism of a National Disability Commission, alongside the PJCHR’s recommendations.",yes,
disability,3444,4.9,6874,2024-07-31,https://www.aph.gov.au/Parliamentary_Business/Tabled_Documents/6874,noted,,Subject to further consideration,,"The Australian Government is committed to upholding the rights of people with disability. On 30 May 2024, the Parliamentary Joint Committee on Human Rights (PJCHR) tabled its inquiry report regarding Australia’s Human Rights Framework. The PJCHR made 17 recommendations, including that the Government re-establish and significantly improve Australia’s Human Rights Framework. The PJCHR recommended the re-established and improved human rights framework include, among other things, the establishment of a federal Human Rights Act and enhancements to the role of the Australian Human Rights Commission. The Australian Government will further consider the Disability Royal Commission’s recommendations in relation to the enactment of a Disability Rights Act, and the accompanying functions and complaints mechanism of a National Disability Commission, alongside the PJCHR’s recommendations.",yes,
disability,3444,4.10,6874,2024-07-31,https://www.aph.gov.au/Parliamentary_Business/Tabled_Documents/6874,noted,,Subject to further consideration,,"The Australian Government is committed to upholding the rights of people with disability. On 30 May 2024, the Parliamentary Joint Committee on Human Rights (PJCHR) tabled its inquiry report regarding Australia’s Human Rights Framework. The PJCHR made 17 recommendations, including that the Government re-establish and significantly improve Australia’s Human Rights Framework. The PJCHR recommended the re-established and improved human rights framework include, among other things, the establishment of a federal Human Rights Act and enhancements to the role of the Australian Human Rights Commission. The Australian Government will further consider the Disability Royal Commission’s recommendations in relation to the enactment of a Disability Rights Act, and the accompanying functions and complaints mechanism of a National Disability Commission, alongside the PJCHR’s recommendations.",yes,
disability,3444,4.11,6874,2024-07-31,https://www.aph.gov.au/Parliamentary_Business/Tabled_Documents/6874,noted,,Subject to further consideration,,"The Australian Government is committed to upholding the rights of people with disability. On 30 May 2024, the Parliamentary Joint Committee on Human Rights (PJCHR) tabled its inquiry report regarding Australia’s Human Rights Framework. The PJCHR made 17 recommendations, including that the Government re-establish and significantly improve Australia’s Human Rights Framework. The PJCHR recommended the re-established and improved human rights framework include, among other things, the establishment of a federal Human Rights Act and enhancements to the role of the Australian Human Rights Commission. The Australian Government will further consider the Disability Royal Commission’s recommendations in relation to the enactment of a Disability Rights Act, and the accompanying functions and complaints mechanism of a National Disability Commission, alongside the PJCHR’s recommendations.",yes,
disability,3444,4.12,6874,2024-07-31,https://www.aph.gov.au/Parliamentary_Business/Tabled_Documents/6874,noted,,Subject to further consideration,,"The Australian Government is committed to upholding the rights of people with disability. On 30 May 2024, the Parliamentary Joint Committee on Human Rights (PJCHR) tabled its inquiry report regarding Australia’s Human Rights Framework. The PJCHR made 17 recommendations, including that the Government re-establish and significantly improve Australia’s Human Rights Framework. The PJCHR recommended the re-established and improved human rights framework include, among other things, the establishment of a federal Human Rights Act and enhancements to the role of the Australian Human Rights Commission. The Australian Government will further consider the Disability Royal Commission’s recommendations in relation to the enactment of a Disability Rights Act, and the accompanying functions and complaints mechanism of a National Disability Commission, alongside the PJCHR’s recommendations.",yes,
disability,3444,4.13,6874,2024-07-31,https://www.aph.gov.au/Parliamentary_Business/Tabled_Documents/6874,noted,,Subject to further consideration,,"The Australian Government is committed to upholding the rights of people with disability. On 30 May 2024, the Parliamentary Joint Committee on Human Rights (PJCHR) tabled its inquiry report regarding Australia’s Human Rights Framework. The PJCHR made 17 recommendations, including that the Government re-establish and significantly improve Australia’s Human Rights Framework. The PJCHR recommended the re-established and improved human rights framework include, among other things, the establishment of a federal Human Rights Act and enhancements to the role of the Australian Human Rights Commission. The Australian Government will further consider the Disability Royal Commission’s recommendations in relation to the enactment of a Disability Rights Act, and the accompanying functions and complaints mechanism of a National Disability Commission, alongside the PJCHR’s recommendations.",yes,
disability,3444,4.14,6874,2024-07-31,https://www.aph.gov.au/Parliamentary_Business/Tabled_Documents/6874,noted,,Subject to further consideration,,"The Australian Government is committed to upholding the rights of people with disability. On 30 May 2024, the Parliamentary Joint Committee on Human Rights (PJCHR) tabled its inquiry report regarding Australia’s Human Rights Framework. The PJCHR made 17 recommendations, including that the Government re-establish and significantly improve Australia’s Human Rights Framework. The PJCHR recommended the re-established and improved human rights framework include, among other things, the establishment of a federal Human Rights Act and enhancements to the role of the Australian Human Rights Commission. The Australian Government will further consider the Disability Royal Commission’s recommendations in relation to the enactment of a Disability Rights Act, and the accompanying functions and complaints mechanism of a National Disability Commission, alongside the PJCHR’s recommendations.",yes,
disability,3444,4.15,6874,2024-07-31,https://www.aph.gov.au/Parliamentary_Business/Tabled_Documents/6874,noted,,Subject to further consideration,,"The Australian Government is committed to upholding the rights of people with disability. On 30 May 2024, the Parliamentary Joint Committee on Human Rights (PJCHR) tabled its inquiry report regarding Australia’s Human Rights Framework. The PJCHR made 17 recommendations, including that the Government re-establish and significantly improve Australia’s Human Rights Framework. The PJCHR recommended the re-established and improved human rights framework include, among other things, the establishment of a federal Human Rights Act and enhancements to the role of the Australian Human Rights Commission. The Australian Government will further consider the Disability Royal Commission’s recommendations in relation to the enactment of a Disability Rights Act, and the accompanying functions and complaints mechanism of a National Disability Commission, alongside the PJCHR’s recommendations.",yes,
disability,3444,4.16,6874,2024-07-31,https://www.aph.gov.au/Parliamentary_Business/Tabled_Documents/6874,noted,,Subject to further consideration,,"The Australian Government is committed to upholding the rights of people with disability. On 30 May 2024, the Parliamentary Joint Committee on Human Rights (PJCHR) tabled its inquiry report regarding Australia’s Human Rights Framework. The PJCHR made 17 recommendations, including that the Government re-establish and significantly improve Australia’s Human Rights Framework. The PJCHR recommended the re-established and improved human rights framework include, among other things, the establishment of a federal Human Rights Act and enhancements to the role of the Australian Human Rights Commission. The Australian Government will further consider the Disability Royal Commission’s recommendations in relation to the enactment of a Disability Rights Act, and the accompanying functions and complaints mechanism of a National Disability Commission, alongside the PJCHR’s recommendations.",yes,
disability,3444,4.17,6874,2024-07-31,https://www.aph.gov.au/Parliamentary_Business/Tabled_Documents/6874,noted,,Subject to further consideration,,"The Australian Government is committed to upholding the rights of people with disability. On 30 May 2024, the Parliamentary Joint Committee on Human Rights (PJCHR) tabled its inquiry report regarding Australia’s Human Rights Framework. The PJCHR made 17 recommendations, including that the Government re-establish and significantly improve Australia’s Human Rights Framework. The PJCHR recommended the re-established and improved human rights framework include, among other things, the establishment of a federal Human Rights Act and enhancements to the role of the Australian Human Rights Commission. The Australian Government will further consider the Disability Royal Commission’s recommendations in relation to the enactment of a Disability Rights Act, and the accompanying functions and complaints mechanism of a National Disability Commission, alongside the PJCHR’s recommendations.",yes,
disability,3444,4.18,6874,2024-07-31,https://www.aph.gov.au/Parliamentary_Business/Tabled_Documents/6874,noted,,Subject to further consideration,,"The Australian Government is committed to upholding the rights of people with disability. On 30 May 2024, the Parliamentary Joint Committee on Human Rights (PJCHR) tabled its inquiry report regarding Australia’s Human Rights Framework. The PJCHR made 17 recommendations, including that the Government re-establish and significantly improve Australia’s Human Rights Framework. The PJCHR recommended the re-established and improved human rights framework include, among other things, the establishment of a federal Human Rights Act and enhancements to the role of the Australian Human Rights Commission. The Australian Government will further consider the Disability Royal Commission’s recommendations in relation to the enactment of a Disability Rights Act, and the accompanying functions and complaints mechanism of a National Disability Commission, alongside the PJCHR’s recommendations.",yes,
disability,3444,4.19,6874,2024-07-31,https://www.aph.gov.au/Parliamentary_Business/Tabled_Documents/6874,noted,,Subject to further consideration,,"The Australian Government is committed to upholding the rights of people with disability. On 30 May 2024, the Parliamentary Joint Committee on Human Rights (PJCHR) tabled its inquiry report regarding Australia’s Human Rights Framework. The PJCHR made 17 recommendations, including that the Government re-establish and significantly improve Australia’s Human Rights Framework. The PJCHR recommended the re-established and improved human rights framework include, among other things, the establishment of a federal Human Rights Act and enhancements to the role of the Australian Human Rights Commission. The Australian Government will further consider the Disability Royal Commission’s recommendations in relation to the enactment of a Disability Rights Act, and the accompanying functions and complaints mechanism of a National Disability Commission, alongside the PJCHR’s recommendations.",yes,
disability,3444,4.20,6874,2024-07-31,https://www.aph.gov.au/Parliamentary_Business/Tabled_Documents/6874,noted,,Subject to further consideration,,"The Australian Government is committed to upholding the rights of people with disability. On 30 May 2024, the Parliamentary Joint Committee on Human Rights (PJCHR) tabled its inquiry report regarding Australia’s Human Rights Framework. The PJCHR made 17 recommendations, including that the Government re-establish and significantly improve Australia’s Human Rights Framework. The PJCHR recommended the re-established and improved human rights framework include, among other things, the establishment of a federal Human Rights Act and enhancements to the role of the Australian Human Rights Commission. The Australian Government will further consider the Disability Royal Commission’s recommendations in relation to the enactment of a Disability Rights Act, and the accompanying functions and complaints mechanism of a National Disability Commission, alongside the PJCHR’s recommendations.",yes,
disability,3444,4.21,6874,2024-07-31,https://www.aph.gov.au/Parliamentary_Business/Tabled_Documents/6874,noted,,Subject to further consideration,,"The Australian Government is committed to upholding the rights of people with disability. On 30 May 2024, the Parliamentary Joint Committee on Human Rights (PJCHR) tabled its inquiry report regarding Australia’s Human Rights Framework. The PJCHR made 17 recommendations, including that the Government re-establish and significantly improve Australia’s Human Rights Framework. The PJCHR recommended the re-established and improved human rights framework include, among other things, the establishment of a federal Human Rights Act and enhancements to the role of the Australian Human Rights Commission. The Australian Government will further consider the Disability Royal Commission’s recommendations in relation to the enactment of a Disability Rights Act, and the accompanying functions and complaints mechanism of a National Disability Commission, alongside the PJCHR’s recommendations.",yes,
disability,3444,4.22,6874,2024-07-31,https://www.aph.gov.au/Parliamentary_Business/Tabled_Documents/6874,noted,,Subject to further consideration,,"The Australian Government and state and territory governments are committed to working with people with disability, their families, carers, supporters, and representative organisations to consider the most appropriate and impactful ways to strengthen disability rights protections. This recommendation is being considered alongside the findings and recommendations of the Parliamentary Joint Committee on Human Rights Inquiry into Australia’s Human Rights Framework.",,answered with the states and territories together
disability,3444,4.23,6874,2024-07-31,https://www.aph.gov.au/Parliamentary_Business/Tabled_Documents/6874,position,in part or in principle,Accept in principle,,"The Australian Government is committed to ensuring Commonwealth anti-discrimination legislation works for people with disability and is dedicating $6.9 million to review and modernise the Disability Discrimination Act 1992 (Disability Discrimination Act). The Attorney-General’s Department will review the Disability Discrimination Act to ensure it remains fit-for-purpose, recognising that it has not been substantially amended since 2009. The review will consider and consult on the Disability Royal Commission’s recommended amendments, with a view to strengthening and clarifying protections for people with disability. The Government is committed to working in partnership with the community, recognising that implementing these recommendations may impact a diverse range of stakeholders.",yes,
disability,3444,4.24,6874,2024-07-31,https://www.aph.gov.au/Parliamentary_Business/Tabled_Documents/6874,position,in part or in principle,Accept in principle,,"The Australian Government is committed to ensuring Commonwealth anti-discrimination legislation works for people with disability and is dedicating $6.9 million to review and modernise the Disability Discrimination Act 1992 (Disability Discrimination Act). The Attorney-General’s Department will review the Disability Discrimination Act to ensure it remains fit-for-purpose, recognising that it has not been substantially amended since 2009. The review will consider and consult on the Disability Royal Commission’s recommended amendments, with a view to strengthening and clarifying protections for people with disability. The Government is committed to working in partnership with the community, recognising that implementing these recommendations may impact a diverse range of stakeholders.",yes,
disability,3444,4.25,6874,2024-07-31,https://www.aph.gov.au/Parliamentary_Business/Tabled_Documents/6874,position,in part or in principle,Accept in principle,,"The Australian Government is committed to ensuring Commonwealth anti-discrimination legislation works for people with disability and is dedicating $6.9 million to review and modernise the Disability Discrimination Act 1992 (Disability Discrimination Act). The Attorney-General’s Department will review the Disability Discrimination Act to ensure it remains fit-for-purpose, recognising that it has not been substantially amended since 2009. The review will consider and consult on the Disability Royal Commission’s recommended amendments, with a view to strengthening and clarifying protections for people with disability. The Government is committed to working in partnership with the community, recognising that implementing these recommendations may impact a diverse range of stakeholders.",yes,
disability,3444,4.26,6874,2024-07-31,https://www.aph.gov.au/Parliamentary_Business/Tabled_Documents/6874,position,in part or in principle,Accept in principle,,"The Australian Government is committed to ensuring Commonwealth anti-discrimination legislation works for people with disability and is dedicating $6.9 million to review and modernise the Disability Discrimination Act 1992 (Disability Discrimination Act). The Attorney-General’s Department will review the Disability Discrimination Act to ensure it remains fit-for-purpose, recognising that it has not been substantially amended since 2009. The review will consider and consult on the Disability Royal Commission’s recommended amendments, with a view to strengthening and clarifying protections for people with disability. The Government is committed to working in partnership with the community, recognising that implementing these recommendations may impact a diverse range of stakeholders.",yes,
disability,3444,4.27,6874,2024-07-31,https://www.aph.gov.au/Parliamentary_Business/Tabled_Documents/6874,position,in part or in principle,Accept in principle,,"The Australian Government is committed to ensuring Commonwealth anti-discrimination legislation works for people with disability and is dedicating $6.9 million to review and modernise the Disability Discrimination Act 1992 (Disability Discrimination Act). The Attorney-General’s Department will review the Disability Discrimination Act to ensure it remains fit-for-purpose, recognising that it has not been substantially amended since 2009. The review will consider and consult on the Disability Royal Commission’s recommended amendments, with a view to strengthening and clarifying protections for people with disability. The Government is committed to working in partnership with the community, recognising that implementing these recommendations may impact a diverse range of stakeholders.",yes,
disability,3444,4.28,6874,2024-07-31,https://www.aph.gov.au/Parliamentary_Business/Tabled_Documents/6874,position,in part or in principle,Accept in principle,,"The Australian Government is committed to ensuring Commonwealth anti-discrimination legislation works for people with disability and is dedicating $6.9 million to review and modernise the Disability Discrimination Act 1992 (Disability Discrimination Act). The Attorney-General’s Department will review the Disability Discrimination Act to ensure it remains fit-for-purpose, recognising that it has not been substantially amended since 2009. The review will consider and consult on the Disability Royal Commission’s recommended amendments, with a view to strengthening and clarifying protections for people with disability. The Government is committed to working in partnership with the community, recognising that implementing these recommendations may impact a diverse range of stakeholders.",yes,
disability,3444,4.29,6874,2024-07-31,https://www.aph.gov.au/Parliamentary_Business/Tabled_Documents/6874,position,in part or in principle,Accept in principle,,"The Australian Government is committed to ensuring Commonwealth anti-discrimination legislation works for people with disability and is dedicating $6.9 million to review and modernise the Disability Discrimination Act 1992 (Disability Discrimination Act). The Attorney-General’s Department will review the Disability Discrimination Act to ensure it remains fit-for-purpose, recognising that it has not been substantially amended since 2009. The review will consider and consult on the Disability Royal Commission’s recommended amendments, with a view to strengthening and clarifying protections for people with disability. The Government is committed to working in partnership with the community, recognising that implementing these recommendations may impact a diverse range of stakeholders.",yes,
disability,3444,4.30,6874,2024-07-31,https://www.aph.gov.au/Parliamentary_Business/Tabled_Documents/6874,position,in part or in principle,Accept in principle,,"The Australian Government is committed to ensuring Commonwealth anti-discrimination legislation works for people with disability and is dedicating $6.9 million to review and modernise the Disability Discrimination Act 1992 (Disability Discrimination Act). The Attorney-General’s Department will review the Disability Discrimination Act to ensure it remains fit-for-purpose, recognising that it has not been substantially amended since 2009. The review will consider and consult on the Disability Royal Commission’s recommended amendments, with a view to strengthening and clarifying protections for people with disability. The Government is committed to working in partnership with the community, recognising that implementing these recommendations may impact a diverse range of stakeholders.",yes,
disability,3444,4.31,6874,2024-07-31,https://www.aph.gov.au/Parliamentary_Business/Tabled_Documents/6874,position,in part or in principle,Accept in principle,,"The Australian Government is committed to ensuring Commonwealth anti-discrimination legislation works for people with disability and is dedicating $6.9 million to review and modernise the Disability Discrimination Act 1992 (Disability Discrimination Act). The Attorney-General’s Department will review the Disability Discrimination Act to ensure it remains fit-for-purpose, recognising that it has not been substantially amended since 2009. The review will consider and consult on the Disability Royal Commission’s recommended amendments, with a view to strengthening and clarifying protections for people with disability. The Government is committed to working in partnership with the community, recognising that implementing these recommendations may impact a diverse range of stakeholders.",yes,
disability,3444,4.32,6874,2024-07-31,https://www.aph.gov.au/Parliamentary_Business/Tabled_Documents/6874,position,in part or in principle,Accept in principle,,"The Australian Government is committed to ensuring Commonwealth anti-discrimination legislation works for people with disability and is dedicating $6.9 million to review and modernise the Disability Discrimination Act 1992 (Disability Discrimination Act). The Attorney-General’s Department will review the Disability Discrimination Act to ensure it remains fit-for-purpose, recognising that it has not been substantially amended since 2009. The review will consider and consult on the Disability Royal Commission’s recommended amendments, with a view to strengthening and clarifying protections for people with disability. The Government is committed to working in partnership with the community, recognising that implementing these recommendations may impact a diverse range of stakeholders.",yes,
disability,3444,4.33,6874,2024-07-31,https://www.aph.gov.au/Parliamentary_Business/Tabled_Documents/6874,position,in part or in principle,Accept in principle,,"The Australian Government is committed to ensuring Commonwealth anti-discrimination legislation works for people with disability and is dedicating $6.9 million to review and modernise the Disability Discrimination Act 1992 (Disability Discrimination Act). The Attorney-General’s Department will review the Disability Discrimination Act to ensure it remains fit-for-purpose, recognising that it has not been substantially amended since 2009. The review will consider and consult on the Disability Royal Commission’s recommended amendments, with a view to strengthening and clarifying protections for people with disability. The Government is committed to working in partnership with the community, recognising that implementing these recommendations may impact a diverse range of stakeholders.",yes,
disability,3444,4.34,6874,2024-07-31,https://www.aph.gov.au/Parliamentary_Business/Tabled_Documents/6874,position,in part or in principle,Accept in principle,,"The Australian Government is committed to ensuring Commonwealth anti-discrimination legislation works for people with disability and is dedicating $6.9 million to review and modernise the Disability Discrimination Act 1992 (Disability Discrimination Act). The Attorney-General’s Department will review the Disability Discrimination Act to ensure it remains fit-for-purpose, recognising that it has not been substantially amended since 2009. The review will consider and consult on the Disability Royal Commission’s recommended amendments, with a view to strengthening and clarifying protections for people with disability. The Government is committed to working in partnership with the community, recognising that implementing these recommendations may impact a diverse range of stakeholders.",yes,
disability,3444,5.1,6874,2024-07-31,https://www.aph.gov.au/Parliamentary_Business/Tabled_Documents/6874,noted,,Subject to further consideration,"ACT, NSW, NT, QLD, SA, TAS, VIC, WA: Accept in principle","The Australian Government and state and territory governments are committed to ensuring intergovernmental arrangements support collaboration to advance equality, inclusion and the rights of people with disability in Australia and ensure appropriate governance of the disability ecosystem. All governments have agreed to work together, and with the disability community, to: ■ Implement legislative and other changes to the NDIS to improve the experience of participants and restore the original intent of the Scheme, within a broader ecosystem of supports. ■ Jointly design additional Foundational Supports to be jointly funded through new Federation Funding Agreements, with additional costs split 50-50 between the Commonwealth and jurisdictions. ■ Undertake a targeted review of Australia’s Disability Strategy 2021–31 to identify practical process, governance and reporting improvements in",yes,answered with the states and territories together
disability,3444,5.2,6874,2024-07-31,https://www.aph.gov.au/Parliamentary_Business/Tabled_Documents/6874,position,accepted,Accept,,"The Australian Government, state and territory governments, and the Australian Local Government Association have commenced a focused review of Australia’s Disability Strategy 2021–31 to consider the issues raised in the Disability Royal Commission and to take account of feedback from the first two years of Australia’s Disability Strategy 2021–31 implementation. The review is being undertaken with the active involvement of the Australia’s Disability Strategy Advisory Council and will consider the Australia’s Disability Strategy 2021–31 and its artefacts and processes, including Targeted Actions Plans (concluding and new). It will focus on identifying practical process, governance and reporting improvements, and addressing key gaps or missing elements.",yes,answered with the states and territories together
disability,3444,5.3,6874,2024-07-31,https://www.aph.gov.au/Parliamentary_Business/Tabled_Documents/6874,not addressed,,,,,,the response does not address this recommendation
disability,3444,5.4,6874,2024-07-31,https://www.aph.gov.au/Parliamentary_Business/Tabled_Documents/6874,position,in part or in principle,Accept in principle,,"The Australian Government and state and territory governments are committed to ensuring national agreements, strategies and plans support an inclusive Australian society that ensures people with disability can fulfil their potential as equal members of the community, consistent with the vision and purpose of Australia’s Disability Strategy 2021–31 and responsibilities under the United Nations Convention on the Rights of Persons with Disabilities. These considerations will be incorporated into future reviews of relevant agreements, strategies and plans as they become due for renegotiation. This will be considered through the respective governance mechanisms and structures for each agreement, in consultation with disability portfolios. Given the scope and complexity of reviewing these agreements, flexibility for delivery timeframes will be required in undertaking this action.",yes,answered with the states and territories together
disability,3444,5.5,6874,2024-07-31,https://www.aph.gov.au/Parliamentary_Business/Tabled_Documents/6874,noted,,Subject to further consideration,,"On 30 May 2024, the Parliamentary Joint Committee on Human Rights (PJCHR) tabled its inquiry report regarding Australia’s Human Rights Framework. The PJCHR made 17 recommendations, including that the Government re-establish and significantly improve Australia’s Human Rights Framework. The PJCHR recommended the re-established and improved human rights framework include, among other things, the establishment of a federal Human Rights Act and enhancements to the role of the Australian Human Rights Commission. The Australian Government will further consider the Disability Royal Commission’s recommendations in relation to the enactment of a Disability Rights Act and the accompanying functions and complaints mechanism of a National Disability Commission alongside the PJCHR’s recommendations.",yes,
disability,3444,5.6,6874,2024-07-31,https://www.aph.gov.au/Parliamentary_Business/Tabled_Documents/6874,noted,,Note,,"The Australian Government supports strong national leadership on disability policy and programs. The Government currently has two Cabinet positions with responsibility for national disability policies and programs: The Minister for Social Services and the Minister for the National Disability Insurance Scheme (NDIS). Both federal Cabinet Ministers with responsibility for disability are also members of the Disability Reform Ministerial Council (DRMC), which includes Commonwealth, state and territory ministers with responsibility for disability policy. DRMC meets regularly to consider ways to improve and implement policy through Australia’s Disability Strategy 2021–2031 and the NDIS. It reports to National Cabinet, signifying the importance governments places on matters affecting people with disability.",yes,
disability,3444,5.7,6874,2024-07-31,https://www.aph.gov.au/Parliamentary_Business/Tabled_Documents/6874,position,in part or in principle,Accept in principle,,"The Australian Government and state and territory governments support designating a focal point, or focal points, in each government to support work relating to implementation of the United Nations Convention on the Rights of Persons with Disabilities. Australian Government — additional information At the Australian Government level, the Attorney-General’s Department and the Department of Social Services will continue to act as the joint focal point for implementation of the United Nations Convention on the Rights of Persons with Disabilities. Volume 6: Enabling autonomy and access Volume 6 examines the barriers that impact people with disability being able to exercise autonomy and access services and systems on an equal basis with others.",yes,answered with the states and territories together
disability,3444,6.1,6874,2024-07-31,https://www.aph.gov.au/Parliamentary_Business/Tabled_Documents/6874,position,in part or in principle,Accept in principle,,"The Australian Government and state and territory governments recognise that people with disability have a right to access information and communications on an equal basis with others. All governments support the development of an Associated Plan under Australia’s Disability Strategy 2021–31 to improve the accessibility of information and communications for people with disability. The Australian Government will lead the development of the Associated Plan, building on existing initiatives to deliver a unified approach. The Associated Plan will be developed in consultation with state and territory governments. The Associated Plan will be developed with people with disability and their representative organisations.",yes,answered with the states and territories together
disability,3444,6.2,6874,2024-07-31,https://www.aph.gov.au/Parliamentary_Business/Tabled_Documents/6874,position,in part or in principle,Accept in principle,,"The Australian Government and state and territory governments recognise the critical role Auslan interpreters play in supporting people who are Deaf or hard of hearing to access the information and communications they need. Governments also recognise Deaf interpreters and translators who support people from culturally and linguistically diverse backgrounds or are more familiar with foreign sign languages, people with sensory or cognitive disability, people who are educationally or linguistically disadvantaged, or people who have limited conventional Auslan. All governments support nationally coordinated work to boost the Auslan and Deaf interpreter workforce.",yes,answered with the states and territories together
disability,3444,6.3,6874,2024-07-31,https://www.aph.gov.au/Parliamentary_Business/Tabled_Documents/6874,position,in part or in principle,Accept in principle,,"The Australian Government supports collaboration between relevant government departments and agencies, including the National Disability Insurance Agency (NDIA), with the National Accreditation Authority for Translators and Interpreters (NAATI) to support people with disability to have access to appropriately skilled and qualified interpreters. The Australian Government will work closely with NAATI to ensure new and currently credentialed interpreters have access to the necessary disability awareness training required to work effectively and appropriately with people with disability. The NDIA is committed to making sure the National Disability Insurance Scheme (NDIS) delivers a consistent and high-quality experience for all participants, their families and carers.",yes,
disability,3444,6.4,6874,2024-07-31,https://www.aph.gov.au/Parliamentary_Business/Tabled_Documents/6874,not addressed,,,,,,the response does not address this recommendation
disability,3444,6.5,6874,2024-07-31,https://www.aph.gov.au/Parliamentary_Business/Tabled_Documents/6874,not addressed,,,,,,the response does not address this recommendation
disability,3444,6.6,6874,2024-07-31,https://www.aph.gov.au/Parliamentary_Business/Tabled_Documents/6874,position,in part or in principle,Accept in principle,"NSW, SA: Subject to further consideration",The Australian Government and state and territory governments recognise and respect the inherent dignity and individual autonomy of all people with disability and are committed to ongoing work to ensure people with disability who may require support to make decisions are provided that support. All governments recognise substituted decision-making should only be used as a last resort.,yes,answered with the states and territories together
disability,3444,6.7,6874,2024-07-31,https://www.aph.gov.au/Parliamentary_Business/Tabled_Documents/6874,not addressed,,,,,,the response does not address this recommendation
disability,3444,6.8,6874,2024-07-31,https://www.aph.gov.au/Parliamentary_Business/Tabled_Documents/6874,not addressed,,,,,,the response does not address this recommendation
disability,3444,6.9,6874,2024-07-31,https://www.aph.gov.au/Parliamentary_Business/Tabled_Documents/6874,not addressed,,,,,,the response does not address this recommendation
disability,3444,6.10,6874,2024-07-31,https://www.aph.gov.au/Parliamentary_Business/Tabled_Documents/6874,not addressed,,,,,,the response does not address this recommendation
disability,3444,6.11,6874,2024-07-31,https://www.aph.gov.au/Parliamentary_Business/Tabled_Documents/6874,not addressed,,,,,,the response does not address this recommendation
disability,3444,6.12,6874,2024-07-31,https://www.aph.gov.au/Parliamentary_Business/Tabled_Documents/6874,not addressed,,,,,,the response does not address this recommendation
disability,3444,6.13,6874,2024-07-31,https://www.aph.gov.au/Parliamentary_Business/Tabled_Documents/6874,not addressed,,,,,,the response does not address this recommendation
disability,3444,6.14,6874,2024-07-31,https://www.aph.gov.au/Parliamentary_Business/Tabled_Documents/6874,not addressed,,,,,,the response does not address this recommendation
disability,3444,6.15,6874,2024-07-31,https://www.aph.gov.au/Parliamentary_Business/Tabled_Documents/6874,not addressed,,,,,,the response does not address this recommendation
disability,3444,6.16,6874,2024-07-31,https://www.aph.gov.au/Parliamentary_Business/Tabled_Documents/6874,not addressed,,,,,,the response does not address this recommendation
disability,3444,6.17,6874,2024-07-31,https://www.aph.gov.au/Parliamentary_Business/Tabled_Documents/6874,not addressed,,,,,,the response does not address this recommendation
disability,3444,6.18,6874,2024-07-31,https://www.aph.gov.au/Parliamentary_Business/Tabled_Documents/6874,not addressed,,,,,,the response does not address this recommendation
disability,3444,6.19,6874,2024-07-31,https://www.aph.gov.au/Parliamentary_Business/Tabled_Documents/6874,position,in part or in principle,Accept in principle,,"The Australian Government and state and territory governments recognise the benefits of a nationally consistent approach to data collection and reporting on support and representation arrangements to support an evidence-based approach to reform in this area. In January 2024, Disability Ministers agreed Commonwealth, state and territory officials focus and accelerate work to resolve data gaps in relation to the reporting requirements under Australia’s Disability Strategy 2021–2031 Outcomes Framework by the end of 2024. All governments are also working together to develop an action plan, with agreed timeframes, to drive data collection (including gender disaggregated data) and reporting on data-related Disability Royal Commission recommendations. The action plan is expected to be published in 2024.",,answered with the states and territories together
disability,3444,6.20,6874,2024-07-31,https://www.aph.gov.au/Parliamentary_Business/Tabled_Documents/6874,noted,,Subject to further consideration,,"The Australian Government is committed to fulfilling its obligations under the Convention on the Rights of Persons with Disabilities (CRPD) to promote, protect and ensure the full and equal enjoyment of the rights of people with disability in Australia. Australia recognises that persons with disability enjoy legal capacity on an equal basis with others in all aspects of life. Currently, Australia’s interpretative declaration to the CRPD states that the Convention allows for fully supported or substituted decision-making arrangements, which provide for decisions to be made on behalf of a person, only where such arrangements are necessary, as a last resort and subject to safeguards.",yes,
disability,3444,6.21,6874,2024-07-31,https://www.aph.gov.au/Parliamentary_Business/Tabled_Documents/6874,position,in part or in principle,Accept in principle,,"The Australian Government and the state and territory governments recognise the importance of advocacy in supporting people with disability to defend and protect their rights. On 21 April 2023, Disability Ministers endorsed the National Disability Advocacy Framework 2023–2025 (NDAF) and associated Disability Advocacy Work Plan. The NDAF commits all governments to work together to improve national consistency and access to advocacy services for people with disability across Australia. Its purpose is to ensure people with disability have access to effective disability advocacy that promotes, protects and ensures their full and equal enjoyment of all human rights, enabling community participation and inclusion.",yes,answered with the states and territories together
disability,3444,6.22,6874,2024-07-31,https://www.aph.gov.au/Parliamentary_Business/Tabled_Documents/6874,position,in part or in principle,Accept in principle,,"The Australian Government and the state and territory governments recognise the importance of advocacy in supporting people with disability to defend and protect their rights. On 21 April 2023, Disability Ministers endorsed the National Disability Advocacy Framework 2023–2025 (NDAF) and associated Disability Advocacy Work Plan. The NDAF commits all governments to work together to improve national consistency and access to advocacy services for people with disability across Australia. Its purpose is to ensure people with disability have access to effective disability advocacy that promotes, protects and ensures their full and equal enjoyment of all human rights, enabling community participation and inclusion.",yes,answered with the states and territories together
disability,3444,6.23,6874,2024-07-31,https://www.aph.gov.au/Parliamentary_Business/Tabled_Documents/6874,position,in part or in principle,Accept in principle,,"The Australian Government and the state and territory governments recognise the importance of advocacy in supporting people with disability to defend and protect their rights. On 21 April 2023, Disability Ministers endorsed the National Disability Advocacy Framework 2023–2025 (NDAF) and associated Disability Advocacy Work Plan. The NDAF commits all governments to work together to improve national consistency and access to advocacy services for people with disability across Australia. Its purpose is to ensure people with disability have access to effective disability advocacy that promotes, protects and ensures their full and equal enjoyment of all human rights, enabling community participation and inclusion.",yes,answered with the states and territories together
disability,3444,6.24,6874,2024-07-31,https://www.aph.gov.au/Parliamentary_Business/Tabled_Documents/6874,position,in part or in principle,Accept in principle,,"The Australian Government is committed to supporting health professionals to provide better quality care to people with cognitive disability. The Intellectual Disability Education and Training Expert Advisory Group is currently providing advice on the existing work to develop supporting resources for the Intellectual Disability Health Capability Framework, which was finalised in December 2023. The Australian Government is committed to supporting health professionals through improved training to provide better quality care to people with cognitive disability. Immediate expansion of the Framework without taking appropriate time to consider the scope and respective sectors’ needs would carry significant risks.",yes,
disability,3444,6.25,6874,2024-07-31,https://www.aph.gov.au/Parliamentary_Business/Tabled_Documents/6874,position,in part or in principle,Accept in principle,,"The Australian Government is committed to supporting health professionals to provide better quality care to people with cognitive disability. The Intellectual Disability Education and Training Expert Advisory Group is currently providing advice on the existing work to develop supporting resources for the Intellectual Disability Health Capability Framework, which was finalised in December 2023. The Australian Government is committed to supporting health professionals through improved training to provide better quality care to people with cognitive disability. Immediate expansion of the Framework without taking appropriate time to consider the scope and respective sectors’ needs would carry significant risks.",yes,
disability,3444,6.26,6874,2024-07-31,https://www.aph.gov.au/Parliamentary_Business/Tabled_Documents/6874,position,in part or in principle,Accept in principle,,Health Ministers have committed to annual reporting on progress of actions under the Roadmap for Improving the Health of People with Intellectual Disability. Ongoing annual reporting will consider any expansion to activities.,,answered with the states and territories together
disability,3444,6.27,6874,2024-07-31,https://www.aph.gov.au/Parliamentary_Business/Tabled_Documents/6874,position,in part or in principle,Accept in principle; Accept,,"Reviewing and amending accreditation standards and encouraging or mandating education providers to develop specific curriculum content is the responsibility of accreditation authorities for registered health professions and the peak professional bodies for non-registered health professions. The Australian Government will engage with professional bodies and regulatory authorities to help progress recommendation 6.27. The Australian Government can support annual reporting processes on progress that might be made by those professional bodies through existing governance structures. The Government is also working with states and territories on strategic workforce matters through the Health Workforce Taskforce, which is an advisory group that reports to the Health Ministers’ Meeting.",,
disability,3444,6.28,6874,2024-07-31,https://www.aph.gov.au/Parliamentary_Business/Tabled_Documents/6874,position,in part or in principle,Accept in principle,,"The Australian Government recognises the need to improve opportunities for student placements in the disability sector to ensure students develop skills in disability care and increase the likelihood of students working in this setting on graduation. The Australian Government will consider further opportunities for enhancing clinical placements in a variety of sectors, including disability.",,
disability,3444,6.29,6874,2024-07-31,https://www.aph.gov.au/Parliamentary_Business/Tabled_Documents/6874,position,in part or in principle,Accept in principle,,"The Australian Government accepts in principle recommendations 6.29 (a) and (b) on the promotion and development of continuing professional development (CPD) opportunities on the provision of health care to people with cognitive disability, noting this is the responsibility of national boards and professional associations. The Australian Government accepts in principle recommendation 6.29 (c), noting the Government’s efforts to provide supports through the Primary Care Enhancement Program (PCEP) for People with Intellectual Disability. Through its initial response to the Disability Royal Commission, the Government has dedicated $3.7 million to continue PCEP. This will enable Primary Health Networks to continue providing training and resources to general practitioners and health professionals and improve access to resources and quality care for people with intellectual disability.",yes,
disability,3444,6.30,6874,2024-07-31,https://www.aph.gov.au/Parliamentary_Business/Tabled_Documents/6874,noted,,Note,,"The Australian Government notes this recommendation in its intention to develop centralised leadership in education, training, and practice in the health of people with cognitive disability. The National Centre of Excellence in Intellectual Disability Health (the Centre) is not an appropriate mechanism to achieve this intent. Simple expansion carries significant risks and would dilute the focus of the Centre on the specific needs of people with intellectual disability. Expansion would also risk limiting the ability to address differing needs of people with other forms of cognitive disability. The Australian Government supports in principle further development of national leadership in education, training and practice for Autistic people and people with cognitive disability.",yes,
disability,3444,6.31,6874,2024-07-31,https://www.aph.gov.au/Parliamentary_Business/Tabled_Documents/6874,position,in part or in principle,Accept; Accept in principle,,"The Australian Government and state and territory governments are committed to ensuring key policy instruments and plans support an inclusive Australian society that ensures people with disability have access to health care services that address their needs. The Australian Government, through the Australian Commission on Safety and Quality in Health Care and in consultation with Commonwealth and State and Territory health governments, will develop a plan to update key policy instruments to ensure they articulate the requirements for safe and equitable access to health services for people with disability. Enacting this recommendation will enable a more person-centred approach to health care planning and delivery, reduce health disparities, provide guidance to patients, and set clear expectations on health services and clinicians.",yes,answered with the states and territories together
disability,3444,6.32,6874,2024-07-31,https://www.aph.gov.au/Parliamentary_Business/Tabled_Documents/6874,position,in part or in principle,Accept in principle,,"The Australian Government and state and territory governments recognise that people with disability have a right to receive high-quality health care and that adaptations and supports may need to be tailored to individual needs. Further, that access to information and communications are on an equal basis with others. All governments acknowledge that aspects of this recommendation require further consideration in the context of any changes to Australia’s human rights framework. This recognises that the Disability Royal Commission’s proposed Disability Rights Act will be considered alongside the recently published recommendations of the Parliamentary Joint Committee on Human Rights Inquiry into Australia’s Human Rights Framework. This recommendation also requires consideration of any activities that are in-scope of National Health Reform Agreement public hospital services.",yes,answered with the states and territories together
disability,3444,6.33,6874,2024-07-31,https://www.aph.gov.au/Parliamentary_Business/Tabled_Documents/6874,not addressed,,,,,,the response does not address this recommendation
disability,3444,6.34,6874,2024-07-31,https://www.aph.gov.au/Parliamentary_Business/Tabled_Documents/6874,position,in part or in principle,Accept in principle,,The Australian Government and states and territory governments are committed to ensuring people with disability have access to health care services that address their needs and recognise that people with disability may require additional support to navigate the health care system. All governments are committed to ensuring all Australians have access to safe and high-quality healthcare that meets their needs. This recommendation also requires consideration of any activities that are in-scope of National Health Reform Agreement public hospital services as well as consideration of any activities that align with reforms considered for the 2025–30 National Health Reform Agreement Addendum.,yes,answered with the states and territories together
disability,3444,6.35,6874,2024-07-31,https://www.aph.gov.au/Parliamentary_Business/Tabled_Documents/6874,not addressed,,,,,,the response does not address this recommendation
disability,3444,6.36,6874,2024-07-31,https://www.aph.gov.au/Parliamentary_Business/Tabled_Documents/6874,not addressed,,,,,,the response does not address this recommendation
disability,3444,6.37,6874,2024-07-31,https://www.aph.gov.au/Parliamentary_Business/Tabled_Documents/6874,position,accepted,Accept,,"The Australian Government accepts this recommendation in full, as there are safety and quality issues arising from the misuse and overuse of psychotropic medicines. To improve health outcomes for people with cognitive disability or impairment, the Australian Commission on Safety and Quality in Health Care is finalising the Psychotropic Medicines in Cognitive Disability or Impairment Clinical Care Standard (Clinical Care Standard) to provide national clinical guidance on the appropriate management, and use of, psychotropic medicines for people with cognitive disability or impairment. The Australian Government recognises there is a lack of accessible information and guidance for the health and disability sectors on the use and management of psychotropic medication for people with cognitive disability and will ask the Australian Commission on Safety and Quality in Health Care to provide",yes,
disability,3444,6.38,6874,2024-07-31,https://www.aph.gov.au/Parliamentary_Business/Tabled_Documents/6874,position,in part or in principle,Accept in principle,,"The Australian Government supports in principle the National Disability Research Partnership (NDRP) commissioning a longitudinal study of the impact of positive behaviour support and other strategies to reduce and eliminate restrictive practices and supports its co-design with people with disability and other relevant stakeholders. Further work is recommended to develop the case for such a study noting it would impose significant methodological challenges and may pose risks to study participants. Consideration should also be given to leveraging existing investments in longitudinal studies and longitudinal data assets if feasible to do so. Once it is fully operational, the newly established independent NDRP is expected to be in a position to support research directly commissioned to it by governments and other organisations, subject to the approval of the NDRP Board.",yes,
disability,3444,6.39,6874,2024-07-31,https://www.aph.gov.au/Parliamentary_Business/Tabled_Documents/6874,position,in part or in principle,Accept in principle,,"The Australian Government and state and territory governments are committed to working together to improve the collection and reporting of restrictive practices data and to considering sector-specific targets and performance indicators to drive the reduction and elimination of restrictive practices across all settings. As a first step, and consistent with Action 18.1 of the NDIS Review, the Disability Reform Ministerial Council will prioritise action to establish consistent targets and performance indicators to drive the reduction and elimination of restrictive practices in the NDIS and will task officials to develop a Joint Action Plan to reduce and eliminate restrictive practices in the NDIS.",yes,answered with the states and territories together
disability,3444,6.40,6874,2024-07-31,https://www.aph.gov.au/Parliamentary_Business/Tabled_Documents/6874,position,in part or in principle,Accept in principle,,"The Australian Government and state and territory governments are committed to working together to improve the collection and reporting of restrictive practices data and to considering sector-specific targets and performance indicators to drive the reduction and elimination of restrictive practices across all settings. As a first step, and consistent with Action 18.1 of the NDIS Review, the Disability Reform Ministerial Council will prioritise action to establish consistent targets and performance indicators to drive the reduction and elimination of restrictive practices in the NDIS and will task officials to develop a Joint Action Plan to reduce and eliminate restrictive practices in the NDIS.",yes,answered with the states and territories together
disability,3444,6.41,6874,2024-07-31,https://www.aph.gov.au/Parliamentary_Business/Tabled_Documents/6874,noted,,Subject to further consideration,ACT and WA: Accept in principle,"The Australian Government and state and territory governments are committed to protecting the human rights of people with disability and will work to strengthen protections in relation to non-therapeutic procedures resulting in permanent sterilisation of people with disability. The need to protect the privacy of individuals is relevant in considering approaches to expanding data collection and reporting. The Commonwealth, NSW, NT, QLD, SA, TAS and VIC governments will further consider issues raised by this recommendation noting differences between jurisdictions’ legislative frameworks and current reform processes underway in some jurisdictions. Australian Government — additional information As sterilisation is a surgical procedure, state and territory jurisdictions are better placed to regulate this practice.",yes,answered with the states and territories together
disability,3444,7.1,6874,2024-07-31,https://www.aph.gov.au/Parliamentary_Business/Tabled_Documents/6874,not addressed,,,,,,the response does not address this recommendation
disability,3444,7.2,6874,2024-07-31,https://www.aph.gov.au/Parliamentary_Business/Tabled_Documents/6874,position,in part or in principle,Accept in principle,,"The Australian Government and state and territory governments support the Disability Royal Commission’s vision for more accessible and inclusive education for school students with disability. Education Ministers commit to work in partnership with people with disability to set out how this vision will be achieved over time. Australian Government — additional information The Australian Government has done significant work to implement recommendations arising from the 2020 Review of the Disability Standards for Education 2005 (the Standards), including support for educators to meet their obligations and new co-designed resources for students with disability and their families on their rights. The next review of the Standards will occur in 2025.",,answered with the states and territories together
disability,3444,7.3,6874,2024-07-31,https://www.aph.gov.au/Parliamentary_Business/Tabled_Documents/6874,position,in part or in principle,Accept in principle,,"The Australian Government and state and territory governments support the Disability Royal Commission’s vision for more accessible and inclusive education for school students with disability. Education Ministers commit to work in partnership with people with disability to set out how this vision will be achieved over time. Australian Government — additional information The Australian Government has done significant work to implement recommendations arising from the 2020 Review of the Disability Standards for Education 2005 (the Standards), including support for educators to meet their obligations and new co-designed resources for students with disability and their families on their rights. The next review of the Standards will occur in 2025.",,answered with the states and territories together
disability,3444,7.4,6874,2024-07-31,https://www.aph.gov.au/Parliamentary_Business/Tabled_Documents/6874,not addressed,,,,,,the response does not address this recommendation
disability,3444,7.5,6874,2024-07-31,https://www.aph.gov.au/Parliamentary_Business/Tabled_Documents/6874,not addressed,,,,,,the response does not address this recommendation
disability,3444,7.6,6874,2024-07-31,https://www.aph.gov.au/Parliamentary_Business/Tabled_Documents/6874,position,in part or in principle,Accept in principle,,"The Australian Government and state and territory governments support the Disability Royal Commission’s vision for more accessible and inclusive education for school students with disability. Education Ministers commit to work in partnership with people with disability to set out how this vision will be achieved over time. Australian Government — additional information The Australian Government has done significant work to implement recommendations arising from the 2020 Review of the Disability Standards for Education 2005 (the Standards), including support for educators to meet their obligations and new co-designed resources for students with disability and their families on their rights. The next review of the Standards will occur in 2025.",,answered with the states and territories together
disability,3444,7.7,6874,2024-07-31,https://www.aph.gov.au/Parliamentary_Business/Tabled_Documents/6874,not addressed,,,,,,the response does not address this recommendation
disability,3444,7.8,6874,2024-07-31,https://www.aph.gov.au/Parliamentary_Business/Tabled_Documents/6874,position,in part or in principle,Accept in principle,,"The Australian Government and state and territory governments supports the Disability Royal Commission’s vision to build workforce capability and expertise and strengthen complaints management practices. Considerable progress has already occurred in relation to these recommendations as part of the National Teacher Workforce Action Plan and the review of the Disability Standards for Education 2005 Review undertaken in 2020. Australian Government — additional information In response to a recent review of Initial Teacher Education all Education Ministers agreed to amend accreditation standards and procedures to require content in Initial Teacher Education programs that builds teachers’ responsiveness to the needs of diverse students, including content on students with disability, by the end of 2025.",yes,answered with the states and territories together
disability,3444,7.9,6874,2024-07-31,https://www.aph.gov.au/Parliamentary_Business/Tabled_Documents/6874,position,in part or in principle,Accept in principle,,"The Australian Government and state and territory governments support a vision for improved data and evidence on the experience and outcomes of students with disability, building best practice for inclusive education and improving funding for students with disability. Implementing these recommendations requires further consideration by governments, including further work to consider data collection categories and reporting. In addition, implementing components of these recommendations will require consideration of impacts on workload for schools and data management systems. State and territory governments will consider how to deliver the intent of these recommendations within their jurisdictions.",yes,answered with the states and territories together
disability,3444,7.10,6874,2024-07-31,https://www.aph.gov.au/Parliamentary_Business/Tabled_Documents/6874,position,in part or in principle,Accept in principle,,"The Australian Government and state and territory governments supports the Disability Royal Commission’s vision to build workforce capability and expertise and strengthen complaints management practices. Considerable progress has already occurred in relation to these recommendations as part of the National Teacher Workforce Action Plan and the review of the Disability Standards for Education 2005 Review undertaken in 2020. Australian Government — additional information In response to a recent review of Initial Teacher Education all Education Ministers agreed to amend accreditation standards and procedures to require content in Initial Teacher Education programs that builds teachers’ responsiveness to the needs of diverse students, including content on students with disability, by the end of 2025.",yes,answered with the states and territories together
disability,3444,7.11,6874,2024-07-31,https://www.aph.gov.au/Parliamentary_Business/Tabled_Documents/6874,not addressed,,,,,,the response does not address this recommendation
disability,3444,7.12,6874,2024-07-31,https://www.aph.gov.au/Parliamentary_Business/Tabled_Documents/6874,position,in part or in principle,Accept in principle,,"The Australian Government and state and territory governments support a vision for improved data and evidence on the experience and outcomes of students with disability, building best practice for inclusive education and improving funding for students with disability. Implementing these recommendations requires further consideration by governments, including further work to consider data collection categories and reporting. In addition, implementing components of these recommendations will require consideration of impacts on workload for schools and data management systems. State and territory governments will consider how to deliver the intent of these recommendations within their jurisdictions.",yes,answered with the states and territories together
disability,3444,7.13,6874,2024-07-31,https://www.aph.gov.au/Parliamentary_Business/Tabled_Documents/6874,position,in part or in principle,Accept in principle,,"The Australian Government and state and territory governments support the Disability Royal Commission’s vision for more accessible and inclusive education for school students with disability. Education Ministers commit to work in partnership with people with disability to set out how this vision will be achieved over time. Australian Government — additional information The Australian Government has done significant work to implement recommendations arising from the 2020 Review of the Disability Standards for Education 2005 (the Standards), including support for educators to meet their obligations and new co-designed resources for students with disability and their families on their rights. The next review of the Standards will occur in 2025.",,answered with the states and territories together
disability,3444,7.14,6874,2024-07-31,https://www.aph.gov.au/Parliamentary_Business/Tabled_Documents/6874,noted,,Note,,"The Australian Government and state and territory governments note the differing views held by Commissioners and the community on special / segregated settings. The Australian Government recognises the ongoing role of specialist settings in service provision for students with disability and providing choice for students with disability and their families. State and territory governments will continue to be responsible for making decisions about registration of schools in their jurisdictions, with the intent to strengthen inclusive education over time.",,answered with the states and territories together
disability,3444,7.15,6874,2024-07-31,https://www.aph.gov.au/Parliamentary_Business/Tabled_Documents/6874,noted,,Note,,"The Australian Government and state and territory governments note the differing views held by Commissioners and the community on special / segregated settings. The Australian Government recognises the ongoing role of specialist settings in service provision for students with disability and providing choice for students with disability and their families. State and territory governments will continue to be responsible for making decisions about registration of schools in their jurisdictions, with the intent to strengthen inclusive education over time.",,answered with the states and territories together
disability,3444,7.16,6874,2024-07-31,https://www.aph.gov.au/Parliamentary_Business/Tabled_Documents/6874,position,accepted,Accept,,"The Australian Government has announced an additional $227.6 million to implement a new specialist disability employment program commencing on 1 July 2025. The new program will replace the current Disability Employment Services program and help people with disability, injury or illness find and maintain sustainable employment by delivering high-quality, personalised services. The design of the new program addresses key elements proposed in this recommendation. The new program will focus on improving the quality of services and provide personalised supports to people with disability. It will include an intensive and flexible service that will be tailored to individual circumstances. Providers will assist more people with disability with their employment and career goals through expanded eligibility.",yes,
disability,3444,7.17,6874,2024-07-31,https://www.aph.gov.au/Parliamentary_Business/Tabled_Documents/6874,position,accepted,Accept,,"The Australian Government has committed $23.3 million to establish a Disability Employment Centre of Excellence, which will develop best practice, evidence-based information and training to help disability employment service providers deliver high quality and effective employment services. Consistent with this Disability Royal Commission recommendation, the Centre will ensure employment service providers and staff have access to clear and useful information and training on disability awareness, cultural competency, human rights, customised employment, and employer engagement. It will complement the role of the current JobAccess service, which builds employer capability and disability confidence, and facilitates access to supports for workplace adjustments, advice and training.",yes,
disability,3444,7.18,6874,2024-07-31,https://www.aph.gov.au/Parliamentary_Business/Tabled_Documents/6874,position,in part or in principle,Accept in principle,,"The Australian Government and state and territory governments support continued action to increase opportunities for people with disability in public sector employment across Australia. All governments recognise that people with disability have a right to work, and that employment supports an individual’s social and economic participation and independence in society. As large employers, public services have a crucial national role as leaders in modelling best practice inclusion that can positively influence other employers and workplaces. Governments agree that specific employment targets can have a positive impact on the number of people with disability employed in the public sector, noting that some jurisdictions may need to further consider data limitations and privacy considerations before committing to disaggregated targets.",yes,answered with the states and territories together
disability,3444,7.19,6874,2024-07-31,https://www.aph.gov.au/Parliamentary_Business/Tabled_Documents/6874,position,in part or in principle,Accept in principle,,"The Australian Government and state and territory governments support continued action to increase opportunities for people with disability in public sector employment across Australia. All governments recognise that people with disability have a right to work, and that employment supports an individual’s social and economic participation and independence in society. As large employers, public services have a crucial national role as leaders in modelling best practice inclusion that can positively influence other employers and workplaces. Governments agree that specific employment targets can have a positive impact on the number of people with disability employed in the public sector, noting that some jurisdictions may need to further consider data limitations and privacy considerations before committing to disaggregated targets.",yes,answered with the states and territories together
disability,3444,7.20,6874,2024-07-31,https://www.aph.gov.au/Parliamentary_Business/Tabled_Documents/6874,position,in part or in principle,Accept in principle,,"The Australian Government and state and territory governments support continued action to increase opportunities for people with disability in public sector employment across Australia. All governments recognise that people with disability have a right to work, and that employment supports an individual’s social and economic participation and independence in society. As large employers, public services have a crucial national role as leaders in modelling best practice inclusion that can positively influence other employers and workplaces. Governments agree that specific employment targets can have a positive impact on the number of people with disability employed in the public sector, noting that some jurisdictions may need to further consider data limitations and privacy considerations before committing to disaggregated targets.",yes,
disability,3444,7.21,6874,2024-07-31,https://www.aph.gov.au/Parliamentary_Business/Tabled_Documents/6874,position,in part or in principle,Accept in principle,,"The Australian Government and state and territory governments support continued action to increase opportunities for people with disability in public sector employment across Australia. All governments recognise that people with disability have a right to work, and that employment supports an individual’s social and economic participation and independence in society. As large employers, public services have a crucial national role as leaders in modelling best practice inclusion that can positively influence other employers and workplaces. Governments agree that specific employment targets can have a positive impact on the number of people with disability employed in the public sector, noting that some jurisdictions may need to further consider data limitations and privacy considerations before committing to disaggregated targets.",yes,answered with the states and territories together
disability,3444,7.22,6874,2024-07-31,https://www.aph.gov.au/Parliamentary_Business/Tabled_Documents/6874,position,in part or in principle,Accept in principle,,"The Australian Government and state and territory governments support continued action to increase opportunities for people with disability in public sector employment across Australia. All governments recognise that people with disability have a right to work, and that employment supports an individual’s social and economic participation and independence in society. As large employers, public services have a crucial national role as leaders in modelling best practice inclusion that can positively influence other employers and workplaces. Governments agree that specific employment targets can have a positive impact on the number of people with disability employed in the public sector, noting that some jurisdictions may need to further consider data limitations and privacy considerations before committing to disaggregated targets.",yes,answered with the states and territories together
disability,3444,7.23,6874,2024-07-31,https://www.aph.gov.au/Parliamentary_Business/Tabled_Documents/6874,position,in part or in principle,Accept in principle,,"The Australian Government and state and territory governments support continued action to increase opportunities for people with disability in public sector employment across Australia. All governments recognise that people with disability have a right to work, and that employment supports an individual’s social and economic participation and independence in society. As large employers, public services have a crucial national role as leaders in modelling best practice inclusion that can positively influence other employers and workplaces. Governments agree that specific employment targets can have a positive impact on the number of people with disability employed in the public sector, noting that some jurisdictions may need to further consider data limitations and privacy considerations before committing to disaggregated targets.",yes,answered with the states and territories together
disability,3444,7.24,6874,2024-07-31,https://www.aph.gov.au/Parliamentary_Business/Tabled_Documents/6874,noted,,Note,,"The Australian Government recognises the benefits of bringing together key disability, employee and employer representatives, and people’s organisations, regulators, and policy bodies to discuss how legal and regulatory frameworks can be used or clarified to improve outcomes for people with a disability at work. Existing forums can be leveraged for this collaboration as required. The Government has continued to progress a range of reforms and measures that will better protect and advance the human rights of people with disability and is undertaking significant reform and investment to drive quality employment outcomes and help more people with disability prepare for and find suitable employment.",yes,
disability,3444,7.25,6874,2024-07-31,https://www.aph.gov.au/Parliamentary_Business/Tabled_Documents/6874,position,in part or in principle,Accept in principle,,"The Australian Government supports strengthening workplace protections against discrimination for people with disability by clarifying what constitutes a disability for the purposes of the anti-discrimination provisions of the Fair Work Act 2009 (Fair Work Act). The Government has committed to review and modernise the Disability Discrimination Act 1992 (Disability Discrimination Act) to strengthen protections against discrimination for people with disability, including in respect of employment. Alongside the review, the Department of Employment and Workplace Relations will, in consultation with the Attorney-General’s Department, consider interactions between the Disability Discrimination Act and other relevant laws, including the Fair Work Act, building on consultation undertaken as part of the 2023 Closing Loopholes reforms to the Fair Work Act.",yes,
disability,3444,7.26,6874,2024-07-31,https://www.aph.gov.au/Parliamentary_Business/Tabled_Documents/6874,position,in part or in principle,Accept in principle,,"The Australian Government accepts in principle recommendations to amend the Disability Discrimination Act 1992. The Government will consider Recommendation 7.26 as part of its review of the Disability Discrimination Act, to which the Government has committed $6.9 million over four years. Further information is included in the Government’s response to recommendations 4.23–4.34.",,
disability,3444,7.27,6874,2024-07-31,https://www.aph.gov.au/Parliamentary_Business/Tabled_Documents/6874,position,accepted,Accept,,"The Fair Work Ombudsman’s (FWO) existing statutory functions allow for matters relating to potential contraventions of the Fair Work Act 2009 (Fair Work Act), and involving an employee with disability, to be referred back to the FWO by relevant authorities. Following Public Hearing 19 of the Disability Royal Commission, in September 2023 the FWO entered into formal arrangements with the Australian Human Rights Commission (AHRC) and the Fair Work Commission (FWC) to facilitate referrals of unresolved matters involving allegations of serious and/or systemic disability discrimination and certain other unlawful conduct under the Fair Work Act, to the FWO for potential investigation and enforcement action.",yes,
disability,3444,7.28,6874,2024-07-31,https://www.aph.gov.au/Parliamentary_Business/Tabled_Documents/6874,position,accepted,Accept,,"To deliver information supports for people with disability, the Australian Government is implementing a new Disability Employment Advocacy and Information Program. The $9.8 million program will run till 30 June 2027, and be delivered by Inclusion Australia, in partnership with Disability Advocacy Network Australia. Under this program, people with high support needs and their families and carers will be provided with advocacy supports and information to build their confidence and understanding about their rights and options at work. The program will deliver: ■ Case-based advocacy support, where people with high support needs and their families would have the opportunity to access short term, on-on-one assistance to solve a particular issue. ■ Group-based workshops, events, or information sessions for people with high support needs, both online and in person. ■ Group-based workshops,",yes,
disability,3444,7.29,6874,2024-07-31,https://www.aph.gov.au/Parliamentary_Business/Tabled_Documents/6874,position,accepted,Accept,,"The National Disability Insurance Agency (NDIA) released the next iteration of the National Disability Insurance Scheme (NDIS) Participant Employment Strategy 2024–2026 (Strategy) on 20 March 2024. The Strategy was developed in consultation with Disability Representative Organisations, providers and participants and outlines the NDIA’s commitment to deliver quality planning for employment and provide support to employers engaging with NDIS participants. Through the Strategy’s Action Plan, in 2024 the NDIA has: ■ developed and implemented best practice guidance for Local Area Coordinators (LAC) and NDIA staff on planning for employment across life stages, with a focus on supporting participants into open and integrated employment settings ■ refreshed staff training, guidance, and resources and will establish further capability and quality measures for LAC and planning staff around",yes,
disability,3444,7.30,6874,2024-07-31,https://www.aph.gov.au/Parliamentary_Business/Tabled_Documents/6874,position,in part or in principle,Accept in principle,,"As part of the 2023–24 Budget, the Australian Government announced a $52.7 million investment to help strengthen the supported employment sector. These initiatives will support people with disability to move to inclusive, open employment options in a range of settings, including: ■ a Structural Adjustment Fund, which will provide grants to enable supported employment services and social enterprises to evolve their business models to better meet community expectations, and create sustainable employment opportunities for people with disability ■ a Disability Employment Advocacy and Information Program, which will provide people with high support needs, their families, and carers, with access to advocacy and information supports to build their capacity to be able to advocate for their rights and options at work, and ■ Disability Employment Expos, which will be open to people with high",yes,
disability,3444,7.31,6874,2024-07-31,https://www.aph.gov.au/Parliamentary_Business/Tabled_Documents/6874,noted,,Subject to further consideration,,"The Australian Government requires further consultation with a range of stakeholders before committing to broad reform for supported employee wages. The Disability Royal Commission commissioned research and modelling into the impacts and costs of the proposed wage increase, with modelling indicating there could be significant job losses for people with disability being paid supported wages. Consultation will require a strong focus on the impact of implementation on supported employees, as outlined in the Royal Commission’s Final Report. The independent industrial relations tribunal, the Fair Work Commission (FWC) is responsible for making, reviewing, and varying modern awards, including setting wage rates and classifications, through consultation with affected parties.",yes,
disability,3444,7.32,6874,2024-07-31,https://www.aph.gov.au/Parliamentary_Business/Tabled_Documents/6874,noted,,Subject to further consideration,,"Supported employment refers to jobs where people with high employment support needs can receive extra support while they are at work. In Australia, around 160 Australian Disability Enterprises (ADEs), registered as NDIS providers, provide supported employment for approximately 16,000 people with disability. While ADEs currently play an important role in providing employment opportunities for people with disability, they are not, and should not, be the only employment option for people with high employment support needs. In October 2022, Disability Ministers convened a supported employment roundtable with people with disability, family representatives, ADE representatives, peak bodies and other sector experts. Attendees developed a set of guiding principles for the future of supported employment.",yes,answered with the states and territories together
disability,3444,7.33,6874,2024-07-31,https://www.aph.gov.au/Parliamentary_Business/Tabled_Documents/6874,position,in part or in principle,Accept in principle,,"The Australian Government and state and territory governments recognise the additional barriers people with disability face in accessing appropriate housing, and the disproportionate risks and impacts of homelessness among people with disability. The National Housing Supply and Affordability Council’s inaugural report State of the Housing System 2024 highlights the rising number of people with disability and that the lack of accessible, inclusive housing disproportionately impacts on people with fixed or low incomes, particularly those with high support needs. All governments have committed to an ambitious housing reform agenda to boost the supply of all housing, and deliver housing and homelessness supports for vulnerable communities. To prioritise accessible housing for people with disability, governments will continue working together to develop integrated responses.",yes,answered with the states and territories together
disability,3444,7.34,6874,2024-07-31,https://www.aph.gov.au/Parliamentary_Business/Tabled_Documents/6874,position,accepted,Accept,,The Australian Government and state and territory governments agree to increasing the focus on homelessness in Australia’s Disability Strategy 2021–2031 and are prioritising consideration of this through the review of Australia’s Disability Strategy 2021-31 being undertaken in 2024 in response to recommendation 5.2. Preventing homelessness when people with disability transition from service or institutional settings (Recommendation 7.39),,answered with the states and territories together
disability,3444,7.35,6874,2024-07-31,https://www.aph.gov.au/Parliamentary_Business/Tabled_Documents/6874,not addressed,,,,,,the response does not address this recommendation
disability,3444,7.36,6874,2024-07-31,https://www.aph.gov.au/Parliamentary_Business/Tabled_Documents/6874,not addressed,,,,,,the response does not address this recommendation
disability,3444,7.37,6874,2024-07-31,https://www.aph.gov.au/Parliamentary_Business/Tabled_Documents/6874,not addressed,,,,,,the response does not address this recommendation
disability,3444,7.38,6874,2024-07-31,https://www.aph.gov.au/Parliamentary_Business/Tabled_Documents/6874,not addressed,,,,,,the response does not address this recommendation
disability,3444,7.39,6874,2024-07-31,https://www.aph.gov.au/Parliamentary_Business/Tabled_Documents/6874,position,in part or in principle,Accept in principle,,"The Australian Government and state and territory governments are committed to working collaboratively to support people with disability leaving institutional settings into safe and appropriate housing. Part of this work will be determining if nominating a lead agency or agencies is the appropriate mechanism for implementing this recommendation. All governments recognise that continued, focused, and coordinated work is required across systems to ensure people with disability do not ‘leave into homelessness’ from health services, mental health services, correctional facilities, and out-of-home care. Disability Ministers will work together in 2024 to identify responsibilities for planning and coordinating the transition of people with disability from service or institutional settings directly into safe and appropriate housing.",yes,answered with the states and territories together
disability,3444,7.40,6874,2024-07-31,https://www.aph.gov.au/Parliamentary_Business/Tabled_Documents/6874,noted,,Subject to further consideration,,"The Australian Government and state and territory governments are committed to national action to help more Australians access safe and affordable housing, including people with disability. Safe and affordable housing is central to the security and dignity of people with disability. All governments have committed to an ambitious housing reform agenda to boost the supply of all housing, and deliver housing and homelessness supports for vulnerable communities, including people with disability. This includes the proposed National Housing and Homelessness Plan, which is expected to provide a shared national vision for tackling Australia’s housing challenges and support those experiencing housing stress and homelessness. The National Plan is currently under development and is subject to negotiation between the Australian Government and state and territory governments.",yes,answered with the states and territories together
disability,3444,7.41,6874,2024-07-31,https://www.aph.gov.au/Parliamentary_Business/Tabled_Documents/6874,position,in part or in principle,Accept in principle,,"The Australian Government is committed to ensuring NDIS participants receive safe, quality supports and can exercise choice and control over their support arrangements. Through the measure Building a strong ecosystem of disability supports, the Government has committed $49.7 million for design and consultation to support better home and living options for NDIS participants. The measure includes targeted compliance activities and an education campaign to ensure Specialist Disability Accommodation (SDA) providers are aware of and meeting their existing conflict of interest obligations. Further, the measure includes funding to conduct design activities to explore the legal separation of SDA and Supported Independent Living (SIL).",yes,
disability,3444,7.42,6874,2024-07-31,https://www.aph.gov.au/Parliamentary_Business/Tabled_Documents/6874,position,in part or in principle,Accept in principle,,The Australian Government and state and territory governments support the development of a diverse range of inclusive housing options for people with disability. All governments are committed to continuing to work together to further consider options to expand the availability of more inclusive and alternative models of housing for people with disability. Approaches to specific reform and implementation to address the intent of this recommendation will be considered alongside relevant NDIS Review recommendations and actions.,,answered with the states and territories together
disability,3444,7.43,6874,2024-07-31,https://www.aph.gov.au/Parliamentary_Business/Tabled_Documents/6874,noted,,Subject to further consideration,,"The Australian Government and state and territory governments support the development of a diverse range of inclusive housing options for people with disability that support them to exercise choice and control over their living arrangements. In January 2023, the NDIS Commission completed an own motion inquiry into aspects of supported accommodation in the NDIS. An Action Plan was developed in response to the inquiry, focusing on elevating the quality and safety of supported independent living (SIL) services; amplifying the voices of people with disability living in supported accommodation; and improving the NDIS to maximise the choise, control and experienced of participants living in supported accommodation — including the interaction between SIL and specialist disability accommodation (SDA). SDA is one of the supports that might be funded under the NDIS for some participants.",yes,answered with the states and territories together
disability,3444,7.44,6874,2024-07-31,https://www.aph.gov.au/Parliamentary_Business/Tabled_Documents/6874,noted,,Subject to further consideration,,"The Australian Government and state and territory governments support the development of a diverse range of inclusive housing options for people with disability that support them to exercise choice and control over their living arrangements. In January 2023, the NDIS Commission completed an own motion inquiry into aspects of supported accommodation in the NDIS. An Action Plan was developed in response to the inquiry, focusing on elevating the quality and safety of supported independent living (SIL) services; amplifying the voices of people with disability living in supported accommodation; and improving the NDIS to maximise the choise, control and experienced of participants living in supported accommodation — including the interaction between SIL and specialist disability accommodation (SDA). SDA is one of the supports that might be funded under the NDIS for some participants.",yes,answered with the states and territories together
disability,3444,8.1,6874,2024-07-31,https://www.aph.gov.au/Parliamentary_Business/Tabled_Documents/6874,not addressed,,,,,,the response does not address this recommendation
disability,3444,8.2,6874,2024-07-31,https://www.aph.gov.au/Parliamentary_Business/Tabled_Documents/6874,position,in part or in principle,Accept in principle,"NSW, QLD, SA, VIC, WA: Subject to further consideration","The following response is provided by the Commonwealth, ACT, NT, SA, TAS and WA The Australian Government and state and territory governments are committed to continuing to consider and progress reform to better protect the human rights of people with disability in places of detention. All governments continue to cooperatively and progressively work towards implementation of the Optional Protocol to the Convention Against Torture and Other Cruel, Inhuman or Degrading Treatment or Punishment (OPCAT), including resolving ongoing funding arrangements. The following response is provided by NSW, QLD and VIC All governments continue to cooperatively and progressively work towards implementation of OPCAT, subject to the resolution of sufficient and ongoing funding from the Commonwealth and the resolution of implementation issues, including the Commonwealth leading work in consultation with",yes,answered with the states and territories together
disability,3444,8.3,6874,2024-07-31,https://www.aph.gov.au/Parliamentary_Business/Tabled_Documents/6874,not addressed,,,,,,the response does not address this recommendation
disability,3444,8.4,6874,2024-07-31,https://www.aph.gov.au/Parliamentary_Business/Tabled_Documents/6874,not addressed,,,,,,the response does not address this recommendation
disability,3444,8.5,6874,2024-07-31,https://www.aph.gov.au/Parliamentary_Business/Tabled_Documents/6874,not addressed,,,,,,the response does not address this recommendation
disability,3444,8.6,6874,2024-07-31,https://www.aph.gov.au/Parliamentary_Business/Tabled_Documents/6874,not addressed,,,,,,the response does not address this recommendation
disability,3444,8.7,6874,2024-07-31,https://www.aph.gov.au/Parliamentary_Business/Tabled_Documents/6874,not addressed,,,,,,the response does not address this recommendation
disability,3444,8.8,6874,2024-07-31,https://www.aph.gov.au/Parliamentary_Business/Tabled_Documents/6874,not addressed,,,,,,the response does not address this recommendation
disability,3444,8.9,6874,2024-07-31,https://www.aph.gov.au/Parliamentary_Business/Tabled_Documents/6874,not addressed,,,,,,the response does not address this recommendation
disability,3444,8.10,6874,2024-07-31,https://www.aph.gov.au/Parliamentary_Business/Tabled_Documents/6874,not addressed,,,,,,the response does not address this recommendation
disability,3444,8.11,6874,2024-07-31,https://www.aph.gov.au/Parliamentary_Business/Tabled_Documents/6874,position,in part or in principle,Accept in principle,WA: Accept,"The Australian Government and state and territory governments are committed to ensuring that people with disability have equal access to justice, and will consider whether changes are required when updating guidance or other relevant information. Australian Government — additional information The Australian Government is committed to ensuring that people with disability have equal access to justice. The Government will consider approaches to developing guidance material in the appropriate forms to provide information to judicial officers, legal practitioners and court staff about seeking or making adjustments, supports, and services available to people with disability involved in court processes. Implementation of the National Principles Relating to Persons Unfit to Plead or Not Guilty by Reason of Cognitive or Mental Health Impairment (Recommendation 8.12)",,answered with the states and territories together
disability,3444,8.12,6874,2024-07-31,https://www.aph.gov.au/Parliamentary_Business/Tabled_Documents/6874,position,in part or in principle,Accept in principle,SA and VIC: Subject to further consideration,"The Australian Government and state and territory governments have committed to review the National Principles, including aspects regarding indefinite detention and the availability of step-down accommodation. All governments recognise the rights of persons with cognitive or mental health impairment, noting these rights must be balanced against the need to prevent harm to others and uphold the rights of victims. Australian Government — additional information The National Statement of Principles Relating to Persons Unfit to Plead or Not Guilty by Reason of Cognitive or Mental Health Impairment are intended to be best practice principles to ensure that treatment is tailored, inclusive and recovery oriented, with agencies and service providers collaborating to provide coordinated care. The Commonwealth will lead the review of the Principles through the Standing Council of Attorneys-General.",yes,answered with the states and territories together
disability,3444,8.13,6874,2024-07-31,https://www.aph.gov.au/Parliamentary_Business/Tabled_Documents/6874,position,in part or in principle,Accept in principle,,"The Australian Government and state and territory governments support improving data collection relating to people found unfit to plead or not guilty by reason of cognitive or mental health impairment. Implementation is subject to relevant scoping work to assess existing frameworks and system capability, and personal privacy protections. This work will bolster the ability of governments to evaluate policy settings relating to people with cognitive or mental health impairments in the criminal justice system. Australian Government — additional information The Australian Government supports improving consistency of data collection across jurisdictions, and developing a data collection framework and process, to bolster the ability of governments to evaluate policy settings relating to people with cognitive and mental health impairments in the criminal justice system.",yes,answered with the states and territories together
disability,3444,8.14,6874,2024-07-31,https://www.aph.gov.au/Parliamentary_Business/Tabled_Documents/6874,not addressed,,,,,,the response does not address this recommendation
disability,3444,8.15,6874,2024-07-31,https://www.aph.gov.au/Parliamentary_Business/Tabled_Documents/6874,not addressed,,,,,,the response does not address this recommendation
disability,3444,8.16,6874,2024-07-31,https://www.aph.gov.au/Parliamentary_Business/Tabled_Documents/6874,not addressed,,,,,,the response does not address this recommendation
disability,3444,8.17,6874,2024-07-31,https://www.aph.gov.au/Parliamentary_Business/Tabled_Documents/6874,noted,,Subject to further consideration,,The Australian Government and state and territory governments are committed to working together to clarify roles and responsibilities at the interface between the National Disability Insurance Scheme (NDIS) and justice services. This recommendation requires consideration alongside relevant recommendations of the NDIS Review related to roles and responsibilities within the disability ecosystem. Work over the past five years at the justice/NDIS interface has included the introduction of Justice Liaison Officers (JLOs); increasing awareness of the roles and responsibilities of the NDIS and justice systems; implementing formal information sharing arrangements; and strengthening relationships between the NDIS and Aboriginal and Torres Strait Islander justice settings.,,answered with the states and territories together
disability,3444,8.18,6874,2024-07-31,https://www.aph.gov.au/Parliamentary_Business/Tabled_Documents/6874,position,accepted,Accept,,"The NDIA will establish a publicly available framework that clearly articulates how the NDIS and other service systems will work together, supporting people entering custody and transitioning back to the community. This framework will be embedded into existing NDIA guidelines. To enhance the experience of people with disability who are transitioning from justice and forensic settings to the community, the NDIA undertook a Justice Transition Project between October 2022 and October 2023. The Project focused on improving decision making, operational collaboration and reducing administrative delays for people with disability in adult, youth justice and forensic settings.",yes,
disability,3444,8.19,6874,2024-07-31,https://www.aph.gov.au/Parliamentary_Business/Tabled_Documents/6874,position,in part or in principle,Accept in principle,,"The Australian Government accepts in principle recommendations to amend the Disability Discrimination Act 1992. The Government will consider Recommendation 8.19 as part of its review of the Disability Discrimination Act 1992, to which the Government has committed $6.9 million over four years. Further information is included in the Government’s response to recommendations 4.23–4.34.",,
disability,3444,8.20,6874,2024-07-31,https://www.aph.gov.au/Parliamentary_Business/Tabled_Documents/6874,position,in part or in principle,Accept in principle,,"The Australian Government and state and territory governments are committed to improving police responses to people with disability and recognise the essential role of law enforcement in promoting and maintaining fundamental human rights. All governments are committed to ensuring that police services are adequately equipped to engage with people with disability according to their needs. This can be achieved in multiple ways, including through the introduction of disability liaison officers or broader workforce capability uplift noting implementation must have regard to the unique needs and circumstances of each jurisdiction. All governments acknowledge the benefits of working with people with disability to design, implement and evaluate strategies to improve police responses to people with disability in respective jurisdictions.",yes,answered with the states and territories together
disability,3444,8.21,6874,2024-07-31,https://www.aph.gov.au/Parliamentary_Business/Tabled_Documents/6874,not addressed,,,,,,the response does not address this recommendation
disability,3444,8.22,6874,2024-07-31,https://www.aph.gov.au/Parliamentary_Business/Tabled_Documents/6874,not addressed,,,,,,the response does not address this recommendation
disability,3444,8.23,6874,2024-07-31,https://www.aph.gov.au/Parliamentary_Business/Tabled_Documents/6874,position,in part or in principle,Accept in principle,,"Through the National Plan to End Violence against Women and Children 2022–2032 (National Plan), all governments agreed that the findings of the Disability Royal Commission would guide future work to end violence against women and girls with disability. The Australian Government and state and territory governments are committed to ending violence against women and girls with disability and acknowledge more needs to be done to address the disproportionate rates of violence experienced, through responding to the drivers of violence and recognising the specific experiences of women with disability across the National Plan’s four domains of prevention, early intervention, response and recovery; and healing. The National Plan promotes actions across the domains that respond to the diversity of women and children, to ensure access to systems and services are accessible to individual needs.",yes,answered with the states and territories together
disability,3444,8.24,6874,2024-07-31,https://www.aph.gov.au/Parliamentary_Business/Tabled_Documents/6874,position,in part or in principle,Accept in principle,"ACT, NSW, NT, QLD, SA, TAS, WA: Subject to further consideration","The Australian Government and state and territory governments recognise the importance of ensuring that definitions of family and domestic violence are appropriately broad to capture the unique circumstances, relationships, and living arrangements in which people with disability may experience family and domestic violence. Through the Family, Domestic and Sexual Violence Working Group, under the Standing Council of Attorneys-General, all jurisdictions are committed to working together to improve the family law and family violence systems’ response to family violence, which may include future consideration of disability-inclusive definitions. While the governments of ACT, NSW, NT, QLD, SA, TAS and WA are supportive of disability-inclusive definitions of family and domestic violence, there are a range of challenges with progressing a nationally consistent definition.",yes,answered with the states and territories together
disability,3444,9.1,6874,2024-07-31,https://www.aph.gov.au/Parliamentary_Business/Tabled_Documents/6874,not addressed,,,,,,the response does not address this recommendation
disability,3444,9.2,6874,2024-07-31,https://www.aph.gov.au/Parliamentary_Business/Tabled_Documents/6874,not addressed,,,,,,the response does not address this recommendation
disability,3444,9.3,6874,2024-07-31,https://www.aph.gov.au/Parliamentary_Business/Tabled_Documents/6874,not addressed,,,,,,the response does not address this recommendation
disability,3444,9.4,6874,2024-07-31,https://www.aph.gov.au/Parliamentary_Business/Tabled_Documents/6874,position,accepted,Accept,,"The NDIA is committed to ensuring the NDIS is accessible and culturally appropriate for eligible First Nations people with disability in remote areas and is implementing a variety of initiatives to support this, including exploring ways to expand its Remote Community Connectors program. The NDIA’s Remote Community Connectors program consists of community-based NDIA representatives that support the culturally appropriate delivery of the NDIS in remote and very remote communities. The program recognises that people with disability in remote communities, including First Nations people, may need additional support to access the NDIS, build their NDIS plan, and use their funded supports. The NDIA provides funding of over $11.8 million per annum for a network of approximately 200 Remote Community Connectors to support more than 430 remote communities.",yes,
disability,3444,9.5,6874,2024-07-31,https://www.aph.gov.au/Parliamentary_Business/Tabled_Documents/6874,position,in part or in principle,Accept in principle,,"The Australian Government is partnering with communities to explore and trial different ways to design and deliver NDIS supports for participants in remote and First Nations communities. This includes through Alternative Commissioning and Integrated Care and Commissioning. Alternative Commissioning involves partnering with communities to pilot alternative approaches to improve access to NDIS supports in remote and First Nations communities. It will create opportunities for more culturally appropriate and sustainable services to strengthen the First Nations disability sector and build a sustainable supply of NDIS supports in remote areas. It offers flexibility and can include a range of design and delivery approaches to respond to community need, including place-based and community-driven solutions.",yes,
disability,3444,9.6,6874,2024-07-31,https://www.aph.gov.au/Parliamentary_Business/Tabled_Documents/6874,position,in part or in principle,Accept in principle,,"The Australian Government supports in principle legislative changes to the National Disability Insurance Scheme Act 2013 (NDIS Act) to provide that the National Disability Insurance Agency (NDIA) Board must include at least one First Nations person at all times. On 31 March 2023, the Minister for the NDIS announced the appointment of two new NDIA Board members, including First Nations appointee, Dr Richard Fejo.",,
disability,3444,9.7,6874,2024-07-31,https://www.aph.gov.au/Parliamentary_Business/Tabled_Documents/6874,position,in part or in principle,Accept in principle,,"The Australian Government supports in principle the development of mechanisms to support participation in cultural life. The Government is of the view that changes to NDIS Operational Guidance could achieve the goal of this recommendation through recognition of social and emotional wellbeing models of support which recognise the importance of cultural ways of knowing, being and doing. The Government is committed to ensuring that First Nations participants are supported within the NDIS, with particular focus on initiatives detailed in recommendations 9.8 to 9.12.",,
disability,3444,9.8,6874,2024-07-31,https://www.aph.gov.au/Parliamentary_Business/Tabled_Documents/6874,position,in part or in principle,Accept in principle,,"The NDIA, with the First Peoples Disability Network, is codesigning a NDIS First Nations Strategy with participants, First Nations disability community, families, carers, and sector stakeholders, to improve access and outcomes for First Nations people with disability in the NDIS. The NDIS First Nations Advisory Council has been established as the co-design group to ensure that the voices and perspectives of First Nations people with lived experience, and their families, carers and communities are central to the development of the First Nations Strategy. The NDIA, First Peoples Disability Network and the First Nations Advisory Council are working together to develop goals and initiatives to best support First Nations NDIS participants and to ensure that all decisions that affect First Nations participants: ■ are informed by First Nations voices and experiences; ■ reflect the goals and",yes,
disability,3444,9.9,6874,2024-07-31,https://www.aph.gov.au/Parliamentary_Business/Tabled_Documents/6874,position,in part or in principle,Accept in principle,,"The NDIA, with the First Peoples Disability Network, is codesigning a NDIS First Nations Strategy with participants, First Nations disability community, families, carers, and sector stakeholders, to improve access and outcomes for First Nations people with disability in the NDIS. The NDIS First Nations Advisory Council has been established as the co-design group to ensure that the voices and perspectives of First Nations people with lived experience, and their families, carers and communities are central to the development of the First Nations Strategy. The NDIA, First Peoples Disability Network and the First Nations Advisory Council are working together to develop goals and initiatives to best support First Nations NDIS participants and to ensure that all decisions that affect First Nations participants: ■ are informed by First Nations voices and experiences; ■ reflect the goals and",yes,
disability,3444,9.10,6874,2024-07-31,https://www.aph.gov.au/Parliamentary_Business/Tabled_Documents/6874,position,in part or in principle,Accept in principle,,"The Australian Government and state and territory governments recognise the value of shared decision-making mechanisms and formal partnerships in line with Priority Reform One under the National Agreement on Closing the Gap. All governments will work in partnership with First Nations people with disability, their families, carers and representatives, the Joint Council on Closing the Gap, peak bodies, and other key stakeholders through 2024 to develop options for the establishment of a First Nations Disability Forum or other appropriate shared decision-making mechanism for the cross-cutting outcome of disability under Closing the Gap.",yes,answered with the states and territories together
disability,3444,9.11,6874,2024-07-31,https://www.aph.gov.au/Parliamentary_Business/Tabled_Documents/6874,position,in part or in principle,Accept in principle,,"As a first step towards progressing this recommendation, governments have committed to work with First Peoples Disability Network through 2024 to strengthen implementation of the current Disability Sector Strengthening Plan to enable improved outcomes against the existing actions. The proposed shared decision-making mechanism in respect of disability (see Recommendation 9.10) would also support the response to this recommendation.",,answered with the states and territories together
disability,3444,9.12,6874,2024-07-31,https://www.aph.gov.au/Parliamentary_Business/Tabled_Documents/6874,position,in part or in principle,Accept in principle,,"The Australian Government will work with First Nations people with disability, community controlled organisations, mainstream support providers and other disability support providers to improve the cultural safety of supports, including through improved market stewardship and regulation. This will build on consultations on the regulatory model for quality and safeguarding of NDIS supports in response to the NDIS Review.",,
disability,3444,9.13,6874,2024-07-31,https://www.aph.gov.au/Parliamentary_Business/Tabled_Documents/6874,position,in part or in principle,Accept in principle,,"The Australian Government and state and territory governments support in principle the development of a strategy to develop First Nations local workforces in remote communities that is co-developed and co-implemented with First Nations Community Controlled Organisations. First Nations communities will play a key role in the flexible design and delivery of supports and services to First Nations people with disability and people living in remote areas. Volume 10: Disability services Volume 10 examines how disability service providers and the National Disability Insurance Scheme Quality and Safeguards Commission (NDIS Commission) can do more to prevent, identify and respond to violence, abuse, neglect and exploitation in disability services. It includes 33 recommendations, all of which are within the Australian Government’s primary or shared responsibility.",yes,answered with the states and territories together
disability,3444,10.1,6874,2024-07-31,https://www.aph.gov.au/Parliamentary_Business/Tabled_Documents/6874,position,in part or in principle,Accept in principle,,"The Australian Government and state and territory governments support the development of a capacity-building program to support disability service providers to embed human rights in the design and delivery of their services. The NDIS Commission will work with people with disability, providers, workers and states and territories to develop the program, which will build on the NDIS Commission’s existing suite of practical human rights capacity-building products and training for NDIS providers and workers that were developed with people with disability.",,answered with the states and territories together
disability,3444,10.2,6874,2024-07-31,https://www.aph.gov.au/Parliamentary_Business/Tabled_Documents/6874,position,in part or in principle,Accept in principle,,"The Australian Government and state and territory governments are committed to improving safeguards for people with disability in the provision of disability support services, including greater controls around conflicts of interest. Governments will work together with people with disability, their families, carers, representative organisations, First Nations Community Controlled Organisations and peak bodies to consider the most appropriate approach to preventing conflicts of interest in support coordination. This will include consideration of the potential need for exceptions in limited circumstances.",,answered with the states and territories together
disability,3444,10.3,6874,2024-07-31,https://www.aph.gov.au/Parliamentary_Business/Tabled_Documents/6874,position,accepted,Accept,,"This recommendation aligns with the NDIA’s Improving Support Coordination for NDIS Participants report which recommended better clarity of the role and the NDIA’s expectations of support coordination. The NDIA will review and update staff resources to uplift frontline staff capability in reasonable and necessary decision-making through information sessions, and align internal planning, systems and reporting against support coordination expectations, to enable and support the delivery of this recommendation and the recommendations of the Improving Support Coordination for NDIS Participants report.",,
disability,3444,10.4,6874,2024-07-31,https://www.aph.gov.au/Parliamentary_Business/Tabled_Documents/6874,position,in part or in principle,Accept in principle,,"The NDIS Commission has commenced an Own Motion Inquiry into Support Coordination and Plan Management following concerns being raised about fraud, sharp practices and poor quality. The Inquiry is being conducted in two parts. Part 1, released August 2023, explores the NDIS complaints and reportable incidents data to identify quality and safeguarding concerns in support coordination and plan management, and to identify the positive contribution good support coordination and plan management can make to quality and safeguarding in the NDIS. Part 2 of the Inquiry is to commence in 2024 and will focus on the NDIS Commission’s regulatory approach.",,
disability,3444,10.5,6874,2024-07-31,https://www.aph.gov.au/Parliamentary_Business/Tabled_Documents/6874,position,in part or in principle,Accept in principle,,"The Australian Government is committed to strengthening safeguards for NDIS participants. Free advocacy supports are already available through the National Disability Advocacy Program. NDIS support coordinators and providers can refer NDIS participants to these advocacy organisations directly to request individual disability advocacy services or participants can approach these services directly for assistance. The NDIS Commission is also committed to continuing to promote the value of independent advocacy for NDIS participants who require it. The NDIS (Complaints Management and Resolution) Rules 2018 require that the NDIS Commissioner take reasonable steps to ensure that a person making a complaint, and people with disability affected by the complaint, are provided with information about accessing an independent advocate.",yes,
disability,3444,10.6,6874,2024-07-31,https://www.aph.gov.au/Parliamentary_Business/Tabled_Documents/6874,position,in part or in principle,Accept in principle,,"The Australian Government agrees that NDIS participants accessing disability services should have access to the supports they may require to make decisions about those services. The NDIS Commission’s NDIS Practice Standards and Quality Indicators include independence and informed choice, and support planning as core components of quality service provision The NDIS Commission commissioned Flinders University, the Council on Intellectual Disability, and the University of NSW to develop Deciding with Support, a new toolkit of co-designed resources for everyone involved in positive behaviour support. The NDIS Commission will continue to work with the NDIA, First Nations Community Controlled Organisations, and build connections with advocacy groups and other parties to design resources that provide guidance to providers in supported decision making where appropriate.",yes,
disability,3444,10.7,6874,2024-07-31,https://www.aph.gov.au/Parliamentary_Business/Tabled_Documents/6874,position,in part or in principle,Accept in principle,,"The Australian Government agrees that NDIS participants accessing disability services should have access to the supports they may require to make decisions about those services. The NDIS Commission’s NDIS Practice Standards and Quality Indicators include independence and informed choice, and support planning as core components of quality service provision The NDIS Commission commissioned Flinders University, the Council on Intellectual Disability, and the University of NSW to develop Deciding with Support, a new toolkit of co-designed resources for everyone involved in positive behaviour support. The NDIS Commission will continue to work with the NDIA, First Nations Community Controlled Organisations, and build connections with advocacy groups and other parties to design resources that provide guidance to providers in supported decision making where appropriate.",yes,
disability,3444,10.8,6874,2024-07-31,https://www.aph.gov.au/Parliamentary_Business/Tabled_Documents/6874,noted,,Subject to further consideration,,"The NDIS Provider and Worker Registration Taskforce will provide a report with advice and recommendations to Government in mid-2024. This will inform the response to this recommendation. In addition, HumanAbility has been established as the Jobs and Skills Council responsible for identifying the skills and workforce needs for the care and support sector, mapping career pathways across education sectors, developing contemporary Vocational Education and Training products, supporting collaboration between industry and training providers to improve training and assessment practice, and acting as a source of intelligence on issues affecting their industries. This includes considering job roles and career pathways for disability support workers.",,
disability,3444,10.9,6874,2024-07-31,https://www.aph.gov.au/Parliamentary_Business/Tabled_Documents/6874,noted,,Note,,"The Australian Government is committed to a sustainable and productive care and support economy that delivers quality care and support with quality jobs, including fair wages across the sector. On 17 June 2024, the Australian Services Union, Australian Workers Union, Health Services Union, and United Workers Union applied to the Fair Work Commission to vary the Social, Community, Home Care and Disability Services (SCHADS) Award to clarify that Schedule B of the Award (covering social and community services workers) applies to employees providing disability services funded by the NDIS. (The Government does not have standing under section 158 of the Fair Work Act 2009 to bring an award variation application for the majority of modern awards, including the SCHADS).",yes,
disability,3444,10.10,6874,2024-07-31,https://www.aph.gov.au/Parliamentary_Business/Tabled_Documents/6874,position,in part or in principle,Accept in principle,,"The Australian Government and state and territory governments acknowledge that there are gaps when an NDIS provider or the NDIS market fails which can prevent a person with disability in certain areas or with certain needs from accessing the supports and services they need, when they need them. A provider of last resort scheme could be one mechanism to address failed and critically thin markets, particularly for First Nations people in remote communities, as well as regional and remote communities more broadly, and participants with complex needs. It could also be a mechanism to support people in crisis situations, such as those at risk of losing their accommodation, or access to disability supports.",yes,answered with the states and territories together
disability,3444,10.11,6874,2024-07-31,https://www.aph.gov.au/Parliamentary_Business/Tabled_Documents/6874,position,in part or in principle,Accept in principle,,"In the 2023–2024 Budget, the NDIS Commission received funding of $120.3 million over two years for additional resources to meet demand and address outstanding matters. In the 2024–25 Budget, the NDIS Commission received funding of $160 million over four years for the Data and Regulatory Transformation Program to ensure the Commission has the critical technology systems required to gather intelligence and collect and analyse data to protect both participants and the NDIS itself.",,
disability,3444,10.12,6874,2024-07-31,https://www.aph.gov.au/Parliamentary_Business/Tabled_Documents/6874,position,in part or in principle,Accept in principle,,The Australian Government and state and territory governments support in principle the NDIS Commission having access to ‘class or kind’ determinations to enable it to effectively manage the volume of reportable incidents it receives. The NDIS Commission will work with people with disability and the NDIS sector to determine an approach to ‘class or kind’ determinations where a satisfactory level of competence in managing and investigating incidents has been demonstrated by providers. Strategies for assessing compliance by the NDIS Commission will be included in considerations. The NDIS Commissioner is able to amend the National Disability Insurance Scheme (Incident Management and Reportable Incidents) Rules 2018 (Cth) in consultation with states and territories.,yes,answered with the states and territories together
disability,3444,10.13,6874,2024-07-31,https://www.aph.gov.au/Parliamentary_Business/Tabled_Documents/6874,position,in part or in principle,Accept in principle,,"Under the National Disability Insurance Scheme (Incident Management and Reportable Incidents) Rules 2018, the NDIS Quality and Safeguards Commissioner has the power to require a registered NDIS provider to engage an independent expert to investigate an incident that has been reported in connection with the provision of supports or services by the provider. The NDIS Commission will explore options and feasibility of establishing a panel of independent investigators with the appropriate skills and credentials in relation to safeguarding, human rights and investigative practice.",,
disability,3444,10.14,6874,2024-07-31,https://www.aph.gov.au/Parliamentary_Business/Tabled_Documents/6874,position,in part or in principle,Accept in principle,,"The NDIS Commission will work with people with disability, their representatives, and NDIS service providers to identify practical applications of this recommendation. The NDIS Commission’s approach to regulation is proportionate and as outlined in the NDIS Practice Standards and Indicators for Incident Management: ‘An incident management system is maintained that is relevant and proportionate to the scope and complexity of supports delivered and the size and scale of the organisation.’ The NDIS Practice Standards create an important benchmark for providers to assess their performance, and to demonstrate how they provide high quality and safe supports and services to NDIS participants. Extensive legal consideration will be required in relation to the redress element of this recommendation.",yes,
disability,3444,10.15,6874,2024-07-31,https://www.aph.gov.au/Parliamentary_Business/Tabled_Documents/6874,position,in part or in principle,Accept in principle,,"The Australian Government and state and territory governments recognise and support the importance of having an accessible and responsive complaints handling system to uphold the rights of people with disability in complaints and incident investigation processes associated with NDIS providers. The NDIS Commission will work with states and territories to develop and issue a guideline, co-designed with people with disability, outlining the core components of an accessible and responsible complaints handling and investigative practice involving people with disability.",,answered with the states and territories together
disability,3444,10.16,6874,2024-07-31,https://www.aph.gov.au/Parliamentary_Business/Tabled_Documents/6874,position,in part or in principle,Accept in principle,,"The Australian Government and state and territory governments acknowledge the Disability Royal Commission’s findings that NDIS providers have failed to provide a written apology or discuss any form of redress when people with disability, for whom they were responsible, experienced violence, abuse, neglect or exploitation. The NDIS Commission will work with states and territories, people with disability, NDIS providers and other key stakeholders to investigate the practical application of this recommendation, including consideration of legal and regulatory implications. Australian Government — additional information The Australian Government notes individual providers are accountable for civil liabilities.",yes,answered with the states and territories together
disability,3444,10.17,6874,2024-07-31,https://www.aph.gov.au/Parliamentary_Business/Tabled_Documents/6874,position,in part or in principle,Accept in principle,,"The NDIS Commission will work with people with disability, their representatives, and NDIS service providers to identify opportunities to implement this recommendation in line with proportionality, a key feature of the NDIS Commission’s regulatory model.",,
disability,3444,10.18,6874,2024-07-31,https://www.aph.gov.au/Parliamentary_Business/Tabled_Documents/6874,position,in part or in principle,Accept in principle,,"Following a significant review of its complaints function, on 20 February 2023 the NDIS Commission implemented a national complaints model that incorporates a nationally consistent triage and assessment process. This work includes the establishment of the National Intake and Early Resolution team to focus on consistent management of complaints and early resolution of less complex matters that can be resolved quickly between participants and providers. A dedicated Safeguarding Team is also focused on responding quickly to complaints that identify an immediate risk to participants and ensuring that providers and other agencies on the ground are taking rapid action to address risk. Revised complaints processes based on a risk proportionate approach continue to be developed and embedded. These are key foundations for delivering this recommendation.",yes,
disability,3444,10.19,6874,2024-07-31,https://www.aph.gov.au/Parliamentary_Business/Tabled_Documents/6874,position,in part or in principle,Accept in principle,,"The Australian Government and state and territory governments agree NDIS Rules should enable the NDIS Commission to require a provider to carry out an investigation into a complaint and report on its contact with the complainant and findings. The NDIS Commission will work with states and territories, people with disability, and the broader NDIS sector to identify and implement required NDIS Rules changes.",,answered with the states and territories together
disability,3444,10.20,6874,2024-07-31,https://www.aph.gov.au/Parliamentary_Business/Tabled_Documents/6874,position,accepted,Accept,,"The Australian Government is committed to ensuring NDIS Commission and NDIA complaint handling processes are fully accessible. In February 2023, the NDIS Commission introduced a new national complaint handling model to improve accessibility and responsiveness of its complaint handling processes. The NDIS Commission is also reviewing its website and resources to ensure they are accessible for NDIS participants, families, carers, workers and providers. The NDIS Commission has implemented a national triage process for all complaints. This includes a ‘no wrong door’ approach through the NDIS Commission’s call centre and a process for identifying high risk matters for referral to the NDIS Commission’s Safeguarding Unit, which is a specialist unit established to respond to situations where people with disability may be identified as at risk of immediate harm and ensure that providers and",yes,
disability,3444,10.21,6874,2024-07-31,https://www.aph.gov.au/Parliamentary_Business/Tabled_Documents/6874,position,in part or in principle,Accept in principle,,"The Australian Government and state and territory governments support reform to the registration and audit process to enable a strengthened but risk-proportionate approach to regulating and monitoring the quality and safety of services delivered by NDIS providers. On 12 February 2024, the Minister for the NDIS announced the establishment of the NDIS Provider and Worker Registration Taskforce to provide advice on the design and implementation of a new graduated risk-proportionate regulatory model for all providers and workers in consultation with the disability community. The Taskforce will provide a report with advice and recommendations to Government in mid-2024.",yes,answered with the states and territories together
disability,3444,10.22,6874,2024-07-31,https://www.aph.gov.au/Parliamentary_Business/Tabled_Documents/6874,position,in part or in principle,Accept in principle,,"The Australian Government and state and territory governments support strengthening complaint handling and incident management requirements to better protect people with disability. The NDIS Commission will commence a review of the NDIS Practice Standards, which form part of the National Disability Insurance Scheme (Provider Registration and Practice Standards) Rules 2018, in consultation with people with disability, NDIS providers and states and territories in 2024. The outcomes of the review will inform the issuing of further standards that address complaint handling and incident management.",,answered with the states and territories together
disability,3444,10.23,6874,2024-07-31,https://www.aph.gov.au/Parliamentary_Business/Tabled_Documents/6874,position,accepted,Accept,,"The NDIS Commission currently collects and publishes a series of data relating to unregistered providers and a range of data related to NDIS Commission regulatory activity, for example: ■ Unregistered providers and compliance activity outcomes from July 2022 to December 2023 (including banning orders, banning order variations, compliance notices, corrective action requests, education, other registration decisions, warning letters issued) (NDIS Commission Quarterly Reports). ■ Unregistered providers and workers seeking NDIS worker screening check clearances. The NDIS Commission’s Data and Regulatory Transformation project, announced as part of the 2024–25 Budget, will support the NDIS Commission’s capacity to collect and report on a broader range of items. The NDIS Provider and Worker Registration Taskforce will provide a report with advice and recommendations to Government in mid-2024.",yes,
disability,3444,10.24,6874,2024-07-31,https://www.aph.gov.au/Parliamentary_Business/Tabled_Documents/6874,position,in part or in principle,Accept in principle,,The Australian Government is committed to improving access to behaviour support practitioners. The NDIS Commission has an existing Provider Finder through which individual Behaviour Support Practitioners can be identified here www.ndiscommission.gov.au/find-ndis-behaviour-support-practitioner. The search tool will help identify whether a behaviour support practitioner is considered suitable. Only behaviour support practitioners who have consented to publish their details are included in the search results. A number of provisionally suitable behaviour support practitioners awaiting an outcome on their application will not appear until their application is approved and they have been considered suitable. The NDIS Commission will explore potential approaches and feasibility of the options outlined in this recommendation to improve access to behaviour support practitioners.,yes,
disability,3444,10.25,6874,2024-07-31,https://www.aph.gov.au/Parliamentary_Business/Tabled_Documents/6874,position,in part or in principle,Accept in principle,,"The NDIS Commission continues to strengthen monitoring, compliance and enforcement, including through the establishment of an inter-departmental Fraud Fusion team and teams focused on litigation and dispute resolution, place-based compliance activity, high intensity responses and risk, intelligence and delivery. The NDIS Commission also sits on the Fair Pricing Taskforce with the National Disability Insurance Agency and the Australian Competition and Consumer Commission to collaborate on delivering strengthened approaches to upholding NDIS participant consumer rights. The NDIS Commission’s compliance priorities are developed on an annual basis, are evidence based, and risk informed (noting historical constraints in the NDIS Commission’s ability to gather intelligence).",yes,
disability,3444,10.26,6874,2024-07-31,https://www.aph.gov.au/Parliamentary_Business/Tabled_Documents/6874,position,in part or in principle,Accept in principle,,"The Australian Government and state and territory governments recognise the value and importance of data in proactively identifying issues, monitoring trends, improving collaboration and responses between relevant regulatory bodies, and better safeguarding people with disability from violence, abuse, neglect and exploitation. The NDIS Commission will work with people with disability, their representatives, and NDIS service providers to identify potential approaches to the collection of provider investigation outcome data on a routine basis from NDIS providers and publication. Changes to NDIS systems and development of provider guidance will be required to support this recommendation.",,answered with the states and territories together
disability,3444,10.27,6874,2024-07-31,https://www.aph.gov.au/Parliamentary_Business/Tabled_Documents/6874,position,in part or in principle,Accept in principle,,"In 2023, the NDIS Commission established the Risk, Intelligence and Delivery team within the Regulatory Operations Division. This team supports the NDIS Commission’s capacity to collect intelligence and to support the identification of and response to higher risk participants. It works with other Regulatory Operations Teams to support the taking of action relating to providers where necessary and the identification of systemic issues in a proactive and timely way.",,
disability,3444,10.28,6874,2024-07-31,https://www.aph.gov.au/Parliamentary_Business/Tabled_Documents/6874,position,in part or in principle,Accept in principle,,The Australian Government and state and territory governments support increased and robust risk-related information sharing between safeguarding bodies in each state and territory and the NDIS Commission to facilitate the harmonious and effective oversight of services provided to people with disability. All governments are committed to considering relevant rule or legislative changes to ensure safeguarding bodies in each jurisdiction can exchange risk-related information with the NDIS Commission. A key aspect of implementation of any legislative changes for this recommendation will be protecting personal and private information.,,answered with the states and territories together
disability,3444,10.29,6874,2024-07-31,https://www.aph.gov.au/Parliamentary_Business/Tabled_Documents/6874,position,in part or in principle,Accept in principle,,"In 2023, the NDIS Commission established an Indigenous and Remote Operations team to support active engagement with First Nations communities on country. The NDIS Commission has taken active steps to increase engagement with First Nations people with disability and their representatives to encourage and improve their interactions with the NDIS Commission and their experiences of NDIS services and supports more broadly. The NDIS Commission has commenced visits and engagements with First Nations people through its place-based campaigns process, including engagement in remote areas (for example, the Barkly Tablelands in the Northern Territory). The NDIS Commission continues to work closely with First Nations people and their representatives through a range of strategies including the representation of the First Peoples Disability Network on the NDIS Commission’s consultative committee.",yes,
disability,3444,10.30,6874,2024-07-31,https://www.aph.gov.au/Parliamentary_Business/Tabled_Documents/6874,position,in part or in principle,Accept in principle,,"The NDIS Quality and Safeguards Commissioner has a legislated role in education for people with disability and providers under the National Disability Insurance Scheme Act 2013. The NDIS Commission currently shares data and insights with people with disability, NDIS providers, and the broader community through quarterly activity reports. New systems and improved data capability will support the NDIS Commission in providing more nuanced and detailed data to drive quality and safety in the provision of NDIS services and supports. The NDIS Commission currently delivers presentations, information resources in different formats, and webinars to the sector. Training and information offerings are available on the NDIS Commission website for NDIS providers and workforce and NDIS participants.",yes,
disability,3444,10.31,6874,2024-07-31,https://www.aph.gov.au/Parliamentary_Business/Tabled_Documents/6874,position,in part or in principle,Accept in principle,,"The Australian Government and state and territory governments are committed to protecting the safety of people with disability, including through strong workforce screening processes. All governments will work together to consider options to clarify the role of the Australian Federal Police and other national bodies in monitoring new charges related to NDIS workers and sharing information with state and territory worker screening units. The National Disability Insurance Scheme Act 2013 allows the NDIS Commission to disclose protected NDIS Commission information to worker screening units for the purposes of carrying out an NDIS worker screening check. All governments are committed to working together to review the adequacy of information sharing arrangements.",yes,answered with the states and territories together
disability,3444,10.32,6874,2024-07-31,https://www.aph.gov.au/Parliamentary_Business/Tabled_Documents/6874,position,in part or in principle,Accept in principle,,"The Australian Government and state and territory governments are committed to protecting the safety of people with disability, including through strong workforce screening processes. All governments will work together to consider options to clarify the role of the Australian Federal Police and other national bodies in monitoring new charges related to NDIS workers and sharing information with state and territory worker screening units. The National Disability Insurance Scheme Act 2013 allows the NDIS Commission to disclose protected NDIS Commission information to worker screening units for the purposes of carrying out an NDIS worker screening check. All governments are committed to working together to review the adequacy of information sharing arrangements.",yes,answered with the states and territories together
disability,3444,10.33,6874,2024-07-31,https://www.aph.gov.au/Parliamentary_Business/Tabled_Documents/6874,position,in part or in principle,Accept in principle,,"The Australian Government and state and territory governments are committed to protecting the safety of people with disability, including through strong workforce screening processes. All governments will work together to consider options to clarify the role of the Australian Federal Police and other national bodies in monitoring new charges related to NDIS workers and sharing information with state and territory worker screening units. The National Disability Insurance Scheme Act 2013 allows the NDIS Commission to disclose protected NDIS Commission information to worker screening units for the purposes of carrying out an NDIS worker screening check. All governments are committed to working together to review the adequacy of information sharing arrangements.",yes,answered with the states and territories together
disability,3444,11.1,6874,2024-07-31,https://www.aph.gov.au/Parliamentary_Business/Tabled_Documents/6874,noted,,Subject to further consideration,,"The Australian Government and state and territory governments support a strong, connected safeguarding system to reduce the risk of harm to people with disability and will work together through the Disability Reform Ministerial Council to consider reform options to develop a nationally consistent and a unified approach. As a first step, the Commonwealth will work with states and territories to develop a framework that sets out the standards and culture of how the disability ecosystem will work to strengthen safeguarding for people with disability. Australian Government — additional information As part of its initial response to the Disability Royal Commission, the Australian Government has committed $15.6 million to establish a Disability Support Quality and Safeguarding Framework and Disability Support Ecosystem Safeguarding Strategy to unify disability quality and safeguarding",yes,answered with the states and territories together
disability,3444,11.2,6874,2024-07-31,https://www.aph.gov.au/Parliamentary_Business/Tabled_Documents/6874,noted,,Subject to further consideration,,"The Australian Government and state and territory governments support a strong, connected safeguarding system to reduce the risk of harm to people with disability and will work together through the Disability Reform Ministerial Council to consider reform options to develop a nationally consistent and a unified approach. As a first step, the Commonwealth will work with states and territories to develop a framework that sets out the standards and culture of how the disability ecosystem will work to strengthen safeguarding for people with disability. Australian Government — additional information As part of its initial response to the Disability Royal Commission, the Australian Government has committed $15.6 million to establish a Disability Support Quality and Safeguarding Framework and Disability Support Ecosystem Safeguarding Strategy to unify disability quality and safeguarding",yes,answered with the states and territories together
disability,3444,11.3,6874,2024-07-31,https://www.aph.gov.au/Parliamentary_Business/Tabled_Documents/6874,not addressed,,,,,,the response does not address this recommendation
disability,3444,11.4,6874,2024-07-31,https://www.aph.gov.au/Parliamentary_Business/Tabled_Documents/6874,position,in part or in principle,Accept in principle,,"The Australian Government and state and territory governments are committed to working together to embed more accessible and integrated complaints reporting pathways. All governments will work together through the Disability Reform Ministerial Council to consider a coordinated approach to this reform. The Australian Government will continue to operate the existing National Disability Abuse and Neglect Hotline and will work with states and territories as they consider recommendation 11.3 and complementary approaches to ensuring people with disability can access help when they need it most. Australian Government — additional information At the 2024–25 Budget, the Australian Government committed an additional $2.6 million for the continued delivery of the National Disability Abuse and Neglect Hotline and the Complaints Resolution and Referral Service.",yes,answered with the states and territories together
disability,3444,11.5,6874,2024-07-31,https://www.aph.gov.au/Parliamentary_Business/Tabled_Documents/6874,position,in part or in principle,Accept in principle,,"The Australian Government and state and territory governments support the development of guidelines for organisations on implementing complaint handling systems that are accessible and responsive to people with disability. Governments are committed to supporting organisations to ensure complaints processes are accessible, culturally safe, user friendly and more streamlined to ensure instances of violence, abuse, neglect and exploitation are reported and responded to. Governments will work together to consider appropriate approaches and timeframes to implementing this recommendation and the related recommendations 10.15 and 10.16.",yes,answered with the states and territories together
disability,3444,11.6,6874,2024-07-31,https://www.aph.gov.au/Parliamentary_Business/Tabled_Documents/6874,position,in part or in principle,Accept in principle,,"The Australian Government is committed to working with states and territories towards full implementation of the Optional Protocol to the Convention Against Torture and Other Cruel, Inhuman or Degrading Treatment or Punishment (OPCAT), and is supportive of reviewing legislative provisions to ensure the consistent implementation of OPCAT across Australia. The Attorney-General’s Department will continue to facilitate the national coordination of OPCAT implementation in Australia, including working with states and territories to ensure that all parts of the Australian National Preventative Mechanisms have appropriate legislative authority and clarity to fulfil their mandate. In 2019, the Australian Government legislated for the Office of the Commonwealth Ombudsman to be Australia’s National Preventive Mechanism coordinator.",yes,
disability,3444,11.7,6874,2024-07-31,https://www.aph.gov.au/Parliamentary_Business/Tabled_Documents/6874,position,in part or in principle,Accept in principle,"NSW, QLD, SA, VIC, WA: Subject to further consideration","The following response is provided by the Commonwealth, ACT, NT, SA, TAS and WA. The Australian Government and state and territory governments recognise the importance of ensuring National Preventive Mechanisms in all jurisdictions are enabled to fulfil their core functions with respect to all places of detention and will continue to work to resolve funding arrangements. National Preventive Mechanisms have been nominated in the Commonwealth, the Australian Capital Territory, Northern Territory, South Australia, Tasmania, and Western Australia. Legislation in the Commonwealth, Tasmania and the Northern Territory already enable National Preventive Mechanisms access to places of detention covered by the Optional Protocol to the Convention Against Torture and Other Cruel, Inhuman or Degrading Treatment or Punishment (OPCAT), noting Northern Territory legislation has not yet commenced, and",yes,answered with the states and territories together
disability,3444,11.8,6874,2024-07-31,https://www.aph.gov.au/Parliamentary_Business/Tabled_Documents/6874,not addressed,,,,,,the response does not address this recommendation
disability,3444,11.9,6874,2024-07-31,https://www.aph.gov.au/Parliamentary_Business/Tabled_Documents/6874,not addressed,,,,,,the response does not address this recommendation
disability,3444,11.10,6874,2024-07-31,https://www.aph.gov.au/Parliamentary_Business/Tabled_Documents/6874,position,in part or in principle,Accept in principle,,"The Australian Government is committed to the full implementation of Optional Protocol to the Convention Against Torture and Other Cruel, Inhuman or Degrading Treatment or Punishment (OPCAT) and ensuring National Preventive Mechanisms have the capability to discharge their functions. The Commonwealth Ombudsman, as an independent statutory authority, has the function of National Preventive Mechanism Coordinator, to coordinate (but not direct) the Commonwealth, state and territory oversight bodies nominated by their governments as National Preventive Mechanisms. The Commonwealth Ombudsman established the civil society OPCAT Advisory Group to provide the Ombudsman with expert advice and guidance about the implementation of OPCAT. The Commonwealth Ombudsman invites each of the members of the OPCAT Advisory Group for their respective experience and expertise.",yes,
disability,3444,11.11,6874,2024-07-31,https://www.aph.gov.au/Parliamentary_Business/Tabled_Documents/6874,position,in part or in principle,Accept in principle,"NSW, QLD, SA, VIC, WA: Subject to further consideration","The following response is provided by the Commonwealth, ACT, NT, SA, TAS and WA The Australian Government and state and territory governments will continue to work together collaboratively to ensure National Preventive Mechanisms are appropriately supported and funded to implement their functions in a disability-inclusive way. National Preventive Mechanisms have been nominated in the Commonwealth, the Australian Capital Territory, Northern Territory, South Australia, Tasmania, and Western Australia. The Tasmanian National Preventive Mechanisms 2024 the Optional Protocol to the Convention Against Torture and Other Cruel, Inhuman or Degrading Treatment or Punishment (OPCAT) symposium, open to all people including nominated National Preventive Mechanisms, comprehensively considered a disability inclusive approach to implementing OPCAT.",yes,answered with the states and territories together
disability,3444,11.12,6874,2024-07-31,https://www.aph.gov.au/Parliamentary_Business/Tabled_Documents/6874,position,in part or in principle,Accept in principle,,"The Australian Government and state and territory governments recognise the important role that community visitors scheme (CVS) can have in promoting and protecting the rights and wellbeing of people with disability. Having a nationally consistent approach will provide the foundations for the expected level of care, oversight and monitoring the community can receive from disability community visitors. All governments support the intent of a nationally consistent approach to CVS and will work together to consider the best approach to ensuring people with disability have access to CVS as a safeguarding mechanism. Australian Government — additional information Community visitors are statutorily appointed members of the community with powers to visit, inspect, and report on the experiences of people living in congregate disability settings.",yes,answered with the states and territories together
disability,3444,11.13,6874,2024-07-31,https://www.aph.gov.au/Parliamentary_Business/Tabled_Documents/6874,position,in part or in principle,Accept in principle,,"The Australian Government and state and territory governments recognise the important role that community visitors scheme (CVS) can have in promoting and protecting the rights and wellbeing of people with disability. Having a nationally consistent approach will provide the foundations for the expected level of care, oversight and monitoring the community can receive from disability community visitors. All governments support the intent of a nationally consistent approach to CVS and will work together to consider the best approach to ensuring people with disability have access to CVS as a safeguarding mechanism. Australian Government — additional information Community visitors are statutorily appointed members of the community with powers to visit, inspect, and report on the experiences of people living in congregate disability settings.",yes,answered with the states and territories together
disability,3444,11.14,6874,2024-07-31,https://www.aph.gov.au/Parliamentary_Business/Tabled_Documents/6874,not addressed,,,,,,the response does not address this recommendation
disability,3444,11.15,6874,2024-07-31,https://www.aph.gov.au/Parliamentary_Business/Tabled_Documents/6874,not addressed,,,,,,the response does not address this recommendation
disability,3444,11.16,6874,2024-07-31,https://www.aph.gov.au/Parliamentary_Business/Tabled_Documents/6874,noted,,Subject to further consideration,,The Australian Government and state and territory governments recognise the importance of systemic reviews of the deaths of people with disability in understanding and addressing factors that contribute to the disproportionate rates of deaths and potentially avoidable deaths of people with disability. All governments will work together to further consider the appropriateness of a national agreement on disability death reviews alongside state and territory consideration and development of disability death review schemes consistent with recommendations 11.14 and 11.15 of the Disability Royal Commission.,,answered with the states and territories together
disability,3444,11.17,6874,2024-07-31,https://www.aph.gov.au/Parliamentary_Business/Tabled_Documents/6874,not addressed,,,,,,the response does not address this recommendation
disability,3444,11.18,6874,2024-07-31,https://www.aph.gov.au/Parliamentary_Business/Tabled_Documents/6874,position,in part or in principle,Accept in principle,,"The Australian Government and state and territory governments agree on the fundamental importance of robust oversight of reportable conduct schemes that provide clear reporting pathways to help prevent and respond to allegations of abuse against all children, including children with disability. All governments will work together with the NDIS Commission to develop consistent processes that support the efficient and effective handling of reportable incidents. Volume 12: Beyond the Royal Commission Volume 12 considers monitoring and reporting on action in response to the Disability Royal Commission’s recommendations, and disability data improvements. It includes 8 recommendations, all of which are within the Australian Government’s primary or shared responsibility.",,answered with the states and territories together
disability,3444,12.1,6874,2024-07-31,https://www.aph.gov.au/Parliamentary_Business/Tabled_Documents/6874,position,in part or in principle,Accept in principle,,"The Australian Government and state and territory governments support the transparent publication of responses to Disability Royal Commission recommendations. On 5 March 2024, the Australian Government and state and territory governments, except Tasmania due to being in caretaker, released a joint statement committing to responding to joint Disability Royal Commission recommendations by mid-2024. A joint response has been released, fulfilling this commitment. Australian Government — additional information The Australian Government’s Responses to the Disability Royal Commission webpage will house and link to all government responses to the Disability Royal Commission to provide simple and transparent access from one centralised location.",,answered with the states and territories together
disability,3444,12.2,6874,2024-07-31,https://www.aph.gov.au/Parliamentary_Business/Tabled_Documents/6874,position,in part or in principle,Accept in principle,,"The Australian Government and state and territory governments support the Disability Reform Ministerial Council (DRMC) having responsibility for monitoring and overseeing the implementation of Disability Royal Commission recommendations. Disability Ministers have identified the development of responses to the Disability Royal Commission as a priority focus and have agreed to include consideration of reform in response to the Disability Royal Commission as a standing agenda item for all DRMC meetings in 2024. The issues raised in the Disability Royal Commission’s Final Report, and change required, traverse the responsibilities of several portfolios and Ministerial Councils, and require a significant and sustained national effort from all governments and all parts of our community.",yes,answered with the states and territories together
disability,3444,12.3,6874,2024-07-31,https://www.aph.gov.au/Parliamentary_Business/Tabled_Documents/6874,position,in part or in principle,Accept in principle,,The Australian Government and state and territory governments will consider appropriate independent reporting arrangements on implementation of Disability Royal Commission recommendations. Disability Ministers will consider possible arrangements and mechanisms for agreement and publication in 2024.,,answered with the states and territories together
disability,3444,12.4,6874,2024-07-31,https://www.aph.gov.au/Parliamentary_Business/Tabled_Documents/6874,position,in part or in principle,Accept in principle,,"The Australian Government supports a culture of evaluation and learning from experience to underpin evidence-based policy and delivery. The Government will consider appropriate arrangements for independent evaluations of the implementation of the Disability Royal Commission’s recommendations, with a focus on evaluating the impact of the Disability Royal Commission itself, and government responses and reform, in improving outcomes for people with disability. This will build on monitoring and reporting arrangements detailed in response to Recommendations 12.2 and 12.3. Arrangements will be finalised by 2025 to enable formal independent evaluations to be conducted in 2028 and 2033, consistent with this recommendation.",,
disability,3444,12.5,6874,2024-07-31,https://www.aph.gov.au/Parliamentary_Business/Tabled_Documents/6874,position,in part or in principle,Accept in principle,,"The Australian Government and state and territory governments acknowledge the importance of data collection and publication and its role in safeguarding against violence, abuse, neglect and exploitation and informing an evidence-based approach to ongoing reform to support better outcomes for people with disability. In January 2024, Disability Ministers agreed Commonwealth, state and territory officials focus and accelerate work to resolve data gaps in relation to the reporting requirements under Australia’s Disability Strategy 2021–2031 Outcomes Framework by the end of 2024. All governments are also working together to develop an action plan, with agreed timeframes, to drive data collection (including gender disaggregated data) and reporting on data-related Disability Royal Commission recommendations. The action plan is expected to be published in 2024.",yes,answered with the states and territories together
disability,3444,12.6,6874,2024-07-31,https://www.aph.gov.au/Parliamentary_Business/Tabled_Documents/6874,position,in part or in principle,Accept in principle,,"The Australian Government and state and territory governments acknowledge the importance of data collection and publication and its role in safeguarding against violence, abuse, neglect and exploitation and informing an evidence-based approach to ongoing reform to support better outcomes for people with disability. In January 2024, Disability Ministers agreed Commonwealth, state and territory officials focus and accelerate work to resolve data gaps in relation to the reporting requirements under Australia’s Disability Strategy 2021–2031 Outcomes Framework by the end of 2024. All governments are also working together to develop an action plan, with agreed timeframes, to drive data collection (including gender disaggregated data) and reporting on data-related Disability Royal Commission recommendations. The action plan is expected to be published in 2024.",yes,answered with the states and territories together
disability,3444,12.7,6874,2024-07-31,https://www.aph.gov.au/Parliamentary_Business/Tabled_Documents/6874,position,in part or in principle,Accept in principle,,"The Australian Government and state and territory governments acknowledge the importance of data collection and publication and its role in safeguarding against violence, abuse, neglect and exploitation and informing an evidence-based approach to ongoing reform to support better outcomes for people with disability. In January 2024, Disability Ministers agreed Commonwealth, state and territory officials focus and accelerate work to resolve data gaps in relation to the reporting requirements under Australia’s Disability Strategy 2021–2031 Outcomes Framework by the end of 2024. All governments are also working together to develop an action plan, with agreed timeframes, to drive data collection (including gender disaggregated data) and reporting on data-related Disability Royal Commission recommendations. The action plan is expected to be published in 2024.",yes,answered with the states and territories together
disability,3444,12.8,6874,2024-07-31,https://www.aph.gov.au/Parliamentary_Business/Tabled_Documents/6874,position,in part or in principle,Accept in principle,,"The Australian Government and state and territory governments have committed to deliver the enduring National Disability Data Asset and contribute to ongoing costs through the National Disability Data Asset Memorandum of Understanding, signed by Disability Ministers in mid-2023. The National Disability Data Asset will be in operation in 2024–25. All governments are working together to determine costs and funding arrangements beyond 2025. Implementation, monitoring and reporting 273 Implementation, monitoring and reporting 274 Implementation, monitoring and reporting Implementation, monitoring and reporting Robust governance and accountability are critical to delivering meaningful reform towards a safe, accessible, and inclusive Australia for people with disability.",yes,answered with the states and territories together
defence-veteran-suicide,7262,1,8578,2024-12-02,https://www.aph.gov.au/Parliamentary_Business/Tabled_Documents/8578,position,accepted,The Government agreed,,"The Government agreed to simplify and harmonise the veterans’ legislation framework. To deliver on the Government’s commitment, on 3 July 2024 the Government introduced the Veterans’ Entitlements, Treatment and Support (Simplification and Harmonisation) Bill 2024 into Parliament, following extensive public consultation throughout 2023. The purpose of the Bill is to implement a single Act model for all new claims for veteran rehabilitation and compensation, by way of an improved Military Rehabilitation and Compensation Act 2004 (MRCA). This will create a simpler system making it easier for veterans and families to understand their entitlements, and for claims advocates to assist veterans and families with their claims. It will also allow for faster claims processing of claims, so veterans and families receive the support they need and deserve, when they need it.",,
defence-veteran-suicide,7262,2,8578,2024-12-02,https://www.aph.gov.au/Parliamentary_Business/Tabled_Documents/8578,position,accepted,The Government agreed,,"The Government agreed this recommendation, and funded 500 additional ongoing staff enabling DVA to clear the backlog of unallocated Initial Liability (IL), Incapacity, and Permanent Impairment claims identified by the Royal Commission. The backlog was cleared ahead of schedule and as at 30 September 2024, DVA had made determinations for almost 97 per cent of the claims in the backlog identified by the Royal Commission. This has allowed for DVA to allocate new claims within two weeks of receipt to a delegate for processing.",,
defence-veteran-suicide,7262,3,8578,2024-12-02,https://www.aph.gov.au/Parliamentary_Business/Tabled_Documents/8578,position,accepted,The Government agreed,,"The Government agreed this recommendation. The administration of DVA’s claims systems continues to improve with the introduction of significant improvements to DVA’s processes and ICT systems. This includes streamlined medical forms, the introduction of claims screening teams, and improvements to the MyService portal. These reforms make it simpler and easier for veterans and families to lodge claims and faster for decision-makers to assess claims. As the recommendation also stated, DVA reported on the status of this recommendation by public reporting via their website from June 2023 until June 2024.",,
defence-veteran-suicide,7262,4,8578,2024-12-02,https://www.aph.gov.au/Parliamentary_Business/Tabled_Documents/8578,position,accepted,The Government agreed,,"The Government agreed this recommendation, and allocated DVA additional funding and staff to process veteran compensation claims faster, and funded improvements to the department’s internal systems. This will improve the DVA Demand Driven Funding Model (DDFM) to better forecast future demand for DVA services and operations into the future. This will result in a better understanding of the future support needs of veterans and their families.",,
defence-veteran-suicide,7262,5,8578,2024-12-02,https://www.aph.gov.au/Parliamentary_Business/Tabled_Documents/8578,position,accepted,The Government agrees,,"The Government agrees all members should be supported to decompress, rest and reintegrate, especially after high-risk experiences. Defence established a Mental Health and Wellbeing Branch in July 2023 to focus and strengthen Defence’s approach to preventative mental health and wellbeing in response to issues being identified through the Royal Commission. The Branch is focused on supporting and optimising the capability of ADF personnel both pre and post deployment. The Branch will review and update Defence’s Respite Policy to ensure it addresses the issues raised.",,
defence-veteran-suicide,7262,6,8578,2024-12-02,https://www.aph.gov.au/Parliamentary_Business/Tabled_Documents/8578,position,accepted,The Government agrees,,"The Government agrees to improve procedural fairness of the military employment classification scheme by publishing guidance for decision-makers and providing members with appropriate opportunities to review relevant documents. The Government is committed to making the Military Employment Classification system simpler, more transparent and easier to navigate, and work is already underway. The outcomes of a recent internal examination of processes for the Military Employment Classification Review Board system, including improving the transparency of decision-making, will be implemented to provide greater procedural fairness for ADF personnel.",,
defence-veteran-suicide,7262,7,8578,2024-12-02,https://www.aph.gov.au/Parliamentary_Business/Tabled_Documents/8578,position,accepted,The Government agrees,,"The Government agrees to increase employment opportunities for members who are unable to deploy. ADF personnel may be unable to deploy during the course of their career for a variety of reasons. Although some roles in the ADF do require deployment, many do not. Defence will maximise opportunities for ADF members who are no longer able to be deployed, including systematically identifying suitable roles for these members to continue their careers in the ADF.",,
defence-veteran-suicide,7262,8,8578,2024-12-02,https://www.aph.gov.au/Parliamentary_Business/Tabled_Documents/8578,position,accepted,The Government agrees,,"The Government agrees the next iteration of the Workforce Plan, due to be released in 2026 alongside the National Defence Strategy, will focus on outcomes-based retention initiatives. The Government recently announced the 2024 Defence Workforce Plan, which drew on a range of Defence workforce experience data to understand the reasons people choose to stay and leave the ADF. The Workforce Plan included measures to address Defence’s organisational culture, wellbeing and support to ADF members and their families. As part of this Plan, the Government committed to ensure that benefits to support member and family wellbeing are fit for purpose, and meet both member and capability needs. The Government also committed to short-term measures to grow the ADF and reduce workforce concurrency pressures, including hollowness in the Defence Force.",yes,
defence-veteran-suicide,7262,9,8578,2024-12-02,https://www.aph.gov.au/Parliamentary_Business/Tabled_Documents/8578,position,accepted,The Government agreed,,"The Government agreed recommendations 9-13. These recommendations were implemented, delivering improvements to information access from Defence and DVA for members of the ADF, veterans and their families. Both Defence and DVA now provide greater clarity on the eligibility criteria to receive access to records, whilst also providing more information to applicants about any redactions which may be necessary. The web presence has also been simplified to ensure applications for records can be easily submitted and allow for online submission wherever possible. Defence and DVA have established Information Access Units that centrally manage requests and provide a single point of contact for applicants. A ‘no wrong door’ approach across both departments has been embedded making it easier and faster for applicants to access information.",yes,
defence-veteran-suicide,7262,10,8578,2024-12-02,https://www.aph.gov.au/Parliamentary_Business/Tabled_Documents/8578,position,in part or in principle,The Government agrees-in-principle,,"The Government agrees-in-principle to this recommendation. The Australian Human Rights Commission (AHRC) will work with Defence to assess the extent to which underlying drivers, risk and protective factors in the Defence Respect@Work Framework are present in each Service, allowing Defence to develop service-specific action plans for the Framework. These new action plans will extend beyond the three Services to include all Groups in Defence and is an important next step to making this overarching Framework relevant to each Service. The Government is committed to AHRC independently assessing Defence’s application of the Framework.",,
defence-veteran-suicide,7262,11,8578,2024-12-02,https://www.aph.gov.au/Parliamentary_Business/Tabled_Documents/8578,position,accepted,The Government agrees,,"The Government agrees Defence will assess its ADF leaders based on upwards feedback and performance against culture, health and wellbeing targets. Defence is developing an integrated workplace behaviours, culture and integrity reporting capability to be tested in early 2025. The integrated reporting capability will include reporting on sexual misconduct and unacceptable behaviour. The capability will draw on wider government integrity measures from the Australian Public Service Commission and will expand to include workplace surveys data.",,
defence-veteran-suicide,7262,12,8578,2024-12-02,https://www.aph.gov.au/Parliamentary_Business/Tabled_Documents/8578,position,accepted,The Government agrees,,The Government agrees to consider emotional intelligence and performance against wellbeing targets in selecting leaders to promote. The Government will continue to strengthen the selection of ADF leaders. The introduction of the fit and proper person test has contributed to a greater focus on the culture of Defence’s leaders when assessing their suitability for promotion and selection for command positions.,,
defence-veteran-suicide,7262,13,8578,2024-12-02,https://www.aph.gov.au/Parliamentary_Business/Tabled_Documents/8578,position,accepted,The Government agrees,,"The Government agrees to co-design a new doctrine recognising that operational readiness depends on a healthy workforce. The new doctrine will be released in 2026 alongside the next iteration of the Workforce Plan and the National Defence Strategy. The Government recognises that people are Defence’s most important asset. Defence must evolve its culture to underpin the significant reform required to deliver the National Defence Strategy, including supporting the physical and mental health and wellbeing of its workforce. Defence has continued to improve health services and support by expanding funds and services available under the ADF Family Health Benefit program from 1 July 2023.",yes,
defence-veteran-suicide,7262,14,8578,2024-12-02,https://www.aph.gov.au/Parliamentary_Business/Tabled_Documents/8578,position,accepted,The Government agrees,,"The Government agrees to research the prevalence and effects of military sexual trauma and improve responses to support victims, including use of appropriate terminology.",,
defence-veteran-suicide,7262,15,8578,2024-12-02,https://www.aph.gov.au/Parliamentary_Business/Tabled_Documents/8578,position,accepted,The Government agrees,,"The Government agrees to clarify definitions and processes related to sexual offences. Proactive initiatives to prevent sexual misconduct create workplaces that are safer and more productive. All Defence personnel receive training to raise awareness of the issue of sexual misconduct and to help commanders, managers and teams to manage an incident if it should occur. In October 2024, Defence updated its guidance to clarify the need for Joint Military Police Unit to be consulted to determine whether an incident constitutes an offence. Defence will update its guidance to include definitions of sexual offences aligned with the Crimes Act 1900.",,
defence-veteran-suicide,7262,16,8578,2024-12-02,https://www.aph.gov.au/Parliamentary_Business/Tabled_Documents/8578,position,accepted,The Government agrees,,"The Government agrees to evaluate training on managing sexual misconduct and make the training mandatory for all leaders. There is no place for sexual misconduct in Defence. Mandatory sexual misconduct education seeks to equip Defence personnel with the understanding they need to prevent, respond to and report incidents of sexual misconduct. Defence will evaluate its Sexual Misconduct Workshops and continue to develop its mandatory education on sexual misconduct for all Defence employees. Defence’s mandatory training currently includes modules on which unacceptable behaviours constitute sexual misconduct, pathways for disclosing or reporting sexual misconduct, consent, and how to respond to disclosures. Enhancing and modernising Defence’s established sexual misconduct education program ensures an enterprise-wide approach to sexual misconduct education.",,
defence-veteran-suicide,7262,17,8578,2024-12-02,https://www.aph.gov.au/Parliamentary_Business/Tabled_Documents/8578,position,accepted,The Government agrees,,"The Government agrees to prioritise the prevention of sexual misconduct in the ADF which will include the development of a comprehensive sexual misconduct prevention strategy. The Government will invest in efforts aimed at sexual misconduct prevention in the ADF. A comprehensive sexual misconduct prevention strategy will unify Defence’s approach to prevention, detection and response to sexual misconduct. The strategy will include a commitment from leadership to build awareness and seek to prevent sexual misconduct through early intervention and the management of complaints. Defence will develop the strategy and its policy on prevention of sexual misconduct to align with the National Plan to End Violence against Women and Children (2022-32).",,
defence-veteran-suicide,7262,18,8578,2024-12-02,https://www.aph.gov.au/Parliamentary_Business/Tabled_Documents/8578,position,accepted,The Government agrees,,"The Government agrees to prioritise strengthening workplace protections during sexual misconduct investigations, including through a dedicated policy for when investigations are underway in the administrative, disciplinary or civilian justice systems. This policy on workplace protections during sexual misconduct investigations will provide for the immediate amendment of work arrangements to ensure no contact between the victim and alleged perpetrator. The Government will make necessary legislative amendments to enable ADF members to be suspended with pay (while not precluding suspension without pay) with appropriate safeguards, when they are subject to an investigation or inquiry. All workplaces should be safe, inclusive and free from harassment, discrimination and other unlawful behaviours.",yes,
defence-veteran-suicide,7262,19,8578,2024-12-02,https://www.aph.gov.au/Parliamentary_Business/Tabled_Documents/8578,position,accepted,The Government agrees,,"The Government agrees victims of sexual misconduct should be protected from disadvantage over the course of their careers. The Government strengthened protections for employees who have been, or are being, subjected to family and domestic violence from discrimination in the workplace through amendments to the Fair Work Act 2009 in 2023 and 2024. These were applied to Defence and the ADF. The Government agrees that victims of sexual misconduct should not be posted with their perpetrator/s over the course of their career in the ADF where possible and appropriate. Defence will report to the Minister for Defence Personnel on how career management, human resources and Defence housing systems have been updated to ensure this.",,
defence-veteran-suicide,7262,20,8578,2024-12-02,https://www.aph.gov.au/Parliamentary_Business/Tabled_Documents/8578,position,accepted,The Government agrees,,"The Government agrees the impact of a sexual offence on the victim, and the comparative ranks of the offender and victim, should be considered in sentencing. The Government will seek to make necessary legislative amendments to achieve this, including to the Defence Force Discipline Act 1982 (Cth). In September 2024, the Australian Defence Force Chief Judge Advocate amended Practice Note 6 – Part IV Sentencing to require the prosecution counsel to invite victims to make a victim impact statement for consideration by the service tribunal during sentencing.",,
defence-veteran-suicide,7262,21,8578,2024-12-02,https://www.aph.gov.au/Parliamentary_Business/Tabled_Documents/8578,position,accepted,The Government agrees,,"The Government agrees that subject to fair process the ADF will implement a presumption of discharge for members found to have engaged in serious sexual misconduct. All Defence personnel have a responsibility to help create a safe and respectful workplace environment and culture free from sexual misconduct. This includes an understanding of what constitutes sexual misconduct, prompt and sensitive actioning of reports and managing incidents well when they occur. Further work will be done to understand the legislative reform required to give effect to this recommendation.",,
defence-veteran-suicide,7262,22,8578,2024-12-02,https://www.aph.gov.au/Parliamentary_Business/Tabled_Documents/8578,position,accepted,The Government agrees,,"The Government agrees that the ADF will adopt a policy of mandatory discharge for ADF members convicted of sexual and related offences. All Defence personnel have a responsibility to help create a safe and respectful workplace environment and culture free from sexual misconduct. This includes an understanding of what constitutes sexual misconduct, prompt and sensitive actioning of reports and managing incidents well when they occur. Further work will be done to understand the legislative reform required to give effect to this recommendation.",,
defence-veteran-suicide,7262,23,8578,2024-12-02,https://www.aph.gov.au/Parliamentary_Business/Tabled_Documents/8578,position,accepted,The Government agrees,,"The Government agrees that the ADF will ensure it has a complete and reliable record of all serving members’ convictions of serious crimes in civilian courts, and will record convictions of sexual offences and related offences made under the Defence Force Discipline Act 1982 in civilian criminal records. The Government notes that the Minister for Defence has recently agreed to the policy for reporting certain Service Convictions to an authority of the Commonwealth, or of a State or a Territory, for purposes connected with investigating, prosecuting or keeping records in relation to offences against laws of the Commonwealth, the State or the Territory. This policy ensures that Service Convictions that society would expect to appear on a criminal history record apply to members of the ADF, even once they leave the Defence Force.",yes,
defence-veteran-suicide,7262,24,8578,2024-12-02,https://www.aph.gov.au/Parliamentary_Business/Tabled_Documents/8578,position,accepted,The Government agrees,,"The Government agrees to annually publish anonymised data on the administrative and disciplinary outcomes of all incidents and forms of sexual misconduct, which will be disaggregated by service and include the demographic information of victims and perpetrators.",,
defence-veteran-suicide,7262,25,8578,2024-12-02,https://www.aph.gov.au/Parliamentary_Business/Tabled_Documents/8578,position,accepted,The Government agrees,,The Government agrees to commission an independent inquiry into military sexual violence in the ADF. Sexual misconduct and unacceptable behaviour have no place in Defence. The rates of sexual violence being reported in the ADF are completely unacceptable. Defence will support and participate in any formal inquiries conducted into military sexual violence in the ADF.,,
defence-veteran-suicide,7262,26,8578,2024-12-02,https://www.aph.gov.au/Parliamentary_Business/Tabled_Documents/8578,position,accepted,The Government agrees,,"The Government agrees that Defence will develop a stronger culture of reporting unacceptable behaviour, including taking action to identify where those behaviours are occurring, and implement risk mitigation strategies. In addition to fostering a stronger reporting culture, Defence will improve its reporting capability in consultation with the APS Commission. This reporting capability will enable the integration of multiple sources of data, including complaints, to prevent, detect and respond to unacceptable behaviour. The first version of this capability will be available in late 2024.",,
defence-veteran-suicide,7262,27,8578,2024-12-02,https://www.aph.gov.au/Parliamentary_Business/Tabled_Documents/8578,position,accepted,The Government agrees,,"The Government agrees to evaluate Defence’s implementation of the Commonwealth Ombudsman’s 2023 review into its handling of unacceptable behaviour complaints. In 2023, Defence accepted all the recommendations of the Commonwealth Ombudsman’s review ‘Defending Fairness - Does Defence handle unacceptable complaints effectively?’ A key recommendation of that report was to establish a specialised, centralised trained complaints unit with quality assurance at its core to ensure Defence’s policies and procedures are applied consistently and to facilitate continuous improvement. Defence will evaluate and report to the Government on the status of the implementation of the review’s recommendations. Defence will prioritise the achievement of its intent, including the establishment of a specialised, centralised trained complaints unit.",,
defence-veteran-suicide,7262,28,8578,2024-12-02,https://www.aph.gov.au/Parliamentary_Business/Tabled_Documents/8578,position,accepted,The Government agrees,,"The Government agrees to effectively coordinate the governance, assurance and policy functions of the military justice system. Defence will establish a new Military Justice System Assurance Branch in December 2024 to coordinate these functions.",,
defence-veteran-suicide,7262,29,8578,2024-12-02,https://www.aph.gov.au/Parliamentary_Business/Tabled_Documents/8578,position,accepted,The Government agrees,,"The Government agrees ‘fact finds’ and inquiries should be conducted in a trauma-informed manner, and agrees to review the effectiveness of existing approaches to training, policies and communication material accordingly. The new Military Justice System Assurance Branch will include a Joint Workforce Capability Employment Manager to undertake these reviews.",,
defence-veteran-suicide,7262,30,8578,2024-12-02,https://www.aph.gov.au/Parliamentary_Business/Tabled_Documents/8578,position,accepted,The Government agrees,,The Government agrees the Inspector-General of the Australian Defence Force should prioritise its own-initiative inquiry into the weaponisation of the administrative system.,,
defence-veteran-suicide,7262,31,8578,2024-12-02,https://www.aph.gov.au/Parliamentary_Business/Tabled_Documents/8578,position,accepted,The Government agrees,,"The Government agrees that Defence should consider how mental health may have contributed to poor conduct, including when considering viable alternatives to administrative termination. As an interim measure in November 2024, the Chief of the Defence Force issued an interim Directive ‘Consideration of Suspension from Duty and Involuntary Separation of ADF Members Alleged to have Engaged in Serious Misconduct’ that includes a requirement to consider the member’s mental health and impact of that condition on their conduct.",,
defence-veteran-suicide,7262,32,8578,2024-12-02,https://www.aph.gov.au/Parliamentary_Business/Tabled_Documents/8578,position,accepted,The Government agrees,,"The Government agrees to introduce an enhanced merits review process, and to consider a ‘fast-track’ method for conducting external merits reviews. Defence will work closely with the Inspector-General of the Australian Defence Force and the Attorney-General’s Department to consider how this recommendation can be implemented.",,
defence-veteran-suicide,7262,33,8578,2024-12-02,https://www.aph.gov.au/Parliamentary_Business/Tabled_Documents/8578,position,accepted,The Government agrees,,"The Government agrees to undertake further research to understand how involvement in military justice processes may contribute to adverse outcomes, and, if they are found to contribute to adverse outcomes, to implement policies to appropriately support members. This research will consider and build on a previous review by Defence of its health policies relating to members involved in the military justice system. That review resulted in updated guidance in June 2024 for Defence health staff in advising commanders and managers, and supporting members who are involved in the military justice process.",,
defence-veteran-suicide,7262,34,8578,2024-12-02,https://www.aph.gov.au/Parliamentary_Business/Tabled_Documents/8578,position,accepted,The Government agrees,,The Government agrees Defence will prioritise the review of current regulations governing court martial panels and document them in the 2024/25 Military Justice Steering Group workplan.,,
defence-veteran-suicide,7262,35,8578,2024-12-02,https://www.aph.gov.au/Parliamentary_Business/Tabled_Documents/8578,position,accepted,The Government agrees,,The Government agrees to evaluate the effectiveness of support mechanisms for members involved in military justice processes.,,
defence-veteran-suicide,7262,36,8578,2024-12-02,https://www.aph.gov.au/Parliamentary_Business/Tabled_Documents/8578,position,accepted,The Government agrees,,"The Government agrees to trial a model outside the chain of command for supporting members involved in military justice processes. The ADF should fund and pilot a model for automatic, opt-out referral to both legal and welfare support services for members engaged in certain military justice processes that is separate from the chain of command (for example, the Workplace Behaviour Adviser Network, the Sexual Misconduct Prevention and Response Office, and the Employee Assistance Program).",,
defence-veteran-suicide,7262,37,8578,2024-12-02,https://www.aph.gov.au/Parliamentary_Business/Tabled_Documents/8578,position,accepted,The Government agrees,,"The Government agrees to develop a charter of minimum standards for all members involved in military justice processes. Defence has commenced development of this charter. The charter will set minimum standards for all members involved with or subject to disciplinary processes, or involved in matters handled by the Inspector-General of the Australian Defence Force.",,
defence-veteran-suicide,7262,38,8578,2024-12-02,https://www.aph.gov.au/Parliamentary_Business/Tabled_Documents/8578,position,accepted,The Government agrees,,The Government agrees Defence should improve its governance processes related to accountability and continuous improvement regarding mental health and wellbeing outcomes. Defence and DVA have commenced work on a Monitoring and Evaluation Framework for the Defence and Veteran Mental Health and Wellbeing.,,
defence-veteran-suicide,7262,39,8578,2024-12-02,https://www.aph.gov.au/Parliamentary_Business/Tabled_Documents/8578,position,accepted,The Government agrees,,"The Government agrees that Defence will continue to address risk factors for suicide and suicidality, and report on progress as part of enterprise-level risk management and development of the mental health and wellbeing strategy, supported by two Action Plans. Defence has created a dedicated Mental Health and Wellbeing Branch to focus and strengthen Defence’s approach to preventive mental health and wellbeing in the workplace, which will be responsible for the implementation of this recommendation. Defence and DVA are prioritising suicide prevention programs, including through the release of the draft Defence and Veteran Mental Health and Wellbeing Strategy for consultation by the end of 2024. The strategy will be reviewed by the Taskforce before finalisation in 2025.",,
defence-veteran-suicide,7262,40,8578,2024-12-02,https://www.aph.gov.au/Parliamentary_Business/Tabled_Documents/8578,position,accepted,The Government agrees,,"The Government agrees that Defence will improve its governance mechanisms, including identifying and addressing barriers to effective governance.",,
defence-veteran-suicide,7262,41,8578,2024-12-02,https://www.aph.gov.au/Parliamentary_Business/Tabled_Documents/8578,position,accepted,The Government agrees,,"The Government agrees that Defence will assess and build its project management capacity, with a focus on areas directly responsible for implementing recommendations made by the Royal Commission.",,
defence-veteran-suicide,7262,42,8578,2024-12-02,https://www.aph.gov.au/Parliamentary_Business/Tabled_Documents/8578,noted,,,,"The Government notes this recommendation. The Government agrees the Inspector-General of the Australian Defence Force should be appropriately qualified, independent, supported and consistent with comparable Inspectors-General. All recommendations related to the Inspector-General of the Australian Defence Force will be implemented with regard to the recommendations of the Twenty-Year Review of the Office of the Inspector-General of the Australian Defence Force.",,
defence-veteran-suicide,7262,43,8578,2024-12-02,https://www.aph.gov.au/Parliamentary_Business/Tabled_Documents/8578,position,accepted,The Government agrees,,The Government agrees the Inspector-General of the Australian Defence Force should make recruitment decisions for the staffing of their office. All recommendations related to the Inspector-General of the Australian Defence Force will be implemented with regard to the recommendations of the Twenty-Year Review of the Office of the Inspector-General of the Australian Defence Force.,,
defence-veteran-suicide,7262,44,8578,2024-12-02,https://www.aph.gov.au/Parliamentary_Business/Tabled_Documents/8578,position,accepted,The Government agrees,,"The Government agrees staff of the office of the Inspector-General of the Australian Defence Force should have the necessary skills, expertise and qualifications to perform their duties, informed by an appropriate assessment. All recommendations related to the Inspector-General of the Australian Defence Force will be implemented with regard to the recommendations of the Twenty-Year Review of the Office of the Inspector-General of the Australian Defence Force.",,
defence-veteran-suicide,7262,45,8578,2024-12-02,https://www.aph.gov.au/Parliamentary_Business/Tabled_Documents/8578,position,accepted,The Government agrees,,"The Government agrees to improve transparency and accountability of the Inspector-General of the Australian Defence Force through the publication of the guidance or other Standard Operating Procedures, to include quality assurance and, where feasible, performance measures. All recommendations related to the Inspector-General of the Australian Defence Force will be implemented with regard to the recommendations of the Twenty-Year Review of the Office of the Inspector-General of the Australian Defence Force.",,
defence-veteran-suicide,7262,46,8578,2024-12-02,https://www.aph.gov.au/Parliamentary_Business/Tabled_Documents/8578,position,accepted,The Government agrees,,The Government agrees staff of the Inspector-General of the Australian Defence Force will continue to be appropriately trained in trauma-informed practice. All recommendations related to the Inspector-General of the Australian Defence Force will be implemented with regard to the recommendations of the Twenty-Year Review of the Office of the Inspector-General of the Australian Defence Force.,,
defence-veteran-suicide,7262,47,8578,2024-12-02,https://www.aph.gov.au/Parliamentary_Business/Tabled_Documents/8578,position,accepted,The Government agrees,,The Government agrees that inquiries into deaths of ADF members should be presumed where suicide cannot be excluded and there is a plausible service nexus. All recommendations related to the Inspector-General of the Australian Defence Force will be implemented with regard to the recommendations of the Twenty-Year Review of the Office of the Inspector-General of the Australian Defence Force.,,
defence-veteran-suicide,7262,48,8578,2024-12-02,https://www.aph.gov.au/Parliamentary_Business/Tabled_Documents/8578,position,accepted,The Government agrees,,"The Government agrees that the Inspector-General of the Australian Defence Force should continue to ensure a legal officer represents the interests of the deceased, where the next of kin consents. When a serving member dies by suicide, or is suspected to have died by suicide, the Inspector-General of the Australian Defence Force should ensure that a legal officer from Defence Counsel Services has been appointed to represent the interests of the deceased upon written directions for a formal inquiry being issued. The Inspector-General should ensure that interviews with the member’s next of kin are conducted after the legal officer has been appointed and made contact with them.",yes,
defence-veteran-suicide,7262,49,8578,2024-12-02,https://www.aph.gov.au/Parliamentary_Business/Tabled_Documents/8578,position,accepted,The Government agrees,,The Government agrees the Inspector-General of the Australian Defence Force will continue to minimise disclosure restrictions of the reports and ensure they are understood by next of kin. All recommendations related to the Inspector-General of the Australian Defence Force will be implemented with regard to the recommendations of the Twenty-Year Review of the Office of the Inspector-General of the Australian Defence Force.,,
defence-veteran-suicide,7262,50,8578,2024-12-02,https://www.aph.gov.au/Parliamentary_Business/Tabled_Documents/8578,position,accepted,The Government agrees,,The Government agrees the Inspector-General of the Australian Defence Force should conduct inquiries into the deaths of former serving ADF members. All recommendations related to the Inspector-General of the Australian Defence Force will be implemented with regard to the recommendations of the Twenty-Year Review of the Office of the Inspector-General of the Australian Defence Force.,,
defence-veteran-suicide,7262,51,8578,2024-12-02,https://www.aph.gov.au/Parliamentary_Business/Tabled_Documents/8578,position,accepted,The Government agrees,,The Government agrees the Inspector-General of the Australian Defence Force should conduct triennial inquiries and reports into ADF member deaths by suicide or suspected suicide. All recommendations related to the Inspector-General of the Australian Defence Force will be implemented with regard to the recommendations of the Twenty-Year Review of the Office of the Inspector-General of the Australian Defence Force.,,
defence-veteran-suicide,7262,52,8578,2024-12-02,https://www.aph.gov.au/Parliamentary_Business/Tabled_Documents/8578,position,accepted,The Government agrees,,The Government agrees the Inspector-General of the Australian Defence Force will continue to conduct a merits review and seek member engagement in the resolution of their complaint. All recommendations related to the Inspector-General of the Australian Defence Force will be implemented with regard to the recommendations of the Twenty-Year Review of the Office of the Inspector-General of the Australian Defence Force.,,
defence-veteran-suicide,7262,53,8578,2024-12-02,https://www.aph.gov.au/Parliamentary_Business/Tabled_Documents/8578,position,accepted,The Government agrees,,The Government agrees to amend policy to enable members to make a complaint up to 21 days after being notified of a decision to terminate their service.,,
defence-veteran-suicide,7262,54,8578,2024-12-02,https://www.aph.gov.au/Parliamentary_Business/Tabled_Documents/8578,position,accepted,The Government agrees,,The Government agrees the Inspector-General of the Australian Defence Force will conduct the audits and studies as recommended by the Royal Commission. All recommendations related to the Inspector-General of the Australian Defence Force will be implemented with regard to the recommendations of the Twenty-Year Review of the Office of the Inspector-General of the Australian Defence Force.,,
defence-veteran-suicide,7262,55,8578,2024-12-02,https://www.aph.gov.au/Parliamentary_Business/Tabled_Documents/8578,position,accepted,The Government agrees,,The Government agrees to conduct an audit in 2025 into Defence workplace health and safety risk management.,,
defence-veteran-suicide,7262,56,8578,2024-12-02,https://www.aph.gov.au/Parliamentary_Business/Tabled_Documents/8578,noted,,,,"The Government notes this recommendation. Comcare will work with Defence to improve understanding and guidance concerning the ‘if in doubt, notify’ policy about when to report a notifiable incident to Comcare.",,
defence-veteran-suicide,7262,57,8578,2024-12-02,https://www.aph.gov.au/Parliamentary_Business/Tabled_Documents/8578,noted,,,,"The Government notes this recommendation. Comcare will conduct a periodic review of matters that Defence has determined as ‘not notifiable’, and evaluate the results.",,
defence-veteran-suicide,7262,58,8578,2024-12-02,https://www.aph.gov.au/Parliamentary_Business/Tabled_Documents/8578,noted,,,,"The Government notes this recommendation for further consideration by the Taskforce. The Government acknowledges the essential need for high quality data and research to support better health, wellbeing and safety outcomes for veterans and their families. The Government will continue to improve the understanding of veterans’ data in order to better support veterans and families. Comcare will work with relevant agencies to facilitate access to a National Veterans’ Data Asset (or equivalent) to inform Comcare’s regulatory approach to preventing psychosocial harm including latent harm.",,
defence-veteran-suicide,7262,59,8578,2024-12-02,https://www.aph.gov.au/Parliamentary_Business/Tabled_Documents/8578,noted,,,,"The Government notes this recommendation for further consideration by the Taskforce. In 2023-24, Comcare piloted a psychosocial proactive inspection program. An independent evaluation of the pilot found it was perceived as a positive experience by workers, persons conducting a business or other stakeholders. The program methodology is currently being refined in order to effectively scale-up and support ongoing implementation. Comcare will commence a Psychosocial Proactive Inspection Program in respect of Defence.",,
defence-veteran-suicide,7262,60,8578,2024-12-02,https://www.aph.gov.au/Parliamentary_Business/Tabled_Documents/8578,position,accepted,The Government agrees,,"The Government agrees to this recommendation. Defence will improve strategies in relation to data sharing with Comcare, including seeking to share data and subsequent analysis on psychosocial harm.",,
defence-veteran-suicide,7262,61,8578,2024-12-02,https://www.aph.gov.au/Parliamentary_Business/Tabled_Documents/8578,position,in part or in principle,The Government agrees-in-principle,,"The Government agrees-in-principle to this recommendation, for further consideration by the Taskforce. Noting the complex nature of brain injury and their evolving understanding, particularly in military settings, the Taskforce will provide advice on the establishment of a brain injury program. Current and former full time serving ADF members can already receive treatment of all mental health conditions, including those which may be linked to brain injuries. Under DVA’s Non-Liability Health Care mental health arrangements, members can be seen without the need to prove the condition is related to their service. This includes reservists who have at least one day of continuous full-time service. Defence and DVA are leveraging research of the Five Eyes community, including through regular engagement with the United States’ Department of Veterans Affairs.",yes,
defence-veteran-suicide,7262,62,8578,2024-12-02,https://www.aph.gov.au/Parliamentary_Business/Tabled_Documents/8578,position,in part or in principle,The Government agrees-in-principle,,"The Government agrees-in-principle to this recommendation. The Government recognises the unique healthcare needs of the Defence and veteran community. It is also important that research that relates to Defence members and veterans is translated into actionable health care support for the community. The Government notes the work underway in DVA to establish a new research and evaluation partnership model known as the Veteran and Family – Learning and Innovation Network of Knowledge. This will enhance the impact of research and evaluation, promote evidence based practices and contribute to better outcomes for veteran health and wellbeing. This is expected to commence early 2025.",,
defence-veteran-suicide,7262,63,8578,2024-12-02,https://www.aph.gov.au/Parliamentary_Business/Tabled_Documents/8578,position,accepted,The Government agrees,,"The Government agrees to remove structural and cultural barriers in order to remove stigma to help-seeking. ADF culture places significant value on sacrifice and self-sufficiency, in some cases inhibiting members from asking for help and seeking appropriate treatment.",,
defence-veteran-suicide,7262,64,8578,2024-12-02,https://www.aph.gov.au/Parliamentary_Business/Tabled_Documents/8578,position,accepted,The Government agrees,,"The Government agrees that there would be benefit in establishing an enterprise-wide program to monitor and prevent physical and psychological injury, consistent with the new Work Health and Safety Act 2011 obligations. Defence will build on initial work already underway, including improving its Work Health Safety Management Information System and the establishment of a dedicated Mental Health and Wellbeing Branch.",,
defence-veteran-suicide,7262,65,8578,2024-12-02,https://www.aph.gov.au/Parliamentary_Business/Tabled_Documents/8578,position,accepted,The Government agrees,,"The Government agrees that Defence will use data effectively to improve access to, timeliness and quality of mental health screening. The Government will commit to improving mental health screening. Defence will build on the work underway including mental health research underway and efforts to improve health assessments.",,
defence-veteran-suicide,7262,66,8578,2024-12-02,https://www.aph.gov.au/Parliamentary_Business/Tabled_Documents/8578,position,accepted,The Government agrees,,"The Government agrees that Defence will enhance its support for injured members to be rehabilitated at work, within their home unit, where possible.",,
defence-veteran-suicide,7262,67,8578,2024-12-02,https://www.aph.gov.au/Parliamentary_Business/Tabled_Documents/8578,position,accepted,The Government agrees,,"The Government agrees that Defence should align its clinical governance framework with the national model framework. Defence will implement this recommendation, building on the work it has initiated including an expert review into clinical governance, led by the Force Health Protection Principal Consultant to the Surgeon General of the ADF.",,
defence-veteran-suicide,7262,68,8578,2024-12-02,https://www.aph.gov.au/Parliamentary_Business/Tabled_Documents/8578,position,accepted,The Government agrees,,"The Government agrees to ensure Defence appropriately adheres to confidentiality requirements, while disclosing necessary information where necessary. The Government will work through any legislative reform changes required to give effect to this recommendation.",,
defence-veteran-suicide,7262,69,8578,2024-12-02,https://www.aph.gov.au/Parliamentary_Business/Tabled_Documents/8578,position,accepted,The Government agrees,,"The Government agrees that Defence will improve its suicide prevention training. In addition to updating annual training and awareness initiatives, Defence and DVA have commenced suicide prevention programs. Defence is also exploring a Lived Experience Framework to understand how it can safely and formally incorporate lived experience in programs and activities.",,
defence-veteran-suicide,7262,70,8578,2024-12-02,https://www.aph.gov.au/Parliamentary_Business/Tabled_Documents/8578,position,accepted,The Government agrees,,The Government agrees that Defence will review and revise its protocols for responding to suicidal crises in line with clinical best practice.,,
defence-veteran-suicide,7262,71,8578,2024-12-02,https://www.aph.gov.au/Parliamentary_Business/Tabled_Documents/8578,noted,,,,"The Government notes this recommendation for further consideration by the Taskforce. The Government acknowledges the relativity of DVA fees to comparable fees in the health, aged care and disability sectors can have a negative impact on access for veterans. The Government is progressing elements of this recommendation relating to DVA’s Veterans’ Home Care, Household Services and Community Nursing Programs. This has been conjunction with the Independent Health and Aged Care Pricing Authority, and the broader work on the care and support economy, including the intended alignment of pricing over time. The Government agrees there is a need to consider veteran health care pricing arrangements and system design.",yes,
defence-veteran-suicide,7262,72,8578,2024-12-02,https://www.aph.gov.au/Parliamentary_Business/Tabled_Documents/8578,noted,,,,"The Government notes this recommendation for further consideration by the Taskforce. DVA will continue to work with states and territories to improve health services for veterans. Over the last three financial years, the Australian Government has invested $6.84 million in the National Centre for Veterans’ Healthcare at Concord Hospital in NSW. In addition to this, in 2023-24, the Government has spent more than $1 billion on public and private hospital services for veterans and more than $1.4 billion on primary, specialist and allied healthcare. The Government acknowledges that coordinated, multidisciplinary and military informed care is needed for veterans with more complex conditions.",yes,
defence-veteran-suicide,7262,73,8578,2024-12-02,https://www.aph.gov.au/Parliamentary_Business/Tabled_Documents/8578,position,accepted,The Australian agrees,,"The Australian agrees to this recommendation. The Government acknowledges the value of building the cultural competency and military awareness of health care providers working with veterans. The Government has extended the Military Veterans’ Psychiatry Training program for a further one year, which aims to improve access to psychiatrists with training in military and veteran mental health by funding military and veteran psychiatry registrar training placements. DVA has collaborated with Medcast Pty Ltd, a health professional education provider, to implement the dedicated Veterans Healthcare eLearning Platform (VETs HeLP), launched on 1 July 2024. The platform provides health professionals access to a range of evidence-based educational resources central to delivering health care to veterans and their families.",yes,
defence-veteran-suicide,7262,74,8578,2024-12-02,https://www.aph.gov.au/Parliamentary_Business/Tabled_Documents/8578,position,accepted,The Government agrees,,"The Government agrees there is a need for enhanced information and data sharing to improve health, wellbeing and safety outcomes for veterans and their families, and will consider the need for legislative changes to better support these outcomes. DVA should seek legal advice clarifying the application of the Privacy Act 1988 (Cth) (and any other relevant legislation) to veterans and their families in the context of sharing data and information related to health, wellbeing and safety.",,
defence-veteran-suicide,7262,75,8578,2024-12-02,https://www.aph.gov.au/Parliamentary_Business/Tabled_Documents/8578,position,accepted,The Government agrees,,"The Government agrees to commission an independent review of Open Arms. The Government acknowledges Open Arms’ commitment to ongoing service improvement, and compliance with clinical standards and governance in their current work.",,
defence-veteran-suicide,7262,76,8578,2024-12-02,https://www.aph.gov.au/Parliamentary_Business/Tabled_Documents/8578,position,accepted,The Government agrees,,The Government agrees to continue the work currently underway to develop a postvention framework with experts and those with lived experience of suicide bereavement. Initial work to implement postvention support across DVA and Defence includes improving DVA’s Adverse Events Analysis and Defence training modules that seek to focus on suicide postvention practices and increased access to postvention bereavement services support.,,
defence-veteran-suicide,7262,77,8578,2024-12-02,https://www.aph.gov.au/Parliamentary_Business/Tabled_Documents/8578,position,accepted,The Government agrees,,"The Government agrees to develop a suite of postvention resources, in collaboration with stakeholders, to support those affected by defence and veteran suicide. DVA’s Suicide Postvention Framework will continue to be developed and will describe the range of postvention activities to be undertaken by DVA and other bodies.",,
defence-veteran-suicide,7262,78,8578,2024-12-02,https://www.aph.gov.au/Parliamentary_Business/Tabled_Documents/8578,position,in part or in principle,The Government agrees-in-principle,,"The Government agrees-in-principle to this recommendation. The Government acknowledges the negative impacts that moral injury can have on members of the ADF. Defence and DVA will build on existing work, for example, including moral injury considerations in the Defence and Veteran Mental Health and Wellbeing Strategy. The Government will continue to explore moral injury in the Australian military population, including conducting and commissioning further research where necessary.",,
defence-veteran-suicide,7262,79,8578,2024-12-02,https://www.aph.gov.au/Parliamentary_Business/Tabled_Documents/8578,position,accepted,The Government agrees,,The Government agrees that respect for and recognition of service should be embedded throughout Defence and DVA. Defence and DVA will continue to identify and entrench practices that demonstrate respect and recognition for veterans and their families. Defence is examining options to identify ways to better recognise the service of ADF personnel who are transitioning from service.,,
defence-veteran-suicide,7262,80,8578,2024-12-02,https://www.aph.gov.au/Parliamentary_Business/Tabled_Documents/8578,position,in part or in principle,The Government agrees-in-principle,,"The Government agrees-in-principle to this recommendation. The Government is committed to supporting serving members to have a proactive and meaningful transition journey. The Government has provided additional funding to DVA to commence consultation on transition and wellbeing supports, including the co-design of a new agency focused on wellbeing (Recommendation 87). Consultation will include ways to encourage participation, including in line with the recommendations of the Senate Inquiry into Adaptive Sport Programs for Australian Defence Force Veterans.",,
defence-veteran-suicide,7262,81,8578,2024-12-02,https://www.aph.gov.au/Parliamentary_Business/Tabled_Documents/8578,position,in part or in principle,The Government agrees-in-principle,,"The Government agrees-in-principle to this recommendation. The Government is committed to supporting serving members to ensure their transition beyond military life is proactive and meaningful, noting the range of views across the Defence and veteran community relating to transition. The Government has provided additional funding to DVA to commence consultation on transition and wellbeing supports, including the co-design of a new wellbeing agency (Recommendation 87). Consultation will include ways to encourage wellbeing and participation, including recommendations of the Senate Inquiry into Adaptive Sport Programs for Australian Defence Force Veterans.",,
defence-veteran-suicide,7262,82,8578,2024-12-02,https://www.aph.gov.au/Parliamentary_Business/Tabled_Documents/8578,position,accepted,The Government agrees,,"The Government agrees that a consistent, locally responsive policy on former serving ADF members’ access to bases will be established. Defence is examining its existing base access policies to determine how to best implement this recommendation.",,
defence-veteran-suicide,7262,83,8578,2024-12-02,https://www.aph.gov.au/Parliamentary_Business/Tabled_Documents/8578,position,accepted,The Government agrees,,The Government agrees to part (a) and (b) of this recommendation. The Government agrees-in-principle to part (c) of this recommendation. The Government recognises the benefits of increasing opportunities for members to gain civilian qualifications from Defence training and education.,,
defence-veteran-suicide,7262,84,8578,2024-12-02,https://www.aph.gov.au/Parliamentary_Business/Tabled_Documents/8578,position,accepted,The Government agrees,,"The Government agrees that Defence will issue separating members with a reference that states their skills, experience and capabilities. Testimonials that detail an individual’s period of service and are intended for use as a reference for prospective employers are a valuable tool for members’ transition. Defence will strengthen its approach to achieve consistency across all Groups and Services when providing testimonials to ADF personnel who are transitioning from permanent service.",,
defence-veteran-suicide,7262,85,8578,2024-12-02,https://www.aph.gov.au/Parliamentary_Business/Tabled_Documents/8578,position,accepted,The Government agrees,,"The Government agrees that DVA will continue to work with the Australian Public Service Commission and other public sector agencies on improving employment pathways for former serving ADF members, including the VetPaths program. VetPaths provides an employment pathway for veterans into the Australian Public Service to support transitioning, and recently transitioned, veterans to establish an ongoing and meaningful career in the public service. It will be expanded in 2025 with the focus being on increasing agency participation and subsequently participant numbers.",,
defence-veteran-suicide,7262,86,8578,2024-12-02,https://www.aph.gov.au/Parliamentary_Business/Tabled_Documents/8578,position,in part or in principle,The Government agrees-in-principle,,"The Government agrees-in-principle to this recommendation. The Government agrees that ongoing funding options for Veterans’ and Families’ Hubs should be developed including DVA tenancy opportunities in Hubs, with the planning for the establishment of a new agency in DVA focused on wellbeing (Recommendation 87) and the supports and programs intended in Recommendations 79, 80 and 81.",,
defence-veteran-suicide,7262,87,8578,2024-12-02,https://www.aph.gov.au/Parliamentary_Business/Tabled_Documents/8578,position,in part or in principle,The Government agrees-in-principle,,"The Government agrees-in-principle to this recommendation, as part of its commitment to ensuring service members are supported through their transition out of the ADF. The Government has provided additional funding to DVA to commence consultation on transition and wellbeing supports, including the co-design of a new agency focused on wellbeing.",,
defence-veteran-suicide,7262,88,8578,2024-12-02,https://www.aph.gov.au/Parliamentary_Business/Tabled_Documents/8578,noted,,,,"The Government notes this recommendation. The Government acknowledges the important contribution states and territories make to veteran wellbeing, including through the Federal Financial Relations system. DVA and Defence will continue to work collaboratively with jurisdictions to improve supports for current and former serving ADF members, including supports relating to homelessness, incarceration, schooling and health.",,
defence-veteran-suicide,7262,89,8578,2024-12-02,https://www.aph.gov.au/Parliamentary_Business/Tabled_Documents/8578,position,in part or in principle,The Government agrees-in-principle,,The Government agrees-in-principle to this recommendation. The Government has provided additional funding to DVA to continue consultation with ex-service organisations on the development of a national peak body.,,
defence-veteran-suicide,7262,90,8578,2024-12-02,https://www.aph.gov.au/Parliamentary_Business/Tabled_Documents/8578,position,not accepted,The Government does not support,,"The Government does not support the removal of the service differential as it relates to permanent impairment compensation. The Government acknowledges there are differing views in the veteran community about the service differential. It notes that while all veterans, including reservists, are able to access support and assistance for all conditions linked to their service through DVA, the service differential is a long-standing feature of Australia’s support for veterans which sees higher levels of compensation provided for injuries or illness incurred in operational type service. The Government agrees-in-principle to further expanding non-liability health care for mental health conditions to all reserve personnel.",,
defence-veteran-suicide,7262,91,8578,2024-12-02,https://www.aph.gov.au/Parliamentary_Business/Tabled_Documents/8578,position,accepted,The Government agrees,,The Government agrees to DVA implementing combined benefits processing for liability and permanent impairment claims where possible.,,
defence-veteran-suicide,7262,92,8578,2024-12-02,https://www.aph.gov.au/Parliamentary_Business/Tabled_Documents/8578,position,accepted,The Government agrees,,The Government agrees to commission an independent review of claims associated with physical and sexual abuse and will continue to ensure processes support best practice in the management of cases related to physical and sexual abuse.,,
defence-veteran-suicide,7262,93,8578,2024-12-02,https://www.aph.gov.au/Parliamentary_Business/Tabled_Documents/8578,position,in part or in principle,The Government agrees-in-principle,,"The Government agrees-in-principle to fund the Transition Medical Assessment Pilot Program, subject to an evaluation of the pilot to ensure its effectiveness. DVA has commenced work on the pilot program, which is supported by Defence who provide referrals for medical imaging and specialist reviews, ongoing provision of office space and Defence IT systems, and assistance with data requests. The model seeks to have Defence and DVA case management staff working together within Defence health facilities to manage the medical transition requirements of members with complex medical conditions in the lead up to their transition date.",,
defence-veteran-suicide,7262,94,8578,2024-12-02,https://www.aph.gov.au/Parliamentary_Business/Tabled_Documents/8578,position,accepted,The Government agrees,,The Government agrees to improve the timeliness and reporting of information-sharing between Defence and DVA for claims processing. This work is underway and will be delivered through the Health Knowledge Management System.,,
defence-veteran-suicide,7262,95,8578,2024-12-02,https://www.aph.gov.au/Parliamentary_Business/Tabled_Documents/8578,position,accepted,The Government agrees,,"The Government agrees to expand the application of ‘presumptive liability’, noting the Veterans’ Entitlements Treatment and Support (Simplification and Harmonisation) Bill 2024 has been introduced into Parliament.",,
defence-veteran-suicide,7262,96,8578,2024-12-02,https://www.aph.gov.au/Parliamentary_Business/Tabled_Documents/8578,position,in part or in principle,The Australian Government agrees-in-principle,,"The Australian Government agrees-in-principle to continuing the Provisional Access to Medical Treatment program beyond June 2026. Through this program, eligible veterans who are waiting for their claims to be considered by DVA can continue to receive medical and allied health treatment on a provisional basis for one or more of the 20 most commonly accepted conditions, such as hearing loss. In 2024, the Government extended the program until 30 June 2026, with funding for treatment under the program continuing until 31 December 2026.",,
defence-veteran-suicide,7262,97,8578,2024-12-02,https://www.aph.gov.au/Parliamentary_Business/Tabled_Documents/8578,position,in part or in principle,The Government agrees-in-principle,,The Government agrees-in-principle to consider expansion of the eligibility for the Veteran Payment to further support the financial security of veterans and their families. Veterans claiming physical health conditions already benefit from potential eligibility for the Veteran Payment where they are also claiming a mental health condition at the same time.,,
defence-veteran-suicide,7262,98,8578,2024-12-02,https://www.aph.gov.au/Parliamentary_Business/Tabled_Documents/8578,position,in part or in principle,The Government agrees-in-principle,,"The Government agrees-in-principle to the recommendation. The Government has made significant investments to ensure DVA is better funded and resourced than it has been in three decades. As a result of those investments, DVA has cleared the backlog of unallocated claims identified in the Royal Commission’s Interim Report. The Government has undertaken significant legislative reforms to simplify the legislative basis of support for veterans through the Veterans’ Entitlements Treatment and Support (Simplification and Harmonisation) Bill 2024. The Government will continue to progress improvements to DVA’s performance reporting, noting DVA now publishes its claims processing times information on its website. A range of business improvement activities are underway aimed at streamlining claims processing activities and improving DVA’s engagement with veterans and the broader veteran community.",,
defence-veteran-suicide,7262,99,8578,2024-12-02,https://www.aph.gov.au/Parliamentary_Business/Tabled_Documents/8578,position,in part or in principle,The Government agrees-in-principle,,"The Government agrees-in-principle to improving compensation and wellbeing advocacy, including funding compensation advocacy services that are provided at no cost to veterans. DVA has been working with ex-service organisations to consider how advocacy services could be strengthened to benefit veterans and families, including consultation on a national professional association for veterans’ advocates. DVA is currently piloting the Claims Lodgement Assistance program in Western Australia. This pilot embeds experienced compensation staff within Ex-Service Organisation offices (ESOs) to work alongside ESO advocates to provide advice to veterans on DVA entitlements and supports, information to support a claim, and what to expect during the claim process.",yes,
defence-veteran-suicide,7262,100,8578,2024-12-02,https://www.aph.gov.au/Parliamentary_Business/Tabled_Documents/8578,position,in part or in principle,The Government agrees-in-principle,,"The Government agrees-in-principle to improve the transparency, accountability and effectiveness of DVA’s rehabilitation program by expanding and publishing its performance indicators. This will be supported by the improved data reporting arrangements recently implemented with national rehabilitation providers.",,
defence-veteran-suicide,7262,101,8578,2024-12-02,https://www.aph.gov.au/Parliamentary_Business/Tabled_Documents/8578,noted,,,,"The Government notes the recommendation to enable veterans to choose their rehabilitation provider and to self-manage their budget for approved household assistance on an opt-in basis. This recommendation will be further considered by the Taskforce. The Government notes that changes were introduced in June 2024 that enabled veterans to have more choice and agency to tailor their rehabilitation plans. Under existing programs, veterans are able to choose their household service providers, general practitioner, specialist and allied health provider, as well as access public hospitals, and choose from over 500 DVA-contracted private hospitals and day procedure centres. The Government agrees to legislative reform to reimburse veterans for travel costs to see their preferred healthcare providers.",yes,
defence-veteran-suicide,7262,102,8578,2024-12-02,https://www.aph.gov.au/Parliamentary_Business/Tabled_Documents/8578,position,accepted,The Government agrees,,"The Government agrees with this recommendation. Defence will continue to improve the extant Defence Strategy for Preventing and Responding to Family and Domestic Violence. Elements of this recommendation have commenced. Defence will release its Action Plan supporting the Defence Strategy for Preventing and Responding to Family and Domestic Violence by the end of 2024, incorporating elements of this recommendation.",,
defence-veteran-suicide,7262,103,8578,2024-12-02,https://www.aph.gov.au/Parliamentary_Business/Tabled_Documents/8578,position,accepted,The Government agrees,,"The Government agrees that Defence will continue to improve the support, communication and services provided to Defence families. Defence will continue to review its suite of family support programs and initiatives available to Defence families, including services that support partners and children of ADF personnel. Defence is reviewing the Defence Member and Family Helpline data to better understand issues and trends. Defence has designed a framework to evaluate outcomes, including the efficiency and effectiveness of all current and future Defence Member and Family Support initiatives. Defence is evaluating and re-designing program data collection methods to align with outcomes.",yes,
defence-veteran-suicide,7262,104,8578,2024-12-02,https://www.aph.gov.au/Parliamentary_Business/Tabled_Documents/8578,position,accepted,The Government agrees,,"The Government agrees to consider the profile, resourcing and impact of the Defence Family Advocate. This will be informed by further detailed analysis of administrative processes and support required for the Defence Family Advocate to fulfil its responsibilities effectively and efficiently.",,
defence-veteran-suicide,7262,105,8578,2024-12-02,https://www.aph.gov.au/Parliamentary_Business/Tabled_Documents/8578,noted,,,,"The Government notes this recommendation, which the Taskforce will consider further in consultation with other relevant stakeholders. The Government supports greater cooperation between coroners and improved coronial data sharing, but notes the complexity to implementing this recommendation, including that states and territories are responsible for coronial matters. The Government will engage with states and territories on practical solutions to improve coordination with coroners and the National Coronial Information System.",,
defence-veteran-suicide,7262,106,8578,2024-12-02,https://www.aph.gov.au/Parliamentary_Business/Tabled_Documents/8578,position,in part or in principle,The Government agrees-in-principle,,"The Government agrees-in-principle to establish an appropriate database for the purpose of suicide monitoring and reporting, with the Taskforce to consider options for implementation. This will include considerations with respect to the collection, management and sharing of data. Defence and DVA are working closely with the Australian Institute of Health and Welfare to develop an approach to collect data relating to suicide monitoring and reporting. The Government notes the Australian Institute of Health and Welfare will continue to collect Defence and veteran suicide data, and publish annually.",,
defence-veteran-suicide,7262,107,8578,2024-12-02,https://www.aph.gov.au/Parliamentary_Business/Tabled_Documents/8578,noted,,,,The Government notes this recommendation for further consideration by the Taskforce. The Taskforce will consider and develop options for Government consideration on ways to efficiently and effectively improve veterans’ data collection and management to improve understanding of deaths by suicide and provide better support to veterans and their families.,,
defence-veteran-suicide,7262,108,8578,2024-12-02,https://www.aph.gov.au/Parliamentary_Business/Tabled_Documents/8578,noted,,,,"The Government notes this recommendation for further consideration by the Taskforce. The Government acknowledges the important role of states and territories in supporting veterans’ health and wellbeing, and will continue to work collaboratively across jurisdictions including on data use and sharing and associated governance arrangements.",,
defence-veteran-suicide,7262,109,8578,2024-12-02,https://www.aph.gov.au/Parliamentary_Business/Tabled_Documents/8578,position,accepted,The Government agrees,,The Government agrees that Defence will report annually to the Minister for Defence on its progress toward data maturity. Defence will leverage the whole-of-government Data Maturity Assessment Tool to monitor and manage its maturity uplift.,,
defence-veteran-suicide,7262,110,8578,2024-12-02,https://www.aph.gov.au/Parliamentary_Business/Tabled_Documents/8578,noted,,,,"The Government notes this recommendation. Defence will review its data assets and address issues with their quality, management, integration and use. Defence will consider how to best implement this recommendation taking into account reform already underway with Defence’s Enterprise Resource Planning Program.",,
defence-veteran-suicide,7262,111,8578,2024-12-02,https://www.aph.gov.au/Parliamentary_Business/Tabled_Documents/8578,noted,,,,"The Government notes this recommendation. The Government agrees Defence should manage its datasets in accordance with best practice and seek to set the highest standard for data management. Given the complexity of Defence’s data sets, further work will be required to improve the quality, management and integration of data consistent and effectively across the Defence enterprise.",,
defence-veteran-suicide,7262,112,8578,2024-12-02,https://www.aph.gov.au/Parliamentary_Business/Tabled_Documents/8578,position,accepted,The Government agrees,,The Government agrees that Defence should include data on suicide and suicidality in the enterprise-wide Defence data catalogue. This work will be prioritised under the Defence Data Strategy 2.0.,,
defence-veteran-suicide,7262,113,8578,2024-12-02,https://www.aph.gov.au/Parliamentary_Business/Tabled_Documents/8578,noted,,,,"The Government notes this recommendation for consideration by the Taskforce. The Government agrees Defence should ensure commanding officers have access to, and use of, available quality data for continuous improvement of wellbeing metrics. This recommendation will be considered by the Taskforce, including existing Privacy Act obligations and in the context of further work required to respond to recommendations 19, 26, 68, 106 and 107 of this report.",,
defence-veteran-suicide,7262,114,8578,2024-12-02,https://www.aph.gov.au/Parliamentary_Business/Tabled_Documents/8578,position,accepted,The Government agrees,,"The Government agrees to prioritise research into veteran health and wellbeing, and publish relevant Defence and DVA research workplans. Defence is developing a framework and proposal in collaboration with Monash University to deliver a list of published evidence on the health of serving ADF personnel over the last twenty years. This will improve access to, and use of, current and previous research relating to ADF and veteran health and wellbeing. DVA is developing a new research and evaluation partnership model (Veteran and Family – Learning and Innovation Network of Knowledge (VF-LINK)) to enhance the impact of research and evaluation, promote evidence-based practices and contribute to better outcomes for veteran health and wellbeing.",,
defence-veteran-suicide,7262,115,8578,2024-12-02,https://www.aph.gov.au/Parliamentary_Business/Tabled_Documents/8578,position,accepted,The Government agrees,,"The Government agrees that Defence and DVA should, subject to appropriate review, publish their research conducted into veteran health and wellbeing. Based on the work related to Recommendation 114, Defence will publish the synthesis and catalogue of this research to also enable the identification of research gaps.",,
defence-veteran-suicide,7262,116,8578,2024-12-02,https://www.aph.gov.au/Parliamentary_Business/Tabled_Documents/8578,position,in part or in principle,The Government agrees-in-principle,,"The Government agrees-in-principle to this recommendation. The Taskforce will consider and present options to implement the recommendations related to research and data, including to improve the quality, management and sharing of research findings to enhance the impact of research and evaluation, promote evidence-based practices and contribute to better outcomes for defence and veteran health and wellbeing. DVA centralised its research and evaluation functions into a Research Evaluation and Data Division in April 2024.",,
defence-veteran-suicide,7262,117,8578,2024-12-02,https://www.aph.gov.au/Parliamentary_Business/Tabled_Documents/8578,position,accepted,The Government agrees,,"The Government agrees to establish an expert committee on veteran research, comprising experts with specialised knowledge in military and veterans’ affairs, health care, rehabilitation, and family support and lived experience. The Committee will support the efficient and effective implementation of the Government response to the Royal Commission’s recommendations related to research and data.",,
defence-veteran-suicide,7262,118,8578,2024-12-02,https://www.aph.gov.au/Parliamentary_Business/Tabled_Documents/8578,position,accepted,The Government agrees,,The Government agrees to ask the ABS to continue the existing Census question on ADF service in 2026 and in future censuses. The Government notes part (b) of the recommendation. While the ABS has finalised the topic recommendations for the 2026 census – and the Government has accepted those recommendations – Government will work with the ABS to explore the use of existing data sources that could meet the intent of this recommendation. The Government will make representations to the ABS to emphasise the value of rich data on the veteran population for its consideration in future Census rounds.,,
defence-veteran-suicide,7262,119,8578,2024-12-02,https://www.aph.gov.au/Parliamentary_Business/Tabled_Documents/8578,position,in part or in principle,The Government agrees-in-principle,,The Government agrees-in-principle to this recommendation. The Government agrees to direct the Treasury and the ABS to improve the understanding of veteran health by adding questions and changing the samples of ABS surveys.,,
defence-veteran-suicide,7262,120,8578,2024-12-02,https://www.aph.gov.au/Parliamentary_Business/Tabled_Documents/8578,noted,,,,"The Government notes this recommendation for further consideration by the Taskforce. The Department of Health and Aged Care and the National Health and Medical Research Council will consider priority-driven research grant opportunities focused on veteran health and wellbeing. The Taskforce will consider and present options to enhance research into the health and wellbeing of serving and ex-serving ADF personnel, including in the context of other recommendations on data and research.",,
defence-veteran-suicide,7262,121,8578,2024-12-02,https://www.aph.gov.au/Parliamentary_Business/Tabled_Documents/8578,noted,,,,"The Government notes this recommendation for further consideration by the Taskforce. The Taskforce will consider options to enhance research, including in the context of other recommendations on data and research.",,
defence-veteran-suicide,7262,122,8578,2024-12-02,https://www.aph.gov.au/Parliamentary_Business/Tabled_Documents/8578,position,accepted,The Government agrees,,"The Government agrees to establish a new statutory entity to oversee system reform across the whole Defence ecosystem as a priority. The Government will appoint an interim head of the oversight body to work across government and provide advice on the establishment of the permanent oversight entity, including legislation required, to enable its establishment by September 2025. Annex A - Actions taken by Defence and DVA to improve the experience of service for ADF members and veterans How Defence and DVA have sought to improve the experience of service for ADF personnel and veterans. The Royal Commission shone a light on the tragedy that is veteran suicide and the actions needed to improve the experience of ADF members and veterans. The recommendations have now been considered and recommendations will be implemented.",yes,
