id,classification,tabled,title,score,verdict,match_id,match_title,url
17691,substantive,2026-08-27,Australian Government response to the Environment and Communications Legislation Committee report: Future Made in Australia (Guarantee of Origin) Bill 2024 [Provisions] and related bills,1.00,matched,8125,Future Made in Australia (Guarantee of Origin) Bill 2024 [Provisions] and related bills,https://www.aph.gov.au/Parliamentary_Business/Tabled_Documents/17691
17689,substantive,2026-08-27,AUSTRALIAN GOVERNMENT RESPONSE TO THE SENATE ECONOMICS COMMITTEE REPORT: AUSTRALIAN SECURITIES AND INVESTMENTS COMMISSION INVESTIGATION AND ENFORCEMENT,1.00,matched,6728,Australian Securities and Investments Commission investigation and enforcement,https://www.aph.gov.au/Parliamentary_Business/Tabled_Documents/17689
17616,substantive,2026-08-20,"Australian Government Response to the Senate Finance and Public Administration Legislation Committee report: Remuneration Tribunal Amendment (There for Public Service, Not Profit) Bill 2025",1.00,matched,15596,"Remuneration Tribunal Amendment (There For Public Service, Not Profit) Bill 2025",https://www.aph.gov.au/Parliamentary_Business/Tabled_Documents/17616
17579,substantive,2026-08-20,Australian Government responses to the Joint Select Committee on Northern Australia’s First Report on the Cyclone Reinsurance Pool,1.00,matched,10074,Final Report on the Cyclone Reinsurance Pool,https://www.aph.gov.au/Parliamentary_Business/Tabled_Documents/17579
17569,substantive,2026-08-20,Government response to the Senate Legal and Constitutional Affairs References Committee’s Inquiry report on Current and Proposed Sexual Consent Laws in Australia,1.00,matched,,Current and proposed sexual consent laws in  [pre-2022 register],https://www.aph.gov.au/Parliamentary_Business/Tabled_Documents/17569
17576,substantive,2026-08-20,Australian Government response to the Joint Select Committee on Northern Australia’s Final Report on the Cyclone Reinsurance Pool,1.00,matched,10074,Final Report on the Cyclone Reinsurance Pool,https://www.aph.gov.au/Parliamentary_Business/Tabled_Documents/17576
17624,substantive,2026-08-20,Australian Government response to the Senate Finance and Public Administration References Committee report: Access to Australian Parliament House by lobbyists,1.00,matched,5807,Access to Australian Parliament House by lobbyists [May 2024],https://www.aph.gov.au/Parliamentary_Business/Tabled_Documents/17624
17617,substantive,2026-08-20,Australian Government Response Hansard Extract to the Senate Education and Employment Legislation Committee report: Higher Education Support Amendment (Reverse Job-Ready Graduates Fee Hikes and End 50k Arts Degrees) Bill 2025,1.00,matched,17039,Higher Education Support Amendment (Reverse Job-Ready Graduates Fee Hikes and End 50k Arts Degrees) Bill 2025,https://www.aph.gov.au/Parliamentary_Business/Tabled_Documents/17617
17513,substantive,2026-08-17,Australian Government Response to the Independent Review HELP Debt Reduction Program Report,0.50,probable,,Independent Assessments  [pre-2022 register],https://www.aph.gov.au/Parliamentary_Business/Tabled_Documents/17513
17490,substantive,2026-08-17,Government response to the Independent National Security Legislation Monitor report: Review into Division 105A (and related provisions) of the Criminal Code Act 1995 (Cth),0.67,probable,4467,A review of regulations re-listing Jama'at Nusrat al-Islam wal-Muslimin and Islamic State Khorasan Province as terrorist organisations under the Criminal Code Act 1995 [November 2023],https://www.aph.gov.au/Parliamentary_Business/Tabled_Documents/17490
17516,substantive,2026-08-13,Government Response - JSCFADT - Inquiry into the Defence Annual Report 2023-24,1.00,matched,8821,Report 508: Annual report 2023-24,https://www.aph.gov.au/Parliamentary_Business/Tabled_Documents/17516
17511,substantive,2026-08-13,Australian Government response to the Senate Legal and Constitutional Affairs Committee Report on the Customs Legislation Amendment (False Trade Marks Infringement Notices) Bill 2026,1.00,matched,17093,Report 4/2026,https://www.aph.gov.au/Parliamentary_Business/Tabled_Documents/17511
17526,substantive,2026-08-13,"Australian Government Response to the House Standing Committee on Health, Aged Care and Disability Inquiry into Thriving Kids.",1.00,matched,,Men's health  [pre-2022 register],https://www.aph.gov.au/Parliamentary_Business/Tabled_Documents/17526
17400,substantive,2026-08-06,Australian Government Response to the Parliamentary Joint Committee on Corporations and Financial Services Report: Corporate insolvency in Australia,1.00,matched,2837,Corporate insolvency in Australia,https://www.aph.gov.au/Parliamentary_Business/Tabled_Documents/17400
17294,substantive,2026-07-16,"Australian Government response to the final report of the Secure Jobs, Better Pay Review",0.75,probable,892,"Fair Work Legislation Amendment (Secure Jobs, Better Pay) Bill 2022 [Provisions]",https://www.aph.gov.au/Parliamentary_Business/Tabled_Documents/17294
17405,substantive,2026-08-06,Government Response to Senate report on Funding and Resourcing for the CSIRO,1.00,matched,16072,Funding and Resourcing for the CSIRO,https://www.aph.gov.au/Parliamentary_Business/Tabled_Documents/17405
17307,substantive,2026-07-30,Australian Government Response to the Senate Economics Committee Report: Help To Buy Bill 2023 And Help To Buy (Consequential Provisions) Bill 2023.,1.00,matched,5659,Help to Buy Bill 2023 [Provisions] and the Help to Buy Bill (Consequential Provisions) Bill 2023 [Provisions],https://www.aph.gov.au/Parliamentary_Business/Tabled_Documents/17307
17354,substantive,2026-07-30,"Government response to Senate Finance and Public Administration Legislation Committee Report into the Public Governance, Performance and Accountability Amendment (Ban Unethical Contractors) Bill 2025",1.00,matched,15774,"Public Governance, Performance and Accountability Amendment (Ban Unethical Contractors) Bill 2025",https://www.aph.gov.au/Parliamentary_Business/Tabled_Documents/17354
17142,substantive,2026-07-01,Australian Government response to the Parliamentary Joint Committee on Intelligence and Security Review of the listing of the Islamic Revolutionary Guard Corps as a state sponsor of terrorism under the Criminal Code,1.00,matched,15506,Review of the listing of the Islamic Revolutionary Guard Corps as a state sponsor of terrorism under the Criminal Code,https://www.aph.gov.au/Parliamentary_Business/Tabled_Documents/17142
17143,substantive,2026-07-01,Australian Government Response to the inquiry into the operation and appropriateness of the superannuation and pension schemes for current and former members of the Australian Defence Force (ADF),1.00,matched,15608,Operation and appropriateness of the superannuation and pension schemes for current and former members of the Australian Defence Force (ADF),https://www.aph.gov.au/Parliamentary_Business/Tabled_Documents/17143
17063,substantive,2026-06-30,"Government Response to the Parliamentary Standing Committee on Public Works report: Cocos (Keeling) Islands — West Island, Seawater Reverse Osmosis Plant Project and other works",1.00,matched,2017,"Report 3/2023 - Cocos (Keeling) Islands — West Island, Seawater Reverse Osmosis Plant Project and other works [May 2023]",https://www.aph.gov.au/Parliamentary_Business/Tabled_Documents/17063
16816,substantive,2026-06-30,Australian Government Response the Senate Education and Employment Committee reports: Quality of governance at Australian higher education providers,1.00,matched,14366,Quality of governance at Australian higher education providers – final report,https://www.aph.gov.au/Parliamentary_Business/Tabled_Documents/16816
17098,substantive,2026-06-30,"Government response to the Parliamentary Joint Committee on Intelligence and Security's report on the Review of the Exposure Draft legislation: Combatting Antisemitism, Hate and Extremism Bill 2026",1.00,matched,17093,Report 4/2026,https://www.aph.gov.au/Parliamentary_Business/Tabled_Documents/17098
17099,substantive,2026-06-30,"Australian Government response to the  Joint Committee on Foreign Affairs, Defence and Trade report: Australia’s thematic sanctions framework",1.00,matched,9749,Australia’s thematic sanctions framework: A legislated review of the operation of the Autonomous Sanctions Amendment (Magnitsky-style and other Thematic Sanctions) Act 2021,https://www.aph.gov.au/Parliamentary_Business/Tabled_Documents/17099
17097,substantive,2026-06-30,"Australian Government response to the  Foreign Affairs, Defence and Trade References Committee report: Australia’s sanctions regime",1.00,matched,9336,Australia’s sanctions regime,https://www.aph.gov.au/Parliamentary_Business/Tabled_Documents/17097
17018,proforma_closure,2026-06-25,Australian Government Response to the Senate Environment and Communications Legislation Committee report into the Treasury Laws Amendment (2021 Measures No. 5) Bill 2021,1.00,matched,,Treasury Laws Amendment (2021 Measures No. 1) Bill 2021  [pre-2022 register],https://www.aph.gov.au/Parliamentary_Business/Tabled_Documents/17018
17023,substantive,2026-06-25,"Australian Government response to the Senate Foreign Affairs, Defence and Trade References Committee Report on the National Volunteer Incentive Scheme (Climate Army)",1.00,matched,13669,National Volunteer Incentive Scheme (Climate Army),https://www.aph.gov.au/Parliamentary_Business/Tabled_Documents/17023
17021,substantive,2026-06-25,Australian Government Response to the Treasury Laws Amendment (Financial Market Infrastructure and Other Measures) Bill 2024 [Provisions],1.00,matched,7903,Treasury Laws Amendment (2024 Tax and Other Measures No. 1) Bill 2024 [Provisions],https://www.aph.gov.au/Parliamentary_Business/Tabled_Documents/17021
17019,substantive,2026-06-25,"Australian Government response to the Senate Rural and Regional Affairs and Transport References Committee interim report into the state of Australia’s aviation sector and its ability to deliver reliable and affordable services to rural, regional and remote communities",1.00,matched,,State of  [pre-2022 register],https://www.aph.gov.au/Parliamentary_Business/Tabled_Documents/17019
17022,proforma_closure,2026-06-25,"Australian Government Response to the Joint Committee of Public Accounts and Audit Report 486: Regulatory Activities - Inquiry into Auditor-General's Reports 33, 47 and 48 (2019-20) and 5 and 8 (2020-21) - Recommendation 7",1.00,matched,,"Regulatory Activities: Inquiry into Auditor-General’s Reports 33, 47, 48 (2019-20) and 5 and 8 (2020-21)  [pre-2022 register]",https://www.aph.gov.au/Parliamentary_Business/Tabled_Documents/17022
17017,substantive,2026-06-25,Australian Government response to the Senate Community Affairs References Committee report on aged care service delivery,1.00,matched,13032,Aged care service delivery,https://www.aph.gov.au/Parliamentary_Business/Tabled_Documents/17017
17020,substantive,2026-06-25,"Australian Government response to the Joint Standing Committee on Foreign Affairs, Defence and Trade inquiry report on Australia’s efforts to advocate for the worldwide abolition of the death penalty",1.00,matched,8819,Inquiry into Australia's efforts to advocate for the worldwide abolition of the death penalty,https://www.aph.gov.au/Parliamentary_Business/Tabled_Documents/17020
16885,substantive,2026-06-23,Australian Government Response to Treasury Laws Amendment (Supporting Choice in Superannuation and Other Measurers) Bill 2025,1.00,matched,13400,Report 3/2025,https://www.aph.gov.au/Parliamentary_Business/Tabled_Documents/16885
16922,proforma_closure,2026-06-23,"Australian Government response to the Joint Standing Committee on Foreign Affairs Defence and Trade report: Inquiry into the implications of the COVID-19 pandemic for Australia’s foreign affairs, defence and trade",1.00,matched,,"Implications of the COVID-19 pandemic for Australia’s foreign affairs, defence and trade  [pre-2022 register]",https://www.aph.gov.au/Parliamentary_Business/Tabled_Documents/16922
16970,substantive,2026-06-23,Australian Government response to the Senate Rural and Regional Affairs and Transport Committee report: Bank closures in regional Australia: Protecting the future of regional banking,1.00,matched,6186,Bank closures in regional Australia: Protecting the future of regional banking,https://www.aph.gov.au/Parliamentary_Business/Tabled_Documents/16970
16969,substantive,2026-06-23,"Australian Government response to the Senate Foreign Affairs, Defence and Trade References Committee Report: Wrongful detention of Australian Citizens overseas",1.00,matched,8552,Wrongful detention of Australian citizens overseas,https://www.aph.gov.au/Parliamentary_Business/Tabled_Documents/16969
16549,proforma_closure,2026-06-22,Australian Government response to the Joint Committee of Public Accounts and Audit report Report 477: Commonwealth Financial Statements - Second Report,0.75,probable,,Inquiry into Commonwealth Financial Statements 2021–22  [pre-2022 register],https://www.aph.gov.au/Parliamentary_Business/Tabled_Documents/16549
16923,substantive,2026-06-22,Australian Government response to the House of Representatives Standing Committee on Agriculture report: Australian Food Story: Feeding the Nation and Beyond (Food Security in Australia),1.00,matched,11164,Australian food story: Feeding the nation and beyond: Inquiry into food security in Australia,https://www.aph.gov.au/Parliamentary_Business/Tabled_Documents/16923
16804,substantive,2026-06-18,Australian Government response to the Select Committee on Energy Planning and Regulation in Australia Final Report,1.00,matched,8856,Select Committee on Energy Planning and Regulation in Australia [Final Report],https://www.aph.gov.au/Parliamentary_Business/Tabled_Documents/16804
16802,substantive,2026-06-18,Australian Government response to the Rural and Regional Affairs and Transport Legislation Committee report: Agriculture (Biosecurity Protection) Levies Bill 2024 [Provisions] and related bills,1.00,matched,6034,Report no. 5 of 2024 [16 May 2024],https://www.aph.gov.au/Parliamentary_Business/Tabled_Documents/16802
16842,substantive,2026-06-18,Australian Government response to the Senate Environment and Communications Legislation Committee report: Online Safety Amendment (Social Media Minimum Age) Bill 2024 [Provisions],1.00,matched,8445,Online Safety Amendment (Social Media Minimum Age) Bill 2024 [Provisions],https://www.aph.gov.au/Parliamentary_Business/Tabled_Documents/16842
16803,substantive,2026-06-18,Australian Government response to the Senate Economics Legislation Committee report: National Energy Transition Authority Bill 2022,1.00,matched,2065,National Energy Transition Authority Bill 2022 [March 2023] [additional information],https://www.aph.gov.au/Parliamentary_Business/Tabled_Documents/16803
16815,substantive,2026-06-18,Australian Government response to the Senate Economics Committee report: Inquiry into Future Made in Australia Bill 2024 [Provisions] and the Future Made in Australia (Omnibus Amendments No.1) Bill 2024 [Provisions],1.00,matched,7257,Future Made in Australia Bill 2024 [Provisions] and the Future Made in Australia (Omnibus Amendments No. 1) Bill 2024 [Provisions],https://www.aph.gov.au/Parliamentary_Business/Tabled_Documents/16815
16654,substantive,2026-06-04,AUSTRALIAN GOVERNMENT RESPONSE TO THE SENATE COMMITTEE ECONOMICS REPORT: TREASURY LAWS AMENDMENT (TAX ACCOUNTABILITY AND FAIRNESS) BILL 2023,1.00,matched,5867,Treasury Laws Amendment (Tax Accountability and Fairness) Bill 2023 [Provisions] [May 2024],https://www.aph.gov.au/Parliamentary_Business/Tabled_Documents/16654
16602,substantive,2026-05-29,Government Response - Joint Standing Committee on the National Capital and External Territories report: A Capital for All Australians Report of the inquiry into fostering and promoting the significance of Australia’s National Capital,1.00,matched,5996,A Capital for All Australians Report of the inquiry into fostering and promoting the significance of Australia's National Capital [May 2024],https://www.aph.gov.au/Parliamentary_Business/Tabled_Documents/16602
16571,substantive,2026-05-29,AUSTRALIAN GOVERNMENT RESPONSE TO THE SENATE ECONOMICS LEGISLATION COMMITTEE REPORT: TREASURY LAWS AMENDMENT (FAIRER FOR FAMILIES AND FARMERS AND OTHER MEASURES) BILL 2024 [PROVISIONS],1.00,matched,9146,Treasury Laws Amendment (Fairer for Families and Farmers and Other Measures) Bill 2024 [Provisions],https://www.aph.gov.au/Parliamentary_Business/Tabled_Documents/16571
16545,substantive,2026-05-29,AUSTRALIAN GOVERNMENT RESPONSE TO THE SENATE COMMITTEE ECONOMICS REPORT: INQUIRY INTO SCAMS PREVENTION FRAMEWORK BILL 2024 [PROVISIONS],1.00,matched,9179,Scams Prevention Framework Bill 2024 [Provisions],https://www.aph.gov.au/Parliamentary_Business/Tabled_Documents/16545
16572,substantive,2026-05-29,AUSTRALIAN GOVERNMENT RESPONSE TO THE SENATE SELECT COMMITTEE ON SUPERMARKET PRICES – SUPERMARKET PRICES: FINAL REPORT AND COMPETITION AND CONSUMER AMENDMENT (DIVESTITURE POWERS) BILL 2024,1.00,matched,6034,Report no. 5 of 2024 [16 May 2024],https://www.aph.gov.au/Parliamentary_Business/Tabled_Documents/16572
16547,substantive,2026-05-29,Australian Government response to the Senate Environment and Communications Legislation Committee report: Safeguard Mechanism (Crediting) Amendment Bill 2022 [Provisions],1.00,matched,1301,Safeguard Mechanism (Crediting) Amendment Bill 2022 [Provisions] [March 2023],https://www.aph.gov.au/Parliamentary_Business/Tabled_Documents/16547
16480,proforma_closure,2026-05-21,Government response to the Parliamentary Joint Committee on Law Enforcement’s report on An Australian standard for the training and use of privately contracted security and detection dogs,1.00,matched,,An Australian Standard for the training and use of privately contracted security and detection dogs  [pre-2022 register],https://www.aph.gov.au/Parliamentary_Business/Tabled_Documents/16480
16500,proforma_closure,2026-05-21,Australian Government Response to the report of the Parliamentary Joint Committee on Law Enforcement Inquiry on Criminal Code Amendment (sharing of abhorrent violent material) Act 2019,1.00,matched,,Criminal Code Amendment (Sharing of Abhorrent Violent Material) Act 2019  [pre-2022 register],https://www.aph.gov.au/Parliamentary_Business/Tabled_Documents/16500
16507,substantive,2026-05-21,"Australian Government response to the Joint Standing Committee on the National Disability Insurance Scheme Report: NDIS Participant Experience in Rural, Regional and Remote Australia.",1.00,matched,13676,"NDIS participant experience in rural, regional and remote Australia [November 2025]",https://www.aph.gov.au/Parliamentary_Business/Tabled_Documents/16507
16523,substantive,2026-05-22,Government Response to the Senate Legal and Constitutional Affairs Legislation Committee Report on the Criminal Code Amendment (Hate Crimes) Bill 2024,1.00,matched,8736,Criminal Code Amendment (Hate Crimes) Bill 2024 [Provisions],https://www.aph.gov.au/Parliamentary_Business/Tabled_Documents/16523
16520,substantive,2026-05-22,"Government response to Senate Legal and Constitutional Affairs Legislation Committee report on the Criminal Code Amendment (Genocide, Crimes Against Humanity and War Crimes) Bill 2024",1.00,matched,8280,"Criminal Code Amendment (Genocide, Crimes Against Humanity and War Crimes) Bill 2024",https://www.aph.gov.au/Parliamentary_Business/Tabled_Documents/16520
16536,substantive,2026-05-22,Australian Government Response to Communications Legislation Amendment (Prominence and Anti-siphoning) Bill 2023,1.00,matched,5624,Communications Legislation Amendment (Prominence and Anti-siphoning) Bill 2023 [Provisions] [April 2024],https://www.aph.gov.au/Parliamentary_Business/Tabled_Documents/16536
16469,substantive,2026-05-21,Australian Government response to the Senate Environment and Communications Legislations Committee report: Water Amendment (Restoring Our Rivers) Bill 2023 [Provisions],1.00,matched,4142,Water Amendment (Restoring Our Rivers) Bill 2023 [Provisions] [November 2023],https://www.aph.gov.au/Parliamentary_Business/Tabled_Documents/16469
16510,substantive,2026-05-21,"Australian Government response to Appropriations, Staffing and Security Committee 69th report Drafting services for non-government senators",1.00,matched,13288,69th report - Drafting services for non-government senators,https://www.aph.gov.au/Parliamentary_Business/Tabled_Documents/16510
16516,substantive,2026-05-21,Australian Government response to the Senate Standing Committees on Environment and Communications report: Offshore wind industry consultation process,1.00,matched,10805,Offshore wind industry consultation process,https://www.aph.gov.au/Parliamentary_Business/Tabled_Documents/16516
16501,proforma_closure,2026-05-21,Government Response to the Senate Select Committee on Administration of Sports Grants,1.00,matched,,Administration of Sports Grants  [pre-2022 register],https://www.aph.gov.au/Parliamentary_Business/Tabled_Documents/16501
16470,substantive,2026-05-21,Australian Government response to the Senate Environment and Communications References Committee report: Climate Risk Assessment,1.00,matched,14332,Climate Risk Assessment,https://www.aph.gov.au/Parliamentary_Business/Tabled_Documents/16470
16381,substantive,2026-05-14,Government Response to the PWC Report National Capital Authority - Commonwealth Avenue Bridge Renewal Project,1.00,matched,3758,"Report 7/2023 - National Capital Authority — Commonwealth Avenue Bridge, Canberra, ACT, Renewal Project [September 2023]",https://www.aph.gov.au/Parliamentary_Business/Tabled_Documents/16381
16383,proforma_closure,2026-05-14,"Australian Government response to the Senate References Committee on Foreign Affairs, Defence and Trade interim and final reports: Australia’s engagement in Afghanistan",1.00,matched,,Australia’s engagement in  [pre-2022 register],https://www.aph.gov.au/Parliamentary_Business/Tabled_Documents/16383
16384,substantive,2026-05-14,Australian Government response to the Community Affairs Legislation Committee reports: National Disability Insurance Scheme Amendment (Getting the NDIS Back on Track No. 1) Bill 2024,1.00,matched,6936,National Disability Insurance Scheme  Amendment (Getting the NDIS Back on  Track No. 1) Bill 2024,https://www.aph.gov.au/Parliamentary_Business/Tabled_Documents/16384
16382,proforma_closure,2026-05-14,"Australian Government response to the Parliamentary Joint Standing Committee on Foreign Affairs, Defence and Trade first report on the Inquiry into Australia's aid program in the Indo-Pacific",1.00,matched,,Australia’s aid program in the Pacific  [pre-2022 register],https://www.aph.gov.au/Parliamentary_Business/Tabled_Documents/16382
16386,substantive,2026-05-14,"Australian Government response to the House of Representatives Standing Committee on Industry, Innovation and Science report: Food for Thought: The opportunities and challenges for Australia's food and beverage manufacturing",1.00,matched,9520,Food for Thought,https://www.aph.gov.au/Parliamentary_Business/Tabled_Documents/16386
16338,substantive,2026-05-13,Australian Government Response to the Parliamentary Joint Committee on Intelligence and Security Review of the listing and re-listing of eight organisations as a terrorist organisation under the criminal code,1.00,matched,,Review of the listing and re-listing of eight organisations as terrorist organisations under the Criminal Code  [pre-2022 register],https://www.aph.gov.au/Parliamentary_Business/Tabled_Documents/16338
16245,proforma_closure,2026-05-12,Australian Government response to the Parliamentary Standing Committee on Public Works report: Report 6/2021,1.00,matched,10139,"Review of the Australian Competition and Consumer Commission Annual Reports 2021, 2022 and 2023",https://www.aph.gov.au/Parliamentary_Business/Tabled_Documents/16245
16241,substantive,2026-05-12,Pursuing the Priorities of the Pacific: Inquiry into Australia's alignment with the priorities of Pacific Island countries,1.00,matched,8558,Pursuing the Priorities of the Pacific Inquiry into Australia’s alignment with the priorities of Pacific Island countries,https://www.aph.gov.au/Parliamentary_Business/Tabled_Documents/16241
16279,substantive,2026-05-12,Australian Government Response to the Senate Education and Employment Legislation Committee report: Universities Accord (Australian Tertiary Education Commission) Bill 2025 and the Universities Accord (Australian Tertiary Education Commission) (Consequential and Transitional Provisions) Bill 2025,1.00,matched,15260,Universities Accord (Australian Tertiary Education Commission) Bill 2025 and the Universities Accord (Australian Tertiary Education Commission) (Consequential and Transitional Provisions) Bill 2025,https://www.aph.gov.au/Parliamentary_Business/Tabled_Documents/16279
16278,substantive,2026-05-12,Australian Government Response to the Senate Education and Employment Legislation Committee Report on the Education Services for Overseas Students (Quality and Integrity) Bill 2024 [Provisions],1.00,matched,6034,Report no. 5 of 2024 [16 May 2024],https://www.aph.gov.au/Parliamentary_Business/Tabled_Documents/16278
16240,substantive,2026-05-12,Australian Government response to the Joint Standing Committee on the National Capital and External Territories report on Australia’s Antarctic Territory,1.00,matched,,National  [pre-2022 register],https://www.aph.gov.au/Parliamentary_Business/Tabled_Documents/16240
16019,substantive,2026-04-23,AUSTRALIAN GOVERNMENT RESPONSE TO THE PARLIAMENTARY JOINT COMMITTEE ON INTELLIGENCE AND SECURITY REPORT: ADVISORY REPORT ON THE AUSTRALIAN SECURITY INTELLIGENCE ORGANISATION AMENDMENT BILL (NO.2) 2025,1.00,matched,14923,Advisory report on the Australian Security Intelligence Organisation Amendment Bill (No. 2) 2025,https://www.aph.gov.au/Parliamentary_Business/Tabled_Documents/16019
16077,substantive,2026-04-30,Parliamentary Standing Committee on Public Works report - Department of Defence - Explosive Ordnance Facilities Northern NSW Redevelopment project and other works,1.00,matched,8193,Department of Defence — Explosive Ordnance Facilities Northern NSW Redevelopment project and other works,https://www.aph.gov.au/Parliamentary_Business/Tabled_Documents/16077
16155,substantive,2026-05-07,AUSTRALIAN GOVERNMENT RESPONSE TO THE JOINT STANDING COMMITTEE ON ELECTORAL MATTERS REPORT: FROM CLASSROOM TO COMMUNITY: CIVICS EDUCATION AND POLITICAL PARTICIPATION IN AUSTRALIA,1.00,matched,9246,From Classroom to Community: Civics education and political participation in Australia,https://www.aph.gov.au/Parliamentary_Business/Tabled_Documents/16155
15993,substantive,2026-04-16,Australian Government Response to the Joint Select Committee on Northern Australia Inquiry: Northern Australia Workforce Development - first and final reports,1.00,matched,8440,Northern Australia Workforce Development,https://www.aph.gov.au/Parliamentary_Business/Tabled_Documents/15993
16068,proforma_closure,2026-04-30,Government response to the former Joint Select Committee on Constitutional Recognition of Aboriginal and Torres Strait Islander Peoples’ Progress Report and Final Report,1.00,matched,,Joint Select Committee on Constitutional Recognition of Aboriginal and Torres Strait Islander Peoples  [pre-2022 register],https://www.aph.gov.au/Parliamentary_Business/Tabled_Documents/16068
16157,substantive,2026-05-07,Government response to Parliamentary Standing Committee on Public Works Committee report 6/2024,1.00,matched,6034,Report no. 5 of 2024 [16 May 2024],https://www.aph.gov.au/Parliamentary_Business/Tabled_Documents/16157
16002,substantive,2026-04-23,Australian Government response to the Parliamentary Joint Committee on Law Enforcement Report: Australia’s illicit drug problem: Challenges and opportunities for law enforcement,1.00,matched,6117,Australia’s illicit drug problem: Challenges and opportunities for law enforcement [May 2024],https://www.aph.gov.au/Parliamentary_Business/Tabled_Documents/16002
16075,substantive,2026-04-30,Parliamentary Joint Committee on Intelligence and Security Inquiry into the Defence Amendment (Safeguarding Australia's Military Secrets) Bill 2023,1.00,matched,2067,Report no. 5 of 2023 [11 May 2023],https://www.aph.gov.au/Parliamentary_Business/Tabled_Documents/16075
16309,substantive,2026-05-12,The State of Diabetes Mellitus in Australia in 2024,1.00,matched,6731,The State of Diabetes Mellitus in Australia in 2024,https://www.aph.gov.au/Parliamentary_Business/Tabled_Documents/16309
16030,proforma_closure,2026-04-23,Australian Government response to the Parliamentary Standing Committee on Public Works report: Inquiry into the Home Affairs 101 George Street Parramatta Fit-Out Report 5/2021,1.00,matched,,Home Affairs 101 George Street Parramatta Fit-Out  [pre-2022 register],https://www.aph.gov.au/Parliamentary_Business/Tabled_Documents/16030
16308,substantive,2026-05-12,"Australian Government response to the House of Representatives Standing Committee on Social Policy and Legal Affairs report: 'You win some, you lose more': Online gambling and its impacts on those experiencing gambling harm",0.33,unmatched,,Libraries in the online environment  [pre-2022 register],https://www.aph.gov.au/Parliamentary_Business/Tabled_Documents/16308
16085,substantive,2026-05-07,Government Response to Parliamentary Standing Committee on Public Works 89th Annual Report,0.50,probable,15423,Annual reports (No. 1 of 2026),https://www.aph.gov.au/Parliamentary_Business/Tabled_Documents/16085
16076,substantive,2026-04-30,Parliamentary Standing Committee on Public Works 4th report of 2024 - Department of Defence - Facilities to support Advanced Growler Phase 6,1.00,matched,6207,Department of Defence — Facilities to Support Advanced Growler Phase 6,https://www.aph.gov.au/Parliamentary_Business/Tabled_Documents/16076
16178,substantive,2026-05-08,"Australian Government response to the Finance and Public Administration Legislation Committee Report: Public Governance, Performance and Accountability Amendment (Vaccine Indemnity) Bill 2023",1.00,matched,5371,"Public Governance, Performance and Accountability Amendment (Vaccine Indemnity) Bill 2023",https://www.aph.gov.au/Parliamentary_Business/Tabled_Documents/16178
16205,substantive,2026-05-08,Australian Government Response to the National Cultural Policy Interim Report,1.00,matched,6414,National cultural policy [Progress Report],https://www.aph.gov.au/Parliamentary_Business/Tabled_Documents/16205
16079,substantive,2026-05-07,Government response to the Senate Legal and Constitutional Affairs Legislation Committee report on the Administrative Review Tribunal Bill 2023,1.00,matched,5881,Administrative Review Tribunal Bill 2023 [Provisions] and related bills,https://www.aph.gov.au/Parliamentary_Business/Tabled_Documents/16079
16083,substantive,2026-05-07,Government response to the Senate Legal and Constitutional Affairs Legislation Committee report on the Administrative Review Tribunal (Miscellaneous Measures) Bill 2024,1.00,matched,8124,Administrative Review Tribunal (Miscellaneous Measures) Bill 2024,https://www.aph.gov.au/Parliamentary_Business/Tabled_Documents/16083
16158,substantive,2026-05-07,AUSTRALIAN GOVERNMENT RESPONSE TO THE SENATE EDUCATION AND EMPLOYMENT LEGISLATION COMMITTEE REPORTS: UNIVERSITIES ACCORD (STUDENT SUPPORT AND OTHER MEASURES) BILL 2024,1.00,matched,7602,Universities Accord (Student Support and Other Measures) Bill 2024 [Provisions],https://www.aph.gov.au/Parliamentary_Business/Tabled_Documents/16158
16160,substantive,2026-05-07,AUSTRALIAN GOVERNMENT RESPONSE TO THE SENATE EDUCATION AND EMPLOYMENT LEGISLATION COMMITTEE REPORTS: EDUCATION AND OTHER LEGISLATION AMENDMENT (ABOLISHING INDEXATION AND RAISING THE MINIMUM REPAYMENT INCOME FOR EDUCATION AND TRAINING LOANS) BILL 2022,1.00,matched,1713,Education and Other Legislation Amendment (Abolishing Indexation and Raising the Minimum Repayment Income for Education and Training Loans) Bill 2022 [April 2023],https://www.aph.gov.au/Parliamentary_Business/Tabled_Documents/16160
16078,substantive,2026-05-07,Government Response to the Senate Legal and Constitutional Affairs Legislation Committee on the  Privacy and Other Legislation Amendment Bill 2024 [Provisions],1.00,matched,8294,Privacy and Other Legislation Amendment Bill 2024 [Provisions],https://www.aph.gov.au/Parliamentary_Business/Tabled_Documents/16078
16159,substantive,2026-05-07,AUSTRALIAN GOVERNMENT RESPONSE TO THE SENATE EDUCATION AND EMPLOYMENT LEGISLATION COMMITTEE REPORTS: HIGHER EDUCATION SUPPORT AMENDMENT (RESPONSE TO THE AUSTRALIAN UNIVERSITIES ACCORD INTERIM REPORT) BILL 2023,1.00,matched,3638,Higher Education Support Amendment (Response to the Australian Universities Accord Interim Report) Bill 2023 [Provisions] [October 2023],https://www.aph.gov.au/Parliamentary_Business/Tabled_Documents/16159
16143,substantive,2026-05-07,Australian Government response to the Senate Education and Employment References Committee Interim and Final reports: The issue of increasing disruption in Australian school classrooms,1.00,matched,4998,The issue of increasing disruption in Australian school classrooms,https://www.aph.gov.au/Parliamentary_Business/Tabled_Documents/16143
16153,substantive,2026-05-07,Internet Search Engine Services Online Safety Code and Under 16 Social Media Ban,1.00,matched,14023,Internet Search Engine Services Online Safety Code and under 16 social media ban,https://www.aph.gov.au/Parliamentary_Business/Tabled_Documents/16153
16074,substantive,2026-04-30,"Senate Standing Committee on Foreign Affairs, Defence and Trade Inquiry into the Defence Trade Controls Amendment Bill 2023",1.00,matched,2067,Report no. 5 of 2023 [11 May 2023],https://www.aph.gov.au/Parliamentary_Business/Tabled_Documents/16074
16106,substantive,2026-04-30,Australian Government Response to the Report on the Council of Australian Governments Legislation Amendment Bill 2023,1.00,matched,2067,Report no. 5 of 2023 [11 May 2023],https://www.aph.gov.au/Parliamentary_Business/Tabled_Documents/16106
16067,proforma_closure,2026-04-30,Government response to the report on the Indefinite detention of people with cognitive and psychiatric impairment in Australia,1.00,matched,,Indefinite detention of people with cognitive and psychiatric impairment in  [pre-2022 register],https://www.aph.gov.au/Parliamentary_Business/Tabled_Documents/16067
16059,substantive,2026-04-30,Australian Government response to the Environment and Communications Legislation Committee report: Nature Positive (Environment Protection Australia) Bill 2024 [Provisions] and related bills,1.00,matched,7275,Nature Positive (Environment Protection Australia) Bill 2024 [Provisions] and related bills,https://www.aph.gov.au/Parliamentary_Business/Tabled_Documents/16059
16018,substantive,2026-04-23,GOVERNMENT RESPONSE TO THE SENATE ECONOMICS LEGISLATION COMMITTEE’S REPORT: TREASURY LAWS AMENDMENT (SUPPORT FOR SMALL BUSINESS AND CHARITIES AND OTHER MEASURES) BILL 2023,1.00,matched,4264,Treasury Laws Amendment (Support for Small Business and Charities and Other Measures) Bill 2023 [Provisions] [November 2023],https://www.aph.gov.au/Parliamentary_Business/Tabled_Documents/16018
16012,substantive,2026-04-23,Australian Government response to the Senate Rural and Regional Affairs and Transport Legislation Committee report: Don’t mince words: definitions of meat and other animal products,1.00,matched,355,Don’t mince words: Definitions of meat and other animal products,https://www.aph.gov.au/Parliamentary_Business/Tabled_Documents/16012
16013,substantive,2026-04-23,Australian Government response to the Rural and Regional Affairs and Transport Legislation Committee report into the National Organic Standard Bill 2024,1.00,matched,9334,National Organic Standard Bill 2024,https://www.aph.gov.au/Parliamentary_Business/Tabled_Documents/16013
16003,substantive,2026-04-23,Australian Government response to the Rural and Regional Affairs and Transport Committee report: Australian winegrape purchases code of conduct,1.00,matched,9626,Australian winegrape purchases code of conduct,https://www.aph.gov.au/Parliamentary_Business/Tabled_Documents/16003
15937,substantive,2026-04-09,Australian Government response to the  Senate Economics Legislation Committee report: Inquiry into the Treasury Laws Amendment (Better Targeted Superannuation Concessions and Other Measures) Bill 2023,1.00,matched,5866,Treasury Laws Amendment (Better Targeted Superannuation Concessions and Other Measures) Bill 2023 [Provisions] and Superannuation (Better Targeted Superannuation Concessions) Imposition Bill 2023 [Provisions] [May 2024],https://www.aph.gov.au/Parliamentary_Business/Tabled_Documents/15937
15936,substantive,2026-04-02,Australian Government response to the Senate Select Committee report on the Tasmanian Freight Equalisation Scheme,1.00,matched,8840,Tasmanian Freight Equalisation Scheme,https://www.aph.gov.au/Parliamentary_Business/Tabled_Documents/15936
15913,substantive,2026-04-02,Government response to the Senate Legal and Constitutional Affairs Legislation Committee's report on the Whistleblower Protection Authority Bill 2025,1.00,matched,13400,Report 3/2025,https://www.aph.gov.au/Parliamentary_Business/Tabled_Documents/15913
15912,substantive,2026-04-02,Government response to the Public Interest Disclosure Amendment Review Bill 2022,1.00,matched,1369,Public Interest Disclosure Amendment (Review) Bill 2022 [Provisions] [March 2023],https://www.aph.gov.au/Parliamentary_Business/Tabled_Documents/15912
15889,substantive,2026-04-01,Australian Government response to the Senate Community Affairs References Committee report - Inquiry into the extent and nature of poverty in Australia,1.00,matched,5199,The extent and nature of poverty in Australia,https://www.aph.gov.au/Parliamentary_Business/Tabled_Documents/15889
15905,proforma_closure,2026-04-01,Australian Government response to the Senate Legal and Constitutional Affairs Legislation Committee report on the Immigration (Education) Amendment (Expanding Access to English Tuition) Bill 2020 [Provisions],1.00,matched,,Access to  [pre-2022 register],https://www.aph.gov.au/Parliamentary_Business/Tabled_Documents/15905
15897,proforma_closure,2026-04-01,"Australian Government response to the Senate Foreign Affairs, Defence and Trade References Committee Report on the United Nations Sustainable Development Goals (SDGs)",1.00,matched,,United  [pre-2022 register],https://www.aph.gov.au/Parliamentary_Business/Tabled_Documents/15897
15899,substantive,2026-04-01,Australian Government response to the Senate Finance and Public Administration Legislation Committee report on the Corporations (Aboriginal and Torres Strait Islander) Amendment Bill 2021 [Provisions],1.00,matched,,Corporations (Aboriginal and Torres Strait Islander) Amendment Bill 2021  [pre-2022 register],https://www.aph.gov.au/Parliamentary_Business/Tabled_Documents/15899
15888,substantive,2026-04-01,Australian Government Response to the Family Assistance Legislation Amendment (Cheaper Child Care) Bill 2022 [Provisions],1.00,matched,904,Family Assistance Legislation Amendment (Cheaper Child Care) Bill 2022 [Provisions],https://www.aph.gov.au/Parliamentary_Business/Tabled_Documents/15888
15903,substantive,2026-04-01,Australian Government response to the Joint Standing Committee on Northern Australia report on the engagement of traditional owners in the economic development of northern Australia,1.00,matched,,Australia’s engagement in  [pre-2022 register],https://www.aph.gov.au/Parliamentary_Business/Tabled_Documents/15903
15907,substantive,2026-04-01,Australian Government response to the Final Report of the Joint Select Committee on Constitutional Recognition relating to Aboriginal and Torres Strait Islander Peoples,1.00,matched,,Joint Select Committee on Constitutional Recognition of Aboriginal and Torres Strait Islander Peoples  [pre-2022 register],https://www.aph.gov.au/Parliamentary_Business/Tabled_Documents/15907
15892,substantive,2026-04-01,Australian Government Response to the Education Legislation Amendment (Startup Year and Other Measures) Bill 2023 [Provisions],1.00,matched,2067,Report no. 5 of 2023 [11 May 2023],https://www.aph.gov.au/Parliamentary_Business/Tabled_Documents/15892
15895,proforma_closure,2026-04-01,Australian Government response to the report of the Senate Select Committee for an Inquiry into A Certain Maritime Incident,1.00,matched,5066,Report on a Certain Maritime Incident,https://www.aph.gov.au/Parliamentary_Business/Tabled_Documents/15895
15900,proforma_closure,2026-04-01,Australian Government response to the Parliamentary Joint Committee on Human Rights’ eleventh report of 2013 on the Stronger Futures in the Northern Territory Act 2012 and related legislation,0.83,matched,,Review of Stronger Futures in the Northern Territory Act 2012 and related legislation  [pre-2022 register],https://www.aph.gov.au/Parliamentary_Business/Tabled_Documents/15900
15909,proforma_closure,2026-04-01,Australian Government response to the Parliamentary Joint Committee on Human Rights 2016 review of Stronger Futures Measures report,0.62,probable,,Examination of legislation in accordance with the Human Rights (Parliamentary Scrutiny) Act 2011 - Stronger Futures in the Northern Territory Act 2012 and related legislation  [pre-2022 register],https://www.aph.gov.au/Parliamentary_Business/Tabled_Documents/15909
15894,proforma_closure,2026-04-01,"Australian Government response to the Legal and Constitutional Affairs References Committee report on Allegations concerning the inappropriate exercise of ministerial powers, with respect to the visa status of au pairs, and related matters",1.00,matched,,"Allegations concerning the inappropriate exercise of ministerial powers, with respect to the visa status of au pairs, and related matters  [pre-2022 register]",https://www.aph.gov.au/Parliamentary_Business/Tabled_Documents/15894
15890,substantive,2026-04-01,Australian Government response to the Senate Environment and Communications References Committee report: Win-win under our oceans - Climate-related marine invasive species,1.00,matched,,Climate-related marine invasive species  [pre-2022 register],https://www.aph.gov.au/Parliamentary_Business/Tabled_Documents/15890
15891,substantive,2026-04-01,Australian Government response to the Senate Select Committee on Adopting Artificial Intelligence (AI) report: Final Report and Interim Report,0.00,unmatched,,,https://www.aph.gov.au/Parliamentary_Business/Tabled_Documents/15891
15896,proforma_closure,2026-04-01,"Australian Government response to the Senate Foreign Affairs, Defence and Trade Ref-erences Committee Report on the implications for climate change for Australia’s national security",1.00,matched,,Implications of climate change for  [pre-2022 register],https://www.aph.gov.au/Parliamentary_Business/Tabled_Documents/15896
15898,substantive,2026-04-01,Australian Government response to the Senate Finance and Public Administration Legislation Committee report on the Social Security Legislation Amendment (Remote Engagement Program) Bill 2021,1.00,matched,,Social Security Legislation Amendment (Remote Engagement Program) Bill 2021  [pre-2022 register],https://www.aph.gov.au/Parliamentary_Business/Tabled_Documents/15898
15908,proforma_closure,2026-04-01,Australian Government response to the Senate Legal and Constitutional Affairs Administration Legislation Committee report on the Freedom of Speech Legislation Amendment (Censorship) Bill 2018 and related bills,0.67,probable,,Air Services Amendment Bill 2018  [pre-2022 register],https://www.aph.gov.au/Parliamentary_Business/Tabled_Documents/15908
15904,substantive,2026-04-01,Australian Government response to the Final Report of the Senate Select Committee on Regional and Remote Indigenous Communities,1.00,matched,,Select Committee on Regional and Remote Indigenous Communities  [pre-2022 register],https://www.aph.gov.au/Parliamentary_Business/Tabled_Documents/15904
15906,substantive,2026-04-01,Australian Government response to the Senate Finance and Public Administration Legislation Committee report on Aboriginal and Torres Strait Islander experience of law enforcement and justice services,0.71,probable,,Administration of the referendum into an Aboriginal and Torres Strait Islander Voice  [pre-2022 register],https://www.aph.gov.au/Parliamentary_Business/Tabled_Documents/15906
15916,substantive,2026-04-01,"Australian Government response to the House Standing Committee on Education, Employment and Training report: The Future of Work: Inquiry into the Digital Transformation of Workplaces",1.00,matched,9349,The future of work: Inquiry into the digital transformation of workplaces,https://www.aph.gov.au/Parliamentary_Business/Tabled_Documents/15916
15917,substantive,2026-04-01,"Australian Government response to the House of Representatives Standing Committee on Employment, Education and Training report: Study Buddy or Influencer: Inquiry into the Use of Generative Artificial Intelligence in the Australian Education System",1.00,matched,7292,Study Buddy or Influencer,https://www.aph.gov.au/Parliamentary_Business/Tabled_Documents/15917
15918,substantive,2026-04-01,"Government response to the House Standing Committee on Employment, Education and Training report: Shared vision, equal pathways",0.25,unmatched,515,Fair Work Amendment (Equal Pay for Equal Work) Bill 2022,https://www.aph.gov.au/Parliamentary_Business/Tabled_Documents/15918
15844,substantive,2026-03-31,"Australian Government Response to the Joint Standing Committee on Foreign Affairs, Defence and Trade Inquiry into Australia’s Tourism and International Education Sectors  ‘Are we there yet?’: From recovery to resilience - opportunities and challenges for Australia’s tourism sector’",1.00,matched,7546,‘Are we there yet?’: From recovery to resilience – opportunities and challenges for Australia’s tourism sector,https://www.aph.gov.au/Parliamentary_Business/Tabled_Documents/15844
15845,substantive,2026-03-31,Australian Government response to the  Parliamentary Joint Committee on Corporations and Financial Services report: Wholesale investor and wholesale client tests,1.00,matched,9425,Wholesale investor and wholesale client tests,https://www.aph.gov.au/Parliamentary_Business/Tabled_Documents/15845
15847,substantive,2026-03-31,Australian Government response to the  Senate Committee Economics report: Digital Assets (Market Regulation) Bill 2023,1.00,matched,3237,Digital Assets (Market Regulation) Bill 2023 [September 2023],https://www.aph.gov.au/Parliamentary_Business/Tabled_Documents/15847
15841,substantive,2026-03-31,Australian Government response to the Senate Committee Economics report: Superannuation (Objective) Bill 2023,1.00,matched,5572,Superannuation (Objective) Bill 2023 [Provisions],https://www.aph.gov.au/Parliamentary_Business/Tabled_Documents/15841
15848,substantive,2026-03-31,Australian Government response to the Joint Standing Committee on Aboriginal and Torres Strait Islander Affairs Report: Economic Self-Determination and Opportunities for First Nations Australians,1.00,matched,8442,Inquiry into economic self-determination and opportunities for First Nations Australians,https://www.aph.gov.au/Parliamentary_Business/Tabled_Documents/15848
15843,substantive,2026-03-31,Australian Government response to the Senate Legal and Constitutional Affairs References Committee report: Right Wing Extremist Movements in Australia,1.00,matched,8605,Right wing extremist movements in Australia,https://www.aph.gov.au/Parliamentary_Business/Tabled_Documents/15843
15846,substantive,2026-03-31,Australian Government response to the Senate Economics Legislation Committee report: Treasury Laws Amendment (2023 Measures No. 1) Bill 2023 [Provisions],1.00,matched,5866,Treasury Laws Amendment (Better Targeted Superannuation Concessions and Other Measures) Bill 2023 [Provisions] and Superannuation (Better Targeted Superannuation Concessions) Imposition Bill 2023 [Provisions] [May 2024],https://www.aph.gov.au/Parliamentary_Business/Tabled_Documents/15846
15557,substantive,2026-03-31,Australian Government Response to the Senate Environment and Communications References Committee Report: Middle Arm Industrial Precinct,1.00,matched,7116,Middle Arm Industrial Precinct,https://www.aph.gov.au/Parliamentary_Business/Tabled_Documents/15557
15840,substantive,2026-03-31,"Australian Government Response to the Joint Standing Committee on Foreign Affairs, Defence and Trade report: Quality and Integrity - The quest for sustainable growth: Interim report into International Education",1.00,matched,3847,"Australia’s tourism and international sectors, ‘Quality and Integrity – the Quest for Sustainable Growth’: Interim Report into International Education [October 2023]",https://www.aph.gov.au/Parliamentary_Business/Tabled_Documents/15840
15842,substantive,2026-03-31,Government response to the Parliamentary Joint Committee on Intelligence and Security's inquiry into the Royal Commissions Legislation Amendment (Protections for Providing Information) Bill 2026,1.00,matched,14966,Report 1/2026,https://www.aph.gov.au/Parliamentary_Business/Tabled_Documents/15842
15837,substantive,2026-03-31,Response to order of 25 March 2026 (455) relating to Environment and Communications References Committee - Government response - Algal blooms in South Australia,1.00,matched,15741,Report no. 4 of 2026 [26 March 2026],https://www.aph.gov.au/Parliamentary_Business/Tabled_Documents/15837
15839,substantive,2026-03-31,Australian Government response to the  Senate Committee Economics report: Future Made in Australia (Production Tax Credits and Other Measures) Bill 2024 [Provisions],1.00,matched,9149,Future Made in Australia (Production Tax Credits and Other Measures) Bill 2024 [Provisions],https://www.aph.gov.au/Parliamentary_Business/Tabled_Documents/15839
15838,substantive,2026-03-31,Australian Government response to the Senate Committee Economics report: Tax Laws Amendment (Incentivising Food Donations to Charitable Organisations) Bill 2024,1.00,matched,9028,Tax Laws Amendment (Incentivising Food Donations to Charitable Organisations) Bill 2024 [Additional information],https://www.aph.gov.au/Parliamentary_Business/Tabled_Documents/15838
15768,substantive,2026-03-27,Government Response - Senate Community Affairs Legislation Committee’s report on the Social Security (Administration) Amendment (Income Management Reform) Bill 2023,1.00,matched,2067,Report no. 5 of 2023 [11 May 2023],https://www.aph.gov.au/Parliamentary_Business/Tabled_Documents/15768
15781,substantive,2026-03-27,Australian Government response to the Senate Education and Employment References Committee for the Inquiry into the potential impacts of the Commonwealth Paid Parental Leave scheme on small businesses and their employees,0.85,matched,3170,Potential impacts of the Commonwealth Paid Parental Leave Scheme on small businesses and their employees [August 2023],https://www.aph.gov.au/Parliamentary_Business/Tabled_Documents/15781
15770,substantive,2026-03-27,Government Responses - Senate Community Affairs Legislation Committee’s report on the Social Services and Other Legislation Amendment (Strengthening the Safety Net) Bill 2023,1.00,matched,2067,Report no. 5 of 2023 [11 May 2023],https://www.aph.gov.au/Parliamentary_Business/Tabled_Documents/15770
15766,substantive,2026-03-27,Government Response - Senate Community Affairs Legislation Committee’s report on the Social Services and Other Legislation Amendment (Workforce Incentive) Bill 2022 [Provisions],1.00,matched,727,Social Services and Other Legislation Amendment (Workforce Incentive) Bill 2022 [Provisions],https://www.aph.gov.au/Parliamentary_Business/Tabled_Documents/15766
15767,substantive,2026-03-27,Government Responses - Senate Community Affairs Legislation Committee’s report on the Paid Parental Leave Amendment (Improvements for Families and Gender Equality) Bill 2022,0.56,probable,4902,Paid Parental Leave Amendment (More Support for Working Families) Bill 2023 [Provisions],https://www.aph.gov.au/Parliamentary_Business/Tabled_Documents/15767
15640,substantive,2026-03-24,"Australian Government response to the Parliamentary Joint Committee on Corporations and Financial Services Report: Statutory inquiry into ASIC, the Takeovers Panel, and the corporations legislation: ASIC licence transfers",1.00,matched,2835,"Statutory inquiry into ASIC, the Takeovers Panel, and the corporations legislation: ASIC Licence transfers [Interim - July 2023]",https://www.aph.gov.au/Parliamentary_Business/Tabled_Documents/15640
15586,substantive,2026-03-24,Government Response to the Inquiry into the Defence Amendment (Defence Honours and Awards Appeals Tribunal) Bill 2025,1.00,matched,13921,Defence Amendment (Defence Honours and Awards Appeals Tribunal) Bill 2025,https://www.aph.gov.au/Parliamentary_Business/Tabled_Documents/15586
15672,substantive,2026-03-24,Australian Government response to the Senate Economics References Committee report: Residential Electrification,1.00,matched,10183,Residential electrification,https://www.aph.gov.au/Parliamentary_Business/Tabled_Documents/15672
15607,substantive,2026-03-24,Australian Government response to the Parliamentary Joint Committee on Human Rights Inquiry Report into Antisemitism at Australian Universities,1.00,matched,9396,Inquiry into antisemitism at Australian universities,https://www.aph.gov.au/Parliamentary_Business/Tabled_Documents/15607
15671,substantive,2026-03-24,Government response to the Copyright Legislation Amendment (Fair  Pay for Radio Play) Bill 2023,1.00,matched,6434,Copyright Legislation Amendment (Fair Pay for Radio Play) Bill 2023,https://www.aph.gov.au/Parliamentary_Business/Tabled_Documents/15671
15673,substantive,2026-03-24,Australian Government Response to Senate Economics References Committee Report into Micro-competition opportunities in e-conveyancing,1.00,matched,13920,Micro-competition opportunities in e-conveyancing,https://www.aph.gov.au/Parliamentary_Business/Tabled_Documents/15673
15676,substantive,2026-03-24,Australian Government response to the Senate Legal and Constitution Affairs Legislation Committee Inquiry Report into the Commission of Inquiry into Antisemitism at Australian Universities Bill 2024 (No.2),1.00,matched,9396,Inquiry into antisemitism at Australian universities,https://www.aph.gov.au/Parliamentary_Business/Tabled_Documents/15676
11620,substantive,2026-03-24,"Government response to the Joint Standing Committee on Treaties report (Committee Report) on the Agreement Among the Government of Australia, the Government of the United Kingdom of Great Britain and Northern Ireland, and the Government of the United States of America for Cooperation Related to Naval Nuclear Propulsion",1.00,matched,8514,"Report 224 Agreement among the Government of Australia, the Government of the United Kingdom of Great Britain and Northern Ireland, and the Government of the United States of America for Cooperation Related to Naval Nuclear Propulsion",https://www.aph.gov.au/Parliamentary_Business/Tabled_Documents/11620
15534,proforma_closure,2026-03-19,Government response to the Inquiry into the jurisdiction of the Australian Commission for Law Enforcement Integrity,1.00,matched,,Jurisdiction of the Australian Commission for Law Enforcement Integrity  [pre-2022 register],https://www.aph.gov.au/Parliamentary_Business/Tabled_Documents/15534
15553,proforma_closure,2026-03-19,Government response to the Examination of the Annual Report of the Integrity Commissioner 2020-21,1.00,matched,,Examination of the Annual Report of the Integrity Commissioner 2020-21  [pre-2022 register],https://www.aph.gov.au/Parliamentary_Business/Tabled_Documents/15553
15535,proforma_closure,2026-03-19,Government response to the Advisory Report on the Intelligence Oversight and Other Legislation Amendment (Integrity Measures) Bill 2020,0.88,matched,,Review of the Intelligence Oversight and Other Legislation Amendment (Integrity Measures) Bill 2020  [pre-2022 register],https://www.aph.gov.au/Parliamentary_Business/Tabled_Documents/15535
15533,proforma_closure,2026-03-19,Government response to the Integrity of overseas Commonwealth law enforcement operations,1.00,matched,,Integrity of overseas Commonwealth law enforcement operations  [pre-2022 register],https://www.aph.gov.au/Parliamentary_Business/Tabled_Documents/15533
15563,proforma_closure,2026-03-19,"Joint Standing Committee on Foreign Affairs, Defence and Trade’s Second Interim Report: freedom of religion and belief, the Australian experience",0.75,probable,,Conviction with compassion: Freedom of religion and belief  [pre-2022 register],https://www.aph.gov.au/Parliamentary_Business/Tabled_Documents/15563
15594,substantive,2026-03-19,Government response to the National Anti-Corruption Commission Bill 2022,1.00,matched,1675,Advisory Report on Item 250 of the National Anti-Corruption Commission (Consequential and Transitional Provisions) Bill 2022 [March 2023],https://www.aph.gov.au/Parliamentary_Business/Tabled_Documents/15594
15564,proforma_closure,2026-03-19,Rights’ Inquiry report: Religious Discrimination Bill 2021 and related bills,1.00,matched,,PJCHR Religious Discrimination Bill 2021 and related bills  [pre-2022 register],https://www.aph.gov.au/Parliamentary_Business/Tabled_Documents/15564
15536,proforma_closure,2026-03-19,Government response to the Freedom of the Press,1.00,matched,29,Constitution Alteration (Freedom of Expression and Freedom of the Press) 2019,https://www.aph.gov.au/Parliamentary_Business/Tabled_Documents/15536
15562,proforma_closure,2026-03-19,Government Response to the National Integrity (Parliamentary Standards) Bill 2019,1.00,matched,,National  [pre-2022 register],https://www.aph.gov.au/Parliamentary_Business/Tabled_Documents/15562
15549,proforma_closure,2026-03-19,Government response to the Family Law Amendment (Federal Family Violence Orders) Bill 2021 [Provisions],1.00,matched,9408,Inquiry into family violence orders,https://www.aph.gov.au/Parliamentary_Business/Tabled_Documents/15549
15595,substantive,2026-03-19,Government response to Crimes Legislation Amendment (Combatting Foreign Bribery) Bill 2023 [Provisions],1.00,matched,2897,Crimes Legislation Amendment (Combatting Foreign Bribery) Bill 2023 [Provisions] [July 2023],https://www.aph.gov.au/Parliamentary_Business/Tabled_Documents/15595
15552,proforma_closure,2026-03-19,Government response to the Criminal Code Amendment (Animal Protection) Bill 2015,1.00,matched,,Criminal Code Amendment (Animal Protection) Bill 2015  [pre-2022 register],https://www.aph.gov.au/Parliamentary_Business/Tabled_Documents/15552
15548,proforma_closure,2026-03-19,Government response to the Judiciary Amendment (Commonwealth Model Litigant Obligations) Bill 2017,1.00,matched,,Judiciary Amendment (Commonwealth Model Litigant Obligations) Bill 2017  [pre-2022 register],https://www.aph.gov.au/Parliamentary_Business/Tabled_Documents/15548
15554,substantive,2026-03-19,Government response to Modern Slavery Amendment (Australian Anti-Slavery Commissioner) Bill 2023,1.00,matched,5200,Modern Slavery Amendment (Australian Anti-Slavery Commissioner) Bill 2023 [Provisions],https://www.aph.gov.au/Parliamentary_Business/Tabled_Documents/15554
15567,proforma_closure,2026-03-19,Government response to the Social Media (Anti-Trolling) Bill 2022 [Provisions],1.00,matched,73,Social Media (Anti-Trolling) Bill 2022 [Provisions] [Additional information],https://www.aph.gov.au/Parliamentary_Business/Tabled_Documents/15567
15538,proforma_closure,2026-03-19,Government response to the National Commissioner for Defence and Veteran Suicide Prevention Bill 2020 [provisions] and the National Commissioner for Defence and Veteran Suicide Prevention (Consequential Amendments) Bill 2020 [provisions],1.00,matched,,National Commissioner for Defence and Veteran Suicide Prevention Bill 2020 [provisions] and the National Commissioner for Defence and Veteran Suicide Prevention (Consequential Amendments) Bill 2020 [provisions]  [pre-2022 register],https://www.aph.gov.au/Parliamentary_Business/Tabled_Documents/15538
15550,proforma_closure,2026-03-19,Government response to The performance and integrity of Australia's administrative review system,1.00,matched,62,The performance and integrity of Australia’s administrative review system,https://www.aph.gov.au/Parliamentary_Business/Tabled_Documents/15550
15569,proforma_closure,2026-03-19,"Government response to Legislative exemptions that allow faith-based educational institutions to discriminate against students, teachers and staff",1.00,matched,,"Legislative exemptions that allow faith-based educational institutions to discriminate against students, teachers and staff  [pre-2022 register]",https://www.aph.gov.au/Parliamentary_Business/Tabled_Documents/15569
15537,proforma_closure,2026-03-19,Government response to the Senate Select Committee on the Establishment of a National Integrity Commission’s Interim Report,1.00,matched,,Establishment of a National Integrity Commission  [pre-2022 register],https://www.aph.gov.au/Parliamentary_Business/Tabled_Documents/15537
15565,proforma_closure,2026-03-19,Government response to Sex Discrimination Amendment (Removing Discrimination Against Students) Bill 2018,1.00,matched,,Sex Discrimination Amendment (Removing Discrimination Against Students) Bill 2018  [pre-2022 register],https://www.aph.gov.au/Parliamentary_Business/Tabled_Documents/15565
15547,proforma_closure,2026-03-19,Government response to the Family Law Amendment (Parenting Management Hearings) Bill 2017,1.00,matched,,Family Law Amendment (Parenting Management Hearings) Bill 2017  [pre-2022 register],https://www.aph.gov.au/Parliamentary_Business/Tabled_Documents/15547
15551,proforma_closure,2026-03-19,Government response to the National Integrity Commission’s Report,1.00,matched,,Establishment of a National Integrity Commission  [pre-2022 register],https://www.aph.gov.au/Parliamentary_Business/Tabled_Documents/15551
15555,substantive,2026-03-19,Government response to Crimes Amendment (Strengthening the Criminal Justice Response to Sexual Violence) Bill 2024,1.00,matched,6034,Report no. 5 of 2024 [16 May 2024],https://www.aph.gov.au/Parliamentary_Business/Tabled_Documents/15555
15589,substantive,2026-03-19,Government response to Privacy Legislation Amendment (Enforcement and Other Measures) Bill 2022,1.00,matched,841,Privacy Legislation Amendment (Enforcement and Other Measures) Bill 2022 [Provisions],https://www.aph.gov.au/Parliamentary_Business/Tabled_Documents/15589
15527,substantive,2026-03-19,Government response to Identity Verification Services Bill 2023 and the Identity Verification Services (Consequential Amendments) Bill 2023 [Provisions],1.00,matched,4129,Identity Verification Services Bill 2023 and the Identity Verification Services (Consequential Amendments) Bill 2023 [Provisions],https://www.aph.gov.au/Parliamentary_Business/Tabled_Documents/15527
15539,proforma_closure,2026-03-19,Government response to the Family Law Amendment (Financial Agreements and Other Measures) Bill 2015,1.00,matched,,Family Law Amendment (Financial Agreements and Other Measures) Bill 2015  [pre-2022 register],https://www.aph.gov.au/Parliamentary_Business/Tabled_Documents/15539
15566,proforma_closure,2026-03-19,"Government response to Religious Discrimination Bill 2021 [Provisions], Religious Discrimination (Consequential Amendments) Bill 2021 [Provisions] and Human Rights Legislation Amendment Bill 2021 [Provisions]",1.00,matched,,Religious Discrimination Bill 2021; Religious Discrimination (Consequential Amendments) Bill 2021 and Human Rights Legislation Amendment Bill 2021  [pre-2022 register],https://www.aph.gov.au/Parliamentary_Business/Tabled_Documents/15566
15568,proforma_closure,2026-03-19,Government response to Nature and scope of any agreement reached by the Commonwealth and Western Australia,1.00,matched,,Nature and scope of any agreement reached by the  [pre-2022 register],https://www.aph.gov.au/Parliamentary_Business/Tabled_Documents/15568
15590,substantive,2026-03-19,Government response to Administrative Review Tribunal and Other Legislation Amendment Bill 2025,1.00,matched,13672,Administrative Review Tribunal and Other Legislation Amendment Bill 2025,https://www.aph.gov.au/Parliamentary_Business/Tabled_Documents/15590
15482,substantive,2026-03-12,The pursuit of equality: Inquiry in the rights of women and children – Government response,1.00,matched,4358,The pursuit of equality – Inquiry into the human rights of women and children [November 2023],https://www.aph.gov.au/Parliamentary_Business/Tabled_Documents/15482
15481,proforma_closure,2026-03-12,Australian Government response to the Senate Legal and Constitutional Affairs References Committee report: Comprehensive revision of the Telecommunications (Interception and Access ) Act 1979,1.00,matched,,Access to  [pre-2022 register],https://www.aph.gov.au/Parliamentary_Business/Tabled_Documents/15481
15484,substantive,2026-03-12,Australian Government response to the Senate Committee Economics report: Inquiry into Treasury Laws Amendment (Mergers and Acquisitions Reform) Bill 2024,1.00,matched,8305,Treasury Laws Amendment (Mergers and Acquisitions Reform) Bill 2024 [Provisions],https://www.aph.gov.au/Parliamentary_Business/Tabled_Documents/15484
15483,substantive,2026-03-12,Australian Government response to the Legal and Constitutional Affairs Legislation Committee report: Migration Amendment (Removal and other Measures) Bill 2024,1.00,matched,8438,Migration Amendment Bill 2024 [Provisions],https://www.aph.gov.au/Parliamentary_Business/Tabled_Documents/15483
15449,substantive,2026-03-11,Australian Government response to the House of Representatives Standing Committee on Social Policy and Legal Affairs report: Inquiry into the recognition of unpaid carers.,0.33,unmatched,1067,Report 203: Australia-Japan Reciprocal Access Agreement; Global Convention on the Recognition of Qualifications,https://www.aph.gov.au/Parliamentary_Business/Tabled_Documents/15449
15418,proforma_closure,2026-03-10,Australian Government response to the House of Representatives Standing Committee on the Environment and Energy report: Not without your approval: a way forward for nuclear technology in Australia,0.50,probable,9579,Interim report for the inquiry into nuclear power generation in Australia,https://www.aph.gov.au/Parliamentary_Business/Tabled_Documents/15418
15400,substantive,2026-03-05,"Australian Government response to the House of Representatives Standing Committee on Regional  Development, Infrastructure and Transport report: Inquiry into the implications of severe weather events on the national regional, rural and remote road network.",1.00,matched,5114,"Inquiry into the implications of severe weather events on the national regional, rural, and remote road network",https://www.aph.gov.au/Parliamentary_Business/Tabled_Documents/15400
14959,proforma_closure,2026-03-04,Australian Government response to the Parliamentary Joint Committee on Law Enforcement: Examination of the Australian Federal Police Annual Report 2015-16,1.00,matched,,Examination of the Australian Federal Police annual report 2015-16  [pre-2022 register],https://www.aph.gov.au/Parliamentary_Business/Tabled_Documents/14959
15294,substantive,2026-03-04,Response to the order of 27 October 2025 (176) relating to Rural and Regional Affairs and Transport References Committee - Government response - Bank closures in regional Australia,1.00,matched,13509,Report no. 7 of 2025 [30 October 2025],https://www.aph.gov.au/Parliamentary_Business/Tabled_Documents/15294
14956,proforma_closure,2026-03-04,"Australian Government response to the Parliamentary Joint Committee on Law Enforcement report: COVID-19, Criminal Activity and Law Enforcement",1.00,matched,,"COVID-19, criminal activity and law enforcement  [pre-2022 register]",https://www.aph.gov.au/Parliamentary_Business/Tabled_Documents/14956
14958,proforma_closure,2026-03-04,Australian Government response to the Parliamentary Joint Committee on Law Enforcement: Inquiry into Crystal Methamphetamine (ice)- First and Final Report,1.00,matched,,Crystal methamphetamine (ice)  [pre-2022 register],https://www.aph.gov.au/Parliamentary_Business/Tabled_Documents/14958
15314,proforma_closure,2026-03-04,Australian Government response to the Senate Economics References Committee: Personal Choice and Community Impacts – Interim Report: Sale and Use of Marijuana and Associated Products (term of refence c),0.50,probable,,Sale of ADI Limited  [pre-2022 register],https://www.aph.gov.au/Parliamentary_Business/Tabled_Documents/15314
14957,proforma_closure,2026-03-04,Australian Government response to the Parliamentary Joint Committee on Law Enforcement report: Inquiry into Financial Related Crime,1.00,matched,,Financial related crime  [pre-2022 register],https://www.aph.gov.au/Parliamentary_Business/Tabled_Documents/14957
15205,substantive,2026-03-04,Australian Government response to the Joint Standing Committee on Implementation of the National Redress Scheme inquiry into the operation of the National Redress Scheme Report - Redress: Journey to Justice - November 2024,1.00,matched,8545,Report no. 14 of 2024 [28 November 2024],https://www.aph.gov.au/Parliamentary_Business/Tabled_Documents/15205
15356,substantive,2026-03-04,"AUSTRALIAN GOVERNMENT RESPONSE TO THE HOUSE OF REPRESENTATIVES STANDING COMMITTEE ON HEALTH, AGED CARE AND SPORT REPORT: ISSUES PAPER RELATING TO THE HEALTH IMPACTS OF ALCOHOL AND OTHER DRUGS IN AUSTRALIA",1.00,matched,9750,Issues paper relating to the health impacts of alcohol and other drugs in Australia,https://www.aph.gov.au/Parliamentary_Business/Tabled_Documents/15356
14424,substantive,2026-02-26,Government Response to the Senate Finance and Public Administration References Committee Report on the Supporting the development of sovereign capability in the Australian tech sector,1.00,matched,6559,Supporting the development of sovereign capability in the Australian tech sector,https://www.aph.gov.au/Parliamentary_Business/Tabled_Documents/14424
15044,substantive,2026-02-19,GOVERNMENT RESPONSE TO THE SENATE ECONOMICS LEGISLATION COMMITTEE REPORT ON THE TREASURY LAWS AMENDMENT (STRENGTHENING FINANCIAL SYSTEMS AND OTHER MEASURES) BILL 2025,1.00,matched,13845,Treasury Laws Amendment (Strengthening Financial Systems and Other Measures) Bill 2025,https://www.aph.gov.au/Parliamentary_Business/Tabled_Documents/15044
14887,substantive,2026-02-05,Government Response to Illegal Logging Prohibition Amendment (Strengthening Measures to Prevent Illegal Timber Trade) Bill 2024 [Provisions]),1.00,matched,6433,Illegal Logging Prohibition Amendment (Strengthening Measures to Prevent Illegal Timber Trade) Bill 2024 [Provisions],https://www.aph.gov.au/Parliamentary_Business/Tabled_Documents/14887
14687,substantive,2026-02-05,Australian Government response to the Senate Committee Economics report: Inquiry into Treasury Laws Amendment (Responsible Buy Now Pay Later and Other Measures) Bill 2024,1.00,matched,7903,Treasury Laws Amendment (2024 Tax and Other Measures No. 1) Bill 2024 [Provisions],https://www.aph.gov.au/Parliamentary_Business/Tabled_Documents/14687
14851,substantive,2026-02-05,"Australian Government response to the Parliamentary Joint Committee on Corporations and Financial Services report Ethics and Professional Accountability: Structural Challenges in the Audit, Assurance and Consultancy Industry",1.00,matched,8230,"Ethics and Professional Accountability: Structural Challenges in the Audit, Assurance and Consultancy Industry",https://www.aph.gov.au/Parliamentary_Business/Tabled_Documents/14851
14164,proforma_closure,2026-02-03,Australian Government response to the Parliamentary Joint Committee on Law Enforcement report: Impact of New and Emerging Information and Communication Technology,0.80,matched,,Impact of new and emerging information and communications technology  [pre-2022 register],https://www.aph.gov.au/Parliamentary_Business/Tabled_Documents/14164
14688,substantive,2026-01-29,Government response to the Senate Environment and Communications Committee Report on the National Broadband Network Companies Amendment (Commitment to Public  Ownership) Bill 2024 [Provisions],1.00,matched,9253,National Broadband Network Companies Amendment (Commitment to Public Ownership) Bill 2024 [Provisions],https://www.aph.gov.au/Parliamentary_Business/Tabled_Documents/14688
14151,substantive,2026-01-23,"Australian Government Response to the Senate Inquiry into Australia's preparedness to host the Commonwealth, Olympic and Paralympic Games",1.00,matched,10249,"Australia’s preparedness to host Commonwealth, Olympic and Paralympic Games",https://www.aph.gov.au/Parliamentary_Business/Tabled_Documents/14151
14707,substantive,2026-01-23,Australian Government response to the Finance and Public Administration References Committee report on management and assurance of integrity by consulting services,1.00,matched,6355,Management and assurance of integrity by consulting services [PWC],https://www.aph.gov.au/Parliamentary_Business/Tabled_Documents/14707
14190,substantive,2025-12-11,Australian Government response to the Select Committee on Commonwealth Bilateral Air Service Agreements report: Commonwealth Bilateral Air Service Agreements,1.00,matched,3526,Commonwealth Bilateral Air Service Agreements [October 2023],https://www.aph.gov.au/Parliamentary_Business/Tabled_Documents/14190
14277,substantive,2025-12-11,"AUSTRALIAN GOVERNMENT RESPONSE TO THE SENATE STANDING FOREIGN AFFAIRS, DEFENCE AND TRADE LEGISLATION COMMITTEE INQUIRY REPORT INTO ISSUES RELATING TO ADVOCACY SERVICES FOR VETERANS ACCESSING COMPENSATION AND INCOME SUPPORT",1.00,matched,13513,Issues relating to advocacy services for veterans accessing compensation and income support,https://www.aph.gov.au/Parliamentary_Business/Tabled_Documents/14277
14171,substantive,2025-12-04,"Australian Government Response to the Senate Foreign Affairs, Defence and Trade Legislation Committee Review of Schedule 9 of the Veterans' Entitlements, Treatment and Support (Simplification and Harmonisation) Act 2025",1.00,matched,13400,Report 3/2025,https://www.aph.gov.au/Parliamentary_Business/Tabled_Documents/14171
13782,proforma_closure,2025-12-04,Government Response - Inquiry into the Bankruptcy Amendment (Enterprise Incentives) Bill 2017,1.00,matched,,Bankruptcy Amendment (Enterprise Incentives) Bill 2017  [pre-2022 register],https://www.aph.gov.au/Parliamentary_Business/Tabled_Documents/13782
13990,partial_proforma,2025-11-26,Australian Government response to the Parliamentary Joint Committee on Intelligence and Security Advisory Report on the Telecommunications Legislation Amendment (International Production Orders) Bill 2020,1.00,matched,,Job security  [pre-2022 register],https://www.aph.gov.au/Parliamentary_Business/Tabled_Documents/13990
13993,proforma_closure,2025-11-26,Australian Government response to the Parliamentary Joint Committee on Intelligence and Security report: Review of the amendments made by the Telecommunications and Other Legislation Amendment (Assistance and Access) Act 2018,1.00,matched,,Access to  [pre-2022 register],https://www.aph.gov.au/Parliamentary_Business/Tabled_Documents/13993
14015,substantive,2025-11-26,Status of government responses in the House of Representatives to parliamentary committee reports as at 21 November 2025,1.00,matched,13653,Report no. 8 of 2025 [6 November 2025],https://www.aph.gov.au/Parliamentary_Business/Tabled_Documents/14015
14009,substantive,2025-11-26,Australian Government response to the House of Representatives Standing Committee on Communications and the Arts report Am I Ever Gonna See You Live Again?,0.80,matched,10152,Am I ever gonna see you live again? Yes way! You bet!  Oh yeah!,https://www.aph.gov.au/Parliamentary_Business/Tabled_Documents/14009
13947,proforma_closure,2025-11-25,Australian Government response to the Parliamentary Joint Committee on Intelligence and Security: Advisory Report on the Surveillance Legislation Amendment (Identify and Disrupt) Bill 2020,1.00,matched,,Job security  [pre-2022 register],https://www.aph.gov.au/Parliamentary_Business/Tabled_Documents/13947
13688,substantive,2025-11-18,Australian Government Response to the Select Committee on PFAS' Interim Report,1.00,matched,9828,Select Committee on PFAS (per and polyfluoroalkyl substances) [Interim report],https://www.aph.gov.au/Parliamentary_Business/Tabled_Documents/13688
13650,substantive,2025-11-06,Australian Government Response to the Fair Work Amendment (Protecting Penalty and Overtime Rates) Bill 2025,1.00,matched,13400,Report 3/2025,https://www.aph.gov.au/Parliamentary_Business/Tabled_Documents/13650
13649,substantive,2025-11-06,Australian Government response to the Senate Community Affairs Reference Committee report titled Access to diagnosis and treatment for people in Australia with tick-borne diseases,1.00,matched,10121,Access to diagnosis and treatment for people in Australia with tick-borne diseases,https://www.aph.gov.au/Parliamentary_Business/Tabled_Documents/13649
13557,substantive,2025-11-03,Response to order of 27 October 2025 (178) relating to Rural and Regional Affairs and Transport References Committee - Government response - Impact and mitigation of aircraft noise,1.00,matched,13509,Report no. 7 of 2025 [30 October 2025],https://www.aph.gov.au/Parliamentary_Business/Tabled_Documents/13557
13407,substantive,2025-10-28,Government Response - JCPAA - Inquiry into Defence Major Projects Report - Report 507: Defence 2022 – 23 major project report,1.00,matched,,2022–23 Major Projects Report  [pre-2022 register],https://www.aph.gov.au/Parliamentary_Business/Tabled_Documents/13407
13187,substantive,2025-10-27,Australian Government response to the Parliamentary Joint Committee on Intelligence and Security Advisory Report: Transport Security Amendment (Security of Australia’s Transport Sector) Bill 2024,1.00,matched,9758,Advisory report on the Transport Security Amendment (Security of Australia's Transport Sector) Bill 2024,https://www.aph.gov.au/Parliamentary_Business/Tabled_Documents/13187
13232,substantive,2025-10-20,Australian Government response to the Joint Committee of Public Accounts and Audit Report 505: Inquiry into Policy and Program Design and Implementation,1.00,matched,,Policy and program design and implementation  [pre-2022 register],https://www.aph.gov.au/Parliamentary_Business/Tabled_Documents/13232
13234,substantive,2025-10-20,Australian Government response to the Legal and Constitutional Affairs Legislation Committee Report: Migration Amendment (Strengthening Sponsorship and Nomination Processes) Bill 2024,1.00,matched,8438,Migration Amendment Bill 2024 [Provisions],https://www.aph.gov.au/Parliamentary_Business/Tabled_Documents/13234
13252,substantive,2025-10-16,Australian Government response to the Rural and Regional Affairs and Transport Legislation Committee report: Customs Legislation Amendment (Commercial Greyhound Export and Import Prohibition) Bill 2021,1.00,matched,3850,Customs Legislation Amendment (Commercial Greyhound Export and Import Prohibition) Bill 2021 [October 2023],https://www.aph.gov.au/Parliamentary_Business/Tabled_Documents/13252
13153,substantive,2025-10-10,Australian Government Response to the Education and Employment Legislation Committee report: Free TAFE Bill 2024,1.00,matched,9618,Free TAFE Bill 2024 [Provisions],https://www.aph.gov.au/Parliamentary_Business/Tabled_Documents/13153
12986,substantive,2025-10-10,Australian Government response to the Senate Rural and Regional Affairs and Transport References Committee’s report: Shutdown of the 3G mobile network,1.00,matched,9585,Shutdown of the 3G mobile network,https://www.aph.gov.au/Parliamentary_Business/Tabled_Documents/12986
12726,substantive,2025-09-25,Australian Government Response to the Senate Finance and Public Administration Legislation Committee Inquiry into the Workplace Gender Equality Amendment (Setting Gender Equality Targets) Bill 2024,1.00,matched,9135,Workplace Gender Equality Amendment (Setting Gender Equality Targets) Bill 2024,https://www.aph.gov.au/Parliamentary_Business/Tabled_Documents/12726
12727,substantive,2025-09-25,"Australian Government Response to the Senate Foreign Affairs, Defence and Trade References Committee report on the Defence honours and awards system",1.00,matched,10948,Defence honours and awards system,https://www.aph.gov.au/Parliamentary_Business/Tabled_Documents/12727
12462,substantive,2025-09-04,Order of 3 September 2025 (162) relating to Legal and Constitutional Affairs References Committee - Government response - Operation of Commonwealth freedom of information laws,1.00,matched,12422,Report no. 6 of 2025 [4 September 2025],https://www.aph.gov.au/Parliamentary_Business/Tabled_Documents/12462
12376,substantive,2025-09-02,"Australian Government response to the Joint Standing Committee on Foreign Affairs, Defence and Trade report: Supporting democracy in our region",1.00,matched,4191,Supporting democracy in our region [November 2023],https://www.aph.gov.au/Parliamentary_Business/Tabled_Documents/12376
12375,substantive,2025-09-02,Senate Legal and Constitutional Affairs Legislation Committee report on the Oversight Legislation Amendment (Robodebt Royal Commission Response and Other Measures) Bill 2024,1.00,matched,9130,Oversight Legislation Amendment (Robodebt Royal Commission Response and Other Measures) Bill 2024 [Provisions],https://www.aph.gov.au/Parliamentary_Business/Tabled_Documents/12375
12355,substantive,2025-09-01,Final Report of the Review of the Foreign Arrangements Scheme—Government Response,0.75,probable,5543,Review of the Foreign Influence Transparency Scheme Act 2018 [March 2024],https://www.aph.gov.au/Parliamentary_Business/Tabled_Documents/12355
12354,substantive,2025-09-01,Standing Committee on Social Policy and Legal Affairs Inquiry into Family Violence Orders—Government response,1.00,matched,9408,Inquiry into family violence orders,https://www.aph.gov.au/Parliamentary_Business/Tabled_Documents/12354
12298,substantive,2025-08-28,"Australian Government Response to the Senate Inquiry into Equitable access to diagnosis and treatment for individuals with rare and less common cancers, including neuroendocrine cancer",1.00,matched,6058,"Equitable access to diagnosis and treatment for individuals with rare and less common cancers, including neuroendocrine cancer",https://www.aph.gov.au/Parliamentary_Business/Tabled_Documents/12298
12220,substantive,2025-08-26,AUSTRALIAN GOVERNMENT RESPONSE TO THE SENATE EDUCATION AND EMPLOYMENT LEGISLATION COMMITTEE REPORT: BETTER AND FAIRER SCHOOLS (FUNDING AND REFORM) BILL 2024 [PROVISIONS],1.00,matched,8327,Better and Fairer Schools (Funding and Reform) Bill 2024 [Provisions],https://www.aph.gov.au/Parliamentary_Business/Tabled_Documents/12220
11765,substantive,2025-08-14,Australian Government response to the Community Affairs References Committee report: Excess Mortality,1.00,matched,7185,Excess Mortality,https://www.aph.gov.au/Parliamentary_Business/Tabled_Documents/11765
10118,substantive,2025-07-31,Australian Government response to the Senate Education and Employment Legislation Committee report: Wage Justice for Early Childhood Education and Care Workers (Special Account) Bill 2024 [Provisions],1.00,matched,8093,Wage Justice for Early Childhood Education and Care Workers (Special Account) Bill 2024 [Provisions],https://www.aph.gov.au/Parliamentary_Business/Tabled_Documents/10118
11617,substantive,2025-07-24,"Australian Government response to the  Joint Standing Committee on Foreign Affairs, Defence and Trade report Inquiry into the Department of Defence Annual Report 2022-23",1.00,matched,8457,Defence annual report 2022-23,https://www.aph.gov.au/Parliamentary_Business/Tabled_Documents/11617
11618,substantive,2025-07-24,"Australian Government response to the  Joint Standing Committee on Foreign Affairs, Defence and Trade report: Inquiry into the Department of Defence Annual Report 2021-22",1.00,matched,3422,Inquiry into the Department of Defence Annual Report 2021–22,https://www.aph.gov.au/Parliamentary_Business/Tabled_Documents/11618
11619,substantive,2025-07-24,Australian Government response to the Senate Legal and Constitutional Affairs Committee report: Commonwealth Workplace Protection Orders Bill 2024 [Provisions],1.00,matched,9813,Commonwealth Workplace Protection Orders Bill 2024 [Provisions],https://www.aph.gov.au/Parliamentary_Business/Tabled_Documents/11619
11238,substantive,2025-07-24,Australian Government response to the Senate Economics References Committee final report: Not-for-profit entities—Tax assessments,1.00,matched,8147,Not-for-profit entities—Tax assessments,https://www.aph.gov.au/Parliamentary_Business/Tabled_Documents/11238
10128,substantive,2025-03-27,Government Response to the JSCFADT Inquiry into the Department of Defence Annual Report 2021–22,1.00,matched,3422,Inquiry into the Department of Defence Annual Report 2021–22,https://www.aph.gov.au/Parliamentary_Business/Tabled_Documents/10128
10127,substantive,2025-03-27,Australian Government response to the House of Representatives Standing Committee on Communications and the Arts’ report. Connecting the country: Mission critical,0.50,probable,11291,"Connecting the country: Mission critical: Inquiry into co-investment in multi-carrier regional mobile infrastructure—Report, November 2023",https://www.aph.gov.au/Parliamentary_Business/Tabled_Documents/10127
9714,substantive,2025-03-06,Government Response to the Joint Standing Committee on Electoral Matters report: Conduct of the 2022 federal election and other matters – Final Report,1.00,matched,4324,Conduct of the 2022 federal election and other matters [November 2023],https://www.aph.gov.au/Parliamentary_Business/Tabled_Documents/9714
9473,substantive,2025-02-27,Government Response to the Joint Select Committee on Parliamentary Standards final report,1.00,matched,886,"Joint Select Committee on Parliamentary Standards final report, November 2022",https://www.aph.gov.au/Parliamentary_Business/Tabled_Documents/9473
9517,substantive,2025-02-27,"Government response to the Statutory inquiry into ASIC, the Takeovers Panel, and the corporations legislation, ‘Competition in clearing and settlement and the ASX CHESS Replacement Project: The CHESS Replacement Project is too important to fail’",1.00,matched,5676,"Statutory inquiry into ASIC, the Takeovers Panel, and the corporations legislation: Competition in clearing and settlement and the ASX CHESS Replacement Project: The CHESS Replacement Project is too important to fail [Interim - April 2024]",https://www.aph.gov.au/Parliamentary_Business/Tabled_Documents/9517
9759,substantive,2025-03-13,Government Response to the Inquiry into the Defence Annual Report 2022-23,1.00,matched,8457,Defence annual report 2022-23,https://www.aph.gov.au/Parliamentary_Business/Tabled_Documents/9759
9466,substantive,2025-02-20,"Australian Government response to the Foreign Affairs, Defence and Trade References Committee report: Inquiry into Australian support for Ukraine",1.00,matched,7402,Australian support for Ukraine,https://www.aph.gov.au/Parliamentary_Business/Tabled_Documents/9466
9489,substantive,2025-02-20,Australian Government response to the Senate Standing Committees on Environment and Communications Legislation Committee report: Interactive Gambling Amendment (Credit and Other Measures) Bill 2023 [Provisions],1.00,matched,3658,Interactive Gambling Amendment (Credit and Other Measures) Bill 2023 [Provisions] [October 2023],https://www.aph.gov.au/Parliamentary_Business/Tabled_Documents/9489
9394,partial_proforma,2025-02-13,Australian Government response to the Senate Select Committee on Job Security reports,1.00,matched,8439,"Interim report on energy, food and water security",https://www.aph.gov.au/Parliamentary_Business/Tabled_Documents/9394
9462,substantive,2025-02-13,Standing Committee on Procedure—Maintenance of the standing and sessional orders—Speaker’s response to recommendation 3,1.00,matched,8317,Maintenance of the standing and sessional orders,https://www.aph.gov.au/Parliamentary_Business/Tabled_Documents/9462
9463,substantive,2025-02-13,"Standing Committee on Procedure report—Maintenance of the standing and sessional orders—Government response, 2025",1.00,matched,8317,Maintenance of the standing and sessional orders,https://www.aph.gov.au/Parliamentary_Business/Tabled_Documents/9463
9358,substantive,2025-02-12,Status of government responses in the Senate to parliamentary committee reports as at 30 September 2024,1.00,matched,7438,Report no. 11 of 2024 [19 September 2024],https://www.aph.gov.au/Parliamentary_Business/Tabled_Documents/9358
9326,substantive,2025-02-11,"Ending the postcode lottery – Addressing barriers to sexual, maternity and reproductive healthcare in Australia",1.00,matched,2152,"Ending the postcode lottery: Addressing barriers to sexual, maternity and reproductive healthcare in Australia [May 2023]",https://www.aph.gov.au/Parliamentary_Business/Tabled_Documents/9326
9325,substantive,2025-02-11,Australian Government response to the Senate Community Affairs References Committee report: Issues related to menopause and perimenopause,1.00,matched,7433,Issues related to menopause and perimenopause,https://www.aph.gov.au/Parliamentary_Business/Tabled_Documents/9325
9186,substantive,2025-02-04,Government Response to the Defence Industry Security Program—Inquiry into the Auditor General’s Report No. 4 2021-22,1.00,matched,2566,The Defence Industry Security Program: Review of Auditor-General Report 4 of 2021-22 [June 2023],https://www.aph.gov.au/Parliamentary_Business/Tabled_Documents/9186
9189,substantive,2025-02-04,Australian Government response to the  House of Representatives Standing Committee on Agriculture advisory report: Inquiry into the Export Control Amendment (Ending Live Sheep Exports by Sea) Bill 2024,1.00,matched,6034,Report no. 5 of 2024 [16 May 2024],https://www.aph.gov.au/Parliamentary_Business/Tabled_Documents/9189
9041,proforma_closure,2025-01-23,Government response to the Parliamentary Joint Committee on Corporations and Financial Services report: 2019-2020 annual reports of bodies established under the ASIC Act,1.00,matched,,2019-20 annual reports of bodies established under the ASIC Act  [pre-2022 register],https://www.aph.gov.au/Parliamentary_Business/Tabled_Documents/9041
8770,substantive,2024-12-19,Australian Government Response to the Parliamentary Joint Committee on Intelligence and Security Advisory Report on the Review of the Cyber Security Legislation Package 2024,1.00,matched,6034,Report no. 5 of 2024 [16 May 2024],https://www.aph.gov.au/Parliamentary_Business/Tabled_Documents/8770
9112,substantive,2025-01-30,Australian Government Response to the Senate Legal and Constitutional Affairs Legislation Committee’s report into Anti-Money Laundering and Counter-Terrorism Financing Amendment Bill 2024 [Provisions],1.00,matched,8282,Anti-Money Laundering and Counter-Terrorism Financing Amendment Bill 2024 [Provisions],https://www.aph.gov.au/Parliamentary_Business/Tabled_Documents/9112
9111,substantive,2025-01-30,Australian Government Response to the Senate Legal and Constitutional Affairs Legislation Committee’s report into Family Law Amendment Bill 2024,1.00,matched,8123,Family Law Amendment Bill 2024,https://www.aph.gov.au/Parliamentary_Business/Tabled_Documents/9111
9080,substantive,2025-01-23,Australian Government response to the Senate Environment and Communications References Committee's report: Optus Network Outage,1.00,matched,7530,Optus Network Outage,https://www.aph.gov.au/Parliamentary_Business/Tabled_Documents/9080
9046,substantive,2025-01-23,Australian Government response to the Senate Legal and Constitutional Affairs Legislation Committee report: Migration Amendment (Strengthening Employer Compliance) Bill 2023,1.00,matched,3172,Migration Amendment (Strengthening Employer Compliance) Bill 2023 [Provisions] [August 2023],https://www.aph.gov.au/Parliamentary_Business/Tabled_Documents/9046
8768,substantive,2024-12-19,"Australian Government response to the Senate Legal and Constitutional Affairs Legislation Committee report: Migration Amendment (Australia’s Engagement in the Pacific and Other Measures) Bill 2023, and the Migration (Visa Pre-application Process) Charge Bill 2023",1.00,matched,2458,"Migration Amendment (Australia’s Engagement in the Pacific and Other Measures) Bill 2023, and the Migration (Visa Pre-application Process) Charge Bill 2023 [June 2023]",https://www.aph.gov.au/Parliamentary_Business/Tabled_Documents/8768
8738,substantive,2024-12-19,"Government response to the Senate Foreign Affairs, Defence and Trade Legislation Committee's inquiry into the Migration Amendment (Overseas Organ Transplant Disclosure and other Measures) Bill 2023",1.00,matched,5936,Migration Amendment (Overseas Organ Transplant Disclosure and Other Measures) Bill 2023,https://www.aph.gov.au/Parliamentary_Business/Tabled_Documents/8738
8769,substantive,2024-12-19,Australian Government response to the Senate Select Committee on Disaster Resilience reports: Boots on the Ground: Raising Resilience; and Interim Report,1.00,matched,6934,Boots on the ground: Raising resilience,https://www.aph.gov.au/Parliamentary_Business/Tabled_Documents/8769
8790,substantive,2024-12-19,Australian Government response to the Senate Economics Legislation  Committee's Inquiry Report on Treasury Laws Amendment (Consumer Data Right) Bill 2022 [Provisions],1.00,matched,,Treasury Laws Amendment (Consumer Data Right) Bill 2022  [pre-2022 register],https://www.aph.gov.au/Parliamentary_Business/Tabled_Documents/8790
8606,substantive,2024-12-12,Australian Government response to the Senate Environment and Communications Legislation Committee report: Climate Change Amendment (Duty of Care and Intergenerational Climate Equity) Bill 2023,1.00,matched,6535,Climate Change Amendment (Duty of Care and Intergenerational Climate Equity) Bill 2023,https://www.aph.gov.au/Parliamentary_Business/Tabled_Documents/8606
8727,substantive,2024-12-12,AUSTRALIAN GOVERNMENT RESPONSE TO THE SENATE COMMUNITY AFFAIRS REFERENCES COMMITTEE REPORT: ASSESSMENT AND SUPPORT SERVICES FOR PEOPLE WITH ATTENTION DEFICIT HYPERACTIVITY DISORDER (ADHD),1.00,matched,,Assessment and support services for people with ADHD  [pre-2022 register],https://www.aph.gov.au/Parliamentary_Business/Tabled_Documents/8727
8557,substantive,2024-12-05,"Government Response to the Senate Foreign Affairs, Defence and Trade References Committee report on Funding for public research into foreign policy issues",1.00,matched,,Funding for public research into foreign policy issues  [pre-2022 register],https://www.aph.gov.au/Parliamentary_Business/Tabled_Documents/8557
8583,substantive,2024-12-05,"Australian Government Response To The Senate Community Affairs References Committee Report: Effective Approaches To Prevention, Diagnosis And Support For Fetal Alcohol Spectrum Disorder",1.00,matched,,"Effective approaches to prevention, diagnosis and support for Fetal Alcohol Spectrum Disorder  [pre-2022 register]",https://www.aph.gov.au/Parliamentary_Business/Tabled_Documents/8583
8487,substantive,2024-11-27,"Australian Government response to the House of Representatives Standing Committee on Industry, Science and Resources report: Sovereign, smart, sustainable - Driving advanced manufacturing in Australia",1.00,matched,12103,"Sovereign, smart, sustainable: Driving advanced manufacturing in Australia",https://www.aph.gov.au/Parliamentary_Business/Tabled_Documents/8487
8364,substantive,2024-11-26,Australian Government Response to the Rural and Regional Affairs and Transport References Committee report: Project known as the Iron Boomerang,1.00,matched,3061,Project known as the Iron Boomerang [August 2023],https://www.aph.gov.au/Parliamentary_Business/Tabled_Documents/8364
8491,substantive,2024-11-26,Status of government responses in the House of Representatives to parliamentary committee reports as at 30 September 2024,1.00,matched,7438,Report no. 11 of 2024 [19 September 2024],https://www.aph.gov.au/Parliamentary_Business/Tabled_Documents/8491
8412,substantive,2024-11-25,Australian Government response to the Senate Legal and Constitutional Affairs References Committee report: Missing and murdered First Nations women and children,1.00,matched,7020,Missing and murdered First Nations women and children,https://www.aph.gov.au/Parliamentary_Business/Tabled_Documents/8412
8363,substantive,2024-11-20,AUSTRALIAN GOVERNMENT RESPONSE TO THE SENATE EDUCATION AND EMPLOYMENT LEGISLATION COMMITTEE REPORT: AUSTRALIAN RESEARCH COUNCIL AMENDMENT (ENSURING RESEARCH INDEPENDENCE) BILL 2018,1.00,matched,,Australian Research Council Amendment (Ensuring Research Independence) Bill 2018  [pre-2022 register],https://www.aph.gov.au/Parliamentary_Business/Tabled_Documents/8363
8347,substantive,2024-11-19,Response to the Senate Finance and Public Administration Legislation Committee Report on the Net Zero Economy Authority Bill 2024 [Provisions] and the Net Zero Economy Authority (Transitional Provisions) Bill 2024 [Provisions],1.00,matched,6034,Report no. 5 of 2024 [16 May 2024],https://www.aph.gov.au/Parliamentary_Business/Tabled_Documents/8347
8346,substantive,2024-11-19,Australian Government Response to the Senate Legal and Constitutional Affairs Legislation Committee Report: National Emergency (2022 New South Wales Floods) Declaration 2022,1.00,matched,1088,National Emergency (2022 New South Wales Floods) Declaration 2022,https://www.aph.gov.au/Parliamentary_Business/Tabled_Documents/8346
8264,substantive,2024-11-18,Australian Government Response to Joint Standing Committee on Treaties Report 218: Indo-Pacific Economic Framework for Prosperity Agreement relating to Supply Chain Resilience,0.50,probable,7659,Report 221 BBNJ Agreement,https://www.aph.gov.au/Parliamentary_Business/Tabled_Documents/8264
8253,proforma_closure,2024-11-14,Australian Government response to the Senate Select Committee report: COVID-19: Final Report,1.00,matched,5660,COVID-19 Royal Commission [April 2024],https://www.aph.gov.au/Parliamentary_Business/Tabled_Documents/8253
8252,proforma_closure,2024-11-14,Australian Government response to the Senate Select Committee report: COVID-19: First Interim Report,1.00,matched,5660,COVID-19 Royal Commission [April 2024],https://www.aph.gov.au/Parliamentary_Business/Tabled_Documents/8252
8251,proforma_closure,2024-11-14,"Australian Government response to the Senate Community Affairs References Committee report: Provision of general practitioner and related primary health services to outer metropolitan, rural and regional Australians - Interim Report",1.00,matched,14,"Provision of general practitioner and related primary health services to outer metropolitan, rural, and regional Australians",https://www.aph.gov.au/Parliamentary_Business/Tabled_Documents/8251
8244,substantive,2024-11-14,Government Response to Treasury Laws Amendment (Delivering Better Financial Outcomes and Other Measures) Bill 2024 Inquiry Report,1.00,matched,7903,Treasury Laws Amendment (2024 Tax and Other Measures No. 1) Bill 2024 [Provisions],https://www.aph.gov.au/Parliamentary_Business/Tabled_Documents/8244
8243,substantive,2024-11-14,Australian Government response to the Environment and Communications References Committee report: Australian Antarctic Division funding,1.00,matched,5854,Australian Antarctic Division funding,https://www.aph.gov.au/Parliamentary_Business/Tabled_Documents/8243
8011,substantive,2024-11-14,Australian Government response to the Senate Community Affairs References Committee’s report: Concussions and repeated head trauma in contact sports,1.00,matched,5172,Concussions and repeated head trauma in contact sports [Additional information],https://www.aph.gov.au/Parliamentary_Business/Tabled_Documents/8011
8195,substantive,2024-11-07,Australian Government response to the Senate Environment and Communications References Committee report: Glencore’s proposed carbon capture and storage project,1.00,matched,6783,Glencore’s proposed carbon capture and storage project,https://www.aph.gov.au/Parliamentary_Business/Tabled_Documents/8195
8204,substantive,2024-11-07,"Australian Government Response to the Senate Standing Foreign Affairs, Defence and Trade Legislation Committee Inquiry Report into the Veterans' Entitlements, Treatment and Support (Simplification and Harmonisation) Bill 2024",1.00,matched,7601,"Veterans' Entitlements, Treatment and Support (Simplification and Harmonisation) Bill 2024 [Provisions]",https://www.aph.gov.au/Parliamentary_Business/Tabled_Documents/8204
7758,substantive,2024-10-28,Australian Government response to the Senate Rural and Regional Affairs and Transport References Committee report: Red imported fire ants in Australia: Don't Let This Come Back to Bite Us,1.00,matched,5658,Red imported fire ants in Australia,https://www.aph.gov.au/Parliamentary_Business/Tabled_Documents/7758
7643,substantive,2024-10-11,Government Response to the Senate Legal and Constitutional Affairs Reference Committee Report on the Impact of changes to service delivery models on the administration and running of Government programs,1.00,matched,,Impact of changes to service delivery models on the administration and running of Government programs  [pre-2022 register],https://www.aph.gov.au/Parliamentary_Business/Tabled_Documents/7643
7667,substantive,2024-10-10,Australian Government Response to Parliamentary Joint Committee on Intelligence and Security’s Advisory Report on the Counter-Terrorism Legislation Amendment (Declared Areas) Bill 2024,1.00,matched,6975,Advisory Report on the Counter-Terrorism Legislation Amendment (Declared Areas) Bill 2024,https://www.aph.gov.au/Parliamentary_Business/Tabled_Documents/7667
7674,proforma_closure,2024-10-10,Australian Government Response to the Mental Health and Suicide Prevention - Final Report,1.00,matched,,Men's health  [pre-2022 register],https://www.aph.gov.au/Parliamentary_Business/Tabled_Documents/7674
7675,proforma_closure,2024-10-10,Australian Government Response to Inquiry into childhood rheumatic diseases: Interim Report,0.33,unmatched,,Delivery of quality and affordable early childhood education and care services  [pre-2022 register],https://www.aph.gov.au/Parliamentary_Business/Tabled_Documents/7675
7620,substantive,2024-10-09,Government Response to the PJCIS Report on the Review of Administration and Expenditure No. 21 (2021-22),0.80,matched,6539,Review of administration and expenditure No. 21 (2021-2022): Australian intelligence agencies,https://www.aph.gov.au/Parliamentary_Business/Tabled_Documents/7620
7646,substantive,2024-10-09,Australian Government Response to the Parliamentary Joint Committee on Intelligence and Security’s Advisory report on the Crimes and Other Legislation Amendment (Omnibus No. 1) Bill 2024,1.00,matched,6976,Advisory report on the Crimes and Other Legislation Amendment (Omnibus No. 1) Bill 2024,https://www.aph.gov.au/Parliamentary_Business/Tabled_Documents/7646
7186,substantive,2024-09-26,Australian Government response to the Parliamentary Joint Committee on Intelligence and Security Advisory Report the Review of the amendments made by the Australian Citizenship Amendment (Citizenship Repudiation) Bill 2023,1.00,matched,2067,Report no. 5 of 2023 [11 May 2023],https://www.aph.gov.au/Parliamentary_Business/Tabled_Documents/7186
7543,proforma_closure,2024-10-03,"Australian Government Response to the Community Affairs References Committee report - Inquiry into the purpose, intent and adequacy of the Disability Support Pension",1.00,matched,,"Purpose, intent and adequacy of the Disability Support Pension  [pre-2022 register]",https://www.aph.gov.au/Parliamentary_Business/Tabled_Documents/7543
7567,proforma_closure,2024-10-03,Australian Government Response to Obesity Epidemic in Australia – Final Report,1.00,matched,,Obesity Epidemic in Australia  [pre-2022 register],https://www.aph.gov.au/Parliamentary_Business/Tabled_Documents/7567
7573,proforma_closure,2024-10-03,Australian Government Response to The factors affecting the supply of health services and medical professionals in rural areas,1.00,matched,,Men's health  [pre-2022 register],https://www.aph.gov.au/Parliamentary_Business/Tabled_Documents/7573
7565,proforma_closure,2024-10-03,Australian Government Response to Financial and tax practices of for-profit aged care providers,1.00,matched,,Financial and tax practices of for-profit aged care providers  [pre-2022 register],https://www.aph.gov.au/Parliamentary_Business/Tabled_Documents/7565
7572,proforma_closure,2024-10-03,Australian Government Response to Out-of-pocket costs in Australian Healthcare,1.00,matched,,Out-of-pocket costs in Australian healthcare  [pre-2022 register],https://www.aph.gov.au/Parliamentary_Business/Tabled_Documents/7572
7568,proforma_closure,2024-10-03,Australian Government Response to Effect of red tape on pharmacy rules—Fourth interim report,1.00,matched,,Effect of red tape on pharmacy rules  [pre-2022 register],https://www.aph.gov.au/Parliamentary_Business/Tabled_Documents/7568
7570,proforma_closure,2024-10-03,Australian Government Response to Tobacco Harm Reduction - Report,1.00,matched,,Tobacco Harm Reduction  [pre-2022 register],https://www.aph.gov.au/Parliamentary_Business/Tabled_Documents/7570
7590,proforma_closure,2024-10-03,Australian Government Response to Implementation of the National Health Reform Agreement,1.00,matched,,National  [pre-2022 register],https://www.aph.gov.au/Parliamentary_Business/Tabled_Documents/7590
7592,proforma_closure,2024-10-03,Australian Government Response to Sixth Interim Report—Big health data: Australia's big potential,1.00,matched,,Men's health  [pre-2022 register],https://www.aph.gov.au/Parliamentary_Business/Tabled_Documents/7592
7591,proforma_closure,2024-10-03,Australian Government Response to Fourth interim report—Mental health: A consensus for action,1.00,matched,,Men's health  [pre-2022 register],https://www.aph.gov.au/Parliamentary_Business/Tabled_Documents/7591
7561,proforma_closure,2024-10-03,Australian Government Response to Administration of registration and notification by the Australian Health Practitioner Regulation Agency and related entities under the Health Practitioner Regulation National Law,1.00,matched,,National  [pre-2022 register],https://www.aph.gov.au/Parliamentary_Business/Tabled_Documents/7561
7595,substantive,2024-10-03,"Australian Government response to the Senate Foreign Affairs, Defence and Trade References Committee report: Opportunities for advancing Australia’s strategic interests through existing regional architecture",1.00,matched,,Opportunities for advancing Australia’s strategic interests through existing regional architecture  [pre-2022 register],https://www.aph.gov.au/Parliamentary_Business/Tabled_Documents/7595
7557,proforma_closure,2024-10-03,Australian Government response to the Senate Community Affairs References Committee for the Inquiry into the Adequacy of Newstart and related payments and alternative mechanisms to determine the level of income support payments in Australia,1.00,matched,,Adequacy of Newstart and related payments and alternative mechanisms to determine the level of income support payments in Australia  [pre-2022 register],https://www.aph.gov.au/Parliamentary_Business/Tabled_Documents/7557
7593,substantive,2024-10-03,Australian Government response to the Senate Environment and Communications References Committee Interim Report: Australia’s extinction crisis,1.00,matched,6167,Australia’s extinction crisis [Interim report - May 2024],https://www.aph.gov.au/Parliamentary_Business/Tabled_Documents/7593
7566,proforma_closure,2024-10-03,Australian Government Response to Final report—Hospital funding cuts: the perfect storm: The demolition of Federal-State health relations 2014-2016,1.00,matched,,Men's health  [pre-2022 register],https://www.aph.gov.au/Parliamentary_Business/Tabled_Documents/7566
7569,proforma_closure,2024-10-03,Australian Government Response to Effect of red tape on tobacco retail - Second interim report,1.00,matched,,Effect of red tape on tobacco retail  [pre-2022 register],https://www.aph.gov.au/Parliamentary_Business/Tabled_Documents/7569
7571,proforma_closure,2024-10-03,Australian Government Response to Australia’s domestic response to the World Health Organization’s Commission on Social Determinants of Health report ‘Closing the gap within a generation’,1.00,matched,,Men's health  [pre-2022 register],https://www.aph.gov.au/Parliamentary_Business/Tabled_Documents/7571
7480,substantive,2024-09-26,Australian Government Response to report - Criminal Code Amendment (Deepfake Sexual Material) Bill 2024 [Provisions],1.00,matched,6931,Criminal Code Amendment (Deepfake Sexual Material) Bill 2024 [Provisions],https://www.aph.gov.au/Parliamentary_Business/Tabled_Documents/7480
7400,substantive,2024-09-19,AUSTRALIAN RESEARCH COUNCIL AMENDMENT (REVIEW RESPONSE) BILL 2023 [PROVISIONS],1.00,matched,4899,Australian Research Council Amendment (Review Response) Bill 2023 [Provisions] [February 2024],https://www.aph.gov.au/Parliamentary_Business/Tabled_Documents/7400
7440,substantive,2024-09-19,Australian Government response to the Senate Select Committee on the Perth Mint and Commonwealth regulatory compliance report - The Perth Mint - Final report,1.00,matched,6448,The Perth Mint: Final report,https://www.aph.gov.au/Parliamentary_Business/Tabled_Documents/7440
7304,substantive,2024-09-11,Inquiry into Australian Naval Nuclear Power Safety Bill 2023 [Provisions] and Australian Naval Nuclear Power Safety (Transitional Provisions) Bill 2023 [Provisions],1.00,matched,5880,Australian Naval Nuclear Power Safety Bill 2023 [Provisions] and Australian Naval Nuclear Power Safety (Transitional Provisions) Bill 2023 [Provisions],https://www.aph.gov.au/Parliamentary_Business/Tabled_Documents/7304
7305,substantive,2024-09-11,Government response to JCPAA report 495 - Department of Finance Recommendations - Sep 2024,1.00,matched,6034,Report no. 5 of 2024 [16 May 2024],https://www.aph.gov.au/Parliamentary_Business/Tabled_Documents/7305
7279,substantive,2024-09-10,"Australian Government response to the Foreign Affairs, Defence and Trade References Committee Report: Efficacy of the Department of Foreign Affairs and Trade due diligence framework",1.00,matched,4495,Efficacy of the Department of Foreign Affairs and Trade due diligence framework [December 2023],https://www.aph.gov.au/Parliamentary_Business/Tabled_Documents/7279
7280,substantive,2024-09-10,Australian Government response to the Senate Legal and Constitutional Affairs Legislation Committee report - Attorney-General’s Portfolio Miscellaneous Measures Bill 2023 [Provisions],1.00,matched,2067,Report no. 5 of 2023 [11 May 2023],https://www.aph.gov.au/Parliamentary_Business/Tabled_Documents/7280
7223,substantive,2024-09-05,Australian Government Response to the Senate Legal and Constitutional Affairs References Committee’s report on COVID-19 Royal Commission,1.00,matched,,COVID-19  [pre-2022 register],https://www.aph.gov.au/Parliamentary_Business/Tabled_Documents/7223
7094,substantive,2024-08-20,Australian Government response to the Parliamentary Standing Committee on Public Works report: Eighty Seventh Annual Report,1.00,matched,5549,Eighty Seventh Annual Report (2023),https://www.aph.gov.au/Parliamentary_Business/Tabled_Documents/7094
7037,substantive,2024-08-19,Order of 14 August 2024 (567) relating to the shutdown of 3G mobile network government response,1.00,matched,7018,Report no. 8 of 2024 [15 August 2024],https://www.aph.gov.au/Parliamentary_Business/Tabled_Documents/7037
6644,proforma_closure,2024-08-13,Australian Government response to the Senate Committee on Economics report: National Consumer Credit Protection Amendment (Small Amount Credit Contract and Consumer Lease Reforms) Bill 2019 (No. 2) [May 2024],1.00,matched,6034,Report no. 5 of 2024 [16 May 2024],https://www.aph.gov.au/Parliamentary_Business/Tabled_Documents/6644
6646,proforma_closure,2024-08-13,Australian Government response to the Senate Committee on Economics report: Performance of the Inspector-General of Taxation [May 2024],1.00,matched,6034,Report no. 5 of 2024 [16 May 2024],https://www.aph.gov.au/Parliamentary_Business/Tabled_Documents/6646
6647,proforma_closure,2024-08-13,Australian Government response to the Senate Committee on Environment and Communications report: Competition and Consumer Amendment (Prevention of Exploitation of Indigenous Cultural Expressions) Bill 2019 [May 2024],1.00,matched,6034,Report no. 5 of 2024 [16 May 2024],https://www.aph.gov.au/Parliamentary_Business/Tabled_Documents/6647
6658,proforma_closure,2024-08-13,Australian Government response to the Senate Committee on Economics report: Superannuation (Objective) Bill 2016 [Provisions] [May 2024],1.00,matched,6034,Report no. 5 of 2024 [16 May 2024],https://www.aph.gov.au/Parliamentary_Business/Tabled_Documents/6658
6659,proforma_closure,2024-08-13,Australian Government response to the Senate Committee on Economics report: Corporate tax avoidance—Part II: Gaming the system [May 2024],1.00,matched,6034,Report no. 5 of 2024 [16 May 2024],https://www.aph.gov.au/Parliamentary_Business/Tabled_Documents/6659
6665,proforma_closure,2024-08-13,Australian Government response to the Joint Committee on Corporations and Financial Services report: Report on the 2017-2018 annual reports of bodies established under the ASIC Act [May 2024],1.00,matched,6034,Report no. 5 of 2024 [16 May 2024],https://www.aph.gov.au/Parliamentary_Business/Tabled_Documents/6665
6636,proforma_closure,2024-08-13,Australian Government response to the Senate Committee on Economics report: Corporations Amendment (Improving Outcomes for Litigation Funding Participants) Bill 2021 [May 2024],1.00,matched,6034,Report no. 5 of 2024 [16 May 2024],https://www.aph.gov.au/Parliamentary_Business/Tabled_Documents/6636
6642,proforma_closure,2024-08-13,Australian Government response to the Senate Committee on Economics report: Treasury Laws Amendment (Self Managed Superannuation Funds) Bill 2020 [May 2024],1.00,matched,6034,Report no. 5 of 2024 [16 May 2024],https://www.aph.gov.au/Parliamentary_Business/Tabled_Documents/6642
6634,proforma_closure,2024-08-13,"Australian Government response to the Senate Economics Committee report: Financial Accountability Regime Bill 2021 [Provisions], Financial Sector Reform (Hayne Royal Commission Response No.3) Bill 2021 [Provisions], Financial Services Compensation Scheme of Last Resort Levy Bill 2021 [Provisions], and Financial Services Compensation Scheme of Last Resort Levy (Collection) Bill 2021 [Provisions] [May 2024]",1.00,matched,6034,Report no. 5 of 2024 [16 May 2024],https://www.aph.gov.au/Parliamentary_Business/Tabled_Documents/6634
6640,proforma_closure,2024-08-13,Australian Government response to the Senate Committee on Economics report: Treasury Laws Amendment (News Media and Digital Platforms Mandatory Bargaining Code) Bill 2020 [May 2024],1.00,matched,6034,Report no. 5 of 2024 [16 May 2024],https://www.aph.gov.au/Parliamentary_Business/Tabled_Documents/6640
6649,proforma_closure,2024-08-13,Australian Government response to the Senate Committee on Legal and Constitutional Affairs report: Resolution of disputes with financial service providers within the justice system [May 2024],1.00,matched,6034,Report no. 5 of 2024 [16 May 2024],https://www.aph.gov.au/Parliamentary_Business/Tabled_Documents/6649
6655,proforma_closure,2024-08-13,Australian Government response to the Senate Committee on Lending to Primary Production Customers report Lending to Primary Production Customers - Report [May 2024],1.00,matched,6034,Report no. 5 of 2024 [16 May 2024],https://www.aph.gov.au/Parliamentary_Business/Tabled_Documents/6655
6661,proforma_closure,2024-08-13,Australian Government response to the Senate Economics Legislation Committee report: COAG Reform Fund Amendment (No Electric Vehicle Taxes) Bill 2020 [May 2024],1.00,matched,6034,Report no. 5 of 2024 [16 May 2024],https://www.aph.gov.au/Parliamentary_Business/Tabled_Documents/6661
6648,proforma_closure,2024-08-13,Australian Government response to the Senate Committee on Economics report: Currency (Restrictions on the Use of Cash) Bill 2019 [Provisions] [May 2024],1.00,matched,6034,Report no. 5 of 2024 [16 May 2024],https://www.aph.gov.au/Parliamentary_Business/Tabled_Documents/6648
6650,proforma_closure,2024-08-13,Australian Government response to the Senate Committee on Economics report: Credit and hardship: report of the Senate inquiry into credit and financial products targeted at Australians at risk of financial hardship [May 2024],1.00,matched,6034,Report no. 5 of 2024 [16 May 2024],https://www.aph.gov.au/Parliamentary_Business/Tabled_Documents/6650
6663,proforma_closure,2024-08-13,Australian Government response to the Joint Committee on Corporations and Financial Services report: Regulation of Auditing in Australia: Final Report [May 2024],1.00,matched,6034,Report no. 5 of 2024 [16 May 2024],https://www.aph.gov.au/Parliamentary_Business/Tabled_Documents/6663
6666,proforma_closure,2024-08-13,"Australian Government response to the Joint Committee on Corporations and Financial Services report: Statutory Oversight of the Australian Securities and Investments Commission, the Takeovers Panel and the Corporations Legislation: Report No. 1 of the 45th Parliament [May 2024]",1.00,matched,6034,Report no. 5 of 2024 [16 May 2024],https://www.aph.gov.au/Parliamentary_Business/Tabled_Documents/6666
6668,proforma_closure,2024-08-13,Australian Government response to the Joint Committee on Corporations and Financial Services report: Life Insurance Industry [May 2024],1.00,matched,6034,Report no. 5 of 2024 [16 May 2024],https://www.aph.gov.au/Parliamentary_Business/Tabled_Documents/6668
6637,proforma_closure,2024-08-13,Australian Government response to the Senate Committee on Economics report: Offshore Petroleum (Laminaria and Corallina Decommissioning Cost Recovery Levy) Bill 2021 [Provisions] and Treasury Laws Amendment (Laminaria and Corallina Decommissioning Cost Recovery Levy) Bill 2021 [Provisions] [May 2024],1.00,matched,6034,Report no. 5 of 2024 [16 May 2024],https://www.aph.gov.au/Parliamentary_Business/Tabled_Documents/6637
6639,proforma_closure,2024-08-13,Australian Government response to the Senate Committee on Economics report: Australian Business Growth Fund Bill 2019 [Provisions] [May 2024],1.00,matched,6034,Report no. 5 of 2024 [16 May 2024],https://www.aph.gov.au/Parliamentary_Business/Tabled_Documents/6639
6641,proforma_closure,2024-08-13,Australian Government response to the Senate Committee on Economics report: Foreign Investment Reform (Protecting Australia's National Security) Bill 2020 [Provisions] and Foreign Acquisitions and Takeovers Fees Imposition Amendment Bill 2020 [Provisions] [May 2024],1.00,matched,6034,Report no. 5 of 2024 [16 May 2024],https://www.aph.gov.au/Parliamentary_Business/Tabled_Documents/6641
6643,proforma_closure,2024-08-13,Australian Government response to the Senate Committee on Economics report: Treasury Laws Amendment (Research and Development Tax Incentive) Bill 2019 [Provisions] [May 2024],1.00,matched,6034,Report no. 5 of 2024 [16 May 2024],https://www.aph.gov.au/Parliamentary_Business/Tabled_Documents/6643
6652,proforma_closure,2024-08-13,Australian Government response to the Senate Committee on Economics report: National Consumer Credit Protection Amendment (Mandatory Comprehensive Credit Reporting) Bill 2018 [Provisions] [May 2024],1.00,matched,6034,Report no. 5 of 2024 [16 May 2024],https://www.aph.gov.au/Parliamentary_Business/Tabled_Documents/6652
6654,proforma_closure,2024-08-13,Australian Government response to the Senate Committee on Economics report: Treasury Laws Amendment (Reducing Pressure on Housing Affordability Measures (No.2) Bill 2018 [Provisions] and Foreign Acquisitions and Takeovers Fees Imposition Amendment (Near-new Dwelling Interests) Bill 2018 [Provisions] [May 2024],1.00,matched,6034,Report no. 5 of 2024 [16 May 2024],https://www.aph.gov.au/Parliamentary_Business/Tabled_Documents/6654
6657,proforma_closure,2024-08-13,"Australian Government response to the Senate Select Committee on Red Tape report: Effect of red tape on the sale, supply and taxation of alcohol — Interim report [May 2024]",1.00,matched,6034,Report no. 5 of 2024 [16 May 2024],https://www.aph.gov.au/Parliamentary_Business/Tabled_Documents/6657
6660,proforma_closure,2024-08-13,Australian Government response to the Senate Committee on Economics report: Corporate tax avoidance: Part I – You cannot tax what you cannot see [May 2024],1.00,matched,6034,Report no. 5 of 2024 [16 May 2024],https://www.aph.gov.au/Parliamentary_Business/Tabled_Documents/6660
6645,proforma_closure,2024-08-13,Australian Government response to the Senate Select Committee on Australia as a Technology and Financial Centre First Interim report [May 2024],1.00,matched,6034,Report no. 5 of 2024 [16 May 2024],https://www.aph.gov.au/Parliamentary_Business/Tabled_Documents/6645
6633,proforma_closure,2024-08-13,Australian Government response to the Senate Committee on Economics report: Treasury Laws Amendment (Cyclone and Flood Damage Reinsurance Pool) Bill 2022 [Provisions] [May 2024],1.00,matched,6034,Report no. 5 of 2024 [16 May 2024],https://www.aph.gov.au/Parliamentary_Business/Tabled_Documents/6633
6656,proforma_closure,2024-08-13,Australian Government response to the Senate Committee on Economics report: Superbad - Wage theft and non-compliance of the Superannuation Guarantee [May 2024],1.00,matched,6034,Report no. 5 of 2024 [16 May 2024],https://www.aph.gov.au/Parliamentary_Business/Tabled_Documents/6656
6664,proforma_closure,2024-08-13,Australian Government response to the Joint Committee on Corporations and Financial Services report: Regulation of auditing in Australia – Interim Report [May 2024],1.00,matched,6034,Report no. 5 of 2024 [16 May 2024],https://www.aph.gov.au/Parliamentary_Business/Tabled_Documents/6664
6651,proforma_closure,2024-08-13,"Australian Government response to the Senate Committee on Economics report: Regulatory framework for the protection of consumers in the banking, insurance and financial services sector [May 2024]",1.00,matched,6034,Report no. 5 of 2024 [16 May 2024],https://www.aph.gov.au/Parliamentary_Business/Tabled_Documents/6651
6638,proforma_closure,2024-08-13,Australian Government response to the Senate Select Committee on Australia as a Technology and Financial Centre: Second Interim report [May 2024],1.00,matched,6034,Report no. 5 of 2024 [16 May 2024],https://www.aph.gov.au/Parliamentary_Business/Tabled_Documents/6638
6653,proforma_closure,2024-08-13,"Australian Government response to the Senate Committee on Economics report: Corporate tax avoidance - Part III: Much heat, little light so far [May 2024]",1.00,matched,6034,Report no. 5 of 2024 [16 May 2024],https://www.aph.gov.au/Parliamentary_Business/Tabled_Documents/6653
6635,proforma_closure,2024-08-13,Australian Government response to the Senate Economics Committee report: Sterling Income Trust [May 2024],1.00,matched,6034,Report no. 5 of 2024 [16 May 2024],https://www.aph.gov.au/Parliamentary_Business/Tabled_Documents/6635
6662,proforma_closure,2024-08-13,Australian Government response to the Joint Committee on Corporations and Financial Services report: Corporations Amendment (Improving Outcomes for Litigation Funding Participants) Bill 2021 [May 2024],1.00,matched,6034,Report no. 5 of 2024 [16 May 2024],https://www.aph.gov.au/Parliamentary_Business/Tabled_Documents/6662
6669,proforma_closure,2024-08-13,Australian Government response to the Joint Committee on Corporations and Financial Services report: Impairment of Customer Loans [May 2024],1.00,matched,6034,Report no. 5 of 2024 [16 May 2024],https://www.aph.gov.au/Parliamentary_Business/Tabled_Documents/6669
6670,proforma_closure,2024-08-13,Australian Government response to the Joint Committee on Trade and Investment Growth report: The Prudential Regulation of Investment in Australia's Export Industries [May 2024],1.00,matched,6034,Report no. 5 of 2024 [16 May 2024],https://www.aph.gov.au/Parliamentary_Business/Tabled_Documents/6670
6667,proforma_closure,2024-08-13,Australian Government response to the Joint Committee on Corporations and Financial Services report: Options for greater involvement by private sector life insurers in worker rehabilitation [May 2024],1.00,matched,6034,Report no. 5 of 2024 [16 May 2024],https://www.aph.gov.au/Parliamentary_Business/Tabled_Documents/6667
6993,proforma_closure,2024-08-13,"Australian government response to the House Standing Committee of Communications and the Arts,The future of regional newspapers in a digital world: Inquiry into Australia’s regional newspapers [August, 2024]",1.00,matched,6034,Report no. 5 of 2024 [16 May 2024],https://www.aph.gov.au/Parliamentary_Business/Tabled_Documents/6993
6754,proforma_closure,2024-07-11,Australian Government Response - Parliamentary Joint Committee on Law Enforcement Interim and Final Reports - Vaccine Related Fraud and Security Risks,1.00,matched,,Vaccine related fraud and security risks  [pre-2022 register],https://www.aph.gov.au/Parliamentary_Business/Tabled_Documents/6754
6971,substantive,2024-08-12,"Australian Government Response to the Standing Committee On Climate Change, Energy, Environment and Water Report:Inquiry into the 2009 and 2013 amendments to the 1996 Protocol to the Convention on the Prevention of Marine Pollution by Dumping of Wastes and Other Matter, 1972 (London Protocol) [August 2024]",1.00,matched,6034,Report no. 5 of 2024 [16 May 2024],https://www.aph.gov.au/Parliamentary_Business/Tabled_Documents/6971
6874,substantive,2024-07-31,Australian Government Response to the Disability Royal Commission,0.67,probable,5660,COVID-19 Royal Commission [April 2024],https://www.aph.gov.au/Parliamentary_Business/Tabled_Documents/6874
6932,proforma_closure,2024-08-09,Australian Government response to the Senate Environment and Communications References Committee report: Media Diversity in Australia,1.00,matched,,Media diversity in Australia  [pre-2022 register],https://www.aph.gov.au/Parliamentary_Business/Tabled_Documents/6932
6873,substantive,2024-08-08,Australian Government response to the Senate Economics Legislation Committee report: Digital ID Bill 2023 and the Digital ID (Transitional and Consequential Provisions) Bill 2023,1.00,matched,5201,Digital ID Bill 2023 and the Digital ID (Transitional and Consequential Provisions) Bill 2023,https://www.aph.gov.au/Parliamentary_Business/Tabled_Documents/6873
6787,proforma_closure,2024-07-18,Corporate Avoidance of the Fair Work Act 2009,1.00,matched,,Corporate Avoidance of the Fair Work Act  [pre-2022 register],https://www.aph.gov.au/Parliamentary_Business/Tabled_Documents/6787
6805,substantive,2024-07-18,Australian Government response to the Senate Select Committee into the Provision of and Access to Dental Services in Australia Report,1.00,matched,2567,Select Committee into the Provision of and Access to Dental Services in Australia [Interim report - June 2023],https://www.aph.gov.au/Parliamentary_Business/Tabled_Documents/6805
6786,proforma_closure,2024-07-18,“Wage theft? What wage theft?!”: The exploitation of general and specialist cleaners working in retail chains for contracting or subcontracting companies,0.91,matched,,Exploitation of general and specialist cleaners working in retail chains for contracting or subcontracting cleaning companies  [pre-2022 register],https://www.aph.gov.au/Parliamentary_Business/Tabled_Documents/6786
6756,substantive,2024-07-11,Australian Government response to the Education and Employment Legislation Committee report: Fair Work Amendment Bill 2024,1.00,matched,6034,Report no. 5 of 2024 [16 May 2024],https://www.aph.gov.au/Parliamentary_Business/Tabled_Documents/6756
6732,substantive,2024-07-05,Australian Government response to the Senate Select Committee on Foreign Interference through Social Media: First Interim and Final Reports [June 2024],1.00,matched,6543,Report no. 6 of 2024 [27 June 2024],https://www.aph.gov.au/Parliamentary_Business/Tabled_Documents/6732
6718,proforma_closure,2024-07-04,Australian Government response to the House Committee on Tax and Revenue report: Owning a Share of Your Work: Tax Treatment of Employee Share Schemes,1.00,matched,,Employee share schemes  [pre-2022 register],https://www.aph.gov.au/Parliamentary_Business/Tabled_Documents/6718
6720,proforma_closure,2024-07-04,Australian Government response to the House Committee on Tax and Revenue report: The Development of the Australian Corporate Bond Market: A Way Forward,0.50,probable,,Market Readiness  [pre-2022 register],https://www.aph.gov.au/Parliamentary_Business/Tabled_Documents/6720
6717,proforma_closure,2024-07-04,Australian Government response to the House Committee on Economics report: Review of the Four Major Banks (Third Report),0.50,probable,1344,Review of the 2022 relisting of four organisations as terrorist organisations under the Criminal Code [February 2023],https://www.aph.gov.au/Parliamentary_Business/Tabled_Documents/6717
6722,proforma_closure,2024-07-04,Australian Government response to the House Committee on Tax and Revenue report: The Australian Dream - Inquiry into housing affordability and supply in Australia,0.80,matched,3935,"Housing Australia Future Fund Bill 2023 [No. 2] [Provisions], National Housing Supply and Affordability Council Bill 2023 [No. 2] [Provisions] and Treasury Laws Amendment (Housing Measures No. 1) Bill 2023 [No. 2] [Provisions] 24 October 2023]",https://www.aph.gov.au/Parliamentary_Business/Tabled_Documents/6722
6723,substantive,2024-07-04,"Australian Government response to the House Select Committee on Workforce Australia Employment Services reports: Your Future Planning, Rebuilding Employment Services",0.50,probable,11384,Rebuilding employment services: Final report on Workforce Australia Employment Services [November 2023],https://www.aph.gov.au/Parliamentary_Business/Tabled_Documents/6723
6716,proforma_closure,2024-07-04,Australian Government response to the House Committee on Economics report: Report on the inquiry into the implications of removing refundable franking credits,0.33,unmatched,,The law enforcement implications of new technology  [pre-2022 register],https://www.aph.gov.au/Parliamentary_Business/Tabled_Documents/6716
6721,proforma_closure,2024-07-04,"Australian Government response to the House Committee on Tax and Revenue report: 2017 Annual Report of the Australian Taxation Office: Fairness, functions and frameworks - performance review",0.50,probable,6016,Annual report 2023,https://www.aph.gov.au/Parliamentary_Business/Tabled_Documents/6721
6719,proforma_closure,2024-07-04,Australian Government response to the House Committee on Tax and Revenue report: 2018-19 Commissioner of Taxation Annual Report,0.75,probable,,Examination of the Annual Report of the Integrity Commissioner 2018–19  [pre-2022 register],https://www.aph.gov.au/Parliamentary_Business/Tabled_Documents/6719
6715,proforma_closure,2024-07-04,Australian Government response to the House Committee on Economics report: Inquiry into the implications of common ownership and capital concentration in Australia,0.50,probable,,Japan's economy: Implications for Australia  [pre-2022 register],https://www.aph.gov.au/Parliamentary_Business/Tabled_Documents/6715
6540,substantive,2024-06-27,Australian Government response to the Senate Select Committee on Work and Care Reports: Final Report (9 March 2023) Interim Report (18 October 2022) [June 2024],1.00,matched,6543,Report no. 6 of 2024 [27 June 2024],https://www.aph.gov.au/Parliamentary_Business/Tabled_Documents/6540
6558,substantive,2024-06-27,"Australian Government response to the Parliamentary Joint Committee on Intelligence and Security report: Review into the operation, effectiveness and implications of the Foreign Influence Transparency Scheme Act 2018 [June 2024]",1.00,matched,6543,Report no. 6 of 2024 [27 June 2024],https://www.aph.gov.au/Parliamentary_Business/Tabled_Documents/6558
6021,proforma_closure,2024-06-25,"Government response to the Senate Economics References Committee Australia's sovereign naval shipbuilding capability – Future Submarine Acquisition: A shambles - we don't think, we know [May 2024]",1.00,matched,6034,Report no. 5 of 2024 [16 May 2024],https://www.aph.gov.au/Parliamentary_Business/Tabled_Documents/6021
6027,proforma_closure,2024-06-25,"Australian Government response to the Senate Foreign Affairs, Defence and Trade References Committee Impact of Defence training activities and facilities on rural and regional communities – Second interim report [May 2024]",1.00,matched,6034,Report no. 5 of 2024 [16 May 2024],https://www.aph.gov.au/Parliamentary_Business/Tabled_Documents/6027
6245,proforma_closure,2024-06-25,Australian Government Response to the Inquiry into National Disability Insurance Scheme Workforce Final Report of the Joint Standing Committee on the National Disability Insurance Scheme [May 2024],1.00,matched,6034,Report no. 5 of 2024 [16 May 2024],https://www.aph.gov.au/Parliamentary_Business/Tabled_Documents/6245
6227,proforma_closure,2024-06-25,"Australian Government response to the Joint Standing Committee on the National Capital and External Territories interim report: Economic, social and environmental sustainability in the Indian Ocean Territories [May 2024]",1.00,matched,6034,Report no. 5 of 2024 [16 May 2024],https://www.aph.gov.au/Parliamentary_Business/Tabled_Documents/6227
6028,proforma_closure,2024-06-25,"Australian Government response to the Senate Foreign Affairs, Defence and Trade References Committee Impact of Defence training activities and facilities on rural and regional communities – Third interim report [May 2024]",1.00,matched,6034,Report no. 5 of 2024 [16 May 2024],https://www.aph.gov.au/Parliamentary_Business/Tabled_Documents/6028
6241,proforma_closure,2024-06-25,"Australian Government response to the Joint Standing Committee on Foreign Affairs, Defence and Trade report: One Region, One Family, One Future: Deepening relations with the Pacific nations through trade [May 2024]",1.00,matched,6034,Report no. 5 of 2024 [16 May 2024],https://www.aph.gov.au/Parliamentary_Business/Tabled_Documents/6241
5994,proforma_closure,2024-06-25,Australian Government response to the Parliamentary Joint Committee on the Australian Commission for Law Enforcement Integrity report: Integrity of Australia’s Border Arrangements [April 2024],1.00,matched,6034,Report no. 5 of 2024 [16 May 2024],https://www.aph.gov.au/Parliamentary_Business/Tabled_Documents/5994
5932,substantive,2024-06-25,"Australian Government Response to the Senate Foreign Affairs, Defence and Trade Legislation Committee Report on the Defence Legislation Amendment (Naval Nuclear Propulsion) Bill 2023",1.00,matched,2067,Report no. 5 of 2023 [11 May 2023],https://www.aph.gov.au/Parliamentary_Business/Tabled_Documents/5932
6244,proforma_closure,2024-06-25,Australian Government Response to the Recommendations of the Parliamentary Joint Committee on Intelligence and Security Annual Report of Committee Activities 2020-2021 [May 2024],1.00,matched,6034,Report no. 5 of 2024 [16 May 2024],https://www.aph.gov.au/Parliamentary_Business/Tabled_Documents/6244
6208,substantive,2024-06-25,Australian Government response to the Joint Standing Committee on Treaties report: Australia-India Economic Cooperation and Trade Agreement [May 2024],1.00,matched,6034,Report no. 5 of 2024 [16 May 2024],https://www.aph.gov.au/Parliamentary_Business/Tabled_Documents/6208
6023,proforma_closure,2024-06-25,Government response to the Senate Economics References Committee Future of Australia's naval shipbuilding industry Final report May 2024,1.00,matched,6034,Report no. 5 of 2024 [16 May 2024],https://www.aph.gov.au/Parliamentary_Business/Tabled_Documents/6023
6457,substantive,2024-06-25,Australian Government response to the  Joint Committee of Public Accounts and Audit interim report: Inquiry into the Defence Major Projects Report 2020–21 and 2021–22 and the Procurement of Hunter Class Frigates [June 2024],1.00,matched,6034,Report no. 5 of 2024 [16 May 2024],https://www.aph.gov.au/Parliamentary_Business/Tabled_Documents/6457
6022,proforma_closure,2024-06-25,Government response to the Senate Economics References Committee Australia's Sovereign Naval Shipbuilding Capability: Interim Report [May 2024],1.00,matched,6034,Report no. 5 of 2024 [16 May 2024],https://www.aph.gov.au/Parliamentary_Business/Tabled_Documents/6022
6025,proforma_closure,2024-06-25,"Australian Government response to the Senate Foreign Affairs, Defence and Trade References Committee Impact of Defence training activities and facilities on rural and regional communities – First interim report [May 2024]",1.00,matched,6034,Report no. 5 of 2024 [16 May 2024],https://www.aph.gov.au/Parliamentary_Business/Tabled_Documents/6025
6026,proforma_closure,2024-06-25,"Australian Government response to the Senate Foreign Affairs, Defence and Trade References Committee Impact of Defence training activities and facilities on rural and regional communities – Fourth interim report [May 2024]",1.00,matched,6034,Report no. 5 of 2024 [16 May 2024],https://www.aph.gov.au/Parliamentary_Business/Tabled_Documents/6026
6229,proforma_closure,2024-06-25,Australian Government response to the Joint Standing Committee on the National Capital and External Territories interim report: Availability and access to enabling communications infrastructure in Australia’s external territories [May 2024],1.00,matched,6034,Report no. 5 of 2024 [16 May 2024],https://www.aph.gov.au/Parliamentary_Business/Tabled_Documents/6229
6240,proforma_closure,2024-06-25,Australian Government response to the Joint Standing Committee on Foreign Affairs Defence and Trade report: Expanding the membership of the Comprehensive and Progressive Trans-Pacific Partnership [May 2024],1.00,matched,6034,Report no. 5 of 2024 [16 May 2024],https://www.aph.gov.au/Parliamentary_Business/Tabled_Documents/6240
6206,substantive,2024-06-24,Migration Act 1958—Section 486O: Assessment of detention arrangements—Commonwealth Ombudsman’s report no. 6 of 2024—Government response,1.00,matched,6034,Report no. 5 of 2024 [16 May 2024],https://www.aph.gov.au/Parliamentary_Business/Tabled_Documents/6206
6290,substantive,2024-06-24,Migration Act 1958—Section 486O: Assessment of detention arrangements—Commonwealth Ombudsman’s report No. 7 of 2024—Government response,1.00,matched,6034,Report no. 5 of 2024 [16 May 2024],https://www.aph.gov.au/Parliamentary_Business/Tabled_Documents/6290
6415,proforma_closure,2024-06-20,Australian Government response to the Joint Parliamentary Standing Committee on Public Works report: 2nd Report of 2020 – Referrals made November 2019 and February 2020 [May 2024],1.00,matched,6034,Report no. 5 of 2024 [16 May 2024],https://www.aph.gov.au/Parliamentary_Business/Tabled_Documents/6415
6404,proforma_closure,2024-06-20,Australian Government response to the Joint Select Committee on the Australia Fund Establishment report: An inquiry into the establishment of a fund to support rural and manufacturing industries,0.67,probable,,Australia Fund Establishment  [pre-2022 register],https://www.aph.gov.au/Parliamentary_Business/Tabled_Documents/6404
6458,proforma_closure,2024-06-24,"Australian Government response to the House of Representatives Standing Committee on Industry, Innovation, Science and Resources report: ‘Keep it in the regions: mining and resources industry support for businesses in regional economies’ [June 2024]",1.00,matched,6034,Report no. 5 of 2024 [16 May 2024],https://www.aph.gov.au/Parliamentary_Business/Tabled_Documents/6458
6418,proforma_closure,2024-06-20,Australian Government response to the Senate Standing Committee on Economics report: Australia’s oil and gas reserves [June 2024],1.00,matched,6034,Report no. 5 of 2024 [16 May 2024],https://www.aph.gov.au/Parliamentary_Business/Tabled_Documents/6418
6407,proforma_closure,2024-06-20,Australian Government response to the Senate Finance and Public Administration Legislation Committee report: Plebiscite for an Australian Republic Bill 2008 [May 2024],1.00,matched,6034,Report no. 5 of 2024 [16 May 2024],https://www.aph.gov.au/Parliamentary_Business/Tabled_Documents/6407
6408,proforma_closure,2024-06-20,Australian Government response to the Senate Finance and Public Administration References Committee report: Compliance by former Ministers of State with the requirements of the Prime Minister’s Statement of Ministerial Standards [May 2024],1.00,matched,6034,Report no. 5 of 2024 [16 May 2024],https://www.aph.gov.au/Parliamentary_Business/Tabled_Documents/6408
6416,proforma_closure,2024-06-20,Australian Government response to the Senate Select Committee on Red Tape report: Policy and process to limit and reduce red tape [May 2024],1.00,matched,6034,Report no. 5 of 2024 [16 May 2024],https://www.aph.gov.au/Parliamentary_Business/Tabled_Documents/6416
6419,proforma_closure,2024-06-20,Australian Government response to the Select Committee on Unconventional Gas Mining report: Interim Report [June 2024],1.00,matched,6272,Climate Change Amendment (Duty of Care and Intergenerational Climate Equity) Bill 2023 - Progress Report [June 2024],https://www.aph.gov.au/Parliamentary_Business/Tabled_Documents/6419
6406,proforma_closure,2024-06-20,Australian Government response to the Senate Finance and Public Administration Legislation Committee report: COAG Legislation Amendment Bill 2021 [May 2024],1.00,matched,6034,Report no. 5 of 2024 [16 May 2024],https://www.aph.gov.au/Parliamentary_Business/Tabled_Documents/6406
6411,proforma_closure,2024-06-20,Australian Government response to the Senate Legal and Constitutional Affairs References Committee report: The road to a republic [May 2024],1.00,matched,6034,Report no. 5 of 2024 [16 May 2024],https://www.aph.gov.au/Parliamentary_Business/Tabled_Documents/6411
6409,proforma_closure,2024-06-20,Australian Government response to the Senate Finance and Public Administration References Committee report: Staff employed under the Members of Parliament (Staff) Act 1984 [May 2024],1.00,matched,6034,Report no. 5 of 2024 [16 May 2024],https://www.aph.gov.au/Parliamentary_Business/Tabled_Documents/6409
6410,proforma_closure,2024-06-20,Australian Government response to the Senate Legal and Constitutional Affairs References Committee report: A claim of public interest immunity raised over documents [May 2024],1.00,matched,6034,Report no. 5 of 2024 [16 May 2024],https://www.aph.gov.au/Parliamentary_Business/Tabled_Documents/6410
6250,proforma_closure,2024-06-07,"Australian Government response to the Senate Rural and Regional Affairs and Transport References Committee interim and final reports: The future of Australia’s aviation sector, in the context of COVID-19 and conditions post pandemic [May 2024]",1.00,matched,6034,Report no. 5 of 2024 [16 May 2024],https://www.aph.gov.au/Parliamentary_Business/Tabled_Documents/6250
6251,proforma_closure,2024-06-07,Australian Government response to the Senate Select Committee on the Scrutiny of Government Budget Measures - Second Interim Report [May 2024],1.00,matched,6034,Report no. 5 of 2024 [16 May 2024],https://www.aph.gov.au/Parliamentary_Business/Tabled_Documents/6251
6247,proforma_closure,2024-06-07,Australian Government response to the Senate Rural and Regional Affairs and Transport Legislation Committee report: Australia’s general aviation industry [May 2024],1.00,matched,6034,Report no. 5 of 2024 [16 May 2024],https://www.aph.gov.au/Parliamentary_Business/Tabled_Documents/6247
6248,proforma_closure,2024-06-07,Australian Government response to the Rural and Regional Affairs and Transport References Committee report: Future role and contribution of regional capitals to Australia [May 2024],1.00,matched,6034,Report no. 5 of 2024 [16 May 2024],https://www.aph.gov.au/Parliamentary_Business/Tabled_Documents/6248
6235,proforma_closure,2024-06-07,"Australian Government response to the Economics References Committee report: Inquiry into the indictors of, and impact of, regional inequality in Australia [May 2024]",1.00,matched,6034,Report no. 5 of 2024 [16 May 2024],https://www.aph.gov.au/Parliamentary_Business/Tabled_Documents/6235
6239,proforma_closure,2024-06-07,Australian Government response to the Senate Finance and Public Administration References Committee report: The administration and expenditure of funding under the Urban Congestion Fund [May 2024],1.00,matched,6034,Report no. 5 of 2024 [16 May 2024],https://www.aph.gov.au/Parliamentary_Business/Tabled_Documents/6239
6243,proforma_closure,2024-06-07,"Australian Government response to the Senate Foreign Affairs, Defence and Trade References Committee report: Inquiry into opportunities for strengthening Australia’s relations with the Republic of France [May 2024]",1.00,matched,6034,Report no. 5 of 2024 [16 May 2024],https://www.aph.gov.au/Parliamentary_Business/Tabled_Documents/6243
6234,substantive,2024-06-07,Australian Government response to the Senate Economics Legislation Committee Inquiry Report Government Amendments to Treasury Laws Amendment (Making Multinationals Pay Their Fair Share – Integrity and Transparency) Bill 2023 [May 2024],1.00,matched,6034,Report no. 5 of 2024 [16 May 2024],https://www.aph.gov.au/Parliamentary_Business/Tabled_Documents/6234
6246,proforma_closure,2024-06-07,Australian Government response to the Senate Rural and Regional Affairs and Transport Legislation Committee report: Air Services Amendment Bill 2018 [May 2024],1.00,matched,6034,Report no. 5 of 2024 [16 May 2024],https://www.aph.gov.au/Parliamentary_Business/Tabled_Documents/6246
6236,proforma_closure,2024-06-07,"Australian Government response to the Senate Economics Reference Committee Report – Toll Roads: issues of building, financing and charging [May 2024]",1.00,matched,6034,Report no. 5 of 2024 [16 May 2024],https://www.aph.gov.au/Parliamentary_Business/Tabled_Documents/6236
6242,proforma_closure,2024-06-07,"Australian Government response to the Senate Foreign Affairs, Defence and Trade References Committee report: Australia’s declarations made under certain international laws [May 2024]",1.00,matched,6034,Report no. 5 of 2024 [16 May 2024],https://www.aph.gov.au/Parliamentary_Business/Tabled_Documents/6242
6249,proforma_closure,2024-06-07,"Australian Government response to the Senate Rural and Regional Affairs and Transport References Committee report: The policy, regulatory, taxation, administrative and funding priorities for Australian shipping [May 2024]",1.00,matched,6034,Report no. 5 of 2024 [16 May 2024],https://www.aph.gov.au/Parliamentary_Business/Tabled_Documents/6249
6237,proforma_closure,2024-06-07,Australian Government response to the Senate Select Committee on Electric Vehicles report: The use and manufacture of electric vehicles in Australia [May 2024],1.00,matched,6034,Report no. 5 of 2024 [16 May 2024],https://www.aph.gov.au/Parliamentary_Business/Tabled_Documents/6237
6238,substantive,2024-05-31,Australian Government response to the Education and Employment Legislation Committee report: Fair Work Legislation Amendment (Closing Loopholes No.2) Bill 2023 [Provisions] [May 2024],1.00,matched,6034,Report no. 5 of 2024 [16 May 2024],https://www.aph.gov.au/Parliamentary_Business/Tabled_Documents/6238
6228,proforma_closure,2024-05-30,Australian Government response to the House of Representatives Select Committee on Regional Australia report: Pride of Place – Inquiry into the future of Regional Australia,0.67,probable,,Regional Inequality in Australia  [pre-2022 register],https://www.aph.gov.au/Parliamentary_Business/Tabled_Documents/6228
6226,proforma_closure,2024-05-30,"Australian Government response to the House of Representatives Standing Committee on Infrastructure, Transport and Cities report: Smart ICT: Report on the inquiry into the role of smart ICT in the design and planning of infrastructure [May 2024]",1.00,matched,6034,Report no. 5 of 2024 [16 May 2024],https://www.aph.gov.au/Parliamentary_Business/Tabled_Documents/6226
6213,proforma_closure,2024-05-29,"Australian Government Response to the House of Representatives Standing Committee On The Environment Report Streamlining Environmental Legislation Inquiry Into Streamlining Environmental Regulation, 'Green Tape', And One Stop Shops [May 2024]",1.00,matched,6034,Report no. 5 of 2024 [16 May 2024],https://www.aph.gov.au/Parliamentary_Business/Tabled_Documents/6213
6157,substantive,2024-05-23,Australian Government response to the Joint Committee of Public Accounts and Audit Report 498: 'Commitment issues' - An inquiry into Commonwealth procurement [May 2024],1.00,matched,6034,Report no. 5 of 2024 [16 May 2024],https://www.aph.gov.au/Parliamentary_Business/Tabled_Documents/6157
6164,proforma_closure,2024-05-23,Australian Government response to the Joint Standing Committee on Treaties report: Report 189 - Capital Increase WBG IBRD; Capital Increase WBG IFC; Amendments CMS; Termination IPPA-Indonesia [May 2024],1.00,matched,6034,Report no. 5 of 2024 [16 May 2024],https://www.aph.gov.au/Parliamentary_Business/Tabled_Documents/6164
6211,proforma_closure,2024-05-28,Australian Government Response to the House of Representatives Standing Committee on Economics report: Report on the inquiry into impediments to business investment [May 2024],1.00,matched,6034,Report no. 5 of 2024 [16 May 2024],https://www.aph.gov.au/Parliamentary_Business/Tabled_Documents/6211
6155,partial_proforma,2024-05-23,Australian Government response to the Joint Law Enforcement Committee report: Trade in elephant ivory and rhino horn [May 2024],1.00,matched,6034,Report no. 5 of 2024 [16 May 2024],https://www.aph.gov.au/Parliamentary_Business/Tabled_Documents/6155
6209,proforma_closure,2024-05-28,Australian Government Response to the House of Representatives Standing Committee on the Environment and Energy Report: Living With Fruit Bats [May 2024],1.00,matched,6034,Report no. 5 of 2024 [16 May 2024],https://www.aph.gov.au/Parliamentary_Business/Tabled_Documents/6209
6163,proforma_closure,2024-05-23,Australian Government response to the Joint Select Committee on Trade and Investment Growth] report: Inquiry into Australia’s Future in Research and Innovation [May 2024],1.00,matched,6034,Report no. 5 of 2024 [16 May 2024],https://www.aph.gov.au/Parliamentary_Business/Tabled_Documents/6163
6067,proforma_closure,2024-05-17,"Australian Government response to the reports of the Joint Standing Committee on Migration: Report 1: Immigration detention in Australia: A new beginning - Criteria for release from detention (tabled December 2008) Report 2: Immigration detention in Australia: Community-based alternatives to detention (tabled May 2009) Report 3: Immigration detention in Australia: Facilities, services and transparency (tabled August 2009) [April 2024]",1.00,matched,6034,Report no. 5 of 2024 [16 May 2024],https://www.aph.gov.au/Parliamentary_Business/Tabled_Documents/6067
6210,proforma_closure,2024-05-28,Australian Government Response to the Standing Committee On Agriculture And Water Resources Report: Making Every Drop Count [May 2024],1.00,matched,6034,Report no. 5 of 2024 [16 May 2024],https://www.aph.gov.au/Parliamentary_Business/Tabled_Documents/6210
6150,proforma_closure,2024-05-23,Australian Government response to the Environment and Communications References Committee report: Never waste a crisis: the waste and recycling industry in Australia [May 2024],1.00,matched,6034,Report no. 5 of 2024 [16 May 2024],https://www.aph.gov.au/Parliamentary_Business/Tabled_Documents/6150
6152,proforma_closure,2024-05-23,Australian Government response to the Environment Communications and the Arts References Committee report: The impacts of mining in the Murray-Darling Basin [May 2024],1.00,matched,6034,Report no. 5 of 2024 [16 May 2024],https://www.aph.gov.au/Parliamentary_Business/Tabled_Documents/6152
6159,proforma_closure,2024-05-23,Australian Government response to the Senate Rural and Regional Affairs and Transport References report: Identification of leading practices in ensuring evidence-based regulation of farm practices that impact water quality outcomes in the Great Barrier Reef [May 2024],1.00,matched,6034,Report no. 5 of 2024 [16 May 2024],https://www.aph.gov.au/Parliamentary_Business/Tabled_Documents/6159
6162,proforma_closure,2024-05-23,Australian Government response to the Rural and Regional Affairs and Transport References Committee Committee report: Water Legislation Amendment (Inspector-General of Water Compliance and Other Measures) Act 2021,1.00,matched,,Water Legislation Amendment (Inspector-General of Water Compliance and Other Measures) Act 2021  [pre-2022 register],https://www.aph.gov.au/Parliamentary_Business/Tabled_Documents/6162
6149,proforma_closure,2024-05-23,Australian Government response to the Senate Environment and Communications References report: In hot water: the impacts of climate change on marine fisheries and biodiversity [May 2024],1.00,matched,6034,Report no. 5 of 2024 [16 May 2024],https://www.aph.gov.au/Parliamentary_Business/Tabled_Documents/6149
6161,proforma_closure,2024-05-23,Australian Government response to the Rural and Regional Affairs and Transport References Committee report: Interim report: The impact of mining coal seam gas on the management of the Murray-Darling Basin [May 2024],1.00,matched,6034,Report no. 5 of 2024 [16 May 2024],https://www.aph.gov.au/Parliamentary_Business/Tabled_Documents/6161
5993,proforma_closure,2024-05-23,Australian Government response to the Senate Environment and Communications References Committee report: Australia Post [May 2024],1.00,matched,6034,Report no. 5 of 2024 [16 May 2024],https://www.aph.gov.au/Parliamentary_Business/Tabled_Documents/5993
6145,proforma_closure,2024-05-23,Australian Government response to the Senate Environment and Communications Legislation report: Environment Protection and Biodiversity Conservation Amendment (Standing) Bill 2015 [Provisions] [May 2024],1.00,matched,6034,Report no. 5 of 2024 [16 May 2024],https://www.aph.gov.au/Parliamentary_Business/Tabled_Documents/6145
6148,proforma_closure,2024-05-23,"Australian Government response to the Senate Environment and Communications References report: Impact of feral deer, pigs and goats in Australia [May 2024]",1.00,matched,6034,Report no. 5 of 2024 [16 May 2024],https://www.aph.gov.au/Parliamentary_Business/Tabled_Documents/6148
6153,proforma_closure,2024-05-23,Australian Government response to the Senate Environment and Communications References report: Toxic tide: the threat of marine plastic pollution in Australia [May 2024],1.00,matched,6034,Report no. 5 of 2024 [16 May 2024],https://www.aph.gov.au/Parliamentary_Business/Tabled_Documents/6153
6158,proforma_closure,2024-05-23,Australian Government response to the Senate Standing Committees on Rural and Regional Affairs and Transport report: Current requirements for labelling of seafood and seafood products [May 2024],1.00,matched,6034,Report no. 5 of 2024 [16 May 2024],https://www.aph.gov.au/Parliamentary_Business/Tabled_Documents/6158
6146,proforma_closure,2024-05-23,Australian Government response to the Environment and Communications Legislation Committee report: Water Amendment (Purchase Limit Repeal) Bill 2019 [May 2024],1.00,matched,6034,Report no. 5 of 2024 [16 May 2024],https://www.aph.gov.au/Parliamentary_Business/Tabled_Documents/6146
6147,proforma_closure,2024-05-23,Australian Government response to the Environment and Communications References Committee report: Adequacy of the regulatory framework governing water use by the extractive industry [May 2024],1.00,matched,6034,Report no. 5 of 2024 [16 May 2024],https://www.aph.gov.au/Parliamentary_Business/Tabled_Documents/6147
6156,proforma_closure,2024-05-23,Australian Government response to the Select Committee on the Multi-Jurisdictional Management and Execution of the Murray Darling Basin Plan report: Final report and report on Constitution Alteration (Water Resources) 2019 [May 2024],1.00,matched,6034,Report no. 5 of 2024 [16 May 2024],https://www.aph.gov.au/Parliamentary_Business/Tabled_Documents/6156
6143,proforma_closure,2024-05-23,Australian Government response to the Senate Select Committee on Certain Aspects of Queensland Government Administration related to Commonwealth Government Affairs Report [May 2024],1.00,matched,6034,Report no. 5 of 2024 [16 May 2024],https://www.aph.gov.au/Parliamentary_Business/Tabled_Documents/6143
6144,proforma_closure,2024-05-23,Australian Government response to the Senate Standing Committee on Economics report: The Australian Manufacturing Industry [May 2024],1.00,matched,6034,Report no. 5 of 2024 [16 May 2024],https://www.aph.gov.au/Parliamentary_Business/Tabled_Documents/6144
6160,proforma_closure,2024-05-23,Australian Government response to the Rural and Regional Affairs and Transport References report: Integrity of the water market in the Murray-Darling Basin [May 2024],1.00,matched,6034,Report no. 5 of 2024 [16 May 2024],https://www.aph.gov.au/Parliamentary_Business/Tabled_Documents/6160
6151,proforma_closure,2024-05-23,Australian Government response to the Senate Environment and Communications References report: Rehabilitation of mining and resources projects and power station ash dams as it relates to Commonwealth responsibilities [May 2024],1.00,matched,6034,Report no. 5 of 2024 [16 May 2024],https://www.aph.gov.au/Parliamentary_Business/Tabled_Documents/6151
6024,proforma_closure,2024-05-17,Australian Government response to the Senate Finance and Public Administration References Committee report: APS Inc: undermining public sector capability and performance [May 2024],1.00,matched,6034,Report no. 5 of 2024 [16 May 2024],https://www.aph.gov.au/Parliamentary_Business/Tabled_Documents/6024
6070,proforma_closure,2024-05-17,Australian Government response to the Senate Legal and Constitutional Affairs Committee report: Migration Amendment (Prohibiting Items in Immigration Detention Facilities) Bill 2020 [April 2024],1.00,matched,6034,Report no. 5 of 2024 [16 May 2024],https://www.aph.gov.au/Parliamentary_Business/Tabled_Documents/6070
6020,substantive,2024-05-17,Australian Government response to the Senate Rural and Regional Affairs and Transport Legislation Committee report: Primary Industries (Excise) Levies Bill 2023 [Provisions] and related bills [May 2024],1.00,matched,6034,Report no. 5 of 2024 [16 May 2024],https://www.aph.gov.au/Parliamentary_Business/Tabled_Documents/6020
6068,proforma_closure,2024-05-17,"Australian Government response to the Senate Legal and Constitutional Affairs References Committee report: Serious allegations of abuse, self-harm and neglect of asylum seekers in relation to the Nauru Regional Processing Centre, and any like allegations in relation to the Manus Regional Processing Centre [April 2024]",1.00,matched,6034,Report no. 5 of 2024 [16 May 2024],https://www.aph.gov.au/Parliamentary_Business/Tabled_Documents/6068
6069,proforma_closure,2024-05-17,Australian Government response to the Senate Legal and Constitutional Affairs Legislation Committee report: Migration Amendment (Prohibiting Items in Immigration Detention Facilities) Bill 2017 [April 2024],1.00,matched,6034,Report no. 5 of 2024 [16 May 2024],https://www.aph.gov.au/Parliamentary_Business/Tabled_Documents/6069
6019,proforma_closure,2024-05-17,"Australian Government response to the Senate Standing Committee on Legal and Constitutional Affairs report: Nationhood, national identity and democracy [May 2024]",1.00,matched,6034,Report no. 5 of 2024 [16 May 2024],https://www.aph.gov.au/Parliamentary_Business/Tabled_Documents/6019
6033,proforma_closure,2024-05-16,Australian Government response to the House of Representatives Standing Committee on Social Policy and Legal Affairs report: Inquiry into constitutional reform and referendums,0.50,probable,,Australian Law Reform Commission  [pre-2022 register],https://www.aph.gov.au/Parliamentary_Business/Tabled_Documents/6033
6054,proforma_closure,2024-05-16,Australian Government Response - Inquiry into Funding Australia's Research,0.67,probable,,Funding Australia's defence  [pre-2022 register],https://www.aph.gov.au/Parliamentary_Business/Tabled_Documents/6054
6041,substantive,2024-05-16,Australian Government Response to the House of Representatives Standing Committee on Procedure report: Division required? Electronic voting in the House of Representatives,0.33,unmatched,5854,Australian Antarctic Division funding,https://www.aph.gov.au/Parliamentary_Business/Tabled_Documents/6041
6050,proforma_closure,2024-05-16,Australian Government Response - Inquiry into innovation and creativity: workforce for the new economy,0.50,probable,,NDIS Workforce  [pre-2022 register],https://www.aph.gov.au/Parliamentary_Business/Tabled_Documents/6050
8904,substantive,2024-05-16,Speaker's response to the House of Representatives Standing Committee on Procedure report: Raising the Standard – Inquiry into recommendations 10 and 27 of Set the standard: Report on the Independent Review into Commonwealth Parliamentary Workplaces,1.00,matched,11336,Raising the standard: Inquiry into recommendations 10 and 27 of Set the standard: Report on the independent review into Commonwealth parliamentary workplaces,https://www.aph.gov.au/Parliamentary_Business/Tabled_Documents/8904
6040,substantive,2024-05-16,Australian Government Response to the House of Representatives Standing Committee on Procedure report: Raising the Standard – Inquiry into recommendations 10 and 27 of Set the standard: Report on the Independent Review into Commonwealth Parliamentary Workplaces,1.00,matched,11336,Raising the standard: Inquiry into recommendations 10 and 27 of Set the standard: Report on the independent review into Commonwealth parliamentary workplaces,https://www.aph.gov.au/Parliamentary_Business/Tabled_Documents/6040
6053,proforma_closure,2024-05-16,Australian Government Response - Education in Remote and Complex Environments,0.33,unmatched,,Education of gifted children  [pre-2022 register],https://www.aph.gov.au/Parliamentary_Business/Tabled_Documents/6053
6059,substantive,2024-05-16,Australian Government Response to the House of Representatives Standing Committee on Procedure report: Maintenance of the standing orders,0.50,probable,2919,Inquiry into ASIC investigation and enforcement - Further report on compliance with orders for the production of documents [28 July 2023],https://www.aph.gov.au/Parliamentary_Business/Tabled_Documents/6059
6051,proforma_closure,2024-05-16,Australian Government Response - Status of the teaching profession,0.33,unmatched,3110,COVID-19 Vaccination Status (Prevention of Discrimination) Bill 2022 and Fair Work Amendment (Prohibiting COVID-19 Vaccine Discrimination) Bill 2023 [August 2023],https://www.aph.gov.au/Parliamentary_Business/Tabled_Documents/6051
6060,substantive,2024-05-16,Australian Government Response to the House of Representatives Standing Committee on Petitions: Your voice can change our future - Inquiry into the Future of Petitioning in the House,0.33,unmatched,7373,"Report 25: Petitions and Ministerial responses—Report, 14 May 2024",https://www.aph.gov.au/Parliamentary_Business/Tabled_Documents/6060
6052,proforma_closure,2024-05-16,Australian Government Response - Inquiry into school to work transition,0.50,probable,,Senate Select Committee on School Funding  [pre-2022 register],https://www.aph.gov.au/Parliamentary_Business/Tabled_Documents/6052
6044,proforma_closure,2024-05-16,Australian Government Response to the House of Representatives Standing Committee on Procedure report: Role of the Federation Chamber - Celebrating 20 years of operation,0.25,unmatched,,The operation of the wine-making industry  [pre-2022 register],https://www.aph.gov.au/Parliamentary_Business/Tabled_Documents/6044
5923,proforma_closure,2024-05-14,Australian Government response to the Parliamentary Joint Committee on Intelligence and Security Advisory report on the Security Legislation Amendment (Critical Infrastructure Protection) Bill 2022,1.00,matched,,Job security  [pre-2022 register],https://www.aph.gov.au/Parliamentary_Business/Tabled_Documents/5923
5918,proforma_closure,2024-05-14,Australian Government response to the Parliamentary Joint Committee on Intelligence and Security report: Review of Part 14 of the Telecommunications Act 1997 – Telecommunications Sector Security Reforms,1.00,matched,,Review of Part 14 of the Telecommunications Act 1997 – Telecommunications Sector Security Reforms  [pre-2022 register],https://www.aph.gov.au/Parliamentary_Business/Tabled_Documents/5918
5922,proforma_closure,2024-05-14,Australian Government response to the Parliamentary Joint Committee on Intelligence and Security Advisory report on the Security Legislation Amendment (Critical Infrastructure) Bill 2020 and Statutory Review of the Security of Critical Infrastructure Act 2018,1.00,matched,,Review of the Security Legislation Amendment (Critical Infrastructure) Bill 2020 and Statutory Review of the Security of Critical Infrastructure Act 2018  [pre-2022 register],https://www.aph.gov.au/Parliamentary_Business/Tabled_Documents/5922
5989,substantive,2024-05-15,Australian Government response to the House of Representatives Standing Committee on the Environment and Energy report: Advisory report on the inquiry into the Australian Local Power Agency Bill 2021 and Australian Local Power Agency (Consequential Amendments) Bill 2021,0.50,probable,595,Report 493: Annual Report 2021-22,https://www.aph.gov.au/Parliamentary_Business/Tabled_Documents/5989
5988,proforma_closure,2024-05-15,Australian Government response to the House of Representatives Standing Committee on the Environment and Energy report: Powering our future,0.50,probable,3935,"Housing Australia Future Fund Bill 2023 [No. 2] [Provisions], National Housing Supply and Affordability Council Bill 2023 [No. 2] [Provisions] and Treasury Laws Amendment (Housing Measures No. 1) Bill 2023 [No. 2] [Provisions] 24 October 2023]",https://www.aph.gov.au/Parliamentary_Business/Tabled_Documents/5988
5995,proforma_closure,2024-05-15,Australian Government response to the House Standing Committee on Communications and the Arts report: Inquiry into factors contributing to the growth and sustainability of the Australian film and television industry,0.50,probable,,Australian dairy industry  [pre-2022 register],https://www.aph.gov.au/Parliamentary_Business/Tabled_Documents/5995
5893,proforma_closure,2024-05-14,Australian Government response to the Joint Standing Committee on Electoral Matters report: Advisory report on the Commonwealth Electoral Amendment (Real Time Disclosure of Political Donations) Bill 2019,1.00,matched,,Commonwealth Electoral Amendment (Real Time Disclosure of Political Donations) Bill 2019  [pre-2022 register],https://www.aph.gov.au/Parliamentary_Business/Tabled_Documents/5893
5900,substantive,2024-05-14,Australian Government response to the Joint Standing Committee on Electoral Matters report: Second interim report on the inquiry into the conduct of the 2013 federal election: An assessment of electronic voting options,0.62,probable,,2007 federal election electronic voting trials—Inquiry into the conduct of the 2007 election and matters related thereto  [pre-2022 register],https://www.aph.gov.au/Parliamentary_Business/Tabled_Documents/5900
5907,substantive,2024-05-14,"Australian Government response to the Joint Standing Committee on Electoral Matters report: Interim report on all aspects of the conduct of the 2019 Federal Election and matters related thereto Delegation to the International Grand Committee, Dublin, Ireland",1.00,matched,,All aspects of the conduct of the 2019 Federal Election and matters related thereto  [pre-2022 register],https://www.aph.gov.au/Parliamentary_Business/Tabled_Documents/5907
5929,proforma_closure,2024-05-14,Australian Government response to the Senate Finance and Public Administration Legislation Committee Report: Commonwealth Electoral Amendment (Banning Dirty Donations) Bill 2020,1.00,matched,,Commonwealth Electoral Amendment (Banning Dirty Donations) Bill 2020  [pre-2022 register],https://www.aph.gov.au/Parliamentary_Business/Tabled_Documents/5929
5902,proforma_closure,2024-05-14,Australian Government response to the Joint Standing Committee on Electoral Matters report: Third interim report on the inquiry into the conduct of the 2016 federal election: AEC modernisation,0.80,matched,,All aspects of the conduct of the 2016 Federal Election and matters related thereto  [pre-2022 register],https://www.aph.gov.au/Parliamentary_Business/Tabled_Documents/5902
5899,proforma_closure,2024-05-14,Australian Government response to the Joint Standing Committee on Electoral Matters report: Interim report on the inquiry into the conduct of the 2013 Federal Election: Senate voting practices,0.67,probable,,2007 federal election electronic voting trials—Inquiry into the conduct of the 2007 election and matters related thereto  [pre-2022 register],https://www.aph.gov.au/Parliamentary_Business/Tabled_Documents/5899
5926,proforma_closure,2024-05-14,Australian Government response to the Senate Environment and Communications Legislation Committee report: Broadcasting Legislation Amendment (2021 Measures No. 1) Bill 2021,1.00,matched,,Broadcasting Legislation Amendment (2021 Measures No.1) Bill 2021  [pre-2022 register],https://www.aph.gov.au/Parliamentary_Business/Tabled_Documents/5926
5896,proforma_closure,2024-05-14,Australian Government response to the Joint Standing Committee on Electoral Matters report: Commonwealth Electoral Amendment (Lowering the Donation Disclosure Threshold) Bill 2019,1.00,matched,,Commonwealth Electoral Amendment (Lowering the Donation Disclosure Threshold) Bill 2019  [pre-2022 register],https://www.aph.gov.au/Parliamentary_Business/Tabled_Documents/5896
5928,substantive,2024-05-14,Australian Government response to the Senate Standing Committee on Community Affairs: The worsening rental crisis in Australia – Interim and Final Reports,1.00,matched,,Worsening rental crisis in Australia  [pre-2022 register],https://www.aph.gov.au/Parliamentary_Business/Tabled_Documents/5928
5933,proforma_closure,2024-05-14,Australian Government response to the Senate Legal and Constitutional Affairs Legislation Committee report: Migration (Validation of Port Appointments) Bill 2018,0.80,matched,,Migration (Validation of Port Appointment) Bill 2018  [pre-2022 register],https://www.aph.gov.au/Parliamentary_Business/Tabled_Documents/5933
5904,proforma_closure,2024-05-14,Australian Government response to the Joint Standing Committee on Electoral Matters report: Report on the conduct of the 2016 federal election and matters related thereto,1.00,matched,,All aspects of the conduct of the 2016 Federal Election and matters related thereto  [pre-2022 register],https://www.aph.gov.au/Parliamentary_Business/Tabled_Documents/5904
5905,proforma_closure,2024-05-14,Australian Government response to the Joint Standing Committee on Electoral Matters report: Report on the conduct of the 2019 federal election and matters related thereto,1.00,matched,,All aspects of the conduct of the 2019 Federal Election and matters related thereto  [pre-2022 register],https://www.aph.gov.au/Parliamentary_Business/Tabled_Documents/5905
5930,proforma_closure,2024-05-14,Australian Government response to the Senate Finance and Public Administration Legislation Committee report: Commonwealth Electoral Amendment (Donation Reform and Other Measures) Bill 2020,1.00,matched,,Commonwealth Electoral Amendment (Donation Reform and Other Measures) Bill 2020  [pre-2022 register],https://www.aph.gov.au/Parliamentary_Business/Tabled_Documents/5930
5901,proforma_closure,2024-05-14,Australian Government response to the Joint Standing Committee on Electoral Matters report: The 2013 Federal Election: Report on all aspects of the conduct of the 2013 election and matters related thereto,1.00,matched,,All aspects of the conduct of the 2013 Federal Election and matters related thereto  [pre-2022 register],https://www.aph.gov.au/Parliamentary_Business/Tabled_Documents/5901
5927,proforma_closure,2024-05-14,Australian Government response to the Environment and Communications References Committee report: Participation of Australians in online poker,1.00,matched,,Participation of Australians in online poker  [pre-2022 register],https://www.aph.gov.au/Parliamentary_Business/Tabled_Documents/5927
5931,substantive,2024-05-14,Australian Government response to the Senate Finance and Public Administration Legislation Committee report: Commonwealth Electoral Amendment (Integrity of Elections) Bill 2021,1.00,matched,,Commonwealth Electoral Amendment (Integrity of Elections) Bill 2021  [pre-2022 register],https://www.aph.gov.au/Parliamentary_Business/Tabled_Documents/5931
5934,substantive,2024-05-14,Australian Government response to the Select Committee into the Political Influence of Donations report: Political Influence of Donations,1.00,matched,,Select Committee into the Political Influence of Donations  [pre-2022 register],https://www.aph.gov.au/Parliamentary_Business/Tabled_Documents/5934
5897,proforma_closure,2024-05-14,Australian Government response to the Joint Standing Committee on Electoral Matters report: Report on the Candidate Qualification Checklist,1.00,matched,,Candidate qualification checklist  [pre-2022 register],https://www.aph.gov.au/Parliamentary_Business/Tabled_Documents/5897
5898,proforma_closure,2024-05-14,Australian Government response to the Joint Standing Committee on Electoral Matters report: Advisory report on the Commonwealth Electoral Amendment (Ensuring Fair Representation of the Northern Territory) Bill 2020,1.00,matched,,Commonwealth Electoral Amendment (Ensuring Fair Representation of the Northern Territory) Bill 2020  [pre-2022 register],https://www.aph.gov.au/Parliamentary_Business/Tabled_Documents/5898
5935,substantive,2024-05-14,Australian Government response to the Rural and Regional Affairs and Transport Legislation Committee report: Inspector-General of Live Animal Exports Amendment (Animal Welfare) Bill 2023,1.00,matched,3163,Inspector-General of Live Animal Exports Amendment (Animal Welfare) Bill 2023 [August 2023],https://www.aph.gov.au/Parliamentary_Business/Tabled_Documents/5935
5903,proforma_closure,2024-05-14,Australian Government response to the Joint Standing Committee on Electoral Matters report: Excluded: The impact of section 44 on Australian democracy,0.33,unmatched,,Supporting democracy in our region  [pre-2022 register],https://www.aph.gov.au/Parliamentary_Business/Tabled_Documents/5903
5913,substantive,2024-05-14,"Australian Government response to the Joint Standing Committee on Foreign Affairs, Defence and Trade report: Strengthening Australia’s Relationships in the Pacific",1.00,matched,,Strengthening Australia’s relationships with countries in the Pacific region  [pre-2022 register],https://www.aph.gov.au/Parliamentary_Business/Tabled_Documents/5913
5916,substantive,2024-05-14,Australian Government response to the Parliamentary Joint Committee on Intelligence and Security Report: National Security Legislation Amendment (Comprehensive Review and Other Measures No. 3) Bill 2023,1.00,matched,5459,Advisory Report on the National Security Legislation Amendment (Comprehensive Review and Other Measures No. 3) Bill 2023 [March 2024],https://www.aph.gov.au/Parliamentary_Business/Tabled_Documents/5916
5838,proforma_closure,2024-05-09,Australian Government response to the Joint Standing Committee on Migration Interim and Final reports: Working Holiday Maker Program [April 2024],1.00,matched,,Working Holiday Maker program  [pre-2022 register],https://www.aph.gov.au/Parliamentary_Business/Tabled_Documents/5838
5837,proforma_closure,2024-05-09,Australian Government response to the Joint Standing Committee on Migration report: Review processes associated with visa cancellations made on criminal grounds [April 2024],1.00,matched,,Review processes associated with visa cancellations made on criminal grounds  [pre-2022 register],https://www.aph.gov.au/Parliamentary_Business/Tabled_Documents/5837
5917,partial_proforma,2024-05-14,Australian Government response to the House of Representatives Standing Committee on Agriculture and Water Resources report: Growing Australia,0.50,probable,5852,"Improving consumer experiences, choice, and outcomes in Australia’s retirement system [Interim report]",https://www.aph.gov.au/Parliamentary_Business/Tabled_Documents/5917
5919,proforma_closure,2024-05-14,Australian Government response to the House Standing Committee on Agriculture and Water Resources report: Aussie logs for Aussie jobs: Inquiry into timber supply chain constraints in the Australian plantation sector,0.33,unmatched,,Finance for the not for profit sector  [pre-2022 register],https://www.aph.gov.au/Parliamentary_Business/Tabled_Documents/5919
5924,proforma_closure,2024-05-14,Australian Government Response to the House of Representatives Standing Committee on the Environment and Energy Report: Powering Our Future,0.50,probable,3935,"Housing Australia Future Fund Bill 2023 [No. 2] [Provisions], National Housing Supply and Affordability Council Bill 2023 [No. 2] [Provisions] and Treasury Laws Amendment (Housing Measures No. 1) Bill 2023 [No. 2] [Provisions] 24 October 2023]",https://www.aph.gov.au/Parliamentary_Business/Tabled_Documents/5924
5692,substantive,2024-04-26,Australian Government response to the Parliamentary Joint Committee on Intelligence and Security report: Advisory report on the Australian Security Intelligence Organisation Amendment Bill 2023 [September 2023],1.00,matched,3424,Report no. 11 of 2023 [14 September 2023],https://www.aph.gov.au/Parliamentary_Business/Tabled_Documents/5692
5846,proforma_closure,2024-05-10,Australian Government response to the Parliamentary Joint Committee on Human Rights report: ParentsNext: examination of Social Security (Parenting payment participation requirements – class of persons) Instrument 2021,1.00,matched,,ParentsNext: examination of Social Security (Parenting payment participation requirements - class of persons) instrument 2021  [pre-2022 register],https://www.aph.gov.au/Parliamentary_Business/Tabled_Documents/5846
5632,substantive,2024-04-11,Australian Government response to the National Capital and External Territories Joint Standing Committee report: Restoring democracy: Local governance on Norfolk Island [April 2024],1.00,matched,4325,Restoring Democracy: Report of the inquiry into local governance on Norfolk Island,https://www.aph.gov.au/Parliamentary_Business/Tabled_Documents/5632
5853,proforma_closure,2024-05-10,Australian Government response to the Joint Standing Committee on the National Capital and External Territories report: Telling Australia’s story – and why it’s important: Report on the inquiry into Canberra’s national institutions [May 2024],1.00,matched,,Canberra's national institutions  [pre-2022 register],https://www.aph.gov.au/Parliamentary_Business/Tabled_Documents/5853
5835,proforma_closure,2024-05-09,Australian Government response to the Joint Standing Committee on Migration Interim and Final reports: Australia's Skilled Migration Program [April 2024],1.00,matched,,Australia's skilled migration program  [pre-2022 register],https://www.aph.gov.au/Parliamentary_Business/Tabled_Documents/5835
5836,proforma_closure,2024-05-09,Australian Government response to the Joint Standing Committee on Migration report: Efficacy of current regulation of Australian migration and education agents [April 2024],1.00,matched,,Efficacy of current regulation of Australian migration agents  [pre-2022 register],https://www.aph.gov.au/Parliamentary_Business/Tabled_Documents/5836
5912,proforma_closure,2024-05-14,Australian Government response to the House Standing Committee on Communications and the Arts report: Sculpting a National Cultural Plan: Igniting a post-COVID economy for the arts,1.00,matched,,National  [pre-2022 register],https://www.aph.gov.au/Parliamentary_Business/Tabled_Documents/5912
5921,proforma_closure,2024-05-14,Australian Government response to the House of Representatives Standing Committee on Agriculture and Water resources report: Supporting a strong future for Australian aquaculture: Inquiry into the Australian aquaculture sector,0.40,unmatched,,Indigenous art: Securing the future—Australia’s Indigenous visual arts and craft sector  [pre-2022 register],https://www.aph.gov.au/Parliamentary_Business/Tabled_Documents/5921
5859,proforma_closure,2024-05-10,"Australian Government response to the Joint Standing Committee on Foreign Affairs, Defence and Trade Final Report Transition from the Australian Defence Force (ADF) [May 2024]",1.00,matched,,Transition from the Australian Defence Force (ADF)  [pre-2022 register],https://www.aph.gov.au/Parliamentary_Business/Tabled_Documents/5859
5915,proforma_closure,2024-05-14,Australian Government response to the House of Representatives Standing Committee on Agriculture and Industry report: Smart farming - inquiry into agricultural innovation,0.33,unmatched,,Australia's Innovation System  [pre-2022 register],https://www.aph.gov.au/Parliamentary_Business/Tabled_Documents/5915
5909,proforma_closure,2024-05-14,Australian Government response to the House Standing Committee on Communications and the Arts report: Inquiry into factors contributing to the growth and sustainability of the Australian music industry,0.50,probable,,Australian dairy industry  [pre-2022 register],https://www.aph.gov.au/Parliamentary_Business/Tabled_Documents/5909
5845,proforma_closure,2024-05-10,Australian Government response to the Senate Education and Employment Legislation Committee report: Social Security Legislation Amendment (Streamlined Participation Requirements and Other Measures) Bill 2021 [Provisions],1.00,matched,,Social Security Legislation Amendment (Streamlined Participation Requirements and Other Measures) Bill 2021 [Provisions]  [pre-2022 register],https://www.aph.gov.au/Parliamentary_Business/Tabled_Documents/5845
5817,proforma_closure,2024-05-09,Australian Government response to the Senate Legal and Constitutional Affairs Legislation Committee report: Migration Amendment (Clarification of Jurisdiction) Bill 2018 [April 2024],1.00,matched,,Migration Amendment (Clarification of Jurisdiction) Bill 2018  [pre-2022 register],https://www.aph.gov.au/Parliamentary_Business/Tabled_Documents/5817
5839,proforma_closure,2024-05-09,Australian Government response to the Senate Select Committee on Strengthening Multiculturalism report: Ways of protecting and strengthening Australia’s multiculturalism and social inclusion [April 2024],1.00,matched,,Multiculturalism in Australia  [pre-2022 register],https://www.aph.gov.au/Parliamentary_Business/Tabled_Documents/5839
5844,proforma_closure,2024-05-09,"Australian Government response to the Senate Finance and Public Administration Legislation Committee report: Public Governance, Performance and Accountability Amendment (Tax Transparency in Procurement and Grants) Bill 2019 [May 2024]",1.00,matched,,"Public Governance, Performance and Accountability Amendment (Tax Transparency in Procurement and Grants) Bill 2019  [pre-2022 register]",https://www.aph.gov.au/Parliamentary_Business/Tabled_Documents/5844
5815,proforma_closure,2024-05-09,"Australian Government response to the Senate Foreign Affairs, Defence and Trade References Committee report: Issues facing diaspora communities in Australia [April 2024]",1.00,matched,,Issues facing diaspora communities in Australia  [pre-2022 register],https://www.aph.gov.au/Parliamentary_Business/Tabled_Documents/5815
5830,proforma_closure,2024-05-09,Australian Government Response to the Senate Legal and Constitutional Affairs Legislation Committee report: National Emergency Declaration Act 2020 [April 2024],1.00,matched,,National Emergency Declaration Act 2020  [pre-2022 register],https://www.aph.gov.au/Parliamentary_Business/Tabled_Documents/5830
5829,proforma_closure,2024-05-09,Australian Government response to the Senate Legal and Constitutional Affairs Legislation Committee - report: Migration and Maritime Powers Legislation Amendment (Resolving the Asylum Legacy Caseload) Bill 2014 [Provisions] [April 2024],1.00,matched,,Migration and Maritime Powers Legislation Amendment (Resolving the Asylum Legacy Caseload) Bill 2014  [pre-2022 register],https://www.aph.gov.au/Parliamentary_Business/Tabled_Documents/5829
5812,proforma_closure,2024-05-09,Australian Government response to the Senate Education and Employment Reference Committee report: A National Disgrace: The Exploitation of Temporary Work Visa Holders [April 2024],0.50,probable,5570,Annual reports (No. 1 of 2024),https://www.aph.gov.au/Parliamentary_Business/Tabled_Documents/5812
5814,proforma_closure,2024-05-09,Australian Government response to the Senate Finance and Public Administration References Committee Final Report: Lessons to be learned in relation to the Australian bushfire season 2019-20 [April 2024],1.00,matched,,Lessons to be learned in relation to the Australian bushfire season 2019-20  [pre-2022 register],https://www.aph.gov.au/Parliamentary_Business/Tabled_Documents/5814
5818,proforma_closure,2024-05-09,Australian Government response to the Senate Legal and Constitutional Affairs Legislation Committee report: Migration Amendment (Strengthening the Character Test) Bill 2021 [Provisions] [April 2024],1.00,matched,,Migration Amendment (Strengthening the Character Test) Bill 2021  [pre-2022 register],https://www.aph.gov.au/Parliamentary_Business/Tabled_Documents/5818
5821,proforma_closure,2024-05-09,Australian Government response to the Senate Legal and Constitutional Affairs Legislation Committee report: Migration and Citizenship Legislation Amendment (Strengthening Information Provisions) Bill 2020 [Provisions] [April 2024],1.00,matched,,Migration and Citizenship Legislation Amendment (Strengthening Information Provisions) Bill 2020  [pre-2022 register],https://www.aph.gov.au/Parliamentary_Business/Tabled_Documents/5821
5831,proforma_closure,2024-05-09,Australian Government response to the Senate Legal and Constitutional Affairs Legislation Committee report: New Skilled Regional Visas (Consequential Amendments) Bill 2019 [Provisions] [April 2024],1.00,matched,,New Skilled Regional Visas (Consequential Amendments) Bill 2019  [pre-2022 register],https://www.aph.gov.au/Parliamentary_Business/Tabled_Documents/5831
5840,proforma_closure,2024-05-09,Australian Government response to the Senate Select Committee on Temporary Migration report: Temporary Migration Final Report [April 2024],1.00,matched,,Temporary Migration  [pre-2022 register],https://www.aph.gov.au/Parliamentary_Business/Tabled_Documents/5840
5813,partial_proforma,2024-05-09,Australian Government response to the Senate Environment and Communications Legislation Committee report: Environment Protection and Biodiversity Conservation Amendment (Regional Forest Agreements) Bill 2020 [May 2024],1.00,matched,60,Environment Protection and Biodiversity Conservation Amendment (Regional Forest Agreements) Bill 2020,https://www.aph.gov.au/Parliamentary_Business/Tabled_Documents/5813
5834,proforma_closure,2024-05-09,"Australian Government response to the Senate Legal and Constitutional Affairs References Committee report The efficacy, fairness, timeliness and costs of the processing and granting of visa classes which provide for or allow for family and partner reunions [April 2024]",1.00,matched,,"Efficacy, fairness, timeliness and costs of the processing and granting of visa classes which provide for or allow for family and partner reunions  [pre-2022 register]",https://www.aph.gov.au/Parliamentary_Business/Tabled_Documents/5834
5833,proforma_closure,2024-05-09,Australian Government response to the Senate Legal and Constitutional Affairs References Committee report: Effectiveness of the current temporary skilled visa system in targeting genuine skills shortages [April 2024],1.00,matched,,Effectiveness of the current temporary skilled visa system in targeting genuine skills shortages  [pre-2022 register],https://www.aph.gov.au/Parliamentary_Business/Tabled_Documents/5833
5745,proforma_closure,2024-05-02,Australian Government response to the Environment and Communications Legislation Committee report: Carbon Credits (Carbon Farming Initiative) Amendment Bill 2017 [Provisions] [May 2024],1.00,matched,,Carbon Credits (Carbon Farming Initiative) Amendment Bill 2017  [pre-2022 register],https://www.aph.gov.au/Parliamentary_Business/Tabled_Documents/5745
5753,proforma_closure,2024-05-02,Australian Government response to the Environment and Communications References Committee report: Retirement of coal fired power stations - Interim Report [May 2024],1.00,matched,,Retirement of coal fired power stations  [pre-2022 register],https://www.aph.gov.au/Parliamentary_Business/Tabled_Documents/5753
5743,substantive,2024-05-02,Australian Government response to the Senate Community Affairs References Committee report: Review of legislative instruments made under Part 3AA or Part 3B of the Social Security (Administration) Act 1999 – Review 1 [May 2024],1.00,matched,5020,Review of legislative instruments made under Part 3AA or Part 3B of the Social Security (Administration) Act 1999 – Review 1,https://www.aph.gov.au/Parliamentary_Business/Tabled_Documents/5743
5746,proforma_closure,2024-05-02,Australian Government response to the Environment and Communications Legislation Committee report: Clean Energy Finance Corporation Amendment (Grid Reliability Fund) Bill 2020 [May 2024],1.00,matched,,Clean Energy Finance Corporation Amendment (Grid Reliability Fund) Bill 2020  [pre-2022 register],https://www.aph.gov.au/Parliamentary_Business/Tabled_Documents/5746
5748,proforma_closure,2024-05-02,"Australian Government response to the Environment and Communications References Committee report: Current and future impacts of climate change on housing, buildings and infrastructure",1.00,matched,,"Current and future impacts of climate change on housing, buildings and infrastructure  [pre-2022 register]",https://www.aph.gov.au/Parliamentary_Business/Tabled_Documents/5748
5750,proforma_closure,2024-05-02,Australian Government response to the Environment and Communications References Committee report: Direct Action: Paying polluters to halt global warming [May 2024],0.67,probable,,Government's Direct Action Plan  [pre-2022 register],https://www.aph.gov.au/Parliamentary_Business/Tabled_Documents/5750
5751,proforma_closure,2024-05-02,Australian Government response to the Environment and Communications References Committee report: Retirement of coal fired power stations – Final report [May 2024],1.00,matched,,Retirement of coal fired power stations  [pre-2022 register],https://www.aph.gov.au/Parliamentary_Business/Tabled_Documents/5751
5759,proforma_closure,2024-05-02,Australian Government response to the Senate Select Committee into the Resilience of Electricity Infrastructure in a Warming World report: Stability and Affordability: Forging a path to Australia's renewable energy future [May 2024],0.50,probable,5570,Annual reports (No. 1 of 2024),https://www.aph.gov.au/Parliamentary_Business/Tabled_Documents/5759
5755,proforma_closure,2024-05-02,Australian Government response to the Senate Select Committee into the Scrutiny of Government Budget Measures Fourth interim report [May 2024],1.00,matched,,Scrutiny of Government Budget Measures  [pre-2022 register],https://www.aph.gov.au/Parliamentary_Business/Tabled_Documents/5755
5757,proforma_closure,2024-05-02,Australian Government response to the Senate Select Committee into Jobs for the Future in Regional Areas Report [May 2024],1.00,matched,,Jobs for the Future in Regional Areas  [pre-2022 register],https://www.aph.gov.au/Parliamentary_Business/Tabled_Documents/5757
5656,substantive,2024-04-18,Australian Government response to the Education and Employment Legislation Committee report - Fair Work Amendment (Equal Pay for Equal Work) Bill 2022 [April 2024],1.00,matched,5340,Fair Work Amendment Bill 2024,https://www.aph.gov.au/Parliamentary_Business/Tabled_Documents/5656
5655,substantive,2024-04-18,Australian Government response to the Legal and Constitutional Affairs Legislation Committee report - Criminal Code Amendment (Prohibition of Nazi Symbols) Bill 2023 [March 2024],1.00,matched,5562,Report no. 4 of 2024 [27 March 2024],https://www.aph.gov.au/Parliamentary_Business/Tabled_Documents/5655
5633,substantive,2024-04-11,Australian Government response to the Rural and Regional Affairs and Transport References Committee report: Fisheries quota system [April 2024],1.00,matched,917,Fisheries quota system,https://www.aph.gov.au/Parliamentary_Business/Tabled_Documents/5633
5631,substantive,2024-04-11,Australian Government response to the Education and Employment References Committee report: The national trend of school refusal and related matters [April 2024],1.00,matched,,National trend of school refusal and related matters  [pre-2022 register],https://www.aph.gov.au/Parliamentary_Business/Tabled_Documents/5631
5550,substantive,2024-03-27,"Australian Government response to the House Standing Committee on Employment, Education and Training report: Inquiry into the Fair Work Commission Annual Report 2019-2020 [March 2024]",1.00,matched,5562,Report no. 4 of 2024 [27 March 2024],https://www.aph.gov.au/Parliamentary_Business/Tabled_Documents/5550
5418,substantive,2024-03-20,Australian Government Response to the Joint Standing Committee on the National Disability Insurance Scheme Final Report Inquiry into the Capability and Culture of the National Disability Insurance Agency (NDIA) [March 2024],1.00,matched,,Capability and Culture of the NDIA  [pre-2022 register],https://www.aph.gov.au/Parliamentary_Business/Tabled_Documents/5418
5297,substantive,2024-03-07,Australian Government response to the Senate Legal and Constitutional Affairs Legislation Committee report: Family Law Amendment Bill 2023 [Provisions] [March 2024],1.00,matched,2067,Report no. 5 of 2023 [11 May 2023],https://www.aph.gov.au/Parliamentary_Business/Tabled_Documents/5297
5198,substantive,2024-02-29,Australian Government response to the Environment and Communications References Committee report: Impacts and management of feral horses in the Australian Alps,1.00,matched,3668,Impacts and management of feral horses in the Australian Alps [October 2023],https://www.aph.gov.au/Parliamentary_Business/Tabled_Documents/5198
5150,substantive,2024-02-27,Australian Government response to the Senate Legal and Constitutional Affairs Legislation Committee report: Family Law Amendment (Information Sharing) Bill 2023 [Provisions] [October 2023],1.00,matched,3962,Report no. 12 of 2023 [19 October 2023],https://www.aph.gov.au/Parliamentary_Business/Tabled_Documents/5150
5151,substantive,2024-02-27,Australian Government Response to the Senate Standing Committee on Education and Employment report: Fair Work Amendment (Paid Family and Domestic Violence Leave) Bill 2022 [Provisions] [February 2024],1.00,matched,5008,Report no. 1 of 2024 [8 February 2024],https://www.aph.gov.au/Parliamentary_Business/Tabled_Documents/5151
5055,substantive,2024-02-27,Migration Act 1958—Section 486O: Assessment of detention arrangements—Commonwealth Ombudsman’s report no.2 of 2024—Government response,0.50,probable,5008,Report no. 1 of 2024 [8 February 2024],https://www.aph.gov.au/Parliamentary_Business/Tabled_Documents/5055
5091,substantive,2024-02-27,Fuel Quality Standards Act 2000 Independent Review - 5 May 2023 [Australian Government Response],1.00,matched,2067,Report no. 5 of 2023 [11 May 2023],https://www.aph.gov.au/Parliamentary_Business/Tabled_Documents/5091
5057,substantive,2024-02-27,Migration Act 1958—Section 486O: Assessment of detention arrangements—Commonwealth Ombudsman’s report no. 3 of 2024—Government response,0.50,probable,5008,Report no. 1 of 2024 [8 February 2024],https://www.aph.gov.au/Parliamentary_Business/Tabled_Documents/5057
5095,substantive,2024-02-27,Petroleum and Other Fuels Reporting Act 2017 Independent Review - 5 May 2023 [Australian Government Response],1.00,matched,2067,Report no. 5 of 2023 [11 May 2023],https://www.aph.gov.au/Parliamentary_Business/Tabled_Documents/5095
5159,substantive,2024-02-26,"Australian Government response to the House Standing Committee on Health, Aged Care and Sport report: Inquiry into Long COVID and Repeated COVID Infections: Sick and tired: Casting a long shadow [February 2024]",1.00,matched,5008,Report no. 1 of 2024 [8 February 2024],https://www.aph.gov.au/Parliamentary_Business/Tabled_Documents/5159
5110,substantive,2024-02-22,Australian Government Response to the Senate Economics Legislation Committee Report Housing Australia Future Fund Bill 2023 [Provisions] and related bills [January 2024],1.00,matched,2067,Report no. 5 of 2023 [11 May 2023],https://www.aph.gov.au/Parliamentary_Business/Tabled_Documents/5110
5023,substantive,2024-02-09,Australian Government response to the Senate Economics Legislation Committee report: Competition and Consumer (Gas Market Code) Regulations 2023 [February 2024],1.00,matched,5008,Report no. 1 of 2024 [8 February 2024],https://www.aph.gov.au/Parliamentary_Business/Tabled_Documents/5023
3968,substantive,2023-10-30,Australian Government Response to the Parliamentary Joint Committee on Intelligence and Security Report: Review of Administration and Expenditure: No. 20 (2020-2021) – Australian Intelligence Agencies,1.00,matched,2983,Review of administration and expenditure no. 20 (2020-2021): Australian intelligence agencies [June 2023],https://www.aph.gov.au/Parliamentary_Business/Tabled_Documents/3968
4774,substantive,2024-01-25,Australian Government response to the Senate Economics Legislation Committee - Offshore Petroleum and Greenhouse Gas Storage Amendment (Benefit to Australia) Bill 2020 [January 2024],1.00,matched,,Offshore Petroleum and Greenhouse Gas Storage Amendment (Benefit to Australia) Bill 2020  [pre-2022 register],https://www.aph.gov.au/Parliamentary_Business/Tabled_Documents/4774
4693,substantive,2024-01-18,Australian Government response to the Legal and Constitutional Affairs Legislation Committee report: Migration Amendment (Evacuation to Safety) Bill 2023 [August 2023],1.00,matched,3059,Report no. 9 of 2023 [10 August 2023],https://www.aph.gov.au/Parliamentary_Business/Tabled_Documents/4693
4724,substantive,2024-01-18,Australian Government response to the Senate Community Affairs Legislation Committee report: Aged Care and Other Legislation Amendment (Royal Commission Response No. 2) Bill 2021 [December 2023],1.00,matched,4506,Report no. 16 of 2023 [7 December 2023],https://www.aph.gov.au/Parliamentary_Business/Tabled_Documents/4724
4520,substantive,2023-12-14,Australian Government response to the Senate Select Committee report: Effectiveness of the Australian Government’s Northern Australia Agenda [December 2023],1.00,matched,4506,Report no. 16 of 2023 [7 December 2023],https://www.aph.gov.au/Parliamentary_Business/Tabled_Documents/4520
4165,substantive,2023-12-07,Australian Government response to the Senate Environment and Communications References Committee report: Shark mitigation and deterrent measures [November 2023],1.00,matched,4355,Report no. 15 of 2023 [30 November 2023],https://www.aph.gov.au/Parliamentary_Business/Tabled_Documents/4165
4490,substantive,2023-12-07,Australian Government response to the Senate Legal and Constitutional Affairs References Committee report: Practice of dowry and the incidence of dowry abuse in Australia [November 2023],1.00,matched,4355,Report no. 15 of 2023 [30 November 2023],https://www.aph.gov.au/Parliamentary_Business/Tabled_Documents/4490
4372,substantive,2023-11-30,Australian Government response to the Parliamentary Joint Committee on Intelligence and Security report: Review of the Counter-Terrorism (Temporary Exclusion Orders) Act 2019 [November 2023],1.00,matched,4355,Report no. 15 of 2023 [30 November 2023],https://www.aph.gov.au/Parliamentary_Business/Tabled_Documents/4372
12522,substantive,2023-11-30,Status of government responses in the House of Representatives to parliamentary committee reports as at 30 September 2023,1.00,matched,3424,Report no. 11 of 2023 [14 September 2023],https://www.aph.gov.au/Parliamentary_Business/Tabled_Documents/12522
12528,substantive,2023-11-30,"Australian Government response to the House Standing Committee on Health, Aged Care and Sport report—The New Frontier: Delivering better health for all Australians: Inquiry into approval processes for new drugs and novel medical technologies in Australia [November 2023]",1.00,matched,4355,Report no. 15 of 2023 [30 November 2023],https://www.aph.gov.au/Parliamentary_Business/Tabled_Documents/12528
12106,substantive,2023-11-30,"Australian Government response to the House of Representatives Standing Committee on Employment, Education and Training report: Don't take it as read: Inquiry into adult literacy and its importance [November 2023]",1.00,matched,4355,Report no. 15 of 2023 [30 November 2023],https://www.aph.gov.au/Parliamentary_Business/Tabled_Documents/12106
4250,substantive,2023-11-23,"Australian Government response to the Joint Standing Committee on Foreign Affairs, Defence and Trade report: The Defence Industry Security Program Review of Auditor-General Report 4 of 2021-22",1.00,matched,2566,The Defence Industry Security Program: Review of Auditor-General Report 4 of 2021-22 [June 2023],https://www.aph.gov.au/Parliamentary_Business/Tabled_Documents/4250
4130,substantive,2023-11-09,Australian Government response to the Joint Standing Committee on Electoral Matters report: Conduct of the 2022 federal election and other matters – Interim Report [November 2023],1.00,matched,4131,Report no. 13 of 2023 [9 November 2023],https://www.aph.gov.au/Parliamentary_Business/Tabled_Documents/4130
12138,substantive,2023-11-16,Australian Government response to the House of Representatives Standing Committee on the Environment report: Inquiry into the Register of Environmental Organisations [November 2023],1.00,matched,4190,Report no. 14 of 2023 [16 November 2023],https://www.aph.gov.au/Parliamentary_Business/Tabled_Documents/12138
4166,substantive,2023-11-14,Australian Government response to the Parliamentary Joint Committee on Law Enforcement Inquiry report: Public communications campaigns targeting drug and substance abuse,1.00,matched,,Public communications campaigns targeting drug and substance abuse  [pre-2022 register],https://www.aph.gov.au/Parliamentary_Business/Tabled_Documents/4166
4167,substantive,2023-11-14,Australian Government response to Recommendations 3 and 4 in the Joint Committee of Public Accounts and Audit Report 497: Inquiry into Commonwealth Financial Statements 2021-22 [October 2023],1.00,matched,3962,Report no. 12 of 2023 [19 October 2023],https://www.aph.gov.au/Parliamentary_Business/Tabled_Documents/4167
12529,substantive,2023-10-18,"Australian Government response to the House Standing Committee on Health, Aged Care and Sport report—Walking the allergy tightrope: Addressing the rise of allergies and anaphylaxis in Australia [April 2023]",1.00,matched,2067,Report no. 5 of 2023 [11 May 2023],https://www.aph.gov.au/Parliamentary_Business/Tabled_Documents/12529
3519,substantive,2023-10-09,Government Response to the Joint Select Committee on Road Safety report: Driving Reform: final report for the Inquiry into Road Safety [October 2023],1.00,matched,2067,Report no. 5 of 2023 [11 May 2023],https://www.aph.gov.au/Parliamentary_Business/Tabled_Documents/3519
3635,substantive,2023-10-11,Australian Government Response to the Senate Standing Committees on Education and Employment report: National Vocational Education and Training Regulator (Data Streamlining) Amendment Bill 2023 [Provisions] [October 2023],1.00,matched,2067,Report no. 5 of 2023 [11 May 2023],https://www.aph.gov.au/Parliamentary_Business/Tabled_Documents/3635
3386,substantive,2023-09-14,Australian Government response to the Senate Finance and Public Administration References Committee report: Administration of the referendum into an Aboriginal and Torres Strait Islander Voice [September 2023],1.00,matched,3424,Report no. 11 of 2023 [14 September 2023],https://www.aph.gov.au/Parliamentary_Business/Tabled_Documents/3386
3427,substantive,2023-09-14,"Australian Government response to the Parliamentary Joint Committee on Intelligence and Security report: Review of police powers in relation to terrorism, the control order regime, the preventative detention order regime and the continuing detention order regime [September 2023]",1.00,matched,3424,Report no. 11 of 2023 [14 September 2023],https://www.aph.gov.au/Parliamentary_Business/Tabled_Documents/3427
3396,substantive,2023-09-13,"Australian Government response to the Senate Foreign Affairs, Defence and Trade References Committee report Human rights implications of recent violence in Iran [September 2023]",1.00,matched,3318,Report no. 10 of 2023 [7 September 2023],https://www.aph.gov.au/Parliamentary_Business/Tabled_Documents/3396
3383,substantive,2023-09-12,"Australian Government response to the Rural and Regional Affairs and Transport References Committee report: Adequacy of Australia's biosecurity measures and response preparedness, in particular with respect to foot-and mouth disease and varroa mite [September 2023]",1.00,matched,3318,Report no. 10 of 2023 [7 September 2023],https://www.aph.gov.au/Parliamentary_Business/Tabled_Documents/3383
2494,substantive,2023-06-14,Australian Government response to the Parliamentary Standing Committee on Public Works Report 1/2021 - Dissenting Report [May 2023],1.00,matched,2067,Report no. 5 of 2023 [11 May 2023],https://www.aph.gov.au/Parliamentary_Business/Tabled_Documents/2494
3049,substantive,2023-08-09,"Australian Government response to the Joint Standing Committee on Foreign Affairs, Defence and Trade Inquiry into international armed conflict decision making [August 2023]",1.00,matched,3017,Report no. 8 of 2023 [3 August 2023],https://www.aph.gov.au/Parliamentary_Business/Tabled_Documents/3049
12527,substantive,2023-08-03,"Australian Government response to the House Standing Committee on Health, Aged Care and Sport report: Bedtime reading: Inquiry into sleep health awareness in Australia [August 2023]",1.00,matched,3017,Report no. 8 of 2023 [3 August 2023],https://www.aph.gov.au/Parliamentary_Business/Tabled_Documents/12527
3006,substantive,2023-08-02,National Security Legislation Amendment (Comprehensive Review and Other Measures No. 2) Bill 2023—Government response,1.00,matched,2100,National Security Legislation Amendment (Comprehensive Review and Other Measures No. 2) Bill 2023,https://www.aph.gov.au/Parliamentary_Business/Tabled_Documents/3006
2984,substantive,2023-08-01,"Australian Government response to the Joint Standing Committee on Foreign Affairs, Defence and Trade: Inquiry into the Department of Defence Annual Report 2019-20",1.00,matched,,Department of Defence Annual Report 2019-20  [pre-2022 register],https://www.aph.gov.au/Parliamentary_Business/Tabled_Documents/2984
2910,substantive,2023-07-27,Australian Government response to the Second Interim Report of the Joint Select Committee on Implementation of the National Redress Scheme [July 2023],1.00,matched,2067,Report no. 5 of 2023 [11 May 2023],https://www.aph.gov.au/Parliamentary_Business/Tabled_Documents/2910
2911,substantive,2023-07-27,Australian Government response to the Parliamentary Joint Committee on Intelligence and Security report: Review of the Inspector-General of Intelligence and Security and Other Legislation Amendment (Modernisation) Bill 2022 [July 2023],1.00,matched,2067,Report no. 5 of 2023 [11 May 2023],https://www.aph.gov.au/Parliamentary_Business/Tabled_Documents/2911
2839,substantive,2023-07-13,Australian Government response to the Parliamentary Joint Committee on Intelligence and Security report: Advisory report on item 250 of the National Anti-Corruption Commission (Consequential and Transitional Provisions) Bill 2022,1.00,matched,1675,Advisory Report on Item 250 of the National Anti-Corruption Commission (Consequential and Transitional Provisions) Bill 2022 [March 2023],https://www.aph.gov.au/Parliamentary_Business/Tabled_Documents/2839
2736,substantive,2023-07-06,Australian Government response to the Joint Standing Committee on Aboriginal and Torres Strait Islander Affairs report: Inquiry into community safety support services and job opportunities in the Northern Territory [June 2023],1.00,matched,2605,Report no. 7 of 2023 [22 June 2023],https://www.aph.gov.au/Parliamentary_Business/Tabled_Documents/2736
2845,substantive,2023-07-20,Australian Government response to the Senate Standing Committee on Community Affairs Legislation: Social Security (Administration) Amendment (Repeal of Cashless Debit Card and Other Measures) Bill 2022 [July 2023],1.00,matched,2067,Report no. 5 of 2023 [11 May 2023],https://www.aph.gov.au/Parliamentary_Business/Tabled_Documents/2845
2841,substantive,2023-07-13,Australian Government response to the the Senate Community Affairs Legislation Committee's report and dissenting reports of Australian Greens and Labor senators: Inquiry and report into National Disability Insurance Scheme Amendment (Participant Service Guarantee and Other Measures) Bill 2021,1.00,matched,,National Disability Insurance Scheme Amendment (Participant Service Guarantee and Other Measures) Bill 2021  [pre-2022 register],https://www.aph.gov.au/Parliamentary_Business/Tabled_Documents/2841
12533,substantive,2023-06-22,"Australian Government response to the House of Representatives Standing Committee on Infrastructure, Transport and Cities report—Government procurement: A sovereign security imperative [June 2023]",1.00,matched,2605,Report no. 7 of 2023 [22 June 2023],https://www.aph.gov.au/Parliamentary_Business/Tabled_Documents/12533
12524,substantive,2023-06-21,Status of government responses in the House of Representatives to parliamentary committee reports as at 31 March 2023,1.00,matched,2067,Report no. 5 of 2023 [11 May 2023],https://www.aph.gov.au/Parliamentary_Business/Tabled_Documents/12524
2495,substantive,2023-06-14,Australian Government response to the Joint Standing Committee on Electoral Matters report: Advisory report on the Referendum (Machinery Provisions) Amendment Bill 2022 [May 2023],1.00,matched,2067,Report no. 5 of 2023 [11 May 2023],https://www.aph.gov.au/Parliamentary_Business/Tabled_Documents/2495
2493,substantive,2023-06-14,Australian Government response to the Joint Select Committee on the Aboriginal and Torres Strait Islander Voice Referendum report: Advisory Report on the Constitution Alteration (Aboriginal and Torres Strait Islander Voice) 2023 [May 2023],1.00,matched,2086,Advisory Report on the Constitution Alteration (Aboriginal and Torres Strait Islander Voice) 2023 [May 2023],https://www.aph.gov.au/Parliamentary_Business/Tabled_Documents/2493
1743,substantive,2023-05-09,Australian Government Response to the Parliamentary Joint Committee on Corporations and Financial Services Inquiry report: Regulation of the use of financial services such as credit cards and digital wallets for online gambling in Australia [May 2023],1.00,matched,1141,Report 1 of 2023,https://www.aph.gov.au/Parliamentary_Business/Tabled_Documents/1743
1716,substantive,2023-04-20,Australian Government response to the Joint Standing Committee on the National Disability Insurance Scheme (NDIS) report: NDIS Quality and Safeguards Commissioner [April 2023],1.00,matched,1141,Report 1 of 2023,https://www.aph.gov.au/Parliamentary_Business/Tabled_Documents/1716
1717,substantive,2023-04-20,Australian Government response to the the Senate Legal and Constitutional Affairs References Committee report: Inquiry into the adequacy and efficacy of Australia's anti-money laundering and counter-terrorism financing (AML/CTF) regime [April 2023],1.00,matched,1141,Report 1 of 2023,https://www.aph.gov.au/Parliamentary_Business/Tabled_Documents/1717
1704,substantive,2023-04-06,"Australian Government response to the Senate Economics References Committee report: Systemic, sustained and shameful: unlawful underpayment of employees’ remuneration [April 2023]",1.00,matched,1141,Report 1 of 2023,https://www.aph.gov.au/Parliamentary_Business/Tabled_Documents/1704
1677,substantive,2023-03-31,Australian Government response to the Finance and Public Administration Legislation Committee report: Budget Estimates 2022–23 [March 2023],1.00,matched,1141,Report 1 of 2023,https://www.aph.gov.au/Parliamentary_Business/Tabled_Documents/1677
12658,substantive,2023-03-30,Australian Government response to the House of Representatives Select Committee on Social Media and Online Safety report—Social Media and Online Safety,0.67,probable,,Online Safety Bill 2021 and a related bill  [pre-2022 register],https://www.aph.gov.au/Parliamentary_Business/Tabled_Documents/12658
12659,substantive,2023-03-30,"Australian Government response to the House of Representatives Standing Committee on Social Policy and Legal Affairs report—Inquiry into family, domestic and sexual violence",0.67,probable,,Domestic violence in Australia  [pre-2022 register],https://www.aph.gov.au/Parliamentary_Business/Tabled_Documents/12659
1569,substantive,2023-03-22,"Australian Government response to the Education and Employment Legislation Committee report: Fair Work Legislation Amendment (Secure Jobs, Better Pay) Bill 2022 [Provisions] [March 2023]",1.00,matched,1141,Report 1 of 2023,https://www.aph.gov.au/Parliamentary_Business/Tabled_Documents/1569
1568,substantive,2023-03-22,Australian Government response to the Select Committee on the Future of Work and Workers report: Hope is not a strategy – our shared responsibility for the future of work and workers [March 2023],1.00,matched,1141,Report 1 of 2023,https://www.aph.gov.au/Parliamentary_Business/Tabled_Documents/1568
1509,substantive,2023-03-21,Australian Government response to the Senate Finance and Public Administration Legislation Committee report: Data Availability and Transparency Bill 2020 [Provisions] and Data Availability and Transparency (Consequential Amendments) Bill 2020 [Provisions] April 2021 [March 2023],1.00,matched,1141,Report 1 of 2023,https://www.aph.gov.au/Parliamentary_Business/Tabled_Documents/1509
1346,substantive,2023-03-09,Australian Government response to the Senate Economics Legislation Committee report: Annual Reports No. 2 of 2010 [March 2023],1.00,matched,1359,Annual reports (No. 1 of 2023) [March 2023],https://www.aph.gov.au/Parliamentary_Business/Tabled_Documents/1346
1324,substantive,2023-03-07,Australian Government response to the Parliamentary Joint Committee on Intelligence and Security report: National security risks affecting the Australian higher education and research sector [February 2023],1.00,matched,1141,Report 1 of 2023,https://www.aph.gov.au/Parliamentary_Business/Tabled_Documents/1324
1140,substantive,2023-02-20,"Australian Government response to the Parliamentary Joint Committee on Intelligence and Security report: Review of the mandatory data retention regime, February 2023",1.00,matched,1141,Report 1 of 2023,https://www.aph.gov.au/Parliamentary_Business/Tabled_Documents/1140
1231,substantive,2023-03-02,Australian Government response to the Joint Standing Committee on the National Disability Insurance Scheme report: Inquiry into Independent Assessments [February 2023],1.00,matched,1141,Report 1 of 2023,https://www.aph.gov.au/Parliamentary_Business/Tabled_Documents/1231
1143,substantive,2023-02-23,"Australian Government response to the Joint Standing Committee on Foreign Affairs, Defence and Trade report: Inquiry into the human rights of women and girls in the Pacific, February 2023",1.00,matched,1141,Report 1 of 2023,https://www.aph.gov.au/Parliamentary_Business/Tabled_Documents/1143
1103,substantive,2023-02-09,"Australian Government response to the Joint Standing Committee on Treaties report 194: Amendments 2020 - CITES Amendments to Appendices I, II and Ill of the Convention on International Trade in Endangered Species of Wild Fauna and Flora",1.00,matched,,International Trade in Endangered Species - Amendments  [pre-2022 register],https://www.aph.gov.au/Parliamentary_Business/Tabled_Documents/1103
1102,substantive,2023-02-09,Australian Government response to the Joint Standing Committee on the National Disability Insurance Scheme (NDIS) report: General Issues 2021,0.67,probable,,General issues around the implementation and performance of the NDIS  [pre-2022 register],https://www.aph.gov.au/Parliamentary_Business/Tabled_Documents/1102
974,substantive,2023-01-25,Australian Government response to the inquiry of the Joint Select Committee on Australia’s Family Law System,1.00,matched,,Joint Select Committee on Australia's Family Law System  [pre-2022 register],https://www.aph.gov.au/Parliamentary_Business/Tabled_Documents/974
965,substantive,2023-01-19,"Australian government response to the Parliamentary Standing Committee on Public Works report: Report 3 2020 - National Education Centre for the Great Barrier Reef, Reef HQ",1.00,matched,,Great Barrier Reef  [pre-2022 register],https://www.aph.gov.au/Parliamentary_Business/Tabled_Documents/965
971,substantive,2023-01-19,"Independent National Security Legislation Monitor—Review into the operation of Part 3, Division 1 of the National Security Information (Criminal and Civil Proceedings) Act 2004 as it applies in the Alan Johns matter—Government response",1.00,matched,,Job security  [pre-2022 register],https://www.aph.gov.au/Parliamentary_Business/Tabled_Documents/971
986,substantive,2023-02-02,Australian Government response to the Joint Standing Committee on the National Disability Insurance Scheme (NDIS) report:  Current scheme implementation and forecasting for the NDIS,1.00,matched,,Current scheme implementation and forecasting for the NDIS  [pre-2022 register],https://www.aph.gov.au/Parliamentary_Business/Tabled_Documents/986
975,substantive,2023-01-25,Australian Government response to the the Senate Legal and Constitutional Affairs Legislation Committee report: Anti-Discrimination and Human Rights Legislation Amendment (Respect at Work) Bill 2022 [Provisions],1.00,matched,717,Anti-Discrimination and Human Rights Legislation Amendment (Respect at Work) Bill 2022 [Provisions],https://www.aph.gov.au/Parliamentary_Business/Tabled_Documents/975
964,substantive,2023-01-19,Australian Government response to the Senate Community Affairs Legislation Committee - Inquiry into the Social Services Legislation Amendment (Enhancing Pensioner and Veteran Workforce Participation) Bill 2022,1.00,matched,389,Social Services Legislation Amendment (Enhancing Pensioner and Veteran Workforce Participation) Bill 2022,https://www.aph.gov.au/Parliamentary_Business/Tabled_Documents/964
941,substantive,2022-12-16,Australian Government response to the Senate Finance and Public Administration Legislation Committee Inquiry Report: Territories Stolen Generations Redress Scheme (Facilitation) Bill 2021 [Provisions] and Territories Stolen Generations Redress Scheme (Consequential Amendments) Bill 2021 [Provisions],1.00,matched,,Territories Stolen Generations Redress Scheme (Facilitation) Bill 2021 [Provisions] and Territories Stolen Generations Redress Scheme (Consequential Amendments) Bill 2021 [Provisions]  [pre-2022 register],https://www.aph.gov.au/Parliamentary_Business/Tabled_Documents/941
921,substantive,2022-12-08,"Australian Government response to the Select Committee on Autism report: Services, support and life outcomes for autistic Australians, December 2022",0.50,probable,908,"Senate Selection of Bills Committee - Report no. 8 of 2022, dated 1 December 2022",https://www.aph.gov.au/Parliamentary_Business/Tabled_Documents/921
12530,substantive,2022-12-01,"Australian Government response to the House of Representatives Standing Committee on Industry, Innovation, Science and Resources report—The Now Frontier: Developing Australia's space industry [December 2022]",0.67,probable,,Australia's Innovation System  [pre-2022 register],https://www.aph.gov.au/Parliamentary_Business/Tabled_Documents/12530
12523,substantive,2022-11-30,Status of government responses in the House of Representatives to parliamentary committee reports as at 30 September 2022,0.67,probable,270,"Report no. 4 of 2022, dated 8 September 2022",https://www.aph.gov.au/Parliamentary_Business/Tabled_Documents/12523
878,substantive,2022-11-28,Australian Government response to the Joint Committee of Public Accounts and Audit 492: Governance in the Stewardship of Public Resources – Recommendation 12,0.57,probable,,"Governance in the stewardship of public resources: Inquiry into Auditor-General’s Reports 11, 31, 39 (2019-20) and 2 and 9 (2020-21)  [pre-2022 register]",https://www.aph.gov.au/Parliamentary_Business/Tabled_Documents/878
856,substantive,2022-11-28,Australian Government response to the parliamentary inquiry into the destruction of the Juukan Gorge,0.75,probable,,"Destruction of 46,000 year old caves at the Juukan Gorge in the Pilbara region of Western Australia  [pre-2022 register]",https://www.aph.gov.au/Parliamentary_Business/Tabled_Documents/856
772,substantive,2022-11-17,Australian Government response to the Parliamentary Joint Committee on Intelligence and Security report: Advisory Report on the National Security Legislation Amendment (Comprehensive Review and Other Measures No. 1) Bill 2021,1.00,matched,,Review of the National Security Legislation Amendment (Comprehensive Review and Other Measures No. 1) Bill 2021  [pre-2022 register],https://www.aph.gov.au/Parliamentary_Business/Tabled_Documents/772
771,substantive,2022-11-17,"Australian Government response to the Joint Standing Committee on Foreign Affairs, Defence and Trade: First periodic report on Human Rights: Final report into certain aspects of the Department of Foreign Affairs and Trade Annual Report 2019-20",1.00,matched,,Certain aspects of the Department of Foreign Affairs and Trade Annual Report 2019-20  [pre-2022 register],https://www.aph.gov.au/Parliamentary_Business/Tabled_Documents/771
715,substantive,2022-11-03,Australian Government response to the Senate Environment and Communications Legislation Committee report: Online Safety Bill 2021 [Provisions] and Online Safety (Transitional Provisions and Consequential Amendments) Bill 2021 [Provisions] - November 2022,1.00,matched,,Online Safety Bill 2021 and a related bill  [pre-2022 register],https://www.aph.gov.au/Parliamentary_Business/Tabled_Documents/715
405,substantive,2022-10-13,Australian Government response to the Senate Community Affairs References Committee Final Report: Accountability and justice: Why we need a Royal Commission into Robodebt - October 2022,0.50,probable,,Access to justice  [pre-2022 register],https://www.aph.gov.au/Parliamentary_Business/Tabled_Documents/405
406,substantive,2022-10-13,Australian Government response to the Senate Community Affairs References Committee report: Inquiry into Centrelink’s Compliance Program - Fifth interim report - October 2022,1.00,matched,,Centrelink's compliance program  [pre-2022 register],https://www.aph.gov.au/Parliamentary_Business/Tabled_Documents/406
349,substantive,2022-09-26,"Australian Government response to the interim report of the Royal Commission into Defence and Veteran Suicide, September 2022",0.67,probable,270,"Report no. 4 of 2022, dated 8 September 2022",https://www.aph.gov.au/Parliamentary_Business/Tabled_Documents/349
244,substantive,2022-09-07,Inquiry into Extremist Movements and Radicalism in Australia,1.00,matched,11307,Inquiry into extremist movements and radicalism in Australia [March 2022],https://www.aph.gov.au/Parliamentary_Business/Tabled_Documents/244
218,substantive,2022-09-06,Migration Act 1958—Section 486O: Assessment of detention arrangements—Commonwealth Ombudsman’s report no. 21 of 2022—Government response,0.50,probable,,Administration and operation of the Migration Act 1958  [pre-2022 register],https://www.aph.gov.au/Parliamentary_Business/Tabled_Documents/218
221,substantive,2022-09-06,Migration Act 1958—Section 486O: Assessment of detention arrangements—Commonwealth Ombudsman’s report no. 25 of 2022—Government response,0.50,probable,,Administration and operation of the Migration Act 1958  [pre-2022 register],https://www.aph.gov.au/Parliamentary_Business/Tabled_Documents/221
219,substantive,2022-09-06,Migration Act 1958—Section 486O: Assessment of detention arrangements—Commonwealth Ombudsman’s report no. 22 of 2022—Government response,0.50,probable,,Administration and operation of the Migration Act 1958  [pre-2022 register],https://www.aph.gov.au/Parliamentary_Business/Tabled_Documents/219
217,substantive,2022-09-06,Migration Act 1958—Section 486O: Assessment of detention arrangements—Commonwealth Ombudsman’s report no. 20 of 2022—Government response,0.50,probable,,Administration and operation of the Migration Act 1958  [pre-2022 register],https://www.aph.gov.au/Parliamentary_Business/Tabled_Documents/217
220,substantive,2022-09-06,Migration Act 1958—Section 486O: Assessment of detention arrangements—Commonwealth Ombudsman’s report no. 24 of 2022—Government response,0.50,probable,,Administration and operation of the Migration Act 1958  [pre-2022 register],https://www.aph.gov.au/Parliamentary_Business/Tabled_Documents/220
150,substantive,2022-08-18,Australian Government response to the Senate Economics References Committee - Final Report: Australia's sovereign naval shipbuilding capability [August 2022],1.00,matched,,Australia’s sovereign naval shipbuilding capability  [pre-2022 register],https://www.aph.gov.au/Parliamentary_Business/Tabled_Documents/150
106,substantive,2022-08-02,Migration Act 1958—Section 486O: Assessment of detention arrangements—Commonwealth Ombudsman’s report no. 7 of 2022—Government response,0.50,probable,,Administration and operation of the Migration Act 1958  [pre-2022 register],https://www.aph.gov.au/Parliamentary_Business/Tabled_Documents/106
110,substantive,2022-08-02,Migration Act 1958—Section 486O: Assessment of detention arrangements—Commonwealth Ombudsman’s report no. 18 of 2022—Government response,0.50,probable,,Administration and operation of the Migration Act 1958  [pre-2022 register],https://www.aph.gov.au/Parliamentary_Business/Tabled_Documents/110
109,substantive,2022-08-02,Migration Act 1958—Section 486O: Assessment of detention arrangements—Commonwealth Ombudsman’s report no. 17 of 2022—Government response,0.50,probable,,Administration and operation of the Migration Act 1958  [pre-2022 register],https://www.aph.gov.au/Parliamentary_Business/Tabled_Documents/109
107,substantive,2022-08-02,Migration Act 1958—Section 486O: Assessment of detention arrangements—Commonwealth Ombudsman’s report no. 8 of 2022—Government response,0.50,probable,,Administration and operation of the Migration Act 1958  [pre-2022 register],https://www.aph.gov.au/Parliamentary_Business/Tabled_Documents/107
108,substantive,2022-08-02,Migration Act 1958—Section 486O: Assessment of detention arrangements—Commonwealth Ombudsman’s report no. 9 of 2022—Government response,0.50,probable,,Administration and operation of the Migration Act 1958  [pre-2022 register],https://www.aph.gov.au/Parliamentary_Business/Tabled_Documents/108
111,substantive,2022-08-02,Migration Act 1958—Section 486O: Assessment of detention arrangements—Commonwealth Ombudsman’s report no. 19 of 2022—Government response,0.50,probable,,Administration and operation of the Migration Act 1958  [pre-2022 register],https://www.aph.gov.au/Parliamentary_Business/Tabled_Documents/111
180,substantive,2022-04-07,Migration Act 1958—Section 486O: Assessment of detention arrangements—Commonwealth Ombudsman’s report no. 12 of 2022—Government response,0.50,probable,,Administration and operation of the Migration Act 1958  [pre-2022 register],https://www.aph.gov.au/Parliamentary_Business/Tabled_Documents/180
179,substantive,2022-04-07,Migration Act 1958—Section 486O: Assessment of detention arrangements—Commonwealth Ombudsman’s report no. 11 of 2022—Government response,0.50,probable,,Administration and operation of the Migration Act 1958  [pre-2022 register],https://www.aph.gov.au/Parliamentary_Business/Tabled_Documents/179
164,substantive,2022-04-21,"Australian Government response to the Human Rights sub-committee of the Joint Standing Committee on Foreign Affairs, Defence and Trade report: Advocating for the elimination of child and forced marriage [April 2022]",0.43,unmatched,,Certain aspects of the Department of Foreign Affairs and Trade Annual Report 2019-20 - child and forced marriage.  [pre-2022 register],https://www.aph.gov.au/Parliamentary_Business/Tabled_Documents/164
170,substantive,2022-04-07,"Review of the re-listing of five organisations as terrorist organisations under the Criminal Code—Al-Shabaab, Lashkar-e-Tayyiba, Palestinian Islamic Jihad, Hamas' Izz al-Din al-Qassam Brigades and the Kurdistan Workers' Party (PKK)—Government response",1.00,matched,,Review of the re-listing of the Kurdistan Workers' Party (PKK)  [pre-2022 register],https://www.aph.gov.au/Parliamentary_Business/Tabled_Documents/170
181,substantive,2022-04-07,Migration Act 1958—Section 486O: Assessment of detention arrangements—Commonwealth Ombudsman’s report no. 13 of 2022—Government response,0.50,probable,,Administration and operation of the Migration Act 1958  [pre-2022 register],https://www.aph.gov.au/Parliamentary_Business/Tabled_Documents/181
184,substantive,2022-04-07,Migration Act 1958—Section 486O: Assessment of detention arrangements—Commonwealth Ombudsman’s report no. 16 of 2022—Government response,0.50,probable,,Administration and operation of the Migration Act 1958  [pre-2022 register],https://www.aph.gov.au/Parliamentary_Business/Tabled_Documents/184
178,substantive,2022-04-07,Migration Act 1958—Section 486O: Assessment of detention arrangements—Commonwealth Ombudsman’s report no. 10 of 2022—Government response,0.50,probable,,Administration and operation of the Migration Act 1958  [pre-2022 register],https://www.aph.gov.au/Parliamentary_Business/Tabled_Documents/178
182,substantive,2022-04-07,Migration Act 1958—Section 486O: Assessment of detention arrangements—Commonwealth Ombudsman’s report no. 14 of 2022—Government response,0.50,probable,,Administration and operation of the Migration Act 1958  [pre-2022 register],https://www.aph.gov.au/Parliamentary_Business/Tabled_Documents/182
183,substantive,2022-04-07,Migration Act 1958—Section 486O: Assessment of detention arrangements—Commonwealth Ombudsman’s report no. 15 of 2022—Government response,0.50,probable,,Administration and operation of the Migration Act 1958  [pre-2022 register],https://www.aph.gov.au/Parliamentary_Business/Tabled_Documents/183
