era,committee,inquiry,report_first_tabled,report_last_tabled,response_tabled,days_to_respond,days_from_first_report,deadline_days,days_overdue,interim_only,source,notes
classic,Community Affairs References Committee,Access to medical records,,,2000-11-30,,,90,,False,https://www.aph.gov.au/Parliamentary_Business/Statistics/Senate_StatsNet_Classic/documents/governmentresponses/2000,report date not recorded in register; 
classic,Community Affairs References Committee,Rocking the cradle: A report into childbirth procedures,,,2000-08-31,,,90,,False,https://www.aph.gov.au/Parliamentary_Business/Statistics/Senate_StatsNet_Classic/documents/governmentresponses/2000,report date not recorded in register; 
classic,Corporations and Securities-Joint Statutory Committee,Mandatory bid rule,,,2000-11-09,,,90,,False,https://www.aph.gov.au/Parliamentary_Business/Statistics/Senate_StatsNet_Classic/documents/governmentresponses/2000,report date not recorded in register; 
classic,Corporations and Securities-Joint Statutory Committee,Report on matters arising from the Company Law Review Act 1998,,,2000-12-15,,,90,,False,https://www.aph.gov.au/Parliamentary_Business/Statistics/Senate_StatsNet_Classic/documents/governmentresponses/2000,report date not recorded in register; 
classic,Economics References Committee,A new nuclear reactor at Lucas Heights,,,2000-04-06,,,90,,False,https://www.aph.gov.au/Parliamentary_Business/Statistics/Senate_StatsNet_Classic/documents/governmentresponses/2000,report date not recorded in register; 
classic,"Environment, Communications, Information Technology and the Arts Legislation Committee",Australian content standard for television and paragraph 160(d) of the Broadcasting Services Act 1992,,,2000-04-13,,,90,,False,https://www.aph.gov.au/Parliamentary_Business/Statistics/Senate_StatsNet_Classic/documents/governmentresponses/2000,report date not recorded in register; 
classic,"Environment, Communications, Information Technology and the Arts References Committee",ABC on-line: Interim report,,,2000-08-14,,,90,,False,https://www.aph.gov.au/Parliamentary_Business/Statistics/Senate_StatsNet_Classic/documents/governmentresponses/2000,report date not recorded in register; 
classic,"Environment, Communications, Information Technology and the Arts References Committee","Access to heritage: User charges in museums, art galleries and national parks",,,2000-06-08,,,90,,False,https://www.aph.gov.au/Parliamentary_Business/Statistics/Senate_StatsNet_Classic/documents/governmentresponses/2000,report date not recorded in register; 
classic,"Environment, Communications, Information Technology and the Arts References Committee",Jabiluka: The undermining of process-Inquiry into the Jabiluka mine uranium project,,,2000-10-12,,,90,,False,https://www.aph.gov.au/Parliamentary_Business/Statistics/Senate_StatsNet_Classic/documents/governmentresponses/2000,report date not recorded in register; 
classic,Finance and Public Administration Legislation Committee,Format of the portfolio budget statements: Second report,,,2000-04-06,,,90,,False,https://www.aph.gov.au/Parliamentary_Business/Statistics/Senate_StatsNet_Classic/documents/governmentresponses/2000,report date not recorded in register; 
classic,"Foreign Affairs, Defence and Trade—Joint Standing Committee",Bougainville: The peace process and beyond,,,2000-11-02,,,90,,False,https://www.aph.gov.au/Parliamentary_Business/Statistics/Senate_StatsNet_Classic/documents/governmentresponses/2000,report date not recorded in register; 
classic,"Foreign Affairs, Defence and Trade—Joint Standing Committee","Defence Sub-committee: Visit to Defence establishments in northern Australia, 26 to 29 July 1999",,,2000-10-05,,,90,,False,https://www.aph.gov.au/Parliamentary_Business/Statistics/Senate_StatsNet_Classic/documents/governmentresponses/2000,report date not recorded in register; 
classic,"Foreign Affairs, Defence and Trade—Joint Standing Committee","Defence sub-committee visit to Sydney Harbour foreshores defence properties, 14 November 1997",,,2000-03-13,,,90,,False,https://www.aph.gov.au/Parliamentary_Business/Statistics/Senate_StatsNet_Classic/documents/governmentresponses/2000,report date not recorded in register; 
classic,"Foreign Affairs, Defence and Trade—Joint Standing Committee",Loss of the HMAS Sydney,,,2000-06-29,,,90,,False,https://www.aph.gov.au/Parliamentary_Business/Statistics/Senate_StatsNet_Classic/documents/governmentresponses/2000,report date not recorded in register; 
classic,"Foreign Affairs, Defence and Trade—Joint Standing Committee","World debt: Report on proceedings of a seminar, Canberra, 27 August 1999",,,2000-09-07,,,90,,False,https://www.aph.gov.au/Parliamentary_Business/Statistics/Senate_StatsNet_Classic/documents/governmentresponses/2000,report date not recorded in register; 
classic,"Foreign Affairs, Defence and Trade References Committee",The 1998 Indian and Pakistani nuclear tests,,,2000-04-13,,,90,,False,https://www.aph.gov.au/Parliamentary_Business/Statistics/Senate_StatsNet_Classic/documents/governmentresponses/2000,report date not recorded in register; 
classic,"Foreign Affairs, Defence and Trade References Committee",Sale of ADI Limited,,,2000-10-05,,,90,,False,https://www.aph.gov.au/Parliamentary_Business/Statistics/Senate_StatsNet_Classic/documents/governmentresponses/2000,report date not recorded in register; 
classic,Legal and Constitutional Legislation Committee,"Classification (Publications, Films and Computer Games) Amendment Bill (No. 2) 1999",,,2000-12-05,,,90,,False,https://www.aph.gov.au/Parliamentary_Business/Statistics/Senate_StatsNet_Classic/documents/governmentresponses/2000,report date not recorded in register; 
classic,Migration—Joint Standing Committee,Deportation of non-citizen criminals,,,2000-08-14,,,90,,False,https://www.aph.gov.au/Parliamentary_Business/Statistics/Senate_StatsNet_Classic/documents/governmentresponses/2000,report date not recorded in register; 
classic,Migration—Joint Standing Committee,Going for gold: Immigration entry arrangements for the Olympic and Paralympic Games,,,2000-05-11,,,90,,False,https://www.aph.gov.au/Parliamentary_Business/Statistics/Senate_StatsNet_Classic/documents/governmentresponses/2000,report date not recorded in register; 
classic,Migration—Joint Standing Committee,Review of Migration Regulation 4.31B,,,2000-02-15,,,90,,False,https://www.aph.gov.au/Parliamentary_Business/Statistics/Senate_StatsNet_Classic/documents/governmentresponses/2000,report date not recorded in register; 
classic,National Competition Policy—Select Committee,Riding the waves of change,,,2000-08-14,,,90,,False,https://www.aph.gov.au/Parliamentary_Business/Statistics/Senate_StatsNet_Classic/documents/governmentresponses/2000,report date not recorded in register; 
classic,National Crime Authority—Joint Statutory Committee,Third evaluation of the National Crime Authority,,,2000-12-07,,,90,,False,https://www.aph.gov.au/Parliamentary_Business/Statistics/Senate_StatsNet_Classic/documents/governmentresponses/2000,report date not recorded in register; 
classic,Parliamentary Committee Reports,Schedule of government responses outstanding to parliamentary committee,1999-12-08,1999-12-08,2000-06-28,203,203,90,113,False,https://www.aph.gov.au/Parliamentary_Business/Statistics/Senate_StatsNet_Classic/documents/governmentresponses/2000,
classic,Parliamentary Committee Reports,Schedule of government responses outstanding to parliamentary committee,2000-06-29,2000-06-29,2000-12-06,160,160,90,70,False,https://www.aph.gov.au/Parliamentary_Business/Statistics/Senate_StatsNet_Classic/documents/governmentresponses/2000,
classic,Retailing Sector—Joint Select Committee,Fair market or market failure? A review of Australia's retailing sector,,,2000-06-08,,,90,,False,https://www.aph.gov.au/Parliamentary_Business/Statistics/Senate_StatsNet_Classic/documents/governmentresponses/2000,report date not recorded in register; 
classic,Rural and Regional Affairs and Transport Legislation Committee,Northern Prawn Fishery Amendment Management Plan 1999,,,2000-12-05,,,90,,False,https://www.aph.gov.au/Parliamentary_Business/Statistics/Senate_StatsNet_Classic/documents/governmentresponses/2000,report date not recorded in register; 
classic,Rural and Regional Affairs and Transport References Committee,The effect of pricing and slot management arrangements at Kingsford Smith Airport on regional airlines and communities,,,2000-04-13,,,90,,False,https://www.aph.gov.au/Parliamentary_Business/Statistics/Senate_StatsNet_Classic/documents/governmentresponses/2000,report date not recorded in register; 
classic,Treaties—Joint Standing Committee,15th Report,,,2000-06-29,,,90,,False,https://www.aph.gov.au/Parliamentary_Business/Statistics/Senate_StatsNet_Classic/documents/governmentresponses/2000,report date not recorded in register; 
classic,Treaties—Joint Standing Committee,23rd Report—Amendments proposed to the International Whaling Commission,,,2000-08-17,,,90,,False,https://www.aph.gov.au/Parliamentary_Business/Statistics/Senate_StatsNet_Classic/documents/governmentresponses/2000,report date not recorded in register; 
classic,Treaties—Joint Standing Committee,25th Report—Eight treaties tabled on 11 August 1999,,,2000-10-05,,,90,,False,https://www.aph.gov.au/Parliamentary_Business/Statistics/Senate_StatsNet_Classic/documents/governmentresponses/2000,report date not recorded in register; 
classic,Treaties—Joint Standing Committee,26th Report—An Agreement to extend the period of operation of the Joint Defence Facility at Pine Gap,,,2000-06-22,,,90,,False,https://www.aph.gov.au/Parliamentary_Business/Statistics/Senate_StatsNet_Classic/documents/governmentresponses/2000,report date not recorded in register; 
classic,Treaties—Joint Standing Committee,27th Report—Termination of Social Security Agreement with the United Kingdom and International Plant Protection Convention,,,2000-06-29,,,90,,False,https://www.aph.gov.au/Parliamentary_Business/Statistics/Senate_StatsNet_Classic/documents/governmentresponses/2000,report date not recorded in register; 
classic,Treaties—Joint Standing Committee,"29th Report—Singapore's use of Shoalwater Bay, development cooperation with PNG and protection of new varieties of plants",,,2000-10-05,,,90,,False,https://www.aph.gov.au/Parliamentary_Business/Statistics/Senate_StatsNet_Classic/documents/governmentresponses/2000,report date not recorded in register; 
classic,Treaties—Joint Standing Committee,30th Report,,,2000-12-05,,,90,,False,https://www.aph.gov.au/Parliamentary_Business/Statistics/Senate_StatsNet_Classic/documents/governmentresponses/2000,report date not recorded in register; 
classic,Australian Security Intelligence Organisation—Joint Statutory Committee,ASIO's public reporting activities,,,2001-10-05,,,90,,False,https://www.aph.gov.au/Parliamentary_Business/Statistics/Senate_StatsNet_Classic/documents/governmentresponses/2001,report date not recorded in register; 
classic,Community Affairs References Committee,Healing Our Hospitals,,,2001-09-28,,,90,,False,https://www.aph.gov.au/Parliamentary_Business/Statistics/Senate_StatsNet_Classic/documents/governmentresponses/2001,report date not recorded in register; 
classic,Community Affairs References Committee,Proposals for changes to the welfare system,,,2001-08-23,,,90,,False,https://www.aph.gov.au/Parliamentary_Business/Statistics/Senate_StatsNet_Classic/documents/governmentresponses/2001,report date not recorded in register; 
classic,Corporations and Securities—Joint Statutory Committee,Draft Financial Services Reform Bill,,,2001-03-29,,,90,,False,https://www.aph.gov.au/Parliamentary_Business/Statistics/Senate_StatsNet_Classic/documents/governmentresponses/2001,report date not recorded in register; 
classic,Corporations and Securities—Joint Statutory Committee,Report on matters arising from the Company Law Review Act 1998,,,2001-02-06,,,90,,False,https://www.aph.gov.au/Parliamentary_Business/Statistics/Senate_StatsNet_Classic/documents/governmentresponses/2001,report date not recorded in register; 
classic,Corporations and Securities—Joint Statutory Committee,Shadow ledgers and the provision of bank statements to customers,,,2001-08-23,,,90,,False,https://www.aph.gov.au/Parliamentary_Business/Statistics/Senate_StatsNet_Classic/documents/governmentresponses/2001,report date not recorded in register; 
classic,Electoral Matters—Joint Standing Committee,The 1998 federal election: Inquiry into the conduct of the 1998 federal election and matters related thereto,,,2001-03-01,,,90,,False,https://www.aph.gov.au/Parliamentary_Business/Statistics/Senate_StatsNet_Classic/documents/governmentresponses/2001,report date not recorded in register; 
classic,Electoral Matters—Joint Standing Committee,"User friendly, not abuser friendly",,,2001-10-04,,,90,,False,https://www.aph.gov.au/Parliamentary_Business/Statistics/Senate_StatsNet_Classic/documents/governmentresponses/2001,report date not recorded in register; 
classic,"Employment, Workplace Relations, Small Business and Education References Committee",Katu Kalpa: Report on the inquiry into the effectiveness of education and training programs for Indigenous Australians,,,2001-03-08,,,90,,False,https://www.aph.gov.au/Parliamentary_Business/Statistics/Senate_StatsNet_Classic/documents/governmentresponses/2001,report date not recorded in register; 
classic,"Employment, Workplace Relations, Small Business and Education References Committee",Quality of Vocational Education and Training in Australia,,,2001-05-22,,,90,,False,https://www.aph.gov.au/Parliamentary_Business/Statistics/Senate_StatsNet_Classic/documents/governmentresponses/2001,report date not recorded in register; 
classic,"Employment, Workplace Relations, Small Business and Education References Committee",Regional employment and unemployment,,,2001-02-08,,,90,,False,https://www.aph.gov.au/Parliamentary_Business/Statistics/Senate_StatsNet_Classic/documents/governmentresponses/2001,report date not recorded in register; 
classic,"Environment, Communications, Information Technology and the Arts References Committee",Hinchinbrook Channel,,,2001-02-08,,,90,,False,https://www.aph.gov.au/Parliamentary_Business/Statistics/Senate_StatsNet_Classic/documents/governmentresponses/2001,report date not recorded in register; 
classic,"Environment, Communications, Information Technology and the Arts References Committee",Inquiry into ABC On-line - (Final Report),,,2001-10-05,,,90,,False,https://www.aph.gov.au/Parliamentary_Business/Statistics/Senate_StatsNet_Classic/documents/governmentresponses/2001,report date not recorded in register; 
classic,"Environment, Communications, Information Technology and the Arts References Committee",The heat is on: Australia's greenhouse future—Global warming and the Convention on Climate Change (Implementation) Bill 2000,,,2001-08-23,,,90,,False,https://www.aph.gov.au/Parliamentary_Business/Statistics/Senate_StatsNet_Classic/documents/governmentresponses/2001,report date not recorded in register; 
classic,Finance and Public Administration Legislation Committee,Third report—Format of portfolio budget statements,,,2001-02-08,,,90,,False,https://www.aph.gov.au/Parliamentary_Business/Statistics/Senate_StatsNet_Classic/documents/governmentresponses/2001,report date not recorded in register; 
classic,Finance and Public Administration References Committee,Australian Public Service employment matters—First report: Australian workplace agreements,,,2001-06-21,,,90,,False,https://www.aph.gov.au/Parliamentary_Business/Statistics/Senate_StatsNet_Classic/documents/governmentresponses/2001,report date not recorded in register; 
classic,"Foreign Affairs, Defence and Trade References Committee",Australia and APEC: A review of Asia Pacific Economic Cooperation,,,2001-03-01,,,90,,False,https://www.aph.gov.au/Parliamentary_Business/Statistics/Senate_StatsNet_Classic/documents/governmentresponses/2001,report date not recorded in register; 
classic,"Foreign Affairs, Defence and Trade References Committee",East Timor: final Report,,,2001-04-05,,,90,,False,https://www.aph.gov.au/Parliamentary_Business/Statistics/Senate_StatsNet_Classic/documents/governmentresponses/2001,report date not recorded in register; 
classic,"Foreign Affairs, Defence and Trade References Committee",Japan's economy: Implications for Australia,,,2001-03-01,,,90,,False,https://www.aph.gov.au/Parliamentary_Business/Statistics/Senate_StatsNet_Classic/documents/governmentresponses/2001,report date not recorded in register; 
classic,"Foreign Affairs, Defence and Trade—Joint Standing Committee",Australia and ASEAN: Managing change,,,2001-03-01,,,90,,False,https://www.aph.gov.au/Parliamentary_Business/Statistics/Senate_StatsNet_Classic/documents/governmentresponses/2001,report date not recorded in register; 
classic,"Foreign Affairs, Defence and Trade—Joint Standing Committee",Australia's expanding trade and investment relationship with South America,,,2001-05-24,,,90,,False,https://www.aph.gov.au/Parliamentary_Business/Statistics/Senate_StatsNet_Classic/documents/governmentresponses/2001,report date not recorded in register; 
classic,"Foreign Affairs, Defence and Trade—Joint Standing Committee","Australia's trade relationship with India: Commonwealth, common language, cricket and beyond",,,2001-03-01,,,90,,False,https://www.aph.gov.au/Parliamentary_Business/Statistics/Senate_StatsNet_Classic/documents/governmentresponses/2001,report date not recorded in register; 
classic,"Foreign Affairs, Defence and Trade—Joint Standing Committee",Australian Government loan to Papua New Guinea,,,2001-03-08,,,90,,False,https://www.aph.gov.au/Parliamentary_Business/Statistics/Senate_StatsNet_Classic/documents/governmentresponses/2001,report date not recorded in register; 
classic,"Foreign Affairs, Defence and Trade—Joint Standing Committee",Funding Australia's defence,,,2001-03-29,,,90,,False,https://www.aph.gov.au/Parliamentary_Business/Statistics/Senate_StatsNet_Classic/documents/governmentresponses/2001,report date not recorded in register; 
classic,"Foreign Affairs, Defence and Trade—Joint Standing Committee",Military justice procedures in the Australian Defence Force,,,2001-04-05,,,90,,False,https://www.aph.gov.au/Parliamentary_Business/Statistics/Senate_StatsNet_Classic/documents/governmentresponses/2001,report date not recorded in register; 
classic,"Foreign Affairs, Defence and Trade—Joint Standing Committee",Second Australian Government loan to Papua New Guinea: Variation to loan agreement,,,2001-08-06,,,90,,False,https://www.aph.gov.au/Parliamentary_Business/Statistics/Senate_StatsNet_Classic/documents/governmentresponses/2001,report date not recorded in register; 
classic,Legal and Constitutional Legislation Committee,Privacy Amendment (Private Sector) Bill 2000,,,2001-03-01,,,90,,False,https://www.aph.gov.au/Parliamentary_Business/Statistics/Senate_StatsNet_Classic/documents/governmentresponses/2001,report date not recorded in register; 
classic,Legal and Constitutional References Committee,A sanctuary under review: An examination of Australia's refugee and humanitarian determination processes,,,2001-02-08,,,90,,False,https://www.aph.gov.au/Parliamentary_Business/Statistics/Senate_StatsNet_Classic/documents/governmentresponses/2001,report date not recorded in register; 
classic,Legal and Constitutional References Committee,Healing: A legacy of generations—Report of the inquiry into the Federal Governments implementation of recommendations made by the Human Rights and Equal Opportunity Commission in Bring Them Home,,,2001-06-28,,,90,,False,https://www.aph.gov.au/Parliamentary_Business/Statistics/Senate_StatsNet_Classic/documents/governmentresponses/2001,report date not recorded in register; 
classic,Legal and Constitutional References Committee,"Privacy and the private sector: Inquiry into privacy issues, including the Privacy Amendment Bill 1998",,,2001-05-24,,,90,,False,https://www.aph.gov.au/Parliamentary_Business/Statistics/Senate_StatsNet_Classic/documents/governmentresponses/2001,report date not recorded in register; 
classic,Migration—Joint Standing Committee,Migration Legislation Amendment Bill (No. 2) 2000,,,2001-08-09,,,90,,False,https://www.aph.gov.au/Parliamentary_Business/Statistics/Senate_StatsNet_Classic/documents/governmentresponses/2001,report date not recorded in register; 
classic,National Capital and External Territories—Joint Standing Committee,Island to islands: Communications with Australia's external territories,,,2001-03-01,,,90,,False,https://www.aph.gov.au/Parliamentary_Business/Statistics/Senate_StatsNet_Classic/documents/governmentresponses/2001,report date not recorded in register; 
classic,National Crime Authority—Joint Statutory Committee,Involvement of the National Crime Authority in controlled operations,,,2001-03-29,,,90,,False,https://www.aph.gov.au/Parliamentary_Business/Statistics/Senate_StatsNet_Classic/documents/governmentresponses/2001,report date not recorded in register; 
classic,Native Title and the Aboriginal and Torres Strait Islander Land Fund—Joint Statutory Committee,16th Report: CERD and the Native Title Amendment Act 1998,,,2001-10-08,,,90,,False,https://www.aph.gov.au/Parliamentary_Business/Statistics/Senate_StatsNet_Classic/documents/governmentresponses/2001,report date not recorded in register; 
classic,Parliamentary Committee Reports,Schedule of parliamentary committee,2000-12-07,2000-12-07,2001-06-27,202,202,90,112,False,https://www.aph.gov.au/Parliamentary_Business/Statistics/Senate_StatsNet_Classic/documents/governmentresponses/2001,
classic,Public Accounts and Audit—Joint Statutory Committee,368th report,,,2001-02-08,,,90,,False,https://www.aph.gov.au/Parliamentary_Business/Statistics/Senate_StatsNet_Classic/documents/governmentresponses/2001,report date not recorded in register; 
classic,Public Accounts and Audit—Joint Statutory Committee,373rd report,,,2001-09-27,,,90,,False,https://www.aph.gov.au/Parliamentary_Business/Statistics/Senate_StatsNet_Classic/documents/governmentresponses/2001,report date not recorded in register; 
classic,Public Accounts and Audit—Joint Statutory Committee,378th report,,,2001-09-27,,,90,,False,https://www.aph.gov.au/Parliamentary_Business/Statistics/Senate_StatsNet_Classic/documents/governmentresponses/2001,report date not recorded in register; 
classic,Rural and Regional Affairs and Transport Legislation Committee,Albury-Wodonga Development Amendment Bill 1999,,,2001-02-06,,,90,,False,https://www.aph.gov.au/Parliamentary_Business/Statistics/Senate_StatsNet_Classic/documents/governmentresponses/2001,report date not recorded in register; 
classic,Rural and Regional Affairs and Transport Legislation Committee,Australian Meat and Live-stock Industry (High Quality Beef Export to the European Union) Order 2000,,,2001-05-22,,,90,,False,https://www.aph.gov.au/Parliamentary_Business/Statistics/Senate_StatsNet_Classic/documents/governmentresponses/2001,report date not recorded in register; 
classic,Rural and Regional Affairs and Transport References Committee,Australian dairy industry,,,2001-02-08,,,90,,False,https://www.aph.gov.au/Parliamentary_Business/Statistics/Senate_StatsNet_Classic/documents/governmentresponses/2001,report date not recorded in register; 
classic,Treaties—Joint Standing Committee,8th report,,,2001-08-09,,,90,,False,https://www.aph.gov.au/Parliamentary_Business/Statistics/Senate_StatsNet_Classic/documents/governmentresponses/2001,report date not recorded in register; 
classic,Treaties—Joint Standing Committee,11th report [Agreement with Kazakhstan; treaties tabled on 30 September and 21 October 1997],,,2001-08-09,,,90,,False,https://www.aph.gov.au/Parliamentary_Business/Statistics/Senate_StatsNet_Classic/documents/governmentresponses/2001,report date not recorded in register; 
classic,Treaties—Joint Standing Committee,20th report,,,2001-02-08,,,90,,False,https://www.aph.gov.au/Parliamentary_Business/Statistics/Senate_StatsNet_Classic/documents/governmentresponses/2001,report date not recorded in register; 
classic,Treaties—Joint Standing Committee,31st report: Three treaties tabled on 7 March 2000,,,2001-03-08,,,90,,False,https://www.aph.gov.au/Parliamentary_Business/Statistics/Senate_StatsNet_Classic/documents/governmentresponses/2001,report date not recorded in register; 
classic,Treaties—Joint Standing Committee,32nd report: Six treaties tabled on 7 March 2000,,,2001-05-24,,,90,,False,https://www.aph.gov.au/Parliamentary_Business/Statistics/Senate_StatsNet_Classic/documents/governmentresponses/2001,report date not recorded in register; 
classic,Treaties—Joint Standing Committee,34th report: Two treaties tabled on 6 June 2000,,,2001-04-05,,,90,,False,https://www.aph.gov.au/Parliamentary_Business/Statistics/Senate_StatsNet_Classic/documents/governmentresponses/2001,report date not recorded in register; 
classic,Australian Security Intelligence Organisation — Joint Statutory Committee,"A watching brief: The nature, scope and appropriateness of ASIO's public reporting activities",2000-09-04,2000-09-04,2002-02-12,526,526,90,436,False,https://www.aph.gov.au/Parliamentary_Business/Statistics/Senate_StatsNet_Classic/documents/governmentresponses/2002,
classic,Community Affairs References Committee,Child Migration—Lost innocents: Righting the record,2001-08-30,2001-08-30,2002-05-14,257,257,90,167,False,https://www.aph.gov.au/Parliamentary_Business/Statistics/Senate_StatsNet_Classic/documents/governmentresponses/2002,
classic,Community Affairs References Committee,Public hospital funding: Second report—Healing our hospitals: Report on public hospital funding,2000-12-07,2000-12-07,2002-02-12,432,432,90,342,False,https://www.aph.gov.au/Parliamentary_Business/Statistics/Senate_StatsNet_Classic/documents/governmentresponses/2002,
classic,Corporations and Securities — Joint Statutory Committee,Fees on electronic and telephone banking,2001-02-08,2001-02-08,2002-06-20,497,497,90,407,False,https://www.aph.gov.au/Parliamentary_Business/Statistics/Senate_StatsNet_Classic/documents/governmentresponses/2002,
classic,Economics References Committee,Provisions of the Fair Prices and Better Access for All (Petroleum) Bill 1999 and the practice of multi-site franchising by oil companies,2001-03-08,2001-03-08,2002-12-17,649,649,90,559,False,https://www.aph.gov.au/Parliamentary_Business/Statistics/Senate_StatsNet_Classic/documents/governmentresponses/2002,
classic,Electoral Matters — Joint Standing Committee,"User friendly, not abuser friendly: Report into the integrity of the electoral roll",2001-06-18,2001-06-18,2002-02-12,239,239,90,149,False,https://www.aph.gov.au/Parliamentary_Business/Statistics/Senate_StatsNet_Classic/documents/governmentresponses/2002,
classic,"Employment, Workplace Relations, Small Business and Education References Committee",Education of gifted children,2002-02-12,2002-02-12,2002-08-19,188,188,90,98,False,https://www.aph.gov.au/Parliamentary_Business/Statistics/Senate_StatsNet_Classic/documents/governmentresponses/2002,response line written as 'Report …' in register; 
classic,"Employment, Workplace Relations, Small Business and Education References Committee",Universities in crisis: Report into the capacity of public universities to meet Australia's higher education needs,2001-09-27,2001-09-27,2002-11-11,410,410,90,320,False,https://www.aph.gov.au/Parliamentary_Business/Statistics/Senate_StatsNet_Classic/documents/governmentresponses/2002,response line written as 'Report …' in register; 
classic,"Environment, Communications, Information Technology and the Arts References Committee",ABC On-line—Final Report,2001-03-28,2001-03-28,2002-02-12,321,321,90,231,False,https://www.aph.gov.au/Parliamentary_Business/Statistics/Senate_StatsNet_Classic/documents/governmentresponses/2002,
classic,"Environment, Communications, Information Technology and the Arts References Committee",Above board? Methods of appointment to the ABC Board,2001-09-25,2001-09-25,2002-08-29,338,338,90,248,False,https://www.aph.gov.au/Parliamentary_Business/Statistics/Senate_StatsNet_Classic/documents/governmentresponses/2002,
classic,Finance and Public Administration References Committee,Mechanism for providing accountability to the Senate in relation to government contractsFinal reportCommonwealth contracts: A new framework for accountability,2001-09-26,2001-09-26,2002-06-18,265,265,90,175,False,https://www.aph.gov.au/Parliamentary_Business/Statistics/Senate_StatsNet_Classic/documents/governmentresponses/2002,
classic,"Foreign Affairs, Defence and Trade — Joint Standing Committee",Australia's relations with the Middle East,2001-09-19,2001-09-19,2002-09-19,365,365,90,275,False,https://www.aph.gov.au/Parliamentary_Business/Statistics/Senate_StatsNet_Classic/documents/governmentresponses/2002,
classic,"Foreign Affairs, Defence and Trade — Joint Standing Committee",Conviction with compassion: Freedom of religion and belief,2000-11-27,2000-11-27,2002-11-14,717,717,90,627,False,https://www.aph.gov.au/Parliamentary_Business/Statistics/Senate_StatsNet_Classic/documents/governmentresponses/2002,
classic,"Foreign Affairs, Defence and Trade — Joint Standing Committee",Rough Justice? An investigation into allegations of brutality in the Army's parachute battalion,2001-05-22,2001-05-22,2002-05-14,357,357,90,267,False,https://www.aph.gov.au/Parliamentary_Business/Statistics/Senate_StatsNet_Classic/documents/governmentresponses/2002,
classic,"Foreign Affairs, Defence and Trade — Joint Standing Committee",The link between aid and human rights,2001-09-19,2001-09-19,2002-06-20,274,274,90,184,False,https://www.aph.gov.au/Parliamentary_Business/Statistics/Senate_StatsNet_Classic/documents/governmentresponses/2002,
classic,"Foreign Affairs, Defence and Trade — Joint Standing Committee",Visits to immigration detention centres,2001-06-18,2001-06-18,2002-12-09,539,539,90,449,False,https://www.aph.gov.au/Parliamentary_Business/Statistics/Senate_StatsNet_Classic/documents/governmentresponses/2002,
classic,"Foreign Affairs, Defence and Trade References Committee",Disposal of Defence properties,2001-09-27,2001-09-27,2002-06-20,266,266,90,176,False,https://www.aph.gov.au/Parliamentary_Business/Statistics/Senate_StatsNet_Classic/documents/governmentresponses/2002,
classic,Information Technologies — Select Committee,Privacy in the information society,2000-11-09,2000-11-09,2002-05-16,553,553,90,463,False,https://www.aph.gov.au/Parliamentary_Business/Statistics/Senate_StatsNet_Classic/documents/governmentresponses/2002,
classic,Legal and Constitutional References Committee,Humanity diminished: The crime of genocide — Inquiry into the Anti-Genocide Bill 1999,2000-06-29,2000-06-29,2002-09-26,819,819,90,729,False,https://www.aph.gov.au/Parliamentary_Business/Statistics/Senate_StatsNet_Classic/documents/governmentresponses/2002,
classic,Legal and Constitutional References Committee,Human Rights (Mandatory Sentencing of Juvenile Offenders) Bill 1999,2000-03-13,2000-03-13,2002-08-22,892,892,90,802,False,https://www.aph.gov.au/Parliamentary_Business/Statistics/Senate_StatsNet_Classic/documents/governmentresponses/2002,
classic,Legal and Constitutional References Committee,Order in the law: Management arrangements and adequacy of funding of the Australian Federal Police and the National Crime Authority,2001-08-28,2001-08-28,2002-09-19,387,387,90,297,False,https://www.aph.gov.au/Parliamentary_Business/Statistics/Senate_StatsNet_Classic/documents/governmentresponses/2002,
classic,Legal and Constitutional References Committee,Outsourcing of the Australian Customs Services information technology,2002-05-16,2002-05-16,2002-11-11,179,179,90,89,False,https://www.aph.gov.au/Parliamentary_Business/Statistics/Senate_StatsNet_Classic/documents/governmentresponses/2002,
classic,Legal and Constitutional References Committee,Third report — Australian Legal Aid System,1998-06-25,1998-06-25,2002-05-16,1421,1421,90,1331,False,https://www.aph.gov.au/Parliamentary_Business/Statistics/Senate_StatsNet_Classic/documents/governmentresponses/2002,
classic,"Lucas Heights, Inquiry into the contract for a new reactor at — Select Committee",A new research reactor?,2001-05-23,2001-05-23,2002-05-14,356,356,90,266,False,https://www.aph.gov.au/Parliamentary_Business/Statistics/Senate_StatsNet_Classic/documents/governmentresponses/2002,
classic,Migration — Joint Standing Committee,2001 Review of Migration Regulation 4.31B,2001-06-18,2001-06-18,2002-12-09,539,539,90,449,False,https://www.aph.gov.au/Parliamentary_Business/Statistics/Senate_StatsNet_Classic/documents/governmentresponses/2002,
classic,Migration — Joint Standing Committee,"New faces, new places: Review of State-specific migration mechanisms",2001-09-19,2001-09-19,2002-06-20,274,274,90,184,False,https://www.aph.gov.au/Parliamentary_Business/Statistics/Senate_StatsNet_Classic/documents/governmentresponses/2002,
classic,Native Title and the Aboriginal and Torres Strait Islander Land Fund — Joint Statutory Committee,16th Report—CERD and the Native Title Amendment Act 1998,2000-06-28,2000-06-28,2002-02-12,594,594,90,504,False,https://www.aph.gov.au/Parliamentary_Business/Statistics/Senate_StatsNet_Classic/documents/governmentresponses/2002,
classic,Parliamentary committee reports,Schedule of parliamentary committee reports,2000-12-07,2000-12-07,2002-02-13,433,433,90,343,False,https://www.aph.gov.au/Parliamentary_Business/Statistics/Senate_StatsNet_Classic/documents/governmentresponses/2002,
classic,Parliamentary committee reports,Schedule of government responses outstanding to parliamentary committee reports,2002-02-15,2002-02-15,2002-06-26,131,131,90,41,False,https://www.aph.gov.au/Parliamentary_Business/Statistics/Senate_StatsNet_Classic/documents/governmentresponses/2002,
classic,Parliamentary committee reports,Schedule of government responses outstanding to parliamentary committee reports,2002-06-27,2002-06-27,2002-12-11,167,167,90,77,False,https://www.aph.gov.au/Parliamentary_Business/Statistics/Senate_StatsNet_Classic/documents/governmentresponses/2002,
classic,Public Accounts and Audit — Joint Statutory Committee,379th report — Contract management in the Australian Public Service,2000-11-02,2000-11-02,2002-05-14,558,558,90,468,False,https://www.aph.gov.au/Parliamentary_Business/Statistics/Senate_StatsNet_Classic/documents/governmentresponses/2002,
classic,Public Accounts and Audit — Joint Statutory Committee,384th report — Review of Coastwatch,2001-08-23,2001-08-23,2002-09-19,392,392,90,302,False,https://www.aph.gov.au/Parliamentary_Business/Statistics/Senate_StatsNet_Classic/documents/governmentresponses/2002,
classic,Public Accounts and Audit — Joint Statutory Committee,386th report — Review of the Auditor-General Act 1997,2001-09-26,2001-09-26,2002-09-19,358,358,90,268,False,https://www.aph.gov.au/Parliamentary_Business/Statistics/Senate_StatsNet_Classic/documents/governmentresponses/2002,
classic,Rural and Regional Affairs and Transport Legislation Committee,Administration by the Department of Transport and Regional Services of Australian motor vehicle standards under the Motor Vehicle Standards Act 1989 and regulations,2002-06-18,2002-06-18,2002-12-09,174,174,90,84,False,https://www.aph.gov.au/Parliamentary_Business/Statistics/Senate_StatsNet_Classic/documents/governmentresponses/2002,
classic,Rural and Regional Affairs and Transport Legislation Committee,Administration of the Civil Aviation Safety Authority: Matters relating to ARCAS Airways,2000-10-11,2000-10-11,2002-05-16,582,582,90,492,False,https://www.aph.gov.au/Parliamentary_Business/Statistics/Senate_StatsNet_Classic/documents/governmentresponses/2002,
classic,Rural and Regional Affairs and Transport References Committee,Air safety and cabin air quality in the BAe 146 aircraft,2000-10-12,2000-10-12,2002-08-19,676,676,90,586,False,https://www.aph.gov.au/Parliamentary_Business/Statistics/Senate_StatsNet_Classic/documents/governmentresponses/2002,
classic,Rural and Regional Affairs and Transport References Committee,Brisbane Airport Corporations Master Plan,2000-06-29,2000-06-29,2002-05-16,686,686,90,596,False,https://www.aph.gov.au/Parliamentary_Business/Statistics/Senate_StatsNet_Classic/documents/governmentresponses/2002,
classic,Superannuation and Financial Services — Select Committee,A 'reasonable and secure' retirement?—The benefit design of Commonwealth public sector and defence force unfunded superannuation funds and schemes,2001-04-05,2001-04-05,2002-12-13,617,617,90,527,False,https://www.aph.gov.au/Parliamentary_Business/Statistics/Senate_StatsNet_Classic/documents/governmentresponses/2002,
classic,Superannuation and Financial Services — Select Committee,Enforcement of the Superannuation Guarantee Charge,2001-05-22,2001-05-22,2002-06-20,394,394,90,304,False,https://www.aph.gov.au/Parliamentary_Business/Statistics/Senate_StatsNet_Classic/documents/governmentresponses/2002,
classic,Superannuation and Financial Services — Select Committee,"First report — Prudential supervision and consumer protection for superannuation, banking and financial services",2001-08-20,2001-08-20,2002-11-11,448,448,90,358,False,https://www.aph.gov.au/Parliamentary_Business/Statistics/Senate_StatsNet_Classic/documents/governmentresponses/2002,
classic,Superannuation and Financial Services — Select Committee,Opportunities and constraints for Australia to become a centre for the provision of global financial services,2001-03-26,2001-03-26,2002-11-14,598,598,90,508,False,https://www.aph.gov.au/Parliamentary_Business/Statistics/Senate_StatsNet_Classic/documents/governmentresponses/2002,
classic,Superannuation and Financial Services — Select Committee,"Second report — Prudential supervision and consumer protection for superannuation, banking and financial services",2001-08-30,2001-08-30,2002-11-11,438,438,90,348,False,https://www.aph.gov.au/Parliamentary_Business/Statistics/Senate_StatsNet_Classic/documents/governmentresponses/2002,
classic,Treaties — Joint Standing Committee,39th report — Privileges and immunities of the International Tribunal on the Law of the Sea; and the treaties tabled on 27 February and 6 March 2002,2001-05-22,2001-05-22,2002-09-19,485,485,90,395,False,https://www.aph.gov.au/Parliamentary_Business/Statistics/Senate_StatsNet_Classic/documents/governmentresponses/2002,
classic,Treaties — Joint Standing Committee,42nd report — Who's afraid of the WTO? Australia and the World Trade Organisation,2001-09-24,2001-09-24,2002-08-29,339,339,90,249,False,https://www.aph.gov.au/Parliamentary_Business/Statistics/Senate_StatsNet_Classic/documents/governmentresponses/2002,
classic,"ASIO, ASIS and DSD—Joint Statutory Committee",Annual Report 2001-02,2002-12-02,2002-12-02,2003-08-21,262,262,90,172,False,https://www.aph.gov.au/Parliamentary_Business/Statistics/Senate_StatsNet_Classic/documents/governmentresponses/2003,
classic,Economics References Committee,Fair Prices and Better Access for All (Petroleum) Bill 1999 and the practice of multi-site franchising by oil companies,2001-03-08,2001-03-08,2003-02-05,699,699,90,609,False,https://www.aph.gov.au/Parliamentary_Business/Statistics/Senate_StatsNet_Classic/documents/governmentresponses/2003,
classic,Electoral Matters—Joint Standing Committee,Integrity of the electoral roll: Review of ANAO Report no. 42 of 2001-02,2002-11-11,2002-11-11,2003-10-16,339,339,90,249,False,https://www.aph.gov.au/Parliamentary_Business/Statistics/Senate_StatsNet_Classic/documents/governmentresponses/2003,
classic,Electoral Matters—Joint Standing Committee,The 2001 federal election: Inquiry into the conduct of the 2001 federal election and matters related thereto,2003-06-23,2003-06-23,2003-10-16,115,115,90,25,False,https://www.aph.gov.au/Parliamentary_Business/Statistics/Senate_StatsNet_Classic/documents/governmentresponses/2003,
classic,"Employment, Workplace Relations and Education References Committee",Education of students with disabilities,2002-12-10,2002-12-10,2003-08-11,244,244,90,154,False,https://www.aph.gov.au/Parliamentary_Business/Statistics/Senate_StatsNet_Classic/documents/governmentresponses/2003,
classic,"Employment, Workplace Relations and Education References Committee",Small business employment,2003-02-06,2003-02-06,2003-08-21,196,196,90,106,False,https://www.aph.gov.au/Parliamentary_Business/Statistics/Senate_StatsNet_Classic/documents/governmentresponses/2003,
classic,"Environment, Communications, Information Technology and the Arts References Committee",Commonwealth environment powers,1999-05-27,1999-05-27,2003-05-15,1449,1449,90,1359,False,https://www.aph.gov.au/Parliamentary_Business/Statistics/Senate_StatsNet_Classic/documents/governmentresponses/2003,
classic,"Environment, Communications, Information Technology and the Arts References Committee",Electromagnetic radiation,2001-05-22,2001-05-22,2003-02-06,625,625,90,535,False,https://www.aph.gov.au/Parliamentary_Business/Statistics/Senate_StatsNet_Classic/documents/governmentresponses/2003,
classic,Finance and Public Administration References Committee,A funding matter under the Dairy Regional Assistance Program,2003-06-26,2003-06-26,2003-11-27,154,154,90,64,False,https://www.aph.gov.au/Parliamentary_Business/Statistics/Senate_StatsNet_Classic/documents/governmentresponses/2003,
classic,Finance and Public Administration References Committee,Departmental and agency contracts: Report on the first year of the Senate order for the production of lists of departmental and agency contracts,2002-12-12,2002-12-12,2003-06-19,189,189,90,99,False,https://www.aph.gov.au/Parliamentary_Business/Statistics/Senate_StatsNet_Classic/documents/governmentresponses/2003,
classic,Finance and Public Administration References Committee,Governments information technology outsourcing initiative—Final report—Rebooting the IT agenda in the Australian Public Service,2001-08-28,2001-08-28,2003-06-19,660,660,90,570,False,https://www.aph.gov.au/Parliamentary_Business/Statistics/Senate_StatsNet_Classic/documents/governmentresponses/2003,
classic,"Foreign Affairs, Defence and Trade—Joint Standing Committee",2003 New Zealand parliamentary committee exchange program,2003-06-23,2003-06-23,2003-10-16,115,115,90,25,False,https://www.aph.gov.au/Parliamentary_Business/Statistics/Senate_StatsNet_Classic/documents/governmentresponses/2003,
classic,"Foreign Affairs, Defence and Trade—Joint Standing Committee",Australia's role in United Nations reform,2001-06-25,2001-06-25,2003-03-27,640,640,90,550,False,https://www.aph.gov.au/Parliamentary_Business/Statistics/Senate_StatsNet_Classic/documents/governmentresponses/2003,
classic,"Foreign Affairs, Defence and Trade—Joint Standing Committee",From Phantom to force: Towards a more efficient and effective Army; and A model for a new army: Community comments on the From Phantom to Force parliamentary report into the army,2000-09-04,2001-09-24,2003-06-19,633,1018,90,543,False,https://www.aph.gov.au/Parliamentary_Business/Statistics/Senate_StatsNet_Classic/documents/governmentresponses/2003,single response covers 2 reports; 
classic,"Foreign Affairs, Defence and Trade—Joint Standing Committee","Review of Foreign Affairs, Trade and Defence annual reports 2000-01",2002-09-23,2002-09-23,2003-03-27,185,185,90,95,False,https://www.aph.gov.au/Parliamentary_Business/Statistics/Senate_StatsNet_Classic/documents/governmentresponses/2003,
classic,"Foreign Affairs, Defence and Trade—Joint Standing Committee",Visit to Australian forces deployed in the international coalition against terrorism: Parliament’s brief on the war on terrorism,2002-10-21,2002-10-21,2003-10-09,353,353,90,263,False,https://www.aph.gov.au/Parliamentary_Business/Statistics/Senate_StatsNet_Classic/documents/governmentresponses/2003,
classic,"Foreign Affairs, Defence and Trade References Committee",Japan: Politics and society,2001-09-27,2001-09-27,2003-10-30,763,763,90,673,False,https://www.aph.gov.au/Parliamentary_Business/Statistics/Senate_StatsNet_Classic/documents/governmentresponses/2003,
classic,"Foreign Affairs, Defence and Trade References Committee",Materiel acquisition and management in Defence,2003-03-27,2003-03-27,2003-10-09,196,196,90,106,False,https://www.aph.gov.au/Parliamentary_Business/Statistics/Senate_StatsNet_Classic/documents/governmentresponses/2003,
classic,"Foreign Affairs, Defence and Trade References Committee",Recruitment and retention of ADF personnel,2001-10-04,2001-10-04,2003-05-13,586,586,90,496,False,https://www.aph.gov.au/Parliamentary_Business/Statistics/Senate_StatsNet_Classic/documents/governmentresponses/2003,
classic,Legal and Constitutional References Committee,Inquiry into the Commonwealth's actions in Ryker (Faulkner) v The Commonwealth and Flint,1996-04-30,1996-04-30,2003-05-15,2571,2571,90,2481,False,https://www.aph.gov.au/Parliamentary_Business/Statistics/Senate_StatsNet_Classic/documents/governmentresponses/2003,
classic,Migration—Joint Standing Committee,Not the Hilton—Immigration detention centres: Inspection,2000-09-04,2000-09-04,2003-03-03,910,910,90,820,False,https://www.aph.gov.au/Parliamentary_Business/Statistics/Senate_StatsNet_Classic/documents/governmentresponses/2003,
classic,National Capital and External Territories— Joint Standing Committee,Risky business: Inquiry into the tender process followed in the sale of the Christmas Island casino and resort,2001-09-20,2001-09-20,2003-02-06,504,504,90,414,False,https://www.aph.gov.au/Parliamentary_Business/Statistics/Senate_StatsNet_Classic/documents/governmentresponses/2003,
classic,National Capital and External Territories— Joint Standing Committee,"Striking the right balance: Draft amendment 39, National Capital Plan",2002-10-21,2002-10-21,2003-06-16,238,238,90,148,False,https://www.aph.gov.au/Parliamentary_Business/Statistics/Senate_StatsNet_Classic/documents/governmentresponses/2003,
classic,National Crime Authority—Joint Statutory Committee,Australian Crime Commission Establishment Bill 2002,2002-11-11,2002-11-11,2003-02-05,86,86,90,0,False,https://www.aph.gov.au/Parliamentary_Business/Statistics/Senate_StatsNet_Classic/documents/governmentresponses/2003,
classic,National Crime Authority—Joint Statutory Committee,The law enforcement implications of new technology,2002-11-11,2002-11-11,2003-11-27,381,381,90,291,False,https://www.aph.gov.au/Parliamentary_Business/Statistics/Senate_StatsNet_Classic/documents/governmentresponses/2003,
classic,Parliamentary committee reports,Schedule of government responses outstanding to parliamentary committee reports,2002-12-12,2002-12-12,2003-06-25,195,195,90,105,False,https://www.aph.gov.au/Parliamentary_Business/Statistics/Senate_StatsNet_Classic/documents/governmentresponses/2003,
classic,Parliamentary committee reports,Schedule of government responses outstanding to parliamentary committee reports,2003-06-26,2003-06-26,2003-12-03,160,160,90,70,False,https://www.aph.gov.au/Parliamentary_Business/Statistics/Senate_StatsNet_Classic/documents/governmentresponses/2003,
classic,Public Accounts and Audit—Joint Statutory Committee,388th Report—Review of the accrual budget documentation,2002-06-19,2002-06-19,2003-05-13,328,328,90,238,False,https://www.aph.gov.au/Parliamentary_Business/Statistics/Senate_StatsNet_Classic/documents/governmentresponses/2003,
classic,Rural and Regional Affairs and Transport Legislation Committee,Australian meat industry consultative structure and quota allocation,2002-09-24,2002-12-12,2003-08-11,242,321,90,152,False,https://www.aph.gov.au/Parliamentary_Business/Statistics/Senate_StatsNet_Classic/documents/governmentresponses/2003,
classic,Rural and Regional Affairs and Transport Legislation Committee,Interim Report on proposed importation of fresh apple fruit from New Zealand,2002-06-27,2002-06-27,2003-03-20,266,266,90,176,False,https://www.aph.gov.au/Parliamentary_Business/Statistics/Senate_StatsNet_Classic/documents/governmentresponses/2003,
classic,Rural and Regional Affairs and Transport Legislation Committee,Quota management control on Australian beef exports to the United States,2002-06-26,2002-06-26,2003-08-11,411,411,90,321,False,https://www.aph.gov.au/Parliamentary_Business/Statistics/Senate_StatsNet_Classic/documents/governmentresponses/2003,
classic,Rural and Regional Affairs and Transport References Committee,Airspace 2000 and related issues,2001-04-05,2001-04-05,2003-09-18,896,896,90,806,False,https://www.aph.gov.au/Parliamentary_Business/Statistics/Senate_StatsNet_Classic/documents/governmentresponses/2003,
classic,Rural and Regional Affairs and Transport References Committee,The incidence of Ovine Johnes disease in the Australian sheep flock—Second report,2001-08-06,2001-08-06,2003-06-19,682,682,90,592,False,https://www.aph.gov.au/Parliamentary_Business/Statistics/Senate_StatsNet_Classic/documents/governmentresponses/2003,
classic,Scrutiny of Bills—Standing Committee,4th report of 2000: Entry and search provisions in Commonwealth legislation,2000-04-06,2000-04-06,2003-11-27,1330,1330,90,1240,False,https://www.aph.gov.au/Parliamentary_Business/Statistics/Senate_StatsNet_Classic/documents/governmentresponses/2003,
classic,Superannuation and Financial Services—Select Committee,A reasonable and secure retirement? The benefit design of Commonwealth public sector and defence force unfunded superannuation funds and schemes,2001-04-04,2001-04-04,2003-02-05,672,672,90,582,False,https://www.aph.gov.au/Parliamentary_Business/Statistics/Senate_StatsNet_Classic/documents/governmentresponses/2003,
classic,Superannuation and Financial Services—Select Committee,"Prudential Supervision and Consumer Protection for Superannuation, Banking and Financial Services—Third Report: Auditing of superannuation funds",2001-09-24,2001-09-24,2003-03-20,542,542,90,452,False,https://www.aph.gov.au/Parliamentary_Business/Statistics/Senate_StatsNet_Classic/documents/governmentresponses/2003,
classic,Superannuation—Select Committee,Taxation treatment of overseas superannuation transfers,2002-08-19,2002-08-19,2003-10-07,414,414,90,324,False,https://www.aph.gov.au/Parliamentary_Business/Statistics/Senate_StatsNet_Classic/documents/governmentresponses/2003,
classic,Treaties—Joint Standing Committee,17th report—United Nations Convention of the Rights of the Child,1998-11-10,1998-11-10,2003-03-06,1577,1577,90,1487,False,https://www.aph.gov.au/Parliamentary_Business/Statistics/Senate_StatsNet_Classic/documents/governmentresponses/2003,
classic,Treaties—Joint Standing Committee,48th report—Treaties tabled in August and September 2002,2002-10-21,2002-10-21,2003-06-19,241,241,90,151,False,https://www.aph.gov.au/Parliamentary_Business/Statistics/Senate_StatsNet_Classic/documents/governmentresponses/2003,
classic,Treaties—Joint Standing Committee,49th report—The Timor Sea Treaty,2002-11-12,2002-11-12,2003-08-14,275,275,90,185,False,https://www.aph.gov.au/Parliamentary_Business/Statistics/Senate_StatsNet_Classic/documents/governmentresponses/2003,
classic,Treaties—Joint Standing Committee,50th report—Treaties tabled 15 October 2002,2002-12-10,2002-12-10,2003-06-19,191,191,90,101,False,https://www.aph.gov.au/Parliamentary_Business/Statistics/Senate_StatsNet_Classic/documents/governmentresponses/2003,
classic,"ASIO, ASIS and DSD—Joint Statutory Committee",Review of the Intelligence Services Amendment Bill 2003,2004-03-11,2004-03-11,2004-03-31,20,20,90,0,False,https://www.aph.gov.au/Parliamentary_Business/Statistics/Senate_StatsNet_Classic/documents/governmentresponses/2004,
classic,Corporations and Financial Services—Joint Statutory Committee,Disclosure of commissions on risk products,2003-08-12,2003-08-12,2004-06-17,310,310,90,220,False,https://www.aph.gov.au/Parliamentary_Business/Statistics/Senate_StatsNet_Classic/documents/governmentresponses/2004,
classic,Economics References Committee,The effectiveness of the Trade Practices Act 1974 in protecting small business,2004-03-01,2004-03-01,2004-06-23,114,114,90,24,False,https://www.aph.gov.au/Parliamentary_Business/Statistics/Senate_StatsNet_Classic/documents/governmentresponses/2004,
classic,Electoral Matters—Joint Standing Committee,Territory representation: Inquiry into increasing the minimum representation of the Australian Capital Territory and the Northern Territory in the House of Representatives,2003-12-01,2003-12-01,2004-03-25,115,115,90,25,False,https://www.aph.gov.au/Parliamentary_Business/Statistics/Senate_StatsNet_Classic/documents/governmentresponses/2004,
classic,"Environment, Communications, Information Technology and the Arts References Committee",Inquiry into Gulf St Vincent,2000-06-05,2000-06-05,2004-03-11,1375,1375,90,1285,False,https://www.aph.gov.au/Parliamentary_Business/Statistics/Senate_StatsNet_Classic/documents/governmentresponses/2004,
classic,"Environment, Communications, Information Technology and the Arts References Committee",Libraries in the online environment,2003-10-16,2003-10-16,2004-08-03,292,292,90,202,False,https://www.aph.gov.au/Parliamentary_Business/Statistics/Senate_StatsNet_Classic/documents/governmentresponses/2004,
classic,"Foreign Affairs, Defence and Trade—Joint Standing Committee",Expanding Australia's trade and investment relationship with the countries of Central Europe,2003-09-15,2003-09-15,2004-05-13,241,241,90,151,False,https://www.aph.gov.au/Parliamentary_Business/Statistics/Senate_StatsNet_Classic/documents/governmentresponses/2004,
classic,"Foreign Affairs, Defence and Trade—Joint Standing Committee",Review of the Defence annual report 2001-02,,,2004-03-11,,,90,,False,https://www.aph.gov.au/Parliamentary_Business/Statistics/Senate_StatsNet_Classic/documents/governmentresponses/2004,no report date parsed; 
classic,"Foreign Affairs, Defence and Trade Legislation Committee",Aspects of the Veterans' Entitlements Act 1986 and the Military Compensation Scheme,2003-09-18,2003-09-18,2004-08-12,329,329,90,239,False,https://www.aph.gov.au/Parliamentary_Business/Statistics/Senate_StatsNet_Classic/documents/governmentresponses/2004,
classic,"Foreign Affairs, Defence and Trade References Committee","The (not quite) White Paper: Australia's foreign affairs and trade policy, Advancing the national interest",2003-12-04,2003-12-04,2004-08-03,243,243,90,153,False,https://www.aph.gov.au/Parliamentary_Business/Statistics/Senate_StatsNet_Classic/documents/governmentresponses/2004,
classic,Migration—Joint Standing Committee,2003 Review of Migration Regulation 4.31B,2003-05-13,2003-05-13,2004-05-13,366,366,90,276,False,https://www.aph.gov.au/Parliamentary_Business/Statistics/Senate_StatsNet_Classic/documents/governmentresponses/2004,
classic,Parliamentary Committee Reports,Schedule of government responses outstanding to parliamentary committee reports,2003-12-04,2003-12-04,2004-06-24,203,203,90,113,False,https://www.aph.gov.au/Parliamentary_Business/Statistics/Senate_StatsNet_Classic/documents/governmentresponses/2004,
classic,Public Accounts and Audit—Joint Statutory Committee,"390th report—Review of Auditor-General's reports 2001-02: First, second and third quarters",2002-08-29,2002-08-29,2004-05-11,621,621,90,531,False,https://www.aph.gov.au/Parliamentary_Business/Statistics/Senate_StatsNet_Classic/documents/governmentresponses/2004,
classic,Public Accounts and Audit—Joint Statutory Committee,395th report—Inquiry into the draft Financial Framework Legislation Amendment Bill,,,2004-08-03,,,90,,False,https://www.aph.gov.au/Parliamentary_Business/Statistics/Senate_StatsNet_Classic/documents/governmentresponses/2004,no report date parsed; 
classic,Public Accounts and Audit—Joint Statutory Committee,"396th report—Review of Auditor-General's reports 2002-03: First, second and third quarters",2003-10-08,2003-10-08,2004-05-13,218,218,90,128,False,https://www.aph.gov.au/Parliamentary_Business/Statistics/Senate_StatsNet_Classic/documents/governmentresponses/2004,
classic,Scrutiny of Bills—Standing Committee,6th report of 2002—Application of absolute and strict liability offences in Commonwealth legislation,2002-06-26,2002-06-26,2004-06-17,722,722,90,632,False,https://www.aph.gov.au/Parliamentary_Business/Statistics/Senate_StatsNet_Classic/documents/governmentresponses/2004,
classic,Treaties—Joint Standing Committee,40th report—Extradition: A review of Australia's law and policy,2001-08-06,2001-08-06,2004-05-13,1011,1011,90,921,False,https://www.aph.gov.au/Parliamentary_Business/Statistics/Senate_StatsNet_Classic/documents/governmentresponses/2004,
classic,Treaties—Joint Standing Committee,45th report—The Statute of the International Criminal Court,2002-05-15,2002-05-15,2004-02-12,638,638,90,548,False,https://www.aph.gov.au/Parliamentary_Business/Statistics/Senate_StatsNet_Classic/documents/governmentresponses/2004,
classic,Treaties—Joint Standing Committee,52nd report,2003-06-26,2003-06-26,2004-06-17,357,357,90,267,False,https://www.aph.gov.au/Parliamentary_Business/Statistics/Senate_StatsNet_Classic/documents/governmentresponses/2004,
classic,Treaties—Joint Standing Committee,56th report—Treaties tabled on 8 October 2003,2003-12-01,2003-12-01,2004-08-12,255,255,90,165,False,https://www.aph.gov.au/Parliamentary_Business/Statistics/Senate_StatsNet_Classic/documents/governmentresponses/2004,
classic,"Foreign Affairs, Defence and Trade—Joint Standing Committee",Watching brief on the war on terrorism,2004-08-03,2004-08-03,2004-12-02,121,121,90,31,False,https://www.aph.gov.au/Parliamentary_Business/Statistics/Senate_StatsNet_Classic/documents/governmentresponses/2004,
classic,"Foreign Affairs, Defence and Trade References Committee",Bali 2002: Security threats to Australians in South East Asia,2004-08-12,2004-08-12,2004-12-02,112,112,90,22,False,https://www.aph.gov.au/Parliamentary_Business/Statistics/Senate_StatsNet_Classic/documents/governmentresponses/2004,
classic,National Capital and External Territories—Joint Standing Committee,Not a town centre: Proposal for pay parking in the Parliamentary Zone,2003-10-13,2003-10-13,2004-11-29,413,413,90,323,False,https://www.aph.gov.au/Parliamentary_Business/Statistics/Senate_StatsNet_Classic/documents/governmentresponses/2004,
classic,Parliamentary Committee Reports,Schedule of government responses outstanding to parliamentary committee reports,2004-06-24,2004-06-24,2004-12-09,168,168,90,78,False,https://www.aph.gov.au/Parliamentary_Business/Statistics/Senate_StatsNet_Classic/documents/governmentresponses/2004,
classic,Rural and Regional Affairs and Transport Legislation Committee,Australian Wool Innovation Limited: Application and expenditure of funds advanced under Statutory Funding agreement dated 31 December 2000,2004-02-12,2004-02-12,2004-12-02,294,294,90,204,False,https://www.aph.gov.au/Parliamentary_Business/Statistics/Senate_StatsNet_Classic/documents/governmentresponses/2004,
classic,Treaties—Joint Standing Committee,53rd report: Treaties tabled in May and June 2003,2003-08-20,2003-08-20,2004-12-02,470,470,90,380,False,https://www.aph.gov.au/Parliamentary_Business/Statistics/Senate_StatsNet_Classic/documents/governmentresponses/2004,
classic,Treaties—Joint Standing Committee,55th report: Treaties tabled on 9 September 2003,2003-10-16,2003-10-16,2004-12-02,413,413,90,323,False,https://www.aph.gov.au/Parliamentary_Business/Statistics/Senate_StatsNet_Classic/documents/governmentresponses/2004,
classic,Treaties—Joint Standing Committee,60th report: Treaties tabled on 2 March 2004,2004-06-16,2004-06-16,2004-12-02,169,169,90,79,False,https://www.aph.gov.au/Parliamentary_Business/Statistics/Senate_StatsNet_Classic/documents/governmentresponses/2004,
classic,"ASIO, ASIS and DSD—Joint Statutory Committee","Review of administration and expenditure for ASIO, ASIS and DSD—Number 3",2005-03-14,2005-03-14,2005-11-10,241,241,90,151,False,https://www.aph.gov.au/Parliamentary_Business/Statistics/Senate_StatsNet_Classic/documents/governmentresponses/2005,
classic,Community Affairs References Committee,First report—Forgotten Australians: A report on Australians who experienced institutional or out-of-home care as children,2004-08-30,2004-08-30,2005-11-10,437,437,90,347,False,https://www.aph.gov.au/Parliamentary_Business/Statistics/Senate_StatsNet_Classic/documents/governmentresponses/2005,
classic,Community Affairs References Committee,Hepatitis C and the blood supply in Australia,2004-06-17,2004-06-17,2005-05-11,328,328,90,238,False,https://www.aph.gov.au/Parliamentary_Business/Statistics/Senate_StatsNet_Classic/documents/governmentresponses/2005,
classic,Community Affairs References Committee,Nursing: The patient profession: Time for action,2002-06-26,2002-06-26,2005-11-10,1233,1233,90,1143,False,https://www.aph.gov.au/Parliamentary_Business/Statistics/Senate_StatsNet_Classic/documents/governmentresponses/2005,
classic,Community Affairs References Committee,Second report—Protecting vulnerable children: A national challenge: Inquiry into Australians who experienced institutional or out-of-home care,2005-03-17,2005-03-17,2005-11-10,238,238,90,148,False,https://www.aph.gov.au/Parliamentary_Business/Statistics/Senate_StatsNet_Classic/documents/governmentresponses/2005,
classic,Corporations and Financial Services—Joint Statutory Committee,Australian Accounting Standards tabled in compliance with the Corporations Act 2001 on 30 August and 16 November 2004,2005-06-16,2005-06-16,2005-12-01,168,168,90,78,False,https://www.aph.gov.au/Parliamentary_Business/Statistics/Senate_StatsNet_Classic/documents/governmentresponses/2005,
classic,Corporations and Financial Services—Joint Statutory Committee,CLERP (Audit Reform and Corporate Disclosure) Bill 2003: Parts 1 and 2,2004-06-15,2004-06-15,2005-03-10,268,268,90,178,False,https://www.aph.gov.au/Parliamentary_Business/Statistics/Senate_StatsNet_Classic/documents/governmentresponses/2005,
classic,Corporations and Financial Services—Joint Statutory Committee,Corporate insolvency laws: A stocktake,2004-08-03,2004-08-03,2005-10-13,436,436,90,346,False,https://www.aph.gov.au/Parliamentary_Business/Statistics/Senate_StatsNet_Classic/documents/governmentresponses/2005,
classic,Corporations and Financial Services—Joint Statutory Committee,Inquiry into the exposure draft of the Corporations Amendment Bill (No. 2) 2005,2005-02-10,2005-02-10,2005-12-08,301,301,90,211,False,https://www.aph.gov.au/Parliamentary_Business/Statistics/Senate_StatsNet_Classic/documents/governmentresponses/2005,
classic,Economics References Committee,Public liability and professional indemnity insurance,2002-10-22,2002-10-22,2005-03-10,870,870,90,780,False,https://www.aph.gov.au/Parliamentary_Business/Statistics/Senate_StatsNet_Classic/documents/governmentresponses/2005,
classic,Economics References Committee,The structure and distributive effects of the Australian taxation system,2004-06-24,2004-06-24,2005-05-11,321,321,90,231,False,https://www.aph.gov.au/Parliamentary_Business/Statistics/Senate_StatsNet_Classic/documents/governmentresponses/2005,
classic,"Employment, Workplace Relations and Education References Committee",Beyond Cole: The future of the construction industry: Confrontation or co-operation?,2004-06-21,2004-06-21,2005-12-22,549,549,90,459,False,https://www.aph.gov.au/Parliamentary_Business/Statistics/Senate_StatsNet_Classic/documents/governmentresponses/2005,
classic,"Employment, Workplace Relations and Education References Committee",Commonwealth funding for schools,2004-08-11,2004-08-11,2005-06-16,309,309,90,219,False,https://www.aph.gov.au/Parliamentary_Business/Statistics/Senate_StatsNet_Classic/documents/governmentresponses/2005,
classic,"Employment, Workplace Relations and Education References Committee",Office of the Chief Scientist,2004-08-05,2004-08-05,2005-11-10,462,462,90,372,False,https://www.aph.gov.au/Parliamentary_Business/Statistics/Senate_StatsNet_Classic/documents/governmentresponses/2005,
classic,Finance and Public Administrative Legislation Committee,Annual reports referred to legislation committees—Report No. 1 of 2005,2005-05-10,2005-05-10,2005-08-11,93,93,90,3,False,https://www.aph.gov.au/Parliamentary_Business/Statistics/Senate_StatsNet_Classic/documents/governmentresponses/2005,
classic,Finance and Public Administration References Committee,Administrative review of veteran and military compensation and income support,2003-12-04,2003-12-04,2005-06-16,560,560,90,470,False,https://www.aph.gov.au/Parliamentary_Business/Statistics/Senate_StatsNet_Classic/documents/governmentresponses/2005,
classic,Finance and Public Administration References Committee,Recruitment and training in the Australian Public Service,2003-09-18,2003-09-18,2005-03-10,539,539,90,449,False,https://www.aph.gov.au/Parliamentary_Business/Statistics/Senate_StatsNet_Classic/documents/governmentresponses/2005,
classic,"Foreign Affairs, Defence and Trade—Joint Standing Committee",Expanding Australia's trade and investment relations with the Gulf States,2005-03-07,2005-03-07,2005-12-01,269,269,90,179,False,https://www.aph.gov.au/Parliamentary_Business/Statistics/Senate_StatsNet_Classic/documents/governmentresponses/2005,
classic,"Foreign Affairs, Defence and Trade—Joint Standing Committee",Human rights and good governance education in the Asia Pacific Region,2004-06-24,2004-06-24,2005-09-15,448,448,90,358,False,https://www.aph.gov.au/Parliamentary_Business/Statistics/Senate_StatsNet_Classic/documents/governmentresponses/2005,
classic,"Foreign Affairs, Defence and Trade—Joint Standing Committee",Near neighbours - Good neighbours: An inquiry into Australia's relationship with Indonesia,2004-06-15,2004-06-15,2005-09-08,450,450,90,360,False,https://www.aph.gov.au/Parliamentary_Business/Statistics/Senate_StatsNet_Classic/documents/governmentresponses/2005,
classic,"Foreign Affairs, Defence and Trade—Joint Standing Committee",Review of the Defence annual report 2002-03,2004-08-11,2004-08-11,2005-06-16,309,309,90,219,False,https://www.aph.gov.au/Parliamentary_Business/Statistics/Senate_StatsNet_Classic/documents/governmentresponses/2005,
classic,"Foreign Affairs, Defence and Trade References Committee",A Pacific engaged: Australia's relations with Papua New Guinea and the island states of the south-west Pacific,2003-08-12,2003-08-12,2005-08-10,729,729,90,639,False,https://www.aph.gov.au/Parliamentary_Business/Statistics/Senate_StatsNet_Classic/documents/governmentresponses/2005,
classic,"Foreign Affairs, Defence and Trade References Committee",Duties of Australian personnel in Iraq,2005-08-18,2005-08-18,2005-11-28,102,102,90,12,False,https://www.aph.gov.au/Parliamentary_Business/Statistics/Senate_StatsNet_Classic/documents/governmentresponses/2005,
classic,"Foreign Affairs, Defence and Trade References Committee",Inquiry into the effectiveness of Australia’s military justice system,2005-06-16,2005-06-16,2005-10-05,111,111,90,21,False,https://www.aph.gov.au/Parliamentary_Business/Statistics/Senate_StatsNet_Classic/documents/governmentresponses/2005,
classic,"Foreign Affairs, Defence and Trade References Committee",Taking stock: Current health preparation arrangements for the deployment of Australian Defence Forces overseas,2004-08-12,2004-08-12,2005-11-07,452,452,90,362,False,https://www.aph.gov.au/Parliamentary_Business/Statistics/Senate_StatsNet_Classic/documents/governmentresponses/2005,
classic,"Foreign Affairs, Defence and Trade References Committee",Voting on trade: The General Agreement on Trade in Services and an Australia-US Free Trade Agreement,2003-11-27,2003-11-27,2005-09-08,651,651,90,561,False,https://www.aph.gov.au/Parliamentary_Business/Statistics/Senate_StatsNet_Classic/documents/governmentresponses/2005,
classic,Migration—Joint Standing Committee,To make a contribution: Review of skilled labour migration programs 2004,2004-03-29,2004-03-29,2005-12-01,612,612,90,522,False,https://www.aph.gov.au/Parliamentary_Business/Statistics/Senate_StatsNet_Classic/documents/governmentresponses/2005,
classic,National Capital and External Territories—Joint Standing Committee,"A national capital, a place to live: Inquiry into the role of the National Capital Authority",2004-08-03,2004-08-03,2005-06-16,317,317,90,227,False,https://www.aph.gov.au/Parliamentary_Business/Statistics/Senate_StatsNet_Classic/documents/governmentresponses/2005,
classic,National Capital and External Territories—Joint Standing Committee,Indian Ocean territories: Review of the annual reports of the Department of Transport and Regional Services and the Department of the Environment and Heritage,2004-11-16,2004-11-16,2005-09-05,293,293,90,203,False,https://www.aph.gov.au/Parliamentary_Business/Statistics/Senate_StatsNet_Classic/documents/governmentresponses/2005,
classic,National Capital and External Territories—Joint Standing Committee,Norfolk Island: Review of the annual reports of the Department of Transport and Regional Services and the Department of the Environment and Heritage,2004-08-03,2004-08-03,2005-08-11,373,373,90,283,False,https://www.aph.gov.au/Parliamentary_Business/Statistics/Senate_StatsNet_Classic/documents/governmentresponses/2005,
classic,National Capital and External Territories—Joint Standing Committee,Quis custodiet ipsos custodes?: Inquiry into governance on Norfolk Island,2003-12-03,2003-12-03,2005-11-07,705,705,90,615,False,https://www.aph.gov.au/Parliamentary_Business/Statistics/Senate_StatsNet_Classic/documents/governmentresponses/2005,
classic,National Capital and External Territories—Joint Standing Committee,Role of the National Capital Authority in determining the extent of redevelopment of the Pierces Creek Settlement in the ACT,2004-11-16,2004-11-16,2005-09-15,303,303,90,213,False,https://www.aph.gov.au/Parliamentary_Business/Statistics/Senate_StatsNet_Classic/documents/governmentresponses/2005,
classic,Native Title and the Aboriginal and Torres Strait Islander Land Fund—Joint Statutory Committee,19th report—Native Title Act 1993—Inquiry under section 206(d)—Second interim report: Indigenous land use agreements,2001-09-26,2001-09-26,2005-11-10,1506,1506,90,1416,False,https://www.aph.gov.au/Parliamentary_Business/Statistics/Senate_StatsNet_Classic/documents/governmentresponses/2005,
classic,Native Title and the Aboriginal and Torres Strait Islander Land Fund—Joint Statutory Committee,Effectiveness of the National Native Title Tribunal in fulfilment of the Committee’s duties pursuant to subparagraph 206(d)(i) of the Native Title Act 1993,2003-12-04,2003-12-04,2005-11-10,707,707,90,617,False,https://www.aph.gov.au/Parliamentary_Business/Statistics/Senate_StatsNet_Classic/documents/governmentresponses/2005,
classic,Parliamentary Committee Reports,Schedule of government responses outstanding to parliamentary committee reports,2004-12-09,2004-12-09,2005-06-23,196,196,90,106,False,https://www.aph.gov.au/Parliamentary_Business/Statistics/Senate_StatsNet_Classic/documents/governmentresponses/2005,
classic,Parliamentary Committee Reports,Schedule of government responses outstanding to parliamentary committee reports,2005-06-23,2005-06-23,2005-12-07,167,167,90,77,False,https://www.aph.gov.au/Parliamentary_Business/Statistics/Senate_StatsNet_Classic/documents/governmentresponses/2005,
classic,Public Accounts and Audit—Joint Statutory Committee,391st Report—Review of independent auditing by registered company auditors,2002-09-18,2002-09-18,2005-03-10,904,904,90,814,False,https://www.aph.gov.au/Parliamentary_Business/Statistics/Senate_StatsNet_Classic/documents/governmentresponses/2005,
classic,Superannuation—Select Committee,Planning for retirement,2003-08-11,2003-08-11,2005-12-01,843,843,90,753,False,https://www.aph.gov.au/Parliamentary_Business/Statistics/Senate_StatsNet_Classic/documents/governmentresponses/2005,
classic,Superannuation—Select Committee,Superannuation and standards of living in retirement: The adequacy of the tax arrangements for superannuation and related policy,2002-12-12,2002-12-12,2005-02-10,791,791,90,701,False,https://www.aph.gov.au/Parliamentary_Business/Statistics/Senate_StatsNet_Classic/documents/governmentresponses/2005,
classic,Treaties—Joint Standing Committee,"57th Report—Convention for the Safety of Life at Sea, 1974 and the International Ship and Port Facility Security (ISPS) Code",2003-12-04,2003-12-04,2005-06-16,560,560,90,470,False,https://www.aph.gov.au/Parliamentary_Business/Statistics/Senate_StatsNet_Classic/documents/governmentresponses/2005,
classic,"ASIO, ASIS and DSD—Joint Statutory Committee","ASIO's questioning and detention powers: Review of the operation, effectiveness and implications of Division 3 of Part III of the Australian Security Intelligence Organisation Act 1979",2005-11-30,2005-11-30,2006-03-30,120,120,90,30,False,https://www.aph.gov.au/Parliamentary_Business/Statistics/Senate_StatsNet_Classic/documents/governmentresponses/2006,
classic,"ASIO, ASIS and DSD—Joint Statutory Committee",Private review of agency security arrangements,2003-10-13,2003-10-13,2006-09-07,1060,1060,90,970,False,https://www.aph.gov.au/Parliamentary_Business/Statistics/Senate_StatsNet_Classic/documents/governmentresponses/2006,
classic,Australian Crime Commission—Joint Statutory Committee,Cybercrime,2004-03-24,2004-03-24,2006-02-09,687,687,90,597,False,https://www.aph.gov.au/Parliamentary_Business/Statistics/Senate_StatsNet_Classic/documents/governmentresponses/2006,
classic,Australian Crime Commission—Joint Statutory Committee,Examination of the annual report for 2003-04 of the Australian Crime Commission,2005-06-23,2005-06-23,2006-08-17,420,420,90,330,False,https://www.aph.gov.au/Parliamentary_Business/Statistics/Senate_StatsNet_Classic/documents/governmentresponses/2006,
classic,Australian Crime Commission—Joint Statutory Committee,Trafficking of women for sexual servitude,2004-06-24,2004-06-24,2006-11-09,868,868,90,778,False,https://www.aph.gov.au/Parliamentary_Business/Statistics/Senate_StatsNet_Classic/documents/governmentresponses/2006,
classic,Community Affairs References Committee,Poverty and financial hardship—A hand up not a hand out: Renewing our fight against poverty,2004-03-11,2004-03-11,2006-03-27,746,746,90,656,False,https://www.aph.gov.au/Parliamentary_Business/Statistics/Senate_StatsNet_Classic/documents/governmentresponses/2006,
classic,Community Affairs References Committee,The cancer journey: Informing choice—The delivery of services and treatment options for persons with cancer,2005-06-23,2005-06-23,2006-06-22,364,364,90,274,False,https://www.aph.gov.au/Parliamentary_Business/Statistics/Senate_StatsNet_Classic/documents/governmentresponses/2006,
classic,Electoral Matters—Joint Standing Committee,The 2004 federal election: Inquiry into the conduct of the 2004 federal election and matters related thereto,2005-10-10,2005-10-10,2006-09-04,329,329,90,239,False,https://www.aph.gov.au/Parliamentary_Business/Statistics/Senate_StatsNet_Classic/documents/governmentresponses/2006,
classic,"Employment, Workplace Relations and Education References Committee",Beyond Cole: The future of the construction industry: Confrontation or co-operation?,2004-06-21,2004-06-21,2006-02-07,596,596,90,506,False,https://www.aph.gov.au/Parliamentary_Business/Statistics/Senate_StatsNet_Classic/documents/governmentresponses/2006,
classic,"Employment, Workplace Relations and Education References Committee",Unfair dismissal and small business employment,2005-06-21,2005-06-21,2006-03-30,282,282,90,192,False,https://www.aph.gov.au/Parliamentary_Business/Statistics/Senate_StatsNet_Classic/documents/governmentresponses/2006,
classic,Finance and Public Administration References Committee,Regional Partnerships and Sustainable Regions programs,2005-10-06,2005-10-06,2006-12-05,425,425,90,335,False,https://www.aph.gov.au/Parliamentary_Business/Statistics/Senate_StatsNet_Classic/documents/governmentresponses/2006,
classic,"Foreign Affairs, Defence and Trade—Joint Standing Committee",Australia's engagement with the World Trade Organisation,2004-08-03,2004-08-03,2006-03-02,576,576,90,486,False,https://www.aph.gov.au/Parliamentary_Business/Statistics/Senate_StatsNet_Classic/documents/governmentresponses/2006,
classic,"Foreign Affairs, Defence and Trade—Joint Standing Committee",Australia's human rights dialogue process,2005-09-12,2005-09-12,2006-03-02,171,171,90,81,False,https://www.aph.gov.au/Parliamentary_Business/Statistics/Senate_StatsNet_Classic/documents/governmentresponses/2006,
classic,"Foreign Affairs, Defence and Trade—Joint Standing Committee",Australia's maritime strategy,2004-06-21,2004-06-21,2006-06-15,724,724,90,634,False,https://www.aph.gov.au/Parliamentary_Business/Statistics/Senate_StatsNet_Classic/documents/governmentresponses/2006,
classic,"Foreign Affairs, Defence and Trade—Joint Standing Committee",Review of the Defence annual report 2003-04,2005-10-11,2005-10-11,2006-03-27,167,167,90,77,False,https://www.aph.gov.au/Parliamentary_Business/Statistics/Senate_StatsNet_Classic/documents/governmentresponses/2006,
classic,"Foreign Affairs, Defence and Trade References Committee",Opportunities and Challenges: Australia's relationship with China [and] China's emergence: Implications for Australia,2005-11-10,2006-03-30,2006-11-06,221,361,90,131,False,https://www.aph.gov.au/Parliamentary_Business/Statistics/Senate_StatsNet_Classic/documents/governmentresponses/2006,
classic,Free Trade Agreement—Australia and the United States of America—Select Committee,Final report,2004-08-05,2004-08-05,2006-05-09,642,642,90,552,False,https://www.aph.gov.au/Parliamentary_Business/Statistics/Senate_StatsNet_Classic/documents/governmentresponses/2006,
classic,Legal and Constitutional Legislation Committee,Defence Legislation Amendment (Aid to Civilian Authorities) Bill 2005,2006-02-07,2006-02-07,2006-11-30,296,296,90,206,False,https://www.aph.gov.au/Parliamentary_Business/Statistics/Senate_StatsNet_Classic/documents/governmentresponses/2006,
classic,Legal and Constitutional Legislation Committee,Family Law Amendment (Shared Parental Responsibility) Bill 2005,2006-03-27,2006-03-27,2006-05-11,45,45,90,0,False,https://www.aph.gov.au/Parliamentary_Business/Statistics/Senate_StatsNet_Classic/documents/governmentresponses/2006,
classic,Legal and Constitutional References Committee,Legal aid and access to justice,2004-06-15,2004-06-15,2006-02-07,602,602,90,512,False,https://www.aph.gov.au/Parliamentary_Business/Statistics/Senate_StatsNet_Classic/documents/governmentresponses/2006,
classic,Legal and Constitutional References Committee,The real Big Brother: Inquiry into the Privacy Act 1988,2005-06-23,2005-06-23,2006-11-30,525,525,90,435,False,https://www.aph.gov.au/Parliamentary_Business/Statistics/Senate_StatsNet_Classic/documents/governmentresponses/2006,
classic,Legal and Constitutional References Committee,They still call Australia home: Inquiry into Australian expatriates,2005-03-08,2005-03-08,2006-12-07,639,639,90,549,False,https://www.aph.gov.au/Parliamentary_Business/Statistics/Senate_StatsNet_Classic/documents/governmentresponses/2006,
classic,Parliamentary Committee Reports,Schedule of government responses outstanding to parliamentary committee reports,2005-12-08,2005-12-08,2006-06-22,196,196,90,106,False,https://www.aph.gov.au/Parliamentary_Business/Statistics/Senate_StatsNet_Classic/documents/governmentresponses/2006,
classic,Parliamentary Committee Reports,Schedule of government responses outstanding to parliamentary committee reports,2006-06-22,2006-06-22,2006-12-07,168,168,90,78,False,https://www.aph.gov.au/Parliamentary_Business/Statistics/Senate_StatsNet_Classic/documents/governmentresponses/2006,
classic,Public Accounts and Audit—Joint Statutory Committee,403rd report—Access of Indigenous Australians to law and justice services,2005-06-22,2005-06-22,2006-03-02,253,253,90,163,False,https://www.aph.gov.au/Parliamentary_Business/Statistics/Senate_StatsNet_Classic/documents/governmentresponses/2006,
classic,Publications—Joint Standing Committee,Distribution of the parliamentary paper series,2006-06-13,2006-06-13,2006-11-09,149,149,90,59,False,https://www.aph.gov.au/Parliamentary_Business/Statistics/Senate_StatsNet_Classic/documents/governmentresponses/2006,
classic,Rural and Regional Affairs and Transport References Committee,The operation of the wine-making industry,2005-10-13,2005-10-13,2006-06-22,252,252,90,162,False,https://www.aph.gov.au/Parliamentary_Business/Statistics/Senate_StatsNet_Classic/documents/governmentresponses/2006,
classic,Superannuation and Financial Services—Select Committee,Early access to superannuation benefits,2002-02-12,2002-02-12,2006-06-19,1588,1588,90,1498,False,https://www.aph.gov.au/Parliamentary_Business/Statistics/Senate_StatsNet_Classic/documents/governmentresponses/2006,
classic,Treaties—Joint Standing Committee,65th report—Treaties tabled on 7 December 2004 (3) and 8 February 2005,2005-06-20,2005-06-20,2006-08-10,416,416,90,326,False,https://www.aph.gov.au/Parliamentary_Business/Statistics/Senate_StatsNet_Classic/documents/governmentresponses/2006,
classic,"ASIO, ASIS and DSD—Joint Statutory Committee",Review of the listing of four terrorist organisations,2005-03-07,2005-09-05,2007-08-16,710,892,90,620,False,https://www.aph.gov.au/Parliamentary_Business/Statistics/Senate_StatsNet_Classic/documents/governmentresponses/2007,
classic,Australian Crime Commission—Joint Statutory Committee,Trafficking of women for sexual servitude—Supplementary report,2005-08-11,2005-08-11,2007-09-13,763,763,90,673,False,https://www.aph.gov.au/Parliamentary_Business/Statistics/Senate_StatsNet_Classic/documents/governmentresponses/2007,
classic,Community Affairs References Committee,Quality and equity in aged care,2005-06-23,2005-06-23,2007-09-20,819,819,90,729,False,https://www.aph.gov.au/Parliamentary_Business/Statistics/Senate_StatsNet_Classic/documents/governmentresponses/2007,
classic,Community Affairs—Standing Committee,Breaking the silence: A national voice for gynaecological cancers,2006-10-19,2006-10-19,2007-02-27,131,131,90,41,False,https://www.aph.gov.au/Parliamentary_Business/Statistics/Senate_StatsNet_Classic/documents/governmentresponses/2007,
classic,Corporations and Financial Services—Joint Statutory Committee,Timeshare: The price of leisure,2005-09-05,2005-09-05,2007-09-10,735,735,90,645,False,https://www.aph.gov.au/Parliamentary_Business/Statistics/Senate_StatsNet_Classic/documents/governmentresponses/2007,
classic,Economics—Standing Committee,Petrol prices in Australia,2006-12-07,2006-12-07,2007-06-21,196,196,90,106,False,https://www.aph.gov.au/Parliamentary_Business/Statistics/Senate_StatsNet_Classic/documents/governmentresponses/2007,
classic,Electoral Matters—Joint Standing Committee,Funding and disclosure: Inquiry into disclosure of donations to political parties and candidates,2006-05-09,2006-05-09,2007-08-07,455,455,90,365,False,https://www.aph.gov.au/Parliamentary_Business/Statistics/Senate_StatsNet_Classic/documents/governmentresponses/2007,
classic,"Employment, Workplace Relations and Education—Standing Committee",Perspectives on the future of the harvest labour force,2006-10-19,2006-10-19,2007-06-21,245,245,90,155,False,https://www.aph.gov.au/Parliamentary_Business/Statistics/Senate_StatsNet_Classic/documents/governmentresponses/2007,
classic,"Environment, Communications, Information Technology and the Arts References Committee",The value of water: Inquiry into Australia's management of urban water,2002-12-05,2002-12-05,2007-05-10,1617,1617,90,1527,False,https://www.aph.gov.au/Parliamentary_Business/Statistics/Senate_StatsNet_Classic/documents/governmentresponses/2007,
classic,"Environment, Communications, Information Technology and the Arts References Committee","Turning back the tide—The invasive species challenge: Report on the regulation, control and management of invasive species and the Environment Protection and Biodiversity Conservation Amendment (Invasive Species) Bill 2002",2004-12-08,2004-12-08,2007-09-13,1009,1009,90,919,False,https://www.aph.gov.au/Parliamentary_Business/Statistics/Senate_StatsNet_Classic/documents/governmentresponses/2007,
classic,Finance and Public Administration—Standing Committee,Superannuation Legislation Amendment Bill 2007,2007-08-07,2007-08-07,2007-09-19,43,43,90,0,False,https://www.aph.gov.au/Parliamentary_Business/Statistics/Senate_StatsNet_Classic/documents/governmentresponses/2007,
classic,"Foreign Affairs, Defence and Trade—Joint Standing Committee",Australia’s defence relations with the United States,2006-06-13,2006-06-13,2007-03-01,261,261,90,171,False,https://www.aph.gov.au/Parliamentary_Business/Statistics/Senate_StatsNet_Classic/documents/governmentresponses/2007,
classic,"Foreign Affairs, Defence and Trade—Joint Standing Committee","Australia’s free trade agreements with Singapore, Thailand and the United States: Progress to date and lessons for the future",2005-11-07,2005-11-07,2007-03-29,507,507,90,417,False,https://www.aph.gov.au/Parliamentary_Business/Statistics/Senate_StatsNet_Classic/documents/governmentresponses/2007,
classic,"Foreign Affairs, Defence and Trade—Joint Standing Committee",Australia’s relationship with Malaysia,2007-03-26,2007-03-26,2007-09-13,171,171,90,81,False,https://www.aph.gov.au/Parliamentary_Business/Statistics/Senate_StatsNet_Classic/documents/governmentresponses/2007,
classic,"Foreign Affairs, Defence and Trade—Joint Standing Committee",Australia’s relationship with the Republic of Korea; and developments on the Korean peninsula,2006-06-22,2006-06-22,2007-03-29,280,280,90,190,False,https://www.aph.gov.au/Parliamentary_Business/Statistics/Senate_StatsNet_Classic/documents/governmentresponses/2007,
classic,"Foreign Affairs, Defence and Trade—Joint Standing Committee",Expanding Australia’s trade and investment relations with North Africa,2006-06-13,2006-06-13,2007-06-14,366,366,90,276,False,https://www.aph.gov.au/Parliamentary_Business/Statistics/Senate_StatsNet_Classic/documents/governmentresponses/2007,
classic,"Foreign Affairs, Defence and Trade—Joint Standing Committee",Review of Australia-New Zealand trade and investment relations,2006-12-07,2006-12-07,2007-06-14,189,189,90,99,False,https://www.aph.gov.au/Parliamentary_Business/Statistics/Senate_StatsNet_Classic/documents/governmentresponses/2007,
classic,"Foreign Affairs, Defence and Trade—Joint Standing Committee",Review of the Defence annual report 2004-05,2006-10-18,2006-10-18,2007-06-21,246,246,90,156,False,https://www.aph.gov.au/Parliamentary_Business/Statistics/Senate_StatsNet_Classic/documents/governmentresponses/2007,
classic,"Foreign Affairs, Defence and Trade References Committee",Mr Chen Yonglin’s request for political asylum,2005-09-12,2005-09-12,2007-06-14,640,640,90,550,False,https://www.aph.gov.au/Parliamentary_Business/Statistics/Senate_StatsNet_Classic/documents/governmentresponses/2007,
classic,Intelligence and Security—Joint Statutory Committee,Review of administration and expenditure: Australian intelligence organisations—Number 4: Recruitment and training,2006-08-14,2006-08-14,2007-09-10,392,392,90,302,False,https://www.aph.gov.au/Parliamentary_Business/Statistics/Senate_StatsNet_Classic/documents/governmentresponses/2007,
classic,Intelligence and Security—Joint Statutory Committee,Review of the re-listing of Al-Qa’ida and Jemaah Islamiyah as terrorist organisations,2006-10-16,2006-10-16,2007-08-16,304,304,90,214,False,https://www.aph.gov.au/Parliamentary_Business/Statistics/Senate_StatsNet_Classic/documents/governmentresponses/2007,
classic,Intelligence and Security—Joint Statutory Committee,"Review of the re-listing of Ansar al-Sunna, JeM, LeJ, EIJ, IAA, AAA and IMU as terrorist organisations",2007-06-12,2007-06-12,2007-09-13,93,93,90,3,False,https://www.aph.gov.au/Parliamentary_Business/Statistics/Senate_StatsNet_Classic/documents/governmentresponses/2007,
classic,Intelligence and Security—Joint Statutory Committee,"Review of the re-listing of ASG, JuA, GIA and GSPC",2007-02-26,2007-02-26,2007-08-16,171,171,90,81,False,https://www.aph.gov.au/Parliamentary_Business/Statistics/Senate_StatsNet_Classic/documents/governmentresponses/2007,
classic,Legal and Constitutional Affairs—Standing Committee,Crimes Legislation Amendment (National Investigative Powers and Witness Protection) Bill 2006,2007-02-07,2007-02-07,2007-08-07,181,181,90,91,False,https://www.aph.gov.au/Parliamentary_Business/Statistics/Senate_StatsNet_Classic/documents/governmentresponses/2007,
classic,Legal and Constitutional Affairs—Standing Committee,Social Security and Other Legislation Amendment (Welfare Payment Reform) Bill 2007 and 4 related bills,2007-08-13,2007-08-13,2007-08-16,3,3,90,0,False,https://www.aph.gov.au/Parliamentary_Business/Statistics/Senate_StatsNet_Classic/documents/governmentresponses/2007,
classic,Legal and Constitutional Legislation Committee,Provisions of Telecommunications (Interception) Amendment Bill 2006,2006-03-27,2006-03-27,2007-05-10,409,409,90,319,False,https://www.aph.gov.au/Parliamentary_Business/Statistics/Senate_StatsNet_Classic/documents/governmentresponses/2007,
classic,Legal and Constitutional References Committee,Administration and operation of the Migration Act 1958,2006-03-02,2006-03-02,2007-06-14,469,469,90,379,False,https://www.aph.gov.au/Parliamentary_Business/Statistics/Senate_StatsNet_Classic/documents/governmentresponses/2007,
classic,Migration—Joint Standing Committee,"Detention centre contracts: Review of audit report no. 1, 2005-06, Management of the detention centre contracts: Part B",2005-12-06,2005-12-06,2007-06-14,555,555,90,465,False,https://www.aph.gov.au/Parliamentary_Business/Statistics/Senate_StatsNet_Classic/documents/governmentresponses/2007,
classic,National Capital and External Territories—Joint Standing Committee,Antarctica: Australia’s pristine frontier: The adequacy of funding for Australia’s Antarctic Program,2005-06-23,2005-06-23,2007-03-01,616,616,90,526,False,https://www.aph.gov.au/Parliamentary_Business/Statistics/Senate_StatsNet_Classic/documents/governmentresponses/2007,
classic,National Capital and External Territories—Joint Standing Committee,Current and future governance arrangements for the Indian Ocean territories,2006-06-13,2006-06-13,2007-06-14,366,366,90,276,False,https://www.aph.gov.au/Parliamentary_Business/Statistics/Senate_StatsNet_Classic/documents/governmentresponses/2007,
classic,National Capital and External Territories—Joint Standing Committee,Norfolk Island electoral matters,2002-08-26,2002-08-26,2007-09-13,1844,1844,90,1754,False,https://www.aph.gov.au/Parliamentary_Business/Statistics/Senate_StatsNet_Classic/documents/governmentresponses/2007,
classic,National Capital and External Territories—Joint Standing Committee,Norfolk Island financial sustainability: The challenge—Sink or swim,2005-12-01,2005-12-01,2007-09-13,651,651,90,561,False,https://www.aph.gov.au/Parliamentary_Business/Statistics/Senate_StatsNet_Classic/documents/governmentresponses/2007,
classic,National Capital and External Territories—Joint Standing Committee,Quis custodiet ipsos custodes?: Inquiry into governance on Norfolk Island,2003-12-03,2003-12-03,2007-09-13,1380,1380,90,1290,False,https://www.aph.gov.au/Parliamentary_Business/Statistics/Senate_StatsNet_Classic/documents/governmentresponses/2007,
classic,National Capital and External Territories—Joint Standing Committee,Review of the Griffin Legacy amendments,2007-03-22,2007-03-22,2007-08-16,147,147,90,57,False,https://www.aph.gov.au/Parliamentary_Business/Statistics/Senate_StatsNet_Classic/documents/governmentresponses/2007,
classic,Native Title and the Aboriginal and Torres Strait Islander Land Account—Joint Statutory Committee,Operation of native title representative bodies,2006-03-27,2006-03-27,2007-03-01,339,339,90,249,False,https://www.aph.gov.au/Parliamentary_Business/Statistics/Senate_StatsNet_Classic/documents/governmentresponses/2007,
classic,Parliamentary Committee Reports,Schedule of government responses outstanding to parliamentary committee reports,2006-12-07,2006-12-07,2007-06-21,196,196,90,106,False,https://www.aph.gov.au/Parliamentary_Business/Statistics/Senate_StatsNet_Classic/documents/governmentresponses/2007,
classic,Public Accounts and Audit—Joint Statutory Committee,372nd report—Corporate governance and accountability arrangements for Commonwealth government business enterprises,2000-02-16,2000-02-16,2007-05-09,2639,2639,90,2549,False,https://www.aph.gov.au/Parliamentary_Business/Statistics/Senate_StatsNet_Classic/documents/governmentresponses/2007,
classic,Publications—Joint Standing Committee,Distribution of the Parliamentary Paper Series,2006-06-13,2006-06-13,2007-06-14,366,366,90,276,False,https://www.aph.gov.au/Parliamentary_Business/Statistics/Senate_StatsNet_Classic/documents/governmentresponses/2007,
classic,Rural and Regional Affairs and Transport References Committee,Australian forest plantations: A review of Plantations for Australia: The 2020 vision,2004-11-16,2004-11-16,2007-09-13,1031,1031,90,941,False,https://www.aph.gov.au/Parliamentary_Business/Statistics/Senate_StatsNet_Classic/documents/governmentresponses/2007,
classic,Rural and Regional Affairs and Transport References Committee,Rural water resource usage,2004-08-12,2004-08-12,2007-02-06,908,908,90,818,False,https://www.aph.gov.au/Parliamentary_Business/Statistics/Senate_StatsNet_Classic/documents/governmentresponses/2007,
classic,Scrutiny of Bills—Standing Committee,3rd report of 2004—The quality of explanatory memoranda accompanying bills,2004-03-24,2004-03-24,2007-03-29,1100,1100,90,1010,False,https://www.aph.gov.au/Parliamentary_Business/Statistics/Senate_StatsNet_Classic/documents/governmentresponses/2007,
classic,Treaties—Joint Standing Committee,"66th report—Treaties tabled on 7 December 2004 (4), 15 March and 11 May 2005",2005-08-18,2005-08-18,2007-08-07,719,719,90,629,False,https://www.aph.gov.au/Parliamentary_Business/Statistics/Senate_StatsNet_Classic/documents/governmentresponses/2007,
classic,Treaties—Joint Standing Committee,80th report—Treaties tabled on 28 March (4) and 5 September (2) 2006,2006-10-19,2006-10-19,2007-03-22,154,154,90,64,False,https://www.aph.gov.au/Parliamentary_Business/Statistics/Senate_StatsNet_Classic/documents/governmentresponses/2007,
classic,Treaties—Joint Standing Committee,81st report—Treaties tabled on 8 August 2006 (2),2006-12-06,2006-12-06,2007-09-13,281,281,90,191,False,https://www.aph.gov.au/Parliamentary_Business/Statistics/Senate_StatsNet_Classic/documents/governmentresponses/2007,
classic,Treaties—Joint Standing Committee,84th report—Treaties tabled on 6 December 2006,2007-06-20,2007-06-20,2007-09-13,85,85,90,0,False,https://www.aph.gov.au/Parliamentary_Business/Statistics/Senate_StatsNet_Classic/documents/governmentresponses/2007,
classic,Community Affairs References Committee,Workplace exposure to toxic dust,2006-06-13,2006-06-13,2008-09-25,835,835,90,745,False,https://www.aph.gov.au/Parliamentary_Business/Statistics/Senate_StatsNet_Classic/documents/governmentresponses/2008,
classic,Community Affairs—Standing Committee,A decent quality of life: Inquiry into the cost of living pressures on older Australians,2008-03-20,2008-03-20,2008-09-15,179,179,90,89,False,https://www.aph.gov.au/Parliamentary_Business/Statistics/Senate_StatsNet_Classic/documents/governmentresponses/2008,
classic,Community Affairs—Standing Committee,A matter relating to the PET review of 2000,2008-06-26,2008-06-26,2008-11-13,140,140,90,50,False,https://www.aph.gov.au/Parliamentary_Business/Statistics/Senate_StatsNet_Classic/documents/governmentresponses/2008,
classic,Electoral Matters—Joint Standing Committee,Civics and electoral education,2007-06-18,2007-06-18,2008-11-10,511,511,90,421,True,https://www.aph.gov.au/Parliamentary_Business/Statistics/Senate_StatsNet_Classic/documents/governmentresponses/2008,
classic,Electoral Matters—Joint Standing Committee,Review of certain aspects of the administration of the Australian Electoral Commission,2007-09-17,2007-09-17,2008-09-25,374,374,90,284,False,https://www.aph.gov.au/Parliamentary_Business/Statistics/Senate_StatsNet_Classic/documents/governmentresponses/2008,
classic,"Employment, Workplace Relations and Education References Committee",Workplace agreements,2005-11-07,2005-11-07,2008-06-23,959,959,90,869,False,https://www.aph.gov.au/Parliamentary_Business/Statistics/Senate_StatsNet_Classic/documents/governmentresponses/2008,
classic,"Environment, Communications, Information Technology and the Arts—Standing Committee",Indigenous art: Securing the future—Australia’s Indigenous visual arts and craft sector,2007-06-20,2007-06-20,2008-08-26,433,433,90,343,False,https://www.aph.gov.au/Parliamentary_Business/Statistics/Senate_StatsNet_Classic/documents/governmentresponses/2008,
classic,Finance and Public Administration—Standing Committee,Departmental and agency contracts: Second report on the operation of the Senate order for the production of lists of departmental and agency contracts (2003-06),2007-02-27,2007-02-27,2008-08-26,546,546,90,456,False,https://www.aph.gov.au/Parliamentary_Business/Statistics/Senate_StatsNet_Classic/documents/governmentresponses/2008,
classic,"Foreign Affairs, Defence and Trade—Joint Standing Committee",Australia’s aid program in the Pacific,2007-09-20,2007-09-20,2008-11-27,434,434,90,344,False,https://www.aph.gov.au/Parliamentary_Business/Statistics/Senate_StatsNet_Classic/documents/governmentresponses/2008,
classic,"Foreign Affairs, Defence and Trade—Joint Standing Committee",Australia’s trade with Mexico and the region,2007-09-12,2007-09-12,2008-09-18,372,372,90,282,False,https://www.aph.gov.au/Parliamentary_Business/Statistics/Senate_StatsNet_Classic/documents/governmentresponses/2008,
classic,"Foreign Affairs, Defence and Trade—Joint Standing Committee",Review of the Defence annual report 2005-06,2008-06-16,2008-06-16,2008-11-13,150,150,90,60,False,https://www.aph.gov.au/Parliamentary_Business/Statistics/Senate_StatsNet_Classic/documents/governmentresponses/2008,
classic,"Foreign Affairs, Defence and Trade—Joint Standing Committee","The removal, search for and discovery of Ms Vivian Solon—Final report",2005-12-08,2005-12-08,2008-11-27,1085,1085,90,995,False,https://www.aph.gov.au/Parliamentary_Business/Statistics/Senate_StatsNet_Classic/documents/governmentresponses/2008,
classic,Intelligence and Security—Joint Statutory Committee,Review of security and counter terrorism legislation,2006-12-04,2006-12-04,2008-12-23,750,750,90,660,False,https://www.aph.gov.au/Parliamentary_Business/Statistics/Senate_StatsNet_Classic/documents/governmentresponses/2008,
classic,Intelligence and Security—Joint Statutory Committee,Inquiry into the proscription of 'terrorist organisations' under the Australian Criminal Code,2007-09-20,2007-09-20,2008-12-23,460,460,90,370,False,https://www.aph.gov.au/Parliamentary_Business/Statistics/Senate_StatsNet_Classic/documents/governmentresponses/2008,
classic,Intelligence and Security—Joint Statutory Committee,Review of the re-listing of Hizballah’s External Security Organisation (ESO); and Review of the re-listing of three terrorist organisations; and Review of the re-listing of Tanzim Qa’idat al-Jihad fi Bilad al-Rafidayn (the al-Zarqawi network) as a terrorist organisation,2007-05-09,2008-02-12,2008-06-26,135,414,90,45,False,https://www.aph.gov.au/Parliamentary_Business/Statistics/Senate_StatsNet_Classic/documents/governmentresponses/2008,single response covers 3 reports; 
classic,National Capital and External Territories—Joint Standing Committee,The way forward: Inquiry into the role of the National Capital Authority,2008-08-26,2008-08-26,2008-12-11,107,107,90,17,False,https://www.aph.gov.au/Parliamentary_Business/Statistics/Senate_StatsNet_Classic/documents/governmentresponses/2008,
classic,Parliamentary Committee Reports,Schedule of government responses outstanding to parliamentary committee reports,2008-06-26,2008-06-26,2008-12-16,173,173,90,83,False,https://www.aph.gov.au/Parliamentary_Business/Statistics/Senate_StatsNet_Classic/documents/governmentresponses/2008,
classic,Public Accounts and Audit—Joint Statutory Committee,410th report—Tax administration,2008-06-26,2008-06-26,2008-11-13,140,140,90,50,False,https://www.aph.gov.au/Parliamentary_Business/Statistics/Senate_StatsNet_Classic/documents/governmentresponses/2008,
classic,Rural and Regional Affairs and Transport Legislation Committee,"An appropriate level of protection? The importation of salmon products: A case study of the administration of Australian Quarantine and the impact of international trade arrangements; and Biosecurity Australia’s import risk analysis for pig meat; and Administration of Biosecurity Australia: Revised draft import risk analysis for bananas from the Philippines; and Administration of Biosecurity Australia: Revised draft import risk analysis for apples from New Zealand; and The administration by the Department of Agriculture, Fisheries and Forestry of the citrus canker outbreak",2000-06-05,2006-06-20,2008-09-25,828,3034,90,738,False,https://www.aph.gov.au/Parliamentary_Business/Statistics/Senate_StatsNet_Classic/documents/governmentresponses/2008,single response covers 5 reports; 
classic,Rural and Regional Affairs and Transport—Standing Committee,Options for additional water supplies for South East Queensland,2007-08-16,2007-08-16,2008-12-04,476,476,90,386,False,https://www.aph.gov.au/Parliamentary_Business/Statistics/Senate_StatsNet_Classic/documents/governmentresponses/2008,
classic,Scrutiny of Bills—Standing Committee,"12th report of 2006—Entry, search and seizure provisions in Commonwealth legislation",2006-12-04,2006-12-04,2008-06-26,570,570,90,480,False,https://www.aph.gov.au/Parliamentary_Business/Statistics/Senate_StatsNet_Classic/documents/governmentresponses/2008,
classic,Community Affairs Legislation Committee,Compliance audits on Medicare benefits,2009-06-17,2009-06-17,2009-10-29,134,134,90,44,False,https://www.aph.gov.au/Parliamentary_Business/Statistics/Senate_StatsNet_Classic/documents/governmentresponses/2009,
classic,Community Affairs References Committee,Lost innocents and forgotten Australians revisited: Report on the progress with the implementation of the recommendations of the lost innocents and forgotten Australians reports,2009-06-25,2009-06-25,2009-11-26,154,154,90,64,False,https://www.aph.gov.au/Parliamentary_Business/Statistics/Senate_StatsNet_Classic/documents/governmentresponses/2009,
classic,Community Affairs—Standing Committee,Building trust: Supporting families through disability trusts,2008-10-16,2008-10-16,2009-05-14,210,210,90,120,False,https://www.aph.gov.au/Parliamentary_Business/Statistics/Senate_StatsNet_Classic/documents/governmentresponses/2009,
classic,Corporations and Financial Services—Joint Statutory Committee,Opportunity not opportunism: Improving conduct in Australian franchising,2008-12-02,2008-12-02,2009-11-16,349,349,90,259,False,https://www.aph.gov.au/Parliamentary_Business/Statistics/Senate_StatsNet_Classic/documents/governmentresponses/2009,
classic,Corporations and Financial Services—Joint Statutory Committee,Aspects of the regulation of proprietary companies,2001-03-08,2001-03-08,2009-08-11,3078,3078,90,2988,False,https://www.aph.gov.au/Parliamentary_Business/Statistics/Senate_StatsNet_Classic/documents/governmentresponses/2009,
classic,Economics—Standing Committee,Disclosure regimes for charities and not-for-profit organisations,2008-12-04,2008-12-04,2009-06-22,200,200,90,110,False,https://www.aph.gov.au/Parliamentary_Business/Statistics/Senate_StatsNet_Classic/documents/governmentresponses/2009,
classic,Economics—Standing Committee,Lost in Space? Setting a new direction for Australia’s space science and industry sector,2008-11-12,2008-11-12,2009-11-19,372,372,90,282,False,https://www.aph.gov.au/Parliamentary_Business/Statistics/Senate_StatsNet_Classic/documents/governmentresponses/2009,
classic,Economics—Standing Committee,"Matters relating to the gas explosion at Varanus Island, Western Australia",2008-12-03,2008-12-03,2009-11-19,351,351,90,261,False,https://www.aph.gov.au/Parliamentary_Business/Statistics/Senate_StatsNet_Classic/documents/governmentresponses/2009,
classic,Economics—Standing Committee,"The need, scope and content of a definition of unconscionable conduct for the purposes of Part IVA of the Trade Practices Act 1974",2008-12-03,2008-12-03,2009-11-16,348,348,90,258,False,https://www.aph.gov.au/Parliamentary_Business/Statistics/Senate_StatsNet_Classic/documents/governmentresponses/2009,
classic,Electoral Matters—Joint Standing Committee,2007 federal election electronic voting trials—Inquiry into the conduct of the 2007 election and matters related thereto,2009-06-23,2009-06-23,2009-09-17,86,86,90,0,False,https://www.aph.gov.au/Parliamentary_Business/Statistics/Senate_StatsNet_Classic/documents/governmentresponses/2009,
classic,"Employment, Workplace Relations and Education References Committee",Bridging the skills divide,2003-11-24,2003-11-24,2009-05-12,1996,1996,90,1906,False,https://www.aph.gov.au/Parliamentary_Business/Statistics/Senate_StatsNet_Classic/documents/governmentresponses/2009,
classic,"Employment, Workplace Relations and Education—Standing Committee",Workforce challenges in the transport industry,2007-08-09,2007-08-09,2009-11-19,833,833,90,743,False,https://www.aph.gov.au/Parliamentary_Business/Statistics/Senate_StatsNet_Classic/documents/governmentresponses/2009,
classic,"Environment, Communications and the Arts—Standing Committee",Sexualisation of children in the contemporary media,2008-06-26,2008-06-26,2009-08-20,420,420,90,330,False,https://www.aph.gov.au/Parliamentary_Business/Statistics/Senate_StatsNet_Classic/documents/governmentresponses/2009,
classic,"Environment, Communications and the Arts—Standing Committee",The effectiveness of the broadcasting codes of practice,2008-06-19,2008-06-19,2009-08-20,427,427,90,337,False,https://www.aph.gov.au/Parliamentary_Business/Statistics/Senate_StatsNet_Classic/documents/governmentresponses/2009,
classic,Finance and Public Administration References Committee,Matters relating to the Gallipoli Peninsula,2005-10-13,2005-10-13,2009-11-19,1498,1498,90,1408,False,https://www.aph.gov.au/Parliamentary_Business/Statistics/Senate_StatsNet_Classic/documents/governmentresponses/2009,
classic,Finance and Public Administration—Standing Committee,Additional estimates 2008-09,2009-03-17,2009-03-17,2009-08-20,156,156,90,66,False,https://www.aph.gov.au/Parliamentary_Business/Statistics/Senate_StatsNet_Classic/documents/governmentresponses/2009,
classic,Finance and Public Administration—Standing Committee,"Knock, knock who’s there? The Lobbying Code of Conduct",2008-09-03,2008-09-03,2009-02-03,153,153,90,63,False,https://www.aph.gov.au/Parliamentary_Business/Statistics/Senate_StatsNet_Classic/documents/governmentresponses/2009,
classic,Finance and Public Administration—Standing Committee,Transparency and accountability of Commonwealth public funding and expenditure,2007-03-01,2007-03-01,2009-03-10,740,740,90,650,True,https://www.aph.gov.au/Parliamentary_Business/Statistics/Senate_StatsNet_Classic/documents/governmentresponses/2009,
classic,"Foreign Affairs, Defence and Trade—Standing Committee",Australia’s public diplomacy: building our image,2007-08-16,2007-08-16,2009-02-05,539,539,90,449,False,https://www.aph.gov.au/Parliamentary_Business/Statistics/Senate_StatsNet_Classic/documents/governmentresponses/2009,
classic,"Foreign Affairs, Defence and Trade—Standing Committee",Reforms to Australia's military justice system: Fourth progress report,2008-09-24,2008-09-24,2009-08-20,330,330,90,240,False,https://www.aph.gov.au/Parliamentary_Business/Statistics/Senate_StatsNet_Classic/documents/governmentresponses/2009,
classic,Housing Affordability in Australia—Select Committee,A good house is hard to find: Housing Affordability in Australia,2008-06-16,2008-06-16,2009-10-26,497,497,90,407,False,https://www.aph.gov.au/Parliamentary_Business/Statistics/Senate_StatsNet_Classic/documents/governmentresponses/2009,
classic,Intelligence and Security—Joint Statutory Committee,Inquiry into the proscription of ‘terrorist organisations’ under the Australian Criminal Code,2007-09-20,2007-09-20,2009-02-03,502,502,90,412,False,https://www.aph.gov.au/Parliamentary_Business/Statistics/Senate_StatsNet_Classic/documents/governmentresponses/2009,
classic,Intelligence and Security—Joint Statutory Committee,Review of security and counter terrorism legislation,2006-12-04,2006-12-04,2009-02-03,792,792,90,702,False,https://www.aph.gov.au/Parliamentary_Business/Statistics/Senate_StatsNet_Classic/documents/governmentresponses/2009,
classic,Intelligence and Security—Joint Statutory Committee,"Review of the re-listing of Abu Sayyaf Group, Jamiat ul-Ansar and Al-Qa'ida in Iraq as terrorist organisations",2009-02-12,2009-02-12,2009-06-15,123,123,90,33,False,https://www.aph.gov.au/Parliamentary_Business/Statistics/Senate_StatsNet_Classic/documents/governmentresponses/2009,
classic,Intelligence and Security—Joint Statutory Committee,"Review of the re-listing of Al-Qa'ida, Jemaah Islamiyah and Al'Qa'ida in the Lands of Islamic Maghreb",2008-10-14,2008-10-14,2009-06-15,244,244,90,154,False,https://www.aph.gov.au/Parliamentary_Business/Statistics/Senate_StatsNet_Classic/documents/governmentresponses/2009,
classic,Intelligence and Security—Joint Statutory Committee,Review of the re-listing of the Kurdistan Workers' Party (PKK),2008-06-25,2008-06-25,2009-06-15,355,355,90,265,False,https://www.aph.gov.au/Parliamentary_Business/Statistics/Senate_StatsNet_Classic/documents/governmentresponses/2009,
classic,Legal and Constitutional Affairs Legislation Committee,Pesonal Property Securities Bill 2009,2009-08-20,2009-08-20,2009-10-26,67,67,90,0,False,https://www.aph.gov.au/Parliamentary_Business/Statistics/Senate_StatsNet_Classic/documents/governmentresponses/2009,
classic,Legal and Constitutional Affairs—Standing Committee,Exposure draft of the Personal Property Securities Bill 2008,2009-03-19,2009-03-19,2009-06-18,91,91,90,1,False,https://www.aph.gov.au/Parliamentary_Business/Statistics/Senate_StatsNet_Classic/documents/governmentresponses/2009,
classic,Migration—Joint Standing Committee,"Temporary visas ... permanent benefits: Ensuring the effectiveness, fairness and integrity of the temporary business visa program",2007-09-12,2007-09-12,2009-09-10,729,729,90,639,False,https://www.aph.gov.au/Parliamentary_Business/Statistics/Senate_StatsNet_Classic/documents/governmentresponses/2009,
classic,National Capital and External Territories—Joint Standing Committee,The way forward: Inquiry into the role of the National Capital Authority,2008-08-26,2008-08-26,2009-02-03,161,161,90,71,False,https://www.aph.gov.au/Parliamentary_Business/Statistics/Senate_StatsNet_Classic/documents/governmentresponses/2009,
classic,Parliamentary Committee Reports,Schedule of government responses outstanding to parliamentary committee reports,2008-06-26,2008-06-26,2009-02-03,222,222,90,132,False,https://www.aph.gov.au/Parliamentary_Business/Statistics/Senate_StatsNet_Classic/documents/governmentresponses/2009,
classic,Parliamentary Committee Reports,Schedule of government responses outstanding to parliamentary committee reports,2008-12-04,2008-12-04,2009-06-24,202,202,90,112,False,https://www.aph.gov.au/Parliamentary_Business/Statistics/Senate_StatsNet_Classic/documents/governmentresponses/2009,
classic,Parliamentary Committee Reports,Schedule of government responses outstanding to parliamentary committee reports,2009-06-25,2009-06-25,2009-11-26,154,154,90,64,False,https://www.aph.gov.au/Parliamentary_Business/Statistics/Senate_StatsNet_Classic/documents/governmentresponses/2009,
classic,Pubic Accounts and Audit—Joint Statutory Committee,411th report—Progress on equipment acquisition and financial reporting in Defence,2008-09-01,2008-09-01,2009-02-03,155,155,90,65,False,https://www.aph.gov.au/Parliamentary_Business/Statistics/Senate_StatsNet_Classic/documents/governmentresponses/2009,
classic,Pubic Accounts and Audit—Joint Statutory Committee,412th report—Audit reports reviewed during the 41st Parliament,2008-09-01,2008-09-01,2009-06-15,287,287,90,197,False,https://www.aph.gov.au/Parliamentary_Business/Statistics/Senate_StatsNet_Classic/documents/governmentresponses/2009,
classic,Pubic Accounts and Audit—Joint Statutory Committee,412th report—Audit reports reviewed during the 41st Parliament,2008-09-01,2008-09-01,2009-06-25,297,297,90,207,False,https://www.aph.gov.au/Parliamentary_Business/Statistics/Senate_StatsNet_Classic/documents/governmentresponses/2009,
classic,Publications—Joint Standing Committee,Printing standards for documents presented to Parliament,2007-09-20,2007-09-20,2009-09-10,721,721,90,631,False,https://www.aph.gov.au/Parliamentary_Business/Statistics/Senate_StatsNet_Classic/documents/governmentresponses/2009,
classic,Rural and Regional Affairs and Transport—Standing Committee,Administration of the Civil Aviation Safety Authority (CASA) and related matters,2008-09-18,2008-09-18,2009-09-10,357,357,90,267,False,https://www.aph.gov.au/Parliamentary_Business/Statistics/Senate_StatsNet_Classic/documents/governmentresponses/2009,
classic,Rural and Regional Affairs and Transport—Standing Committee,"Implementation, operation and administration of the legislation underpinning carbon sink forests",2008-09-23,2008-09-23,2009-06-18,268,268,90,178,False,https://www.aph.gov.au/Parliamentary_Business/Statistics/Senate_StatsNet_Classic/documents/governmentresponses/2009,
classic,Treaties—Joint Standing Committee,91st report—Treaties tabled on 12 March 2008,2008-06-26,2008-06-26,2009-12-17,539,539,90,449,False,https://www.aph.gov.au/Parliamentary_Business/Statistics/Senate_StatsNet_Classic/documents/governmentresponses/2009,
classic,Treaties—Joint Standing Committee,93rd report—Treaties tabled on 12 March and 14 May 2008,2008-09-04,2008-09-04,2009-03-19,196,196,90,106,False,https://www.aph.gov.au/Parliamentary_Business/Statistics/Senate_StatsNet_Classic/documents/governmentresponses/2009,
classic,Treaties—Joint Standing Committee,"95th report—Treaties tabled on 4 June, 17 June, 25 June and 26 August 2008",2008-10-16,2008-10-16,2009-10-29,378,378,90,288,False,https://www.aph.gov.au/Parliamentary_Business/Statistics/Senate_StatsNet_Classic/documents/governmentresponses/2009,
classic,Australian Commission for Law Enforcement Integrity—Joint Statutory Committee,Examination of the annual report for 2007-08 of the Integrity Commissioner,2009-06-16,2009-06-16,2010-06-22,371,371,90,281,False,https://www.aph.gov.au/Parliamentary_Business/Statistics/Senate_StatsNet_Classic/documents/governmentresponses/2010,
classic,Australian Commission for Law Enforcement Integrity—Joint Statutory Committee,Inquiry into law enforcement integrity models,2009-03-10,2009-03-10,2010-06-22,469,469,90,379,False,https://www.aph.gov.au/Parliamentary_Business/Statistics/Senate_StatsNet_Classic/documents/governmentresponses/2010,
classic,Australian Crime Commission—Joint Statutory Committee,Examination of the annual report for 2004-05 of the Australian Crime Commission,2006-10-19,2006-10-19,2010-05-13,1302,1302,90,1212,False,https://www.aph.gov.au/Parliamentary_Business/Statistics/Senate_StatsNet_Classic/documents/governmentresponses/2010,
classic,Australian Crime Commission—Joint Statutory Committee,Examination of the annual report for 2006-07 of the Australian Crime Commission,2008-06-18,2008-06-18,2010-05-13,694,694,90,604,False,https://www.aph.gov.au/Parliamentary_Business/Statistics/Senate_StatsNet_Classic/documents/governmentresponses/2010,
classic,Australian Crime Commission—Joint Statutory Committee,Examination of the annual report for 2007-08 of the Australian Crime Commission,2009-06-17,2009-06-17,2010-06-22,370,370,90,280,False,https://www.aph.gov.au/Parliamentary_Business/Statistics/Senate_StatsNet_Classic/documents/governmentresponses/2010,
classic,Australian Crime Commission—Joint Statutory Committee,Inquiry into the Australian Crime Commission Amendment Act 2007,2008-09-04,2008-09-04,2010-05-13,616,616,90,526,False,https://www.aph.gov.au/Parliamentary_Business/Statistics/Senate_StatsNet_Classic/documents/governmentresponses/2010,
classic,Australian Crime Commission—Joint Statutory Committee,Inquiry into the future impact of serious and organised crime on Australian society,2007-09-19,2007-09-19,2010-05-13,967,967,90,877,False,https://www.aph.gov.au/Parliamentary_Business/Statistics/Senate_StatsNet_Classic/documents/governmentresponses/2010,
classic,Australian Crime Commission—Joint Statutory Committee,Inquiry into the legislative arrangements to outlaw serious and organised crime groups,2009-08-17,2009-08-17,2010-05-13,269,269,90,179,False,https://www.aph.gov.au/Parliamentary_Business/Statistics/Senate_StatsNet_Classic/documents/governmentresponses/2010,
classic,Australian Crime Commission—Joint Statutory Committee,"Inquiry into the manufacture, importation and use of amphetamines and other synthetic drugs (AOSD) in Australia",2007-02-28,2007-02-28,2010-05-13,1170,1170,90,1080,False,https://www.aph.gov.au/Parliamentary_Business/Statistics/Senate_StatsNet_Classic/documents/governmentresponses/2010,
classic,Australian Crime Commission—Joint Statutory Committee,Review of the Australian Crime Commission Act 2002,2005-11-10,2005-11-10,2010-05-13,1645,1645,90,1555,False,https://www.aph.gov.au/Parliamentary_Business/Statistics/Senate_StatsNet_Classic/documents/governmentresponses/2010,
classic,Community Affairs—Standing Committee and References Committee,Beyond petrol sniffing: Renewing hope for Indigenous communities,2006-06-20,2009-03-19,2010-06-22,460,1463,90,370,False,https://www.aph.gov.au/Parliamentary_Business/Statistics/Senate_StatsNet_Classic/documents/governmentresponses/2010,
classic,Community Affairs—Standing Committee,"Highway to health: better access for rural, regional and remote patients",2007-09-20,2007-09-20,2010-02-25,889,889,90,799,False,https://www.aph.gov.au/Parliamentary_Business/Statistics/Senate_StatsNet_Classic/documents/governmentresponses/2010,
classic,Economics References Committee,Government's economic stimulus initiatives,2009-10-27,2009-10-27,2010-03-18,142,142,90,52,False,https://www.aph.gov.au/Parliamentary_Business/Statistics/Senate_StatsNet_Classic/documents/governmentresponses/2010,
classic,Economics—Standing Committee,Australia’s mandatory Last Resort Home Warranty Insurance Scheme,2008-11-13,2008-11-13,2010-06-17,581,581,90,491,False,https://www.aph.gov.au/Parliamentary_Business/Statistics/Senate_StatsNet_Classic/documents/governmentresponses/2010,
classic,"Education, Employment and Workplace Relations References Committee",DEEWR tender process to award employment services contracts,2009-06-25,2009-06-25,2010-02-02,222,222,90,132,False,https://www.aph.gov.au/Parliamentary_Business/Statistics/Senate_StatsNet_Classic/documents/governmentresponses/2010,
classic,Electoral Matters—Joint Standing Committee,Report on the conduct of the 2007 federal election and matters related thereto,2009-06-23,2009-06-23,2010-03-18,268,268,90,178,False,https://www.aph.gov.au/Parliamentary_Business/Statistics/Senate_StatsNet_Classic/documents/governmentresponses/2010,
classic,"Environment, Communications and the Arts Legislation Committee",Environment Protection (Beverage Container Deposit and Recovery Scheme) Bill 2009,2009-09-17,2009-09-17,2010-06-23,279,279,90,189,False,https://www.aph.gov.au/Parliamentary_Business/Statistics/Senate_StatsNet_Classic/documents/governmentresponses/2010,
classic,"Environment, Communications and the Arts—Standing Committee",Management of Australia’s waste streams (including consideration of the Drink Container Recycling Bill),2008-09-03,2008-09-03,2010-02-25,540,540,90,450,False,https://www.aph.gov.au/Parliamentary_Business/Statistics/Senate_StatsNet_Classic/documents/governmentresponses/2010,
classic,"Environment, Communications and the Arts—Standing Committee",Renewable Energy (Electricity) Amendment (Feed-in-Tariff) Bill 2008,2008-11-10,2008-11-10,2010-05-11,547,547,90,457,False,https://www.aph.gov.au/Parliamentary_Business/Statistics/Senate_StatsNet_Classic/documents/governmentresponses/2010,
classic,Finance and Public Administration Legislation Committee,Examination of annual reports no. 2 of 2007,2007-09-12,2007-09-12,2010-06-15,1007,1007,90,917,False,https://www.aph.gov.au/Parliamentary_Business/Statistics/Senate_StatsNet_Classic/documents/governmentresponses/2010,
classic,Finance and Public Administration—Standing Committee,Item 16525 in Part 3 of Schedule 1 to the Health Insurance (General Medical Services Table) Regulations 2007,2008-11-13,2008-11-13,2010-02-25,469,469,90,379,False,https://www.aph.gov.au/Parliamentary_Business/Statistics/Senate_StatsNet_Classic/documents/governmentresponses/2010,
classic,"Foreign Affairs, Defence and Trade—Joint Standing Committee",Inquiry into Australia's relationship with ASEAN,2009-06-24,2009-06-24,2010-03-18,267,267,90,177,False,https://www.aph.gov.au/Parliamentary_Business/Statistics/Senate_StatsNet_Classic/documents/governmentresponses/2010,
classic,"Foreign Affairs, Defence and Trade—Joint Standing Committee",Review of the Defence Annual Report 2006-07,2008-12-02,2008-12-02,2010-02-25,450,450,90,360,False,https://www.aph.gov.au/Parliamentary_Business/Statistics/Senate_StatsNet_Classic/documents/governmentresponses/2010,
classic,"Foreign Affairs, Defence and Trade—Joint Standing Committee",Review of the Defence Annual Report 2006-07: Recommendation 3,2008-12-02,2008-12-02,2010-05-11,525,525,90,435,False,https://www.aph.gov.au/Parliamentary_Business/Statistics/Senate_StatsNet_Classic/documents/governmentresponses/2010,
classic,"Foreign Affairs, Defence and Trade—Joint Standing Committee",Review of the Defence annual report 2007-08,2009-10-29,2009-10-29,2010-09-28,334,334,90,244,False,https://www.aph.gov.au/Parliamentary_Business/Statistics/Senate_StatsNet_Classic/documents/governmentresponses/2010,
classic,"Foreign Affairs, Defence and Trade—Joint Standing Committee",Sealing a just outcome: Report from the inquiry into RAAF F-111 deseal/reseal workers and their families,2009-06-25,2009-06-25,2010-05-13,322,322,90,232,False,https://www.aph.gov.au/Parliamentary_Business/Statistics/Senate_StatsNet_Classic/documents/governmentresponses/2010,
classic,"Foreign Affairs, Defence and Trade—Standing Committee",Australia’s involvement in peacekeeping operations,2008-08-26,2008-08-26,2010-05-11,623,623,90,533,False,https://www.aph.gov.au/Parliamentary_Business/Statistics/Senate_StatsNet_Classic/documents/governmentresponses/2010,
classic,Intelligence and Security—Joint Statutory Committee,"Review of the re-listing of Ansar al-Islam, AAA, IAA, IMU, JeM and LeJ as terrorist organisations; and Review of the re-listing of Hizballah’s External Security Organisation (ESO) as a terrorist organisation; and Review of the listing of Al-Shabaab as a terrorist organisation; and Review of the re-listing of Hamas’ Brigades, PKK, LeT and PIJ as terrorist organisations",2009-06-15,2009-11-17,2010-05-13,177,332,90,87,False,https://www.aph.gov.au/Parliamentary_Business/Statistics/Senate_StatsNet_Classic/documents/governmentresponses/2010,single response covers 4 reports; 
classic,Legal and Constitutional Affairs Legislation Committee,Personal Property Securities (Consequential Amendments) Bill 2009 [Provisions],2009-11-23,2009-11-23,2010-02-04,73,73,90,0,False,https://www.aph.gov.au/Parliamentary_Business/Statistics/Senate_StatsNet_Classic/documents/governmentresponses/2010,
classic,Legal and Constitutional Affairs Legislation Committee,Personal Property Securities (Corporations and Other Amendments) Bill 2010,2010-05-12,2010-05-12,2010-09-28,139,139,90,49,False,https://www.aph.gov.au/Parliamentary_Business/Statistics/Senate_StatsNet_Classic/documents/governmentresponses/2010,
classic,Legal and Constitutional Affairs References Committee,Access to justice,2010-02-02,2010-02-02,2010-09-28,238,238,90,148,False,https://www.aph.gov.au/Parliamentary_Business/Statistics/Senate_StatsNet_Classic/documents/governmentresponses/2010,
classic,Legal and Constitutional Affairs—Standing Committee,Effectiveness of the Sex Discrimination Act 1984 in eliminating discrimination and promoting gender equality,2009-02-03,2009-02-03,2010-05-11,462,462,90,372,False,https://www.aph.gov.au/Parliamentary_Business/Statistics/Senate_StatsNet_Classic/documents/governmentresponses/2010,
classic,Legal and Constitutional Affairs—Standing Committee,Stolen Generation Compensation Bill 2008,2008-06-16,2008-06-16,2010-03-18,640,640,90,550,False,https://www.aph.gov.au/Parliamentary_Business/Statistics/Senate_StatsNet_Classic/documents/governmentresponses/2010,
classic,National Capital and External Territories—Joint Standing Committee,Inquiry into the Immigration Bridge proposal,2009-06-15,2009-06-15,2010-02-04,234,234,90,144,False,https://www.aph.gov.au/Parliamentary_Business/Statistics/Senate_StatsNet_Classic/documents/governmentresponses/2010,
classic,Parliamentary committee reports,Schedule of government responses outstanding to parliamentary committee reports,2009-11-26,2009-11-26,2010-06-23,209,209,90,119,False,https://www.aph.gov.au/Parliamentary_Business/Statistics/Senate_StatsNet_Classic/documents/governmentresponses/2010,
classic,Public Accounts and Audit—Joint Statutory Committee,413th report—The efficiency dividend and small agencies: Size does matter,2008-12-04,2008-12-04,2010-02-04,427,427,90,337,False,https://www.aph.gov.au/Parliamentary_Business/Statistics/Senate_StatsNet_Classic/documents/governmentresponses/2010,
classic,Treaties—Joint Standing Committee,91st report—Treaties tabled on 12 March 2008,2008-06-26,2008-06-26,2010-02-02,586,586,90,496,False,https://www.aph.gov.au/Parliamentary_Business/Statistics/Senate_StatsNet_Classic/documents/governmentresponses/2010,
classic,Treaties—Joint Standing Committee,94th report—Treaties tabled on 14 May 2008,2008-09-18,2008-09-18,2010-03-18,546,546,90,456,False,https://www.aph.gov.au/Parliamentary_Business/Statistics/Senate_StatsNet_Classic/documents/governmentresponses/2010,
classic,Treaties—Joint Standing Committee,"95th report—Treaties tabled on 4 June, 17 June, 25 June and 26 August 2008",2008-10-16,2008-10-16,2010-02-04,476,476,90,386,False,https://www.aph.gov.au/Parliamentary_Business/Statistics/Senate_StatsNet_Classic/documents/governmentresponses/2010,
classic,Treaties—Joint Standing Committee,103rd report—Treaties tabled on 12 March and 13 May 2009,2009-08-18,2009-08-18,2010-05-13,268,268,90,178,False,https://www.aph.gov.au/Parliamentary_Business/Statistics/Senate_StatsNet_Classic/documents/governmentresponses/2010,
classic,Treaties—Joint Standing Committee,106th report—Nuclear non-proliferation and disarmament,2009-09-17,2009-09-17,2010-02-25,161,161,90,71,False,https://www.aph.gov.au/Parliamentary_Business/Statistics/Senate_StatsNet_Classic/documents/governmentresponses/2010,
classic,Australian Commission for Law Enforcement Integrity—Joint Statutory Committee,Operation of the Law Enforcement Integrity Commissioner Act 2006 —Interim report,2010-02-24,2010-02-24,2010-10-25,243,243,90,153,False,https://www.aph.gov.au/Parliamentary_Business/Statistics/Senate_StatsNet_Classic/documents/governmentresponses/2010,
classic,Community Affairs References Committee,The hidden toll: Suicide in Australia,2010-06-24,2010-06-24,2010-12-22,181,181,90,91,False,https://www.aph.gov.au/Parliamentary_Business/Statistics/Senate_StatsNet_Classic/documents/governmentresponses/2010,
classic,Community Affairs—Standing Committee,Funding and operation of the Commonwealth State/Territory Disability Agreement,2007-02-08,2007-02-08,2010-12-21,1412,1412,90,1322,False,https://www.aph.gov.au/Parliamentary_Business/Statistics/Senate_StatsNet_Classic/documents/governmentresponses/2010,
classic,"Environment, Communications and the Arts References Committee",Australia Post's treatment of injured and ill workers,2010-06-24,2010-06-24,2010-12-22,181,181,90,91,False,https://www.aph.gov.au/Parliamentary_Business/Statistics/Senate_StatsNet_Classic/documents/governmentresponses/2010,
classic,Legal and Constitutional Affairs References Committee,Australia's judicial system and the role of judges,2010-02-02,2010-02-02,2010-10-25,265,265,90,175,False,https://www.aph.gov.au/Parliamentary_Business/Statistics/Senate_StatsNet_Classic/documents/governmentresponses/2010,
classic,Parliamentary Committee Reports,Schedule of government responses outstanding to parliamentary committee reports,2010-06-24,2010-06-24,2010-11-24,153,153,90,63,False,https://www.aph.gov.au/Parliamentary_Business/Statistics/Senate_StatsNet_Classic/documents/governmentresponses/2010,
classic,Agricultural and Related Industries—Select Committee,Food production in Australia,2010-09-28,2010-09-28,2011-06-14,259,259,90,169,False,https://www.aph.gov.au/Parliamentary_Business/Statistics/Senate_StatsNet_Classic/documents/governmentresponses/2011,
classic,Agricultural and Related Industries—Select Committee,The incidence and severity of bushfires across Australia—Final report,2010-09-28,2010-09-28,2011-07-06,281,281,90,191,False,https://www.aph.gov.au/Parliamentary_Business/Statistics/Senate_StatsNet_Classic/documents/governmentresponses/2011,
classic,Christmas Island tragedy of 15 December 2010—Joint Select Committee,,2011-07-04,2011-07-04,2011-10-13,101,101,90,11,False,https://www.aph.gov.au/Parliamentary_Business/Statistics/Senate_StatsNet_Classic/documents/governmentresponses/2011,
classic,Community Affairs Legislation Committee,National registration and accreditation scheme for doctors and other health workers,2009-08-11,2009-08-11,2011-11-07,818,818,90,728,False,https://www.aph.gov.au/Parliamentary_Business/Statistics/Senate_StatsNet_Classic/documents/governmentresponses/2011,
classic,Community Affairs References Committee,Gene patents,2011-02-09,2011-02-09,2011-12-06,300,300,90,210,False,https://www.aph.gov.au/Parliamentary_Business/Statistics/Senate_StatsNet_Classic/documents/governmentresponses/2011,
classic,Community Affairs References Committee,Hear us: Inquiry into hearing health in Australia,2010-05-13,2010-05-13,2011-06-14,397,397,90,307,False,https://www.aph.gov.au/Parliamentary_Business/Statistics/Senate_StatsNet_Classic/documents/governmentresponses/2011,
classic,Community Affairs References Committee,The hidden toll: Suicide in Australia,2010-06-24,2010-06-24,2011-02-09,230,230,90,140,False,https://www.aph.gov.au/Parliamentary_Business/Statistics/Senate_StatsNet_Classic/documents/governmentresponses/2011,
classic,Community Affairs—Standing Committee,Funding and operation of the Commonwealth State/Territory Disability Agreement,2007-02-08,2007-02-08,2011-02-09,1462,1462,90,1372,False,https://www.aph.gov.au/Parliamentary_Business/Statistics/Senate_StatsNet_Classic/documents/governmentresponses/2011,
classic,Community Affairs—Standing Committee,Towards recovery: Mental health services in Australia,2008-09-25,2008-09-25,2011-08-25,1064,1064,90,974,False,https://www.aph.gov.au/Parliamentary_Business/Statistics/Senate_StatsNet_Classic/documents/governmentresponses/2011,
classic,Cyber Safety—Joint Select Committee,High wire act – cyber-safety and the young—Interim report,2011-06-20,2011-06-20,2011-12-20,183,183,90,93,False,https://www.aph.gov.au/Parliamentary_Business/Statistics/Senate_StatsNet_Classic/documents/governmentresponses/2011,
classic,Economics Legislation Committee,Tax Laws Amendment (Public Benefit Test) Bill 2010,2010-09-28,2010-09-28,2011-02-28,153,153,90,63,False,https://www.aph.gov.au/Parliamentary_Business/Statistics/Senate_StatsNet_Classic/documents/governmentresponses/2011,
classic,Economics References Committee,Augmented tax assessments [Inquiry into amendments proposed by Senator Cormann on sheet 7010 to the Tax Laws Amendment (2010 Measures No. 4) Bill 2010],2011-05-10,2011-05-10,2011-09-15,128,128,90,38,False,https://www.aph.gov.au/Parliamentary_Business/Statistics/Senate_StatsNet_Classic/documents/governmentresponses/2011,
classic,Economics References Committee,Employee share schemes,2009-08-17,2009-08-17,2011-02-09,541,541,90,451,False,https://www.aph.gov.au/Parliamentary_Business/Statistics/Senate_StatsNet_Classic/documents/governmentresponses/2011,
classic,Economics References Committee,Foreign investment by state-owned entities,2009-09-17,2009-09-17,2011-06-23,644,644,90,554,False,https://www.aph.gov.au/Parliamentary_Business/Statistics/Senate_StatsNet_Classic/documents/governmentresponses/2011,
classic,Economics References Committee,GROCERYchoice website,2009-11-18,2009-11-18,2011-09-22,673,673,90,583,False,https://www.aph.gov.au/Parliamentary_Business/Statistics/Senate_StatsNet_Classic/documents/governmentresponses/2011,
classic,Economics References Committee,Impacts of supermarket price decisions on the dairy industry—Interim report,2011-05-10,2011-05-10,2011-05-12,2,2,90,0,False,https://www.aph.gov.au/Parliamentary_Business/Statistics/Senate_StatsNet_Classic/documents/governmentresponses/2011,
classic,Economics References Committee,"The regulation, registration and remuneration of insolvency practitioners in Australia: the case for a new framework",2010-09-28,2010-09-28,2011-06-14,259,259,90,169,True,https://www.aph.gov.au/Parliamentary_Business/Statistics/Senate_StatsNet_Classic/documents/governmentresponses/2011,
classic,"Education, Employment and Workplace Relations References Committee",Administration and reporting of NAPLAN testing,2011-02-09,2011-02-09,2011-10-13,246,246,90,156,False,https://www.aph.gov.au/Parliamentary_Business/Statistics/Senate_StatsNet_Classic/documents/governmentresponses/2011,
classic,"Education, Employment and Workplace Relations References Committee",Industry Skills Councils,2011-03-23,2011-03-23,2011-08-16,146,146,90,56,False,https://www.aph.gov.au/Parliamentary_Business/Statistics/Senate_StatsNet_Classic/documents/governmentresponses/2011,
classic,"Education, Employment and Workplace Relations References Committee",Primary Schools for the 21st Century—Interim report,2010-06-24,2010-06-24,2011-03-03,252,252,90,162,False,https://www.aph.gov.au/Parliamentary_Business/Statistics/Senate_StatsNet_Classic/documents/governmentresponses/2011,
classic,"Education, Employment and Workplace Relations References Committee",Welfare of international students,2009-11-26,2009-11-26,2011-11-21,725,725,90,635,False,https://www.aph.gov.au/Parliamentary_Business/Statistics/Senate_StatsNet_Classic/documents/governmentresponses/2011,
classic,Electoral Matters—Joint Standing Committee,Civics and electoral education,2007-06-18,2007-06-18,2011-09-12,1547,1547,90,1457,False,https://www.aph.gov.au/Parliamentary_Business/Statistics/Senate_StatsNet_Classic/documents/governmentresponses/2011,
classic,Electoral Matters—Joint Standing Committee,Report on the 2007 federal election—Events in the division of Lindsay—Review of penalty provisions in the Commonwealth Electoral Act 1918,2010-03-18,2010-03-18,2011-07-04,473,473,90,383,False,https://www.aph.gov.au/Parliamentary_Business/Statistics/Senate_StatsNet_Classic/documents/governmentresponses/2011,
classic,"Environment, and Communications Legislation Committee","Carbon Credits (Carbon Farming Initiative) Bill 2011, Carbon Credits (Consequential Amendments) Bill 2011 and Australian National Registry of Emissions Units Bill 2011",2011-06-14,2011-06-14,2011-08-16,63,63,90,0,False,https://www.aph.gov.au/Parliamentary_Business/Statistics/Senate_StatsNet_Classic/documents/governmentresponses/2011,
classic,"Environment, Communications and the Arts Legislation Committee",Telecommunications Legislation Amendment (Fibre Deployment) Bill 2010,2010-05-12,2010-05-12,2011-11-10,547,547,90,457,False,https://www.aph.gov.au/Parliamentary_Business/Statistics/Senate_StatsNet_Classic/documents/governmentresponses/2011,
classic,"Environment, Communications and the Arts References Committee",Australia Post's treatment of injured and ill workers,2010-06-24,2010-06-24,2011-02-09,230,230,90,140,False,https://www.aph.gov.au/Parliamentary_Business/Statistics/Senate_StatsNet_Classic/documents/governmentresponses/2011,
classic,"Environment, Communications and the Arts References Committee",Forestry and mining operations on the Tiwi Islands,2009-10-29,2009-10-29,2011-12-19,781,781,90,691,False,https://www.aph.gov.au/Parliamentary_Business/Statistics/Senate_StatsNet_Classic/documents/governmentresponses/2011,
classic,"Environment, Communications and the Arts—Standing Committee",The operation of the Environment Protection and Biodiversity Conservation Act 1999 —First report,2009-05-12,2009-05-12,2011-09-22,863,863,90,773,False,https://www.aph.gov.au/Parliamentary_Business/Statistics/Senate_StatsNet_Classic/documents/governmentresponses/2011,
classic,"Environment, Communications and the Arts—Standing Committee",The reporting of sports news and the emergence of digital media,2009-05-14,2009-05-14,2011-02-28,655,655,90,565,False,https://www.aph.gov.au/Parliamentary_Business/Statistics/Senate_StatsNet_Classic/documents/governmentresponses/2011,
classic,Finance and Public Administration References Committee,Government advertising and accountability,2005-12-06,2005-12-06,2011-09-12,2106,2106,90,2016,False,https://www.aph.gov.au/Parliamentary_Business/Statistics/Senate_StatsNet_Classic/documents/governmentresponses/2011,
classic,Finance and Public Administration References Committee,Superannuation claims of former and current Commonwealth public service employees,2011-07-04,2011-07-04,2011-10-13,101,101,90,11,False,https://www.aph.gov.au/Parliamentary_Business/Statistics/Senate_StatsNet_Classic/documents/governmentresponses/2011,
classic,Finance and Public Administration—Standing Committee,Examination of annual reports no. 1 of 2009,2009-03-19,2009-03-19,2011-05-12,784,784,90,694,False,https://www.aph.gov.au/Parliamentary_Business/Statistics/Senate_StatsNet_Classic/documents/governmentresponses/2011,
classic,Finance and Public Administration—Standing Committee,Residential and community aged care in Australia,2009-05-12,2009-05-12,2011-02-28,657,657,90,567,False,https://www.aph.gov.au/Parliamentary_Business/Statistics/Senate_StatsNet_Classic/documents/governmentresponses/2011,
classic,"Foreign Affairs, Defence and Trade—Joint Standing Committee",Review of the Defence annual report 2008-09,2010-09-28,2010-09-28,2011-07-04,279,279,90,189,False,https://www.aph.gov.au/Parliamentary_Business/Statistics/Senate_StatsNet_Classic/documents/governmentresponses/2011,
classic,"Foreign Affairs, Defence and Trade Legislation Committee",Australian Civilian Corps Bill 2010,2010-11-17,2010-11-17,2011-03-21,124,124,90,34,False,https://www.aph.gov.au/Parliamentary_Business/Statistics/Senate_StatsNet_Classic/documents/governmentresponses/2011,
classic,"Foreign Affairs, Defence and Trade References Committee",Economic and security challenges facing Papua New Guinea and the island states of the south west Pacific (Volumes 1 and 2),2009-11-19,2010-02-25,2011-05-10,439,537,90,349,False,https://www.aph.gov.au/Parliamentary_Business/Statistics/Senate_StatsNet_Classic/documents/governmentresponses/2011,
classic,"Foreign Affairs, Defence and Trade References Committee",Equity and diversity health check in the Royal Australian Navy—HMAS Success —Report on parliamentary privilege—Possible interference in the work of the committee,2010-03-18,2010-03-18,2011-05-12,420,420,90,330,False,https://www.aph.gov.au/Parliamentary_Business/Statistics/Senate_StatsNet_Classic/documents/governmentresponses/2011,
classic,Intelligence and Security—Joint Statutory Committee,Annual report of committee activities 2008-09,2009-10-28,2009-10-28,2011-05-12,561,561,90,471,False,https://www.aph.gov.au/Parliamentary_Business/Statistics/Senate_StatsNet_Classic/documents/governmentresponses/2011,
classic,Intelligence and Security—Joint Statutory Committee,Review of administration and expenditure No. 8—Australian intelligence agencies,2010-06-22,2010-06-22,2011-09-22,457,457,90,367,False,https://www.aph.gov.au/Parliamentary_Business/Statistics/Senate_StatsNet_Classic/documents/governmentresponses/2011,
classic,Law Enforcement—Joint Statutory Committee,Inquiry into the adequacy of aviation and maritime security measures to combat serious and organised crime,2011-06-16,2011-06-16,2011-11-07,144,144,90,54,False,https://www.aph.gov.au/Parliamentary_Business/Statistics/Senate_StatsNet_Classic/documents/governmentresponses/2011,
classic,Legal and Constitutional Affairs References Committee,Australian Law Reform Commission,2011-05-10,2011-05-10,2011-08-16,98,98,90,8,False,https://www.aph.gov.au/Parliamentary_Business/Statistics/Senate_StatsNet_Classic/documents/governmentresponses/2011,
classic,Legal and Constitutional Affairs References Committee,Review of government compensation payments,2011-02-09,2011-02-09,2011-11-29,293,293,90,203,False,https://www.aph.gov.au/Parliamentary_Business/Statistics/Senate_StatsNet_Classic/documents/governmentresponses/2011,
classic,Migration—Joint Standing Committee,"Negotiating the maze: Review of arrangements for overseas skills recognition, upgrading and licensing",2006-09-11,2006-09-11,2011-06-23,1746,1746,90,1656,False,https://www.aph.gov.au/Parliamentary_Business/Statistics/Senate_StatsNet_Classic/documents/governmentresponses/2011,
classic,Ministerial Discretion in Migration Matters—Select Committee,,2004-03-31,2004-03-31,2011-07-04,2651,2651,90,2561,False,https://www.aph.gov.au/Parliamentary_Business/Statistics/Senate_StatsNet_Classic/documents/governmentresponses/2011,
classic,National Capital and External Territories—Joint Standing Committee,Inquiry into the changing economic environment in the Indian Ocean Territories,2010-05-11,2010-05-11,2011-11-07,545,545,90,455,False,https://www.aph.gov.au/Parliamentary_Business/Statistics/Senate_StatsNet_Classic/documents/governmentresponses/2011,
classic,Parliamentary Budget Office,Inquiry into the proposed Parliamentary Budget Office,2011-03-23,2011-03-23,2011-08-16,146,146,90,56,False,https://www.aph.gov.au/Parliamentary_Business/Statistics/Senate_StatsNet_Classic/documents/governmentresponses/2011,
classic,Parliamentary Committee reports,Schedule of government responses outstanding to parliamentary committee reports,2011-02-09,2011-02-09,2011-07-06,147,147,90,57,False,https://www.aph.gov.au/Parliamentary_Business/Statistics/Senate_StatsNet_Classic/documents/governmentresponses/2011,
classic,Public Accounts and Audit—Joint Statutory Committee,419th report—Inquiry into the Auditor-General Act 1997,2011-02-09,2011-02-09,2011-09-13,216,216,90,126,False,https://www.aph.gov.au/Parliamentary_Business/Statistics/Senate_StatsNet_Classic/documents/governmentresponses/2011,
classic,Public Accounts and Audit—Joint Statutory Committee,421st report—The role of the Auditor-General in scrutinising government advertising,2011-03-03,2011-03-03,2011-09-12,193,193,90,103,False,https://www.aph.gov.au/Parliamentary_Business/Statistics/Senate_StatsNet_Classic/documents/governmentresponses/2011,
classic,Publications—Joint Standing Committee,Inquiry into the development of a digital repository and electronic distribution of the Parliamentary Papers Series: Recommendation 5,2010-06-24,2010-06-24,2011-09-15,448,448,90,358,False,https://www.aph.gov.au/Parliamentary_Business/Statistics/Senate_StatsNet_Classic/documents/governmentresponses/2011,
classic,Reform of the Australian Federation—Select Committee,Australia’s federation: An agenda for reform,2011-07-04,2011-07-04,2011-11-21,140,140,90,50,False,https://www.aph.gov.au/Parliamentary_Business/Statistics/Senate_StatsNet_Classic/documents/governmentresponses/2011,
classic,Regional and Remote Indigenous Communities—Select Committee,Second report,2009-08-11,2009-08-11,2011-05-10,637,637,90,547,False,https://www.aph.gov.au/Parliamentary_Business/Statistics/Senate_StatsNet_Classic/documents/governmentresponses/2011,
classic,Regional and Remote Indigenous Communities—Select Committee,Third report,2009-11-26,2009-11-26,2011-05-10,530,530,90,440,False,https://www.aph.gov.au/Parliamentary_Business/Statistics/Senate_StatsNet_Classic/documents/governmentresponses/2011,
classic,Regional and Remote Indigenous Communities—Select Committee,Fourth report 2010,2010-05-13,2010-05-13,2011-08-25,469,469,90,379,False,https://www.aph.gov.au/Parliamentary_Business/Statistics/Senate_StatsNet_Classic/documents/governmentresponses/2011,
classic,Rural Affairs and Transport Legislation Committee,Exposure draft and explanatory memorandum of the Illegal Logging Prohibition Bill 2011,2011-06-23,2011-06-23,2011-11-25,155,155,90,65,False,https://www.aph.gov.au/Parliamentary_Business/Statistics/Senate_StatsNet_Classic/documents/governmentresponses/2011,presented date used (no tabled date); 
classic,Rural Affairs and Transport References Committee,Australian horse industry and an emergency animal disease response agreement,2011-02-09,2011-02-09,2011-05-10,90,90,90,0,False,https://www.aph.gov.au/Parliamentary_Business/Statistics/Senate_StatsNet_Classic/documents/governmentresponses/2011,
classic,Rural Affairs and Transport References Committee,Pilot training and airline safety; and consideration of the Transport Safety Investigation Amendment (Incident Reports) Bill 2010,2011-06-23,2011-06-23,2011-11-22,152,152,90,62,False,https://www.aph.gov.au/Parliamentary_Business/Statistics/Senate_StatsNet_Classic/documents/governmentresponses/2011,
classic,Rural Affairs and Transport References Committee,Science underpinning the inability to eradicate the Asian honey bee—Interim report,2011-05-10,2011-06-23,2011-11-21,151,195,90,61,False,https://www.aph.gov.au/Parliamentary_Business/Statistics/Senate_StatsNet_Classic/documents/governmentresponses/2011,
classic,Rural Affairs and Transport References Committee,Import risk analysis (IRA) for the importation of Cavendish bananas from the Philippines,2009-08-11,2009-08-11,2011-05-12,639,639,90,549,False,https://www.aph.gov.au/Parliamentary_Business/Statistics/Senate_StatsNet_Classic/documents/governmentresponses/2011,
classic,Rural Affairs and Transport References Committee,Management of the removal of the rebate for AQIS export certification functions,2009-09-14,2009-09-14,2011-02-10,514,514,90,424,False,https://www.aph.gov.au/Parliamentary_Business/Statistics/Senate_StatsNet_Classic/documents/governmentresponses/2011,
classic,Rural Affairs and Transport References Committee,Meat marketing,2009-08-11,2009-08-11,2011-06-14,672,672,90,582,False,https://www.aph.gov.au/Parliamentary_Business/Statistics/Senate_StatsNet_Classic/documents/governmentresponses/2011,
classic,Rural Affairs and Transport References Committee,Natural resource management and conservation challenges,2010-02-04,2010-02-04,2011-03-03,392,392,90,302,False,https://www.aph.gov.au/Parliamentary_Business/Statistics/Senate_StatsNet_Classic/documents/governmentresponses/2011,
classic,Rural Affairs and Transport References Committee,The effectiveness of Airservices Australia's management of aircraft noise,2010-09-28,2010-09-28,2011-02-28,153,153,90,63,False,https://www.aph.gov.au/Parliamentary_Business/Statistics/Senate_StatsNet_Classic/documents/governmentresponses/2011,
classic,Rural and Regional Affairs and Transport—Standing Committee,Climate change and the Australian agricultural sector,2008-12-04,2008-12-04,2011-11-21,1082,1082,90,992,False,https://www.aph.gov.au/Parliamentary_Business/Statistics/Senate_StatsNet_Classic/documents/governmentresponses/2011,
classic,Rural and Regional Affairs and Transport—Standing Committee,Meat marketing—Interim report,2008-09-14,2008-09-14,2011-06-14,1003,1003,90,913,False,https://www.aph.gov.au/Parliamentary_Business/Statistics/Senate_StatsNet_Classic/documents/governmentresponses/2011,
classic,Scrutiny of New Taxes—Select Committee,The student amenities fee – Another tax by another name,2011-02-28,2011-02-28,2011-09-15,199,199,90,109,False,https://www.aph.gov.au/Parliamentary_Business/Statistics/Senate_StatsNet_Classic/documents/governmentresponses/2011,
classic,Treaties—Joint Standing Committee,99th Report—Treaties tabled on 3 December 2008 and 3 February 2009,2009-03-16,2009-03-16,2011-02-10,696,696,90,606,False,https://www.aph.gov.au/Parliamentary_Business/Statistics/Senate_StatsNet_Classic/documents/governmentresponses/2011,
classic,Treaties—Joint Standing Committee,107th Report—Treaties tabled 20 August (2) and 15 September 2009,2009-11-17,2009-11-17,2011-05-12,541,541,90,451,False,https://www.aph.gov.au/Parliamentary_Business/Statistics/Senate_StatsNet_Classic/documents/governmentresponses/2011,
classic,Treaties—Joint Standing Committee,"111th Report—Treaties tabled on 25 November 2009 (3), and 4 and 24 February 2010",2010-06-22,2010-06-22,2011-05-12,324,324,90,234,False,https://www.aph.gov.au/Parliamentary_Business/Statistics/Senate_StatsNet_Classic/documents/governmentresponses/2011,
classic,Treaties—Joint Standing Committee,"116th report—Review into Treaties tabled on 24 and 25 November 2010, 9 February and 1 March 2011 and Treaties referred on 16 November 2010 (Part 3)",2011-05-11,2011-05-11,2011-09-22,134,134,90,44,False,https://www.aph.gov.au/Parliamentary_Business/Statistics/Senate_StatsNet_Classic/documents/governmentresponses/2011,
statsnet,Select Committee for an inquiry into a certain maritime incident,A certain maritime incident,2002-10-23,2002-10-23,2026-04-01,8561,8561,90,8471,False,fixtures/statsnet/2026,
statsnet,Australian Parliament House by lobbyists Finance and Public Administration References Committee,Access to,2024-05-14,2024-05-14,2026-08-20,828,828,90,738,False,fixtures/statsnet/2026,
statsnet,Finance and Public Administration References Committee,Access to legal assistance services,2016-10-13,2016-10-13,2026-04-01,3457,3457,90,3367,False,fixtures/statsnet/2026,
statsnet,Select Committee on Administration of Sports Grants,Administration of Sports Grants,2020-12-01,2021-03-18,2026-06-22,1922,2029,90,1832,False,fixtures/statsnet/2026,
statsnet,Legal and Constitutional Affairs Legislation Committee,Administrative Review Tribunal (Miscellaneous Measures) Bill 2024,2024-11-18,2024-11-18,2026-05-12,540,540,90,450,False,fixtures/statsnet/2026,
statsnet,Legal and Constitutional Affairs Legislation Committee,Administrative Review Tribunal and Other Legislation Amendment Bill 2025,2025-11-06,2025-11-06,2026-03-23,137,137,90,47,False,fixtures/statsnet/2026,
statsnet,Legal and Constitutional Affairs Legislation Committee,Administrative Review Tribunal Bill 2023 and related bills,2024-05-14,2024-05-14,2026-05-12,728,728,90,638,False,fixtures/statsnet/2026,
statsnet,Community Affairs References Committee,Aged care service delivery,2025-10-27,2025-10-27,2026-06-25,241,241,90,151,False,fixtures/statsnet/2026,
statsnet,Joint Standing Committee on Treaties,"Agreement among the Government of Australia, the Government of the United Kingdom of Great Britain and Northern Ireland, and the Government of the United States of America for Cooperation Related to Naval Nuclear Propulsion",2024-11-27,2024-11-27,2026-03-24,482,482,90,392,False,fixtures/statsnet/2026,
statsnet,Rural and Regional Affairs and Transport Legislation Committee,Agriculture (Biosecurity Protection) Levies Bill 2024 [Provisions] and related bills,2024-05-14,2024-05-14,2026-06-22,769,769,90,679,False,fixtures/statsnet/2026,
statsnet,South Australia Environment and Communications References Committee,Algal blooms in,2025-11-24,2025-11-24,2026-03-31,127,127,90,37,False,fixtures/statsnet/2026,
statsnet,Legal and Constitutional Affairs References Committee,"Allegations concerning the inappropriate exercise of ministerial powers, with respect to the visa status of au pairs, and related matters",2018-09-19,2018-09-19,2026-04-01,2751,2751,90,2661,False,fixtures/statsnet/2026,
statsnet,Parliamentary Joint Committee on Law Enforcement,An Australian Standard for the training and use of privately contracted security and detection dogs,2021-02-16,2021-02-16,2026-06-22,1952,1952,90,1862,False,fixtures/statsnet/2026,
statsnet,Parliamentary Joint Committee on Human Rights,Antisemitism at Australian universities,2025-02-13,2025-02-13,2026-03-24,404,404,90,314,False,fixtures/statsnet/2026,
statsnet,"Joint Standing Committee on Foreign Affairs, Defence and Trade",Australia's efforts to advocate for the worldwide abolition of the death penalty,2025-02-04,2025-02-04,2026-06-25,506,506,90,416,False,fixtures/statsnet/2026,
statsnet,Rural and Regional Affairs and Transport References Committee,Australian winegrape purchases code of conduct,2025-03-25,2025-03-25,2026-05-12,413,413,90,323,False,fixtures/statsnet/2026,
statsnet,"Afghanistan Foreign Affairs, Defence and Trade References Committee",Australia’s engagement in,2022-02-08,2022-07-26,2026-05-14,1388,1556,90,1298,False,fixtures/statsnet/2026,
statsnet,Parliamentary Joint Committee on Law Enforcement,Australia’s illicit drug problem: Challenges and opportunities for law enforcement,2024-06-24,2024-06-24,2026-05-12,687,687,90,597,False,fixtures/statsnet/2026,
statsnet,"Commonwealth, Olympic and Paralympic Games Rural and Regional Affairs and Transport References Committee",Australia’s preparedness to host,2023-09-14,2023-12-07,2026-02-03,789,873,90,699,False,fixtures/statsnet/2026,
statsnet,"Joint Standing Committee on Foreign Affairs, Defence and Trade",Australia’s response to the priorities of Pacific Island countries and the Pacific region,2024-11-28,2024-11-28,2026-05-12,530,530,90,440,False,fixtures/statsnet/2026,
statsnet,"Foreign Affairs, Defence and Trade References Committee",Australia’s sanctions regime,2025-02-11,2025-02-11,2026-06-30,504,504,90,414,False,fixtures/statsnet/2026,
statsnet,"Joint Standing Committee on Foreign Affairs, Defence and Trade",Australia’s tourism and international education sectors,2023-10-19,2024-10-08,2026-03-31,539,894,90,449,False,fixtures/statsnet/2026,
statsnet,Australia Rural and Regional Affairs and Transport References Committee,Bank closures in regional,2024-06-24,2024-06-24,2026-06-23,729,729,90,639,False,fixtures/statsnet/2026,
statsnet,Joint Standing Committee on Electoral Matters,"Civics education, engagement, and participation in Australia",2025-02-05,2025-02-05,2026-05-12,461,461,90,371,False,fixtures/statsnet/2026,
statsnet,Environment and Communications References Committee,Climate risk assessment,2026-01-19,2026-01-19,2026-06-22,154,154,90,64,False,fixtures/statsnet/2026,
statsnet,Environment and Communications References Committee,Climate-related marine invasive species,2023-11-06,2023-11-06,2026-04-01,877,877,90,787,False,fixtures/statsnet/2026,
statsnet,Finance and Public Administration Legislation Committee,COAG Legislation Amendment Bill 2023,2024-03-18,2024-03-18,2026-05-12,785,785,90,695,False,fixtures/statsnet/2026,
statsnet,Parliamentary Standing Committee on Public Works,"Cocos (Keeling) Islands — West Island, Seawater Reverse Osmosis Plant Project",2023-05-09,2023-05-09,2026-06-30,1148,1148,90,1058,False,fixtures/statsnet/2026,
statsnet,Legal and Constitutional Affairs Legislation Committee,Commission of Inquiry into Antisemitism at Australian Universities Bill 2024 (No. 2),2024-10-08,2024-10-08,2026-03-24,532,532,90,442,False,fixtures/statsnet/2026,
statsnet,Joint Committee of Public Accounts and Audit,Commonwealth Financial Statements - Inquiry based on Auditor-General's report No. 24 (2017-18),2019-04-02,2019-04-02,2026-06-22,2638,2638,90,2548,False,fixtures/statsnet/2026,
statsnet,Environment and Communications Legislation Committee,Communications Legislation Amendment (Prominence and Anti-siphoning) Bill 2023,2024-05-14,2024-05-14,2026-06-22,769,769,90,679,False,fixtures/statsnet/2026,
statsnet,Legal and Constitutional Affairs References Committee,Comprehensive revision of the Telecommunications (Interception and Access) Act 1979,2015-03-24,2015-03-24,2026-03-12,4006,4006,90,3916,False,fixtures/statsnet/2026,
statsnet,Legal and Constitutional Affairs Legislation Committee,Copyright Legislation Amendment (Fair Pay for Radio Play) Bill 2023,2024-06-24,2024-06-24,2026-03-24,638,638,90,548,False,fixtures/statsnet/2026,
statsnet,Parliamentary Joint Committee on Corporations and Financial Services,Corporate insolvency in Australia,2023-07-31,2023-07-31,2026-08-11,1107,1107,90,1017,False,fixtures/statsnet/2026,
statsnet,Finance and Public Administration Legislation Committee,Corporations (Aboriginal and Torres Strait Islander) Amendment Bill 2021,2021-10-18,2021-10-18,2026-04-01,1626,1626,90,1536,False,fixtures/statsnet/2026,
statsnet,Parliamentary Joint Committee on Law Enforcement,"COVID-19, criminal activity and law enforcement",2021-06-23,2021-06-23,2026-03-04,1715,1715,90,1625,False,fixtures/statsnet/2026,
statsnet,Legal and Constitutional Affairs Legislation Committee,Crimes Amendment (Strengthening the Criminal Justice Response to Sexual Violence) Bill 2024,2024-05-14,2024-05-14,2026-03-23,678,678,90,588,False,fixtures/statsnet/2026,
statsnet,Legal and Constitutional Affairs Legislation Committee,Crimes Legislation Amendment (Combatting Foreign Bribery) Bill 2023 [Provisions],2023-07-31,2023-07-31,2026-03-23,966,966,90,876,False,fixtures/statsnet/2026,
statsnet,Rural and Regional Affairs and Transport Legislation Committee,Criminal Code Amendment (Animal Protection) Bill 2015,2015-06-15,2015-06-16,2026-03-23,3933,3934,90,3843,False,fixtures/statsnet/2026,
statsnet,Legal and Constitutional Affairs Legislation Committee,"Criminal Code Amendment (Genocide, Crimes Against Humanity and War Crimes) Bill 2024",2024-11-18,2024-11-18,2026-06-22,581,581,90,491,False,fixtures/statsnet/2026,
statsnet,Legal and Constitutional Affairs Legislation Committee,Criminal Code Amendment (Hate Crimes) Bill 2024,2025-02-04,2025-02-04,2026-06-22,503,503,90,413,False,fixtures/statsnet/2026,
statsnet,Parliamentary Joint Committee on Law Enforcement,Criminal Code Amendment (Sharing of Abhorrent Violent Material) Act 2019,2022-02-09,2022-02-09,2026-06-22,1594,1594,90,1504,False,fixtures/statsnet/2026,
statsnet,Parliamentary Joint Committee on Law Enforcement,Crystal methamphetamine (ice),2017-09-07,2018-03-28,2026-03-04,2898,3100,90,2808,False,fixtures/statsnet/2026,
statsnet,Australia Legal and Constitutional Affairs References Committee,Current and proposed sexual consent laws in,2023-09-14,2023-09-14,2026-08-20,1071,1071,90,981,False,fixtures/statsnet/2026,
statsnet,Legal and Constitutional Affairs Legislation Committee,Customs Legislation Amendment (False Trade Marks Infringement Notices) Bill 2026,2026-05-12,2026-05-12,2026-08-13,93,93,90,3,False,fixtures/statsnet/2026,
statsnet,Joint Select Committee on Northern Australia,Cyclone reinsurance pool,2023-03-30,2023-03-30,2026-08-20,1239,1239,90,1149,False,fixtures/statsnet/2026,
statsnet,"Foreign Affairs, Defence and Trade Legislation Committee",Defence Amendment (Defence Honours and Awards Appeals Tribunal) Bill 2025,2025-11-24,2025-11-24,2026-03-24,120,120,90,30,False,fixtures/statsnet/2026,
statsnet,"Foreign Affairs, Defence and Trade Legislation Committee",Defence Trade Controls Amendment Bill 2023,2024-03-18,2024-03-18,2026-05-12,785,785,90,695,False,fixtures/statsnet/2026,
statsnet,Rural and Regional Affairs and Transport Legislation Committee,Definitions of meat and other animal products,2022-03-28,2022-03-28,2026-05-12,1506,1506,90,1416,False,fixtures/statsnet/2026,
statsnet,Parliamentary Standing Committee on Public Works,"Department of Agriculture, Water and the Environment Scientific Research Station Modernisation, Macquarie Island",2021-08-24,2021-08-24,2026-05-12,1722,1722,90,1632,False,fixtures/statsnet/2026,
statsnet,Parliamentary Standing Committee on Public Works,Department of Defence — Explosive Ordnance Facilities Northern NSW Redevelopment project,2024-11-19,2024-11-19,2026-05-12,539,539,90,449,False,fixtures/statsnet/2026,
statsnet,Parliamentary Standing Committee on Public Works,Department of Defence — Facilities to Support Advanced Growler Phase 6,2024-06-25,2024-06-25,2026-05-12,686,686,90,596,False,fixtures/statsnet/2026,
statsnet,Parliamentary Standing Committee on Public Works,"Department of Defence — Submarine Rotational Force—West, Priority Works, HMAS Stirling, Western Australia",2024-08-20,2024-08-20,2026-05-12,630,630,90,540,False,fixtures/statsnet/2026,
statsnet,Economics Legislation Committee,Digital Assets (Market Regulation) Bill 2023,2023-09-04,2023-09-04,2026-03-31,939,939,90,849,False,fixtures/statsnet/2026,
statsnet,"Standing Committee on Appropriations, Staffing and Security",Drafting services for non-government senators,2025-10-27,2025-10-27,2026-06-22,238,238,90,148,False,fixtures/statsnet/2026,
statsnet,Joint Standing Committee on Aboriginal and Torres Strait Islander Affairs,Economic self-determination and opportunities for First Nations Australians,2024-11-26,2024-11-26,2026-03-31,490,490,90,400,False,fixtures/statsnet/2026,
statsnet,Education and Employment Legislation Committee,Education and Other Legislation Amendment (Abolishing Indexation and Raising the Minimum Repayment Income for Education and Training Loans) Bill 2022,2023-05-09,2023-05-09,2026-05-12,1099,1099,90,1009,False,fixtures/statsnet/2026,
statsnet,Education and Employment Legislation Committee,Education Legislation Amendment (Startup Year and Other Measures) Bill 2023 [Provisions],2023-05-09,2023-05-09,2026-04-01,1058,1058,90,968,False,fixtures/statsnet/2026,
statsnet,Education and Employment Legislation Committee,Education Services for Overseas Students Amendment (Quality and Integrity) Bill 2024 [Provisions],2024-10-09,2024-10-09,2026-05-12,580,580,90,490,False,fixtures/statsnet/2026,
statsnet,Parliamentary Standing Committee on Public Works,Eighty ninth annual report,2026-03-04,2026-03-04,2026-05-12,69,69,90,0,False,fixtures/statsnet/2026,
statsnet,Select Committee on the establishment of a National Integrity Commission,Establishment of a National Integrity Commission,2016-05-03,2016-05-03,2026-03-23,3611,3611,90,3521,False,fixtures/statsnet/2026,
statsnet,Parliamentary Joint Committee on Corporations and Financial Services,"Ethics and Professional Accountability: Structural Challenges in the Audit, Assurance and Consultancy Industry",2024-11-18,2024-11-18,2026-02-05,444,444,90,354,False,fixtures/statsnet/2026,
statsnet,Parliamentary Joint Committee on Human Rights,Examination of legislation in accordance with the Human Rights (Parliamentary Scrutiny) Act 2011 - Stronger Futures in the Northern Territory Act 2012 and related legislation,2013-06-27,2013-06-27,2026-04-01,4661,4661,90,4571,False,fixtures/statsnet/2026,
statsnet,Parliamentary Joint Committee on the Australian Commission for Law Enforcement Integrity,Examination of the Annual Report of the Integrity Commissioner 2020-21,2022-03-30,2022-03-30,2026-03-23,1454,1454,90,1364,False,fixtures/statsnet/2026,
statsnet,Parliamentary Joint Committee on Law Enforcement,Examination of the Australian Federal Police annual report 2015-16,2018-05-08,2018-05-08,2026-03-04,2857,2857,90,2767,False,fixtures/statsnet/2026,
statsnet,Australia Community Affairs References Committee,Extent and nature of poverty in,2023-05-09,2024-02-28,2026-04-01,763,1058,90,673,False,fixtures/statsnet/2026,
statsnet,Education and Employment Legislation Committee,Family Assistance Legislation Amendment (Cheaper Child Care) Bill 2022 [Provisions],2022-11-21,2022-11-21,2026-04-01,1227,1227,90,1137,False,fixtures/statsnet/2026,
statsnet,Legal and Constitutional Affairs Legislation Committee,Family Law Amendment (Federal Family Violence Orders) Bill 2021 [Provisions],2021-08-03,2021-08-03,2026-03-23,1693,1693,90,1603,False,fixtures/statsnet/2026,
statsnet,Legal and Constitutional Affairs Legislation Committee,Family Law Amendment (Financial Agreements and Other Measures) Bill 2015,2016-02-24,2016-02-24,2026-03-23,3680,3680,90,3590,False,fixtures/statsnet/2026,
statsnet,Legal and Constitutional Affairs Legislation Committee,Family Law Amendment (Parenting Management Hearings) Bill 2017,2018-03-26,2018-03-26,2026-03-23,2919,2919,90,2829,False,fixtures/statsnet/2026,
statsnet,Parliamentary Joint Committee on Law Enforcement,Financial related crime,2015-09-08,2015-09-08,2026-03-04,3830,3830,90,3740,False,fixtures/statsnet/2026,
statsnet,Joint Standing Committee on the National Capital and External Territories,Fostering and promoting the significance of Australia’s National Capital,2024-06-25,2024-06-25,2026-06-22,727,727,90,637,False,fixtures/statsnet/2026,
statsnet,Legal and Constitutional Affairs Legislation Committee,"Freedom of Speech Legislation Amendment (Censorship) Bill 2018, Freedom of Speech Legislation Amendment (Insult and Offend) Bill 2018, Freedom of Speech Legislation Amendment (Security) Bill 2018",2019-04-02,2019-04-02,2026-04-01,2556,2556,90,2466,False,fixtures/statsnet/2026,
statsnet,CSIRO Economics References Committee,Funding and resourcing for the,2026-05-12,2026-05-12,2026-08-11,91,91,90,1,False,fixtures/statsnet/2026,
statsnet,Economics Legislation Committee,Future Made in Australia (Production Tax Credits and Other Measures) Bill 2024,2025-02-04,2025-02-04,2026-03-31,420,420,90,330,False,fixtures/statsnet/2026,
statsnet,Economics Legislation Committee,Future Made in Australia Bill 2024 and a related bill,2024-09-09,2024-09-09,2026-06-22,651,651,90,561,False,fixtures/statsnet/2026,
statsnet,Economics Legislation Committee,Help to Buy Bill 2023 and the Help to Buy (Consequential Provisions) Bill 2023 [Provisions],2024-05-14,2024-05-14,2026-08-11,819,819,90,729,False,fixtures/statsnet/2026,
statsnet,Education and Employment Legislation Committee,Higher Education Support Amendment (Response to the Australian Universities Accord Interim Report) Bill 2023,2023-10-16,2023-10-16,2026-05-12,939,939,90,849,False,fixtures/statsnet/2026,
statsnet,Education and Employment Legislation Committee,Higher Education Support Amendment (Reverse Job-Ready Graduates Fee Hikes and End 50k Arts Degrees) Bill 2025,2026-06-25,2026-06-25,2026-08-20,56,56,90,0,False,fixtures/statsnet/2026,
statsnet,Parliamentary Standing Committee on Public Works,Home Affairs 101 George Street Parramatta Fit-Out,2021-08-24,2021-08-24,2026-05-12,1722,1722,90,1632,False,fixtures/statsnet/2026,
statsnet,"Joint Standing Committee on Foreign Affairs, Defence and Trade",Human rights of women and children,2023-11-30,2023-11-30,2026-03-12,833,833,90,743,False,fixtures/statsnet/2026,
statsnet,Legal and Constitutional Affairs Legislation Committee,Identity Verification Services Bill 2023 and the Identity Verification Services (Consequential Amendments) Bill 2023 [Provisions],2023-11-09,2023-11-09,2026-03-23,865,865,90,775,False,fixtures/statsnet/2026,
statsnet,Rural and Regional Affairs and Transport Legislation Committee,Illegal Logging Prohibition Amendment (Strengthening Measures to Prevent Illegal Timber Trade) Bill 2024 [Provisions],2024-06-24,2024-06-24,2026-02-05,591,591,90,501,False,fixtures/statsnet/2026,
statsnet,Legal and Constitutional Affairs Legislation Committee,Immigration (Education) Amendment (Expanding Access to English Tuition) Bill 2020,2020-11-30,2020-11-30,2026-04-01,1948,1948,90,1858,False,fixtures/statsnet/2026,
statsnet,Parliamentary Joint Committee on Law Enforcement,Impact of new and emerging information and communications technology,2019-07-23,2019-07-23,2026-02-03,2387,2387,90,2297,False,fixtures/statsnet/2026,
statsnet,Joint Select Committee on Implementation of the National Redress Scheme,Implementation of the National Redress Scheme,2020-05-12,2024-11-26,2026-03-04,463,2122,90,373,False,fixtures/statsnet/2026,
statsnet,"Australia's national security Foreign Affairs, Defence and Trade References Committee",Implications of climate change for,2018-06-18,2018-06-18,2026-04-01,2844,2844,90,2754,False,fixtures/statsnet/2026,
statsnet,"Joint Standing Committee on Foreign Affairs, Defence and Trade","Implications of the COVID-19 pandemic for Australia’s foreign affairs, defence and trade",2020-12-08,2020-12-08,2026-06-23,2023,2023,90,1933,False,fixtures/statsnet/2026,
statsnet,Joint Standing Committee on the National Capital and External Territories,Importance of Antarctica to Australia's national interests,2025-02-11,2025-02-11,2026-05-12,455,455,90,365,False,fixtures/statsnet/2026,
statsnet,Australia Community Affairs References Committee,Indefinite detention of people with cognitive and psychiatric impairment in,2016-11-29,2016-11-29,2026-05-12,3451,3451,90,3361,False,fixtures/statsnet/2026,
statsnet,Parliamentary Joint Committee on the Australian Commission for Law Enforcement Integrity,Integrity of overseas Commonwealth law enforcement operations,2013-06-27,2013-06-27,2026-03-23,4652,4652,90,4562,False,fixtures/statsnet/2026,
statsnet,Search Engine Services Online Safety Code Environment and Communications References Committee,Internet,2025-11-26,2025-11-26,2026-05-12,167,167,90,77,False,fixtures/statsnet/2026,
statsnet,Australian school classrooms Education and Employment References Committee,Issue of increasing disruption in,2023-12-04,2024-02-07,2026-05-12,825,890,90,735,False,fixtures/statsnet/2026,
statsnet,Select Committee on Constitutional Recognition of Aboriginal and Torres Strait Islander Peoples Joint Select Committee on Constitutional Recognition of Aboriginal and Torres Strait Islander Peoples,Joint,2014-07-16,2015-06-25,2026-05-12,3974,4318,90,3884,False,fixtures/statsnet/2026,
statsnet,Select Committee on Constitutional Recognition relating to Aboriginal and Torres Strait Islander Peoples Joint Select Committee on Constitutional Recognition relating to Aboriginal and Torres Strait Islander Peoples,Joint,2018-08-13,2018-11-29,2026-04-01,2680,2788,90,2590,False,fixtures/statsnet/2026,
statsnet,Legal and Constitutional Affairs Legislation Committee,Judiciary Amendment (Commonwealth Model Litigant Obligations) Bill 2017,2019-02-12,2019-02-12,2026-03-23,2596,2596,90,2506,False,fixtures/statsnet/2026,
statsnet,Parliamentary Joint Committee on the Australian Commission for Law Enforcement Integrity,Jurisdiction of the Australian Commission for Law Enforcement Integrity,2016-08-31,2016-08-31,2026-03-23,3491,3491,90,3401,False,fixtures/statsnet/2026,
statsnet,Legal and Constitutional Affairs References Committee,"Legislative exemptions that allow faith-based educational institutions to discriminate against students, teachers and staff",2018-11-26,2018-11-26,2026-03-23,2674,2674,90,2584,False,fixtures/statsnet/2026,
statsnet,Finance and Public Administration References Committee,Management and assurance of integrity by consulting services,2023-06-21,2024-06-24,2026-02-03,589,958,90,499,False,fixtures/statsnet/2026,
statsnet,Economics References Committee,Micro-competition opportunities,2025-11-24,2025-11-24,2026-03-24,120,120,90,30,False,fixtures/statsnet/2026,
statsnet,Arm Industrial Precinct Environment and Communications References Committee,Middle,2024-08-21,2024-08-21,2026-03-31,587,587,90,497,False,fixtures/statsnet/2026,
statsnet,Legal and Constitutional Affairs Legislation Committee,Migration Amendment (Removal and Other Measures) Bill 2024,2024-05-14,2024-05-14,2026-03-12,667,667,90,577,False,fixtures/statsnet/2026,
statsnet,Legal and Constitutional Affairs Legislation Committee,Modern Slavery Amendment (Australian Anti-Slavery Commissioner) Bill 2023 [Provisions],2024-02-28,2024-02-28,2026-03-23,754,754,90,664,False,fixtures/statsnet/2026,
statsnet,Joint Select Committee on National Anti-Corruption Commission Legislation,National Anti-Corruption Commission Bills 2022,2022-11-21,2022-11-21,2026-03-23,1218,1218,90,1128,False,fixtures/statsnet/2026,
statsnet,Environment and Communications Legislation Committee,National Broadband Network Companies Amendment (Commitment to Public Ownership) Bill 2024,2025-02-06,2025-02-06,2026-02-03,362,362,90,272,False,fixtures/statsnet/2026,
statsnet,Parliamentary Standing Committee on Public Works,"National Capital Authority — Commonwealth Avenue Bridge, Canberra, ACT, Renewal project",2023-10-17,2023-10-17,2026-05-14,940,940,90,850,False,fixtures/statsnet/2026,
statsnet,"Foreign Affairs, Defence and Trade Legislation Committee",National Commissioner for Defence and Veteran Suicide Prevention Bill 2020 [provisions] and the National Commissioner for Defence and Veteran Suicide Prevention (Consequential Amendments) Bill 2020 [provisions],2020-11-30,2020-11-30,2026-03-23,1939,1939,90,1849,False,fixtures/statsnet/2026,
statsnet,Cultural Policy Environment and Communications References Committee,National,2024-05-14,2024-05-14,2026-05-12,728,728,90,638,False,fixtures/statsnet/2026,
statsnet,Community Affairs Legislation Committee,National Disability Insurance Scheme Amendment (Getting the NDIS Back on Track No. 1) Bill 2024,2024-08-12,2024-08-12,2026-05-14,640,640,90,550,False,fixtures/statsnet/2026,
statsnet,Economics Legislation Committee,National Energy Transition Authority Bill 2022,2023-03-24,2023-03-24,2026-06-22,1186,1186,90,1096,False,fixtures/statsnet/2026,
statsnet,Finance and Public Administration Legislation Committee,National Integrity (Parliamentary Standards) Bill 2019,2020-08-24,2020-08-24,2026-03-23,2037,2037,90,1947,False,fixtures/statsnet/2026,
statsnet,Rural and Regional Affairs and Transport Legislation Committee,National Organic Standard Bill 2024,2025-02-11,2025-02-11,2026-05-12,455,455,90,365,False,fixtures/statsnet/2026,
statsnet,"Volunteer Incentive Scheme (Climate Army) Foreign Affairs, Defence and Trade References Committee",National,2025-11-06,2025-11-06,2026-06-25,231,231,90,141,False,fixtures/statsnet/2026,
statsnet,"Commonwealth and Western Australian governments in relation to the distribution of proceeds of the liquidation of, and litigation concerning, the Bell Group of companies (the proceeds) Legal and Constitutional Affairs References Committee",Nature and scope of any agreement reached by the,2017-03-22,2017-06-21,2026-03-23,3197,3288,90,3107,False,fixtures/statsnet/2026,
statsnet,Environment and Communications Legislation Committee,Nature Positive (Environment Information Australia) Bill 2024 and related bills,2024-09-09,2024-09-09,2026-05-12,610,610,90,520,False,fixtures/statsnet/2026,
statsnet,Joint Standing Committee on the National Disability Insurance Scheme,"NDIS participant experience in rural, regional and remote Australia",2025-11-06,2025-11-06,2026-06-22,228,228,90,138,False,fixtures/statsnet/2026,
statsnet,Joint Select Committee on Northern Australia,Northern Australia Workforce Development,2023-11-30,2024-11-28,2026-05-12,530,894,90,440,False,fixtures/statsnet/2026,
statsnet,Environment and Communications References Committee,Offshore wind industry consultation process,2025-07-22,2025-07-22,2026-06-22,335,335,90,245,False,fixtures/statsnet/2026,
statsnet,Environment and Communications Legislation Committee,Online Safety Amendment (Social Media Minimum Age) Bill 2024,2024-11-26,2024-11-26,2026-06-22,573,573,90,483,False,fixtures/statsnet/2026,
statsnet,Australian Defence Force (ADF) Finance and Public Administration References Committee,Operation and appropriateness of the superannuation and pension schemes for current and former members of the,2026-03-23,2026-03-23,2026-07-01,100,100,90,10,False,fixtures/statsnet/2026,
statsnet,Joint Standing Committee on Northern Australia,Opportunities and challenges of the engagement of traditional owners in the economic development of northern Australia,2022-02-09,2022-02-09,2026-04-01,1512,1512,90,1422,False,fixtures/statsnet/2026,
statsnet,Parliamentary Joint Committee on Corporations and Financial Services,"Oversight of ASIC, the Takeovers Panel and the Corporations Legislation",2023-07-31,2024-05-14,2026-03-24,679,967,90,589,False,fixtures/statsnet/2026,
statsnet,Australia’s administrative review system Legal and Constitutional Affairs References Committee,Performance and integrity of,2022-07-26,2022-07-26,2026-03-23,1336,1336,90,1246,False,fixtures/statsnet/2026,
statsnet,Economics References Committee,Personal choice and community impacts,2016-05-04,2016-08-30,2026-03-04,3473,3591,90,3383,False,fixtures/statsnet/2026,
statsnet,Parliamentary Joint Committee on Human Rights,PJCHR Religious Discrimination Bill 2021 and related bills,2022-02-08,2022-02-08,2026-03-23,1504,1504,90,1414,False,fixtures/statsnet/2026,
statsnet,Environment and Communications References Committee,Press freedom,2021-06-15,2021-06-15,2026-03-23,1742,1742,90,1652,False,fixtures/statsnet/2026,
statsnet,Legal and Constitutional Affairs Legislation Committee,Privacy and Other Legislation Amendment Bill 2024,2024-11-18,2024-11-18,2026-05-12,540,540,90,450,False,fixtures/statsnet/2026,
statsnet,Legal and Constitutional Affairs Legislation Committee,Privacy Legislation Amendment (Enforcement and Other Measures) Bill 2022 [Provisions],2022-11-22,2022-11-22,2026-03-23,1217,1217,90,1127,False,fixtures/statsnet/2026,
statsnet,Finance and Public Administration Legislation Committee,"Public Governance, Performance and Accountability Amendment (Ban Unethical Contractors) Bill 2025",2026-03-26,2026-03-26,2026-08-11,138,138,90,48,False,fixtures/statsnet/2026,
statsnet,Finance and Public Administration Legislation Committee,"Public Governance, Performance and Accountability Amendment (Vaccine Indemnity) Bill 2023",2024-03-18,2024-03-18,2026-05-12,785,785,90,695,False,fixtures/statsnet/2026,
statsnet,Legal and Constitutional Affairs Legislation Committee,Public Interest Disclosure Amendment (Review) Bill 2022,2023-03-20,2023-03-20,2026-05-12,1149,1149,90,1059,False,fixtures/statsnet/2026,
statsnet,Australian higher education providers Education and Employment Legislation Committee,Quality of governance at,2025-10-27,2026-01-19,2026-06-30,162,246,90,72,False,fixtures/statsnet/2026,
statsnet,Joint Committee of Public Accounts and Audit,"Regulatory Activities: Inquiry into Auditor-General’s Reports 33, 47, 48 (2019-20) and 5 and 8 (2020-21)",2021-09-01,2021-09-01,2026-06-25,1758,1758,90,1668,False,fixtures/statsnet/2026,
statsnet,Legal and Constitutional Affairs Legislation Committee,Religious Discrimination Bill 2021; Religious Discrimination (Consequential Amendments) Bill 2021 and Human Rights Legislation Amendment Bill 2021,2022-02-08,2022-02-08,2026-03-23,1504,1504,90,1414,False,fixtures/statsnet/2026,
statsnet,Finance and Public Administration Legislation Committee,"Remuneration Tribunal Amendment (There For Public Service, Not Profit) Bill 2025",2026-03-23,2026-03-23,2026-08-20,150,150,90,60,False,fixtures/statsnet/2026,
statsnet,Electrification Economics References Committee,Residential,2025-07-22,2025-07-22,2026-03-24,245,245,90,155,False,fixtures/statsnet/2026,
statsnet,Parliamentary Joint Committee on Human Rights,Review of Stronger Futures in the Northern Territory Act 2012 and related legislation,2016-03-16,2016-03-16,2026-04-01,3668,3668,90,3578,False,fixtures/statsnet/2026,
statsnet,Parliamentary Joint Committee on Intelligence and Security,Review of the Australian Security Intelligence Organisation Amendment Bill (No. 2) 2025,2026-02-05,2026-02-05,2026-05-12,96,96,90,6,False,fixtures/statsnet/2026,
statsnet,Parliamentary Joint Committee on Intelligence and Security,Review of the Defence Amendment (Safeguarding Australia’s Military Secrets) Bill 2023,2024-03-18,2024-03-18,2026-05-12,785,785,90,695,False,fixtures/statsnet/2026,
statsnet,Parliamentary Joint Committee on Intelligence and Security,"Review of the Exposure Draft Legislation: Combatting Antisemitism, Hate and Extremism Bill 2026",2026-02-03,2026-02-03,2026-06-30,147,147,90,57,False,fixtures/statsnet/2026,
statsnet,Parliamentary Joint Committee on Intelligence and Security,Review of the Intelligence Oversight and Other Legislation Amendment (Integrity Measures) Bill 2020,2022-02-09,2022-02-09,2026-03-23,1503,1503,90,1413,False,fixtures/statsnet/2026,
statsnet,Parliamentary Joint Committee on Intelligence and Security,Review of the listing and re-listing of eight organisations as terrorist organisations under the Criminal Code,2022-09-26,2022-09-26,2026-05-13,1325,1325,90,1235,False,fixtures/statsnet/2026,
statsnet,Parliamentary Joint Committee on Intelligence and Security,Review of the listing of the Islamic Revolutionary Guard Corps as a state sponsor of terrorism under the Criminal Code,2026-03-12,2026-03-12,2026-07-01,111,111,90,21,False,fixtures/statsnet/2026,
statsnet,"Joint Standing Committee on Foreign Affairs, Defence and Trade",Review of the operation of the amendments made by the Autonomous Sanctions Amendment (Magnitsky-style and Other Thematic Sanctions) Act 2021,2025-03-25,2025-03-25,2026-06-30,462,462,90,372,False,fixtures/statsnet/2026,
statsnet,Parliamentary Joint Committee on Intelligence and Security,Review of the Royal Commissions Legislation Amendment (Protections for Providing Information) Bill 2026,2026-03-12,2026-03-12,2026-03-31,19,19,90,0,False,fixtures/statsnet/2026,
statsnet,Australia Legal and Constitutional Affairs References Committee,Right wing extremist movements in,2025-02-04,2025-02-04,2026-03-31,420,420,90,330,False,fixtures/statsnet/2026,
statsnet,Environment and Communications Legislation Committee,Safeguard Mechanism (Crediting) Amendment Bill 2022,2023-03-06,2023-03-06,2026-06-22,1204,1204,90,1114,False,fixtures/statsnet/2026,
statsnet,Economics Legislation Committee,Scams Prevention Framework Bill 2024,2025-02-04,2025-02-04,2026-06-22,503,503,90,413,False,fixtures/statsnet/2026,
statsnet,Select Committee on a National Integrity Commission,Select Committee on a National Integrity Commission,2017-09-13,2017-09-13,2026-03-23,3113,3113,90,3023,False,fixtures/statsnet/2026,
statsnet,Select Committee on Adopting Artificial Intelligence,Select Committee on Adopting Artificial Intelligence (AI),2024-10-10,2024-11-26,2026-04-01,491,538,90,401,False,fixtures/statsnet/2026,
statsnet,Select Committee on Energy Planning and Regulation in Australia,Select Committee on Energy Planning and Regulation in Australia,2025-02-04,2025-02-04,2026-06-22,503,503,90,413,False,fixtures/statsnet/2026,
statsnet,Select Committee on Regional and Remote Indigenous Communities,Select Committee on Regional and Remote Indigenous Communities,2010-09-28,2010-09-28,2026-04-01,5664,5664,90,5574,False,fixtures/statsnet/2026,
statsnet,Select Committee on the Tasmanian Freight Equalisation Scheme,Select Committee on the Tasmanian Freight Equalisation Scheme,2025-02-04,2025-02-04,2026-05-12,462,462,90,372,False,fixtures/statsnet/2026,
statsnet,Select Committee on Supermarket Prices Select Committee on Supermarket Prices,Senate,2024-05-14,2024-05-14,2026-06-22,769,769,90,679,False,fixtures/statsnet/2026,
statsnet,Legal and Constitutional Affairs Legislation Committee,Sex Discrimination Amendment (Removing Discrimination Against Students) Bill 2018,2019-02-14,2019-02-14,2026-03-23,2594,2594,90,2504,False,fixtures/statsnet/2026,
statsnet,Legal and Constitutional Affairs Legislation Committee,Social Media (Anti-Trolling) Bill 2022,2022-03-28,2022-03-28,2026-03-23,1456,1456,90,1366,False,fixtures/statsnet/2026,
statsnet,Finance and Public Administration Legislation Committee,Social Security Legislation Amendment (Remote Engagement Program) Bill 2021,2021-10-18,2021-10-18,2026-04-01,1626,1626,90,1536,False,fixtures/statsnet/2026,
statsnet,"Australia’s aviation sector and its ability to deliver reliable and affordable services to rural, regional and remote communities Rural and Regional Affairs and Transport References Committee",State of,2026-03-02,2026-03-02,2026-06-25,115,115,90,25,False,fixtures/statsnet/2026,
statsnet,"Joint Standing Committee on Foreign Affairs, Defence and Trade",Status of the human right to freedom of religion or belief,2017-11-30,2019-04-03,2026-03-23,2546,3035,90,2456,False,fixtures/statsnet/2026,
statsnet,"Joint Standing Committee on Foreign Affairs, Defence and Trade",Strategic effectiveness and outcomes of Australia's aid program in the Indo-Pacific and its role in supporting Australia’s regional interests,2019-04-03,2019-04-03,2026-05-14,2598,2598,90,2508,False,fixtures/statsnet/2026,
statsnet,Economics Legislation Committee,Superannuation (Objective) Bill 2023,2024-05-14,2024-05-14,2026-03-31,686,686,90,596,False,fixtures/statsnet/2026,
statsnet,Australian tech sector Finance and Public Administration References Committee,Supporting the development of sovereign capability in the,2024-07-01,2024-07-01,2026-03-02,609,609,90,519,False,fixtures/statsnet/2026,
statsnet,Economics Legislation Committee,Tax Laws Amendment (Incentivising Food Donations to Charitable Organisations) Bill 2024,2024-11-18,2024-11-18,2026-03-31,498,498,90,408,False,fixtures/statsnet/2026,
statsnet,Economics Legislation Committee,Treasury Laws Amendment (2021 Measures No. 1) Bill 2021,2021-03-15,2021-03-15,2026-06-25,1928,1928,90,1838,False,fixtures/statsnet/2026,
statsnet,Economics Legislation Committee,Treasury Laws Amendment (2023 Measures No. 1) Bill 2023,2023-06-13,2023-06-13,2026-03-31,1022,1022,90,932,False,fixtures/statsnet/2026,
statsnet,Economics Legislation Committee,Treasury Laws Amendment (Better Targeted Superannuation Concessions and Other Measures) Bill 2023 [Provisions] and Superannuation (Better Targeted Superannuation Concessions) Imposition Bill 2023 [Provisions],2024-05-14,2024-05-14,2026-05-12,728,728,90,638,False,fixtures/statsnet/2026,
statsnet,Economics Legislation Committee,Treasury Laws Amendment (Fairer for Families and Farmers and Other Measures) Bill 2024,2025-02-04,2025-02-04,2026-06-22,503,503,90,413,False,fixtures/statsnet/2026,
statsnet,Economics Legislation Committee,Treasury Laws Amendment (Financial Market Infrastructure and Other Measures) Bill 2024 [Provisions],2024-05-14,2024-05-14,2026-06-25,772,772,90,682,False,fixtures/statsnet/2026,
statsnet,Economics Legislation Committee,Treasury Laws Amendment (Mergers and Acquisitions Reform) Bill 2024 [provisions],2024-11-18,2024-11-18,2026-03-12,479,479,90,389,False,fixtures/statsnet/2026,
statsnet,Economics Legislation Committee,Treasury Laws Amendment (Responsible Buy Now Pay Later and Other Measures) Bill 2024,2024-08-12,2024-08-12,2026-02-05,542,542,90,452,False,fixtures/statsnet/2026,
statsnet,Economics Legislation Committee,Treasury Laws Amendment (Strengthening Financial Systems and Other Measures) Bill 2025,2025-11-24,2025-11-24,2026-03-02,98,98,90,8,False,fixtures/statsnet/2026,
statsnet,Economics Legislation Committee,Treasury Laws Amendment (Support for Small Business and Charities and Other Measures) Bill 2023 [Provisions],2023-11-27,2023-11-27,2026-05-12,897,897,90,807,False,fixtures/statsnet/2026,
statsnet,Economics Legislation Committee,Treasury Laws Amendment (Supporting Choice in Superannuation and Other Measures) Bill 2025,2026-03-04,2026-03-04,2026-06-23,111,111,90,21,False,fixtures/statsnet/2026,
statsnet,Economics Legislation Committee,Treasury Laws Amendment (Tax Accountability and Fairness) Bill 2023 [Provisions],2024-05-14,2024-05-14,2026-06-22,769,769,90,679,False,fixtures/statsnet/2026,
statsnet,"Nations Sustainable Development Goals (SDG) Foreign Affairs, Defence and Trade References Committee",United,2019-02-14,2019-02-14,2026-04-01,2603,2603,90,2513,False,fixtures/statsnet/2026,
statsnet,Education and Employment Legislation Committee,Universities Accord (Australian Tertiary Education Commission) Bill 2025 and the Universities Accord (Australian Tertiary Education Commission) (Consequential and Transitional Provisions) Bill 2025,2026-03-02,2026-03-02,2026-05-12,71,71,90,0,False,fixtures/statsnet/2026,
statsnet,Education and Employment Legislation Committee,Universities Accord (Student Support and Other Measures) Bill 2024,2024-10-08,2024-10-08,2026-05-12,581,581,90,491,False,fixtures/statsnet/2026,
statsnet,Environment and Communications Legislation Committee,Water Amendment (Restoring Our Rivers) Bill 2023 [Provisions],2023-11-10,2023-11-10,2026-06-22,955,955,90,865,False,fixtures/statsnet/2026,
statsnet,Legal and Constitutional Affairs Legislation Committee,Whistleblower Protection Authority Bill 2025,2025-09-01,2025-09-01,2026-05-12,253,253,90,163,False,fixtures/statsnet/2026,
statsnet,Parliamentary Joint Committee on Corporations and Financial Services,Wholesale investor and wholesale client tests,2025-02-13,2025-02-13,2026-03-31,411,411,90,321,False,fixtures/statsnet/2026,
statsnet,"Australian citizens overseas Foreign Affairs, Defence and Trade References Committee",Wrongful detention of,2024-11-28,2024-11-28,2026-06-23,572,572,90,482,False,fixtures/statsnet/2026,
statsnet,Environment and Communications References Committee,Adequacy of protections for the privacy of Australians online,2011-05-10,2011-05-10,2012-11-29,569,569,90,479,False,statsnet/2012,
statsnet,Education and Employment References Committee,Administration and purchasing of Disability Employment Services in Australia,2010-11-25,2010-11-25,2012-02-27,459,459,90,369,False,statsnet/2012,
statsnet,Finance and Public Administration References Committee,Administration of health practitioner registration by the Australian Health Practitioner Regulation Agency (AHPRA),2011-06-14,2011-06-14,2012-02-07,238,238,90,148,False,statsnet/2012,
statsnet,Rural and Regional Affairs and Transport Legislation Committee,Airports Amendment Bill 2010,2010-11-18,2010-11-18,2012-03-13,481,481,90,391,False,statsnet/2012,
statsnet,Rural and Regional Affairs and Transport References Committee,Animal welfare standards in Australia's live export markets and the Live Animal Export (Slaughter) Prohibition Bill 2011 [No. 2] and Live Animal Export Restriction and Prohibition Bill 2011 [No. 2],2011-11-23,2011-11-23,2012-08-14,265,265,90,175,False,statsnet/2012,
statsnet,Finance and Public Administration Legislation Committee,Annual reports referred to committees,2009-09-09,2009-09-09,2012-02-07,881,881,90,791,False,statsnet/2012,
statsnet,Standing Committee on Finance and Public Administration,Annual reports referred to committees,2008-03-20,2008-03-20,2012-03-13,1454,1454,90,1364,False,statsnet/2012,
statsnet,Rural and Regional Affairs and Transport References Committee,Australia's biosecurity and quarantine arrangements,2012-05-10,2012-05-10,2012-08-14,96,96,90,6,False,statsnet/2012,
statsnet,Rural and Regional Affairs and Transport References Committee,Australia's future oil supply and alternative transport fuels,2007-02-07,2007-02-07,2012-06-18,1958,1958,90,1868,False,statsnet/2012,
statsnet,"Joint Standing Committee on Foreign Affairs, Defence and Trade",Australia's relationship with the countries of Africa,2011-06-23,2011-06-23,2012-05-10,322,322,90,232,False,statsnet/2012,
statsnet,"Joint Standing Committee on Foreign Affairs, Defence and Trade","Australia's trade and investment relations with Asia, the Pacific and Latin America",2011-08-23,2011-08-23,2013-02-05,532,532,90,442,False,statsnet/2012,
statsnet,Legal and Constitutional Affairs References Committee,Australian film and literature classification scheme,2011-06-23,2011-06-23,2012-08-16,420,420,90,330,False,statsnet/2012,
statsnet,Legal and Constitutional Affairs References Committee,Australia’s arrangement with Malaysia in relation to asylum seekers,2011-10-11,2011-10-11,2012-06-18,251,251,90,161,False,statsnet/2012,
statsnet,Joint Select Committee on Australia’s Immigration Detention Network,Australia’s immigration detention network,2012-05-10,2012-05-10,2012-11-29,203,203,90,113,False,statsnet/2012,
statsnet,Environment and Communications References Committee,Capacity of communication networks and emergency warning systems to deal with emergencies and natural disasters,2011-11-23,2011-11-23,2012-11-22,365,365,90,275,False,statsnet/2012,
statsnet,Select Committee on the Scrutiny of New Taxes,Carbon tax pricing mechanisms,2011-10-11,2011-11-01,2012-11-19,384,405,90,294,False,statsnet/2012,
statsnet,Legal and Constitutional Affairs Legislation Committee,Combating the Financing of People Smuggling and Other Measures Bill 2011,2011-03-21,2011-03-21,2012-08-16,514,514,90,424,False,statsnet/2012,
statsnet,Community Affairs References Committee,Commonwealth funding and administration of mental health services,2011-11-01,2011-11-01,2012-09-20,324,324,90,234,False,statsnet/2012,
statsnet,Economics References Committee,Competition and pricing in the Australian dairy industry,2010-05-13,2010-05-13,2012-02-07,635,635,90,545,False,statsnet/2012,
statsnet,Community Affairs References Committee,Consumer access to pharmaceutical benefits,2010-11-24,2010-11-24,2012-02-27,460,460,90,370,False,statsnet/2012,
statsnet,Joint Select Committee on Cyber-Safety,Cyber-safety,2011-06-20,2013-05-14,2014-02-13,275,969,90,185,False,statsnet/2012,
statsnet,"Foreign Affairs, Defence and Trade References Committee",Department of Defence's request for tender for aviation contracts and associated issues,2011-08-25,2011-08-25,2012-02-09,168,168,90,78,False,statsnet/2012,
statsnet,Legal and Constitutional Affairs Legislation Committee,Deterring People Smuggling Bill 2011,2011-11-21,2011-11-21,2012-10-29,343,343,90,253,False,statsnet/2012,
statsnet,Legal and Constitutional Affairs References Committee,Donor conception in Australia,2011-02-10,2011-02-10,2012-08-14,551,551,90,461,False,statsnet/2012,
statsnet,"Foreign Affairs, Defence and Trade References Committee",Effectiveness of the Australian Government’s response to Australian citizens who are kidnapped and held for ransom overseas,2011-11-25,2011-11-25,2012-10-09,319,319,90,229,False,statsnet/2012,
statsnet,"Foreign Affairs, Defence and Trade References Committee",Equity and diversity health check in the Royal Australian Navy—HMAS Success,2011-08-25,2011-08-25,2012-02-09,168,168,90,78,False,statsnet/2012,
statsnet,Parliamentary Joint Committee on Law Enforcement,Examination of the 2010-11 annual reports of the Australian Crime Commission and the Australian Federal Police,2012-05-10,2012-05-10,2012-11-01,175,175,90,85,False,statsnet/2012,
statsnet,Parliamentary Joint Committee on Law Enforcement,Examination of the Australian Crime Commission Annual Report 2009-10,2011-08-24,2011-08-24,2012-05-10,260,260,90,170,False,statsnet/2012,
statsnet,Finance and Public Administration Legislation Committee,Exposure Drafts of Australian Privacy Amendment Legislation,2011-06-15,2011-10-11,2012-05-10,212,330,90,122,False,statsnet/2012,
statsnet,"Environment, Communications, Information Technology and the Arts References Committee",Extent and economic impact of salinity in Australia,2006-03-28,2006-03-28,2012-05-10,2235,2235,90,2145,False,statsnet/2012,
statsnet,Economics References Committee,Finance for the not for profit sector,2011-11-25,2011-11-25,2012-08-14,263,263,90,173,False,statsnet/2012,
statsnet,Select Committee on Fuel and Energy,Fuel and energy,2010-09-28,2010-09-28,2012-03-13,532,532,90,442,False,statsnet/2012,
statsnet,Finance and Public Administration References Committee,Government’s administration of the Pharmaceutical Benefits Scheme (PBS),2011-08-17,2011-08-17,2012-08-14,363,363,90,273,False,statsnet/2012,
statsnet,"Joint Standing Committee on Foreign Affairs, Defence and Trade",Human rights in the Asia-Pacific,2010-05-11,2010-05-11,2012-02-09,639,639,90,549,False,statsnet/2012,
statsnet,Economics References Committee,Impacts of supermarket price decisions on the dairy industry,2011-11-03,2011-11-03,2012-02-07,96,96,90,6,False,statsnet/2012,
statsnet,Parliamentary Joint Committee on the Australian Commission for Law Enforcement Integrity,Integrity testing,2011-11-25,2011-11-25,2012-05-10,167,167,90,77,False,statsnet/2012,
statsnet,Joint Select Committee on Gambling Reform,Interactive and online gambling and gambling advertising and Interactive Gambling and Broadcasting Amendment (Online Transactions and Other Measures) Bill 2011,2012-02-07,2012-02-07,2012-06-21,135,135,90,45,False,statsnet/2012,
statsnet,Legal and Constitutional Affairs References Committee,International child abduction to and from Australia,2011-10-31,2011-10-31,2012-05-10,192,192,90,102,False,statsnet/2012,
statsnet,Rural and Regional Affairs and Transport References Committee,Investment of Commonwealth and state funds in public passenger transport infrastructure and services,2009-08-20,2009-08-20,2012-06-27,1042,1042,90,952,False,statsnet/2012,
statsnet,Rural and Regional Affairs and Transport References Committee,Iraqi wheat debt,2005-06-16,2005-06-16,2012-06-21,2562,2562,90,2472,False,statsnet/2012,
statsnet,"Foreign Affairs, Defence and Trade References Committee",Matters relating to the Torres Strait region,2011-02-09,2011-02-09,2012-08-14,552,552,90,462,False,statsnet/2012,
statsnet,Select Committee on Men's Health,Men's health,2009-06-15,2009-06-15,2012-10-29,1232,1232,90,1142,False,statsnet/2012,
statsnet,Joint Standing Committee on Migration,Migration treatment of disability,2010-06-22,2010-06-22,2012-11-01,863,863,90,773,False,statsnet/2012,
statsnet,Joint Committee of Public Accounts and Audit,National Funding Agreements,2012-02-07,2012-02-07,2012-08-16,191,191,90,101,False,statsnet/2012,
statsnet,Select Committee on the Scrutiny of New Taxes,National mining tax,2011-07-04,2011-07-04,2012-03-13,253,253,90,163,False,statsnet/2012,
statsnet,Finance and Public Administration References Committee,"Native vegetation laws, greenhouse gas abatement and climate change measures",2010-05-11,2010-05-11,2012-02-07,637,637,90,547,False,statsnet/2012,
statsnet,Joint Committee of Public Accounts and Audit,Ninth biannual hearing with the Commissioner of Taxation,2011-11-25,2011-11-25,2012-08-14,263,263,90,173,False,statsnet/2012,
statsnet,Parliamentary Joint Committee on the Australian Commission for Law Enforcement Integrity,Operation of the Law Enforcement Integrity Commissioner Act 2006,2010-02-24,2011-07-07,2012-02-09,217,715,90,127,False,statsnet/2012,
statsnet,Community Affairs References Committee,Planning options and services for people ageing with a disability,2011-07-06,2011-07-06,2012-11-19,502,502,90,412,False,statsnet/2012,
statsnet,Joint Select Committee on Gambling Reform,Pre-commitments scheme,2011-05-10,2011-05-10,2012-05-10,366,366,90,276,False,statsnet/2012,
statsnet,Education and Employment References Committee,Primary Schools for the Twenty First Century Program,2011-05-10,2011-05-10,2012-06-27,414,414,90,324,False,statsnet/2012,
statsnet,Legal and Constitutional Affairs Legislation Committee,Privacy Amendment (Enhancing Privacy Protection) Bill 2012,2012-10-09,2012-10-09,2012-11-22,44,44,90,0,False,statsnet/2012,
statsnet,"Foreign Affairs, Defence and Trade References Committee",Procurement procedures for Defence capital projects,2012-09-10,2012-09-10,2012-10-29,49,49,90,0,False,statsnet/2012,
statsnet,Legal and Constitutional Affairs References Committee,Provisions of the Water Act 2007,2011-06-14,2011-06-14,2012-05-10,331,331,90,241,False,statsnet/2012,
statsnet,Environment and Communications References Committee,Recent ABC programming decisions,2011-10-13,2011-10-13,2012-10-29,382,382,90,292,False,statsnet/2012,
statsnet,Community Affairs References Committee,Regulatory standards for the approval of medical devices,2011-11-22,2011-11-22,2012-09-13,296,296,90,206,False,statsnet/2012,
statsnet,"Joint Standing Committee on Foreign Affairs, Defence and Trade",Review of the Defence Annual Report 2009-10,2012-02-27,2012-02-27,2012-06-18,112,112,90,22,False,statsnet/2012,
statsnet,Community Affairs References Committee,Review of the Professional Services Review (PSR) Scheme,2011-10-31,2011-10-31,2012-03-13,134,134,90,44,False,statsnet/2012,
statsnet,Joint Committee on the National Broadband Network,Rollout of the National Broadband Network,2011-09-12,2013-06-17,2013-11-12,148,792,90,58,False,statsnet/2012,
statsnet,Rural and Regional Affairs and Transport References Committee,Rural and regional access to secondary and tertiary education opportunities,2010-02-02,2010-02-02,2012-03-13,770,770,90,680,False,statsnet/2012,
statsnet,Community Affairs References Committee,Social and economic impact of rural wind farms,2011-06-23,2011-06-23,2012-09-13,448,448,90,358,False,statsnet/2012,
statsnet,Economics References Committee,State government insurance and flood levy,2011-09-22,2011-09-22,2012-08-14,327,327,90,237,False,statsnet/2012,
statsnet,Parliamentary Joint Committee on Corporations and Financial Services,Statutory oversight of the Australian Securities and Investments Commission,2012-03-13,2012-03-13,2012-06-21,100,100,90,10,False,statsnet/2012,
statsnet,Joint Standing Committee on Treaties,"Treaties tabled 18, 25 and 26 November 2009",2010-03-16,2010-03-16,2012-02-09,695,695,90,605,False,statsnet/2012,
statsnet,Joint Standing Committee on Treaties,Treaties tabled on 25 June 2008,2009-03-19,2009-03-19,2012-08-14,1244,1244,90,1154,False,statsnet/2012,
statsnet,Joint Standing Committee on Treaties,Treaties tabled on 7 and 28 February 2012,2012-06-21,2012-06-21,2012-11-01,133,133,90,43,False,statsnet/2012,
statsnet,Joint Standing Committee on Treaties,Treaty tabled on 21 November 2011,2012-06-27,2012-06-27,2012-11-28,154,154,90,64,False,statsnet/2012,
statsnet,"Environment, Communications, Information Technology and the Arts References Committee",Women in sport and recreation in Australia,2006-09-06,2006-09-06,2012-11-01,2248,2248,90,2158,False,statsnet/2012,
statsnet,Community Affairs Legislation Committee,Aged Care (Living Longer Living Better) Bill 2013 and 4 related bills,2013-06-17,2013-06-17,2013-06-20,3,3,90,0,False,statsnet/2013,
statsnet,Finance and Public Administration Legislation Committee,Annual reports referred to committees,2012-03-15,2012-03-15,2013-05-16,427,427,90,337,False,statsnet/2013,
statsnet,Economics Legislation Committee,Annual reports referred to legislation committees,2011-08-24,2011-08-24,2013-03-14,568,568,90,478,False,statsnet/2013,
statsnet,"Joint Standing Committee on Foreign Affairs, Defence and Trade",Australia's human rights dialogues with China and Vietnam,2012-08-21,2012-08-21,2013-06-20,303,303,90,213,False,statsnet/2013,
statsnet,Parliamentary Joint Committee on Corporations and Financial Services,Collapse of Trio Capital and any other related matters,2012-06-18,2012-06-18,2013-05-14,330,330,90,240,False,statsnet/2013,
statsnet,Community Affairs References Committee,Commonwealth contribution to former forced adoption policies and practices,2012-02-29,2012-02-29,2013-03-21,386,386,90,296,False,statsnet/2013,
statsnet,Parliamentary Joint Committee on Law Enforcement,Commonwealth unexplained wealth legislation and arrangements,2012-05-10,2012-05-10,2013-02-25,291,291,90,201,False,statsnet/2013,
statsnet,Environment and Communications References Committee,Container deposit schemes,2012-11-22,2012-11-22,2013-06-20,210,210,90,120,False,statsnet/2013,
statsnet,Legal and Constitutional Affairs Legislation Committee,Crimes Amendment (Fairness for Minors) Bill 2011,2012-05-10,2012-05-10,2013-05-16,371,371,90,281,False,statsnet/2013,
statsnet,Legal and Constitutional Affairs Legislation Committee,"Crimes Legislation Amendment (Slavery, Slavery-like Conditions and People Trafficking) Bill 2012",2012-09-13,2012-09-13,2013-05-16,245,245,90,155,False,statsnet/2013,
statsnet,Legal and Constitutional Affairs References Committee,Detention of Indonesian minors in Australia,2012-10-09,2012-10-09,2013-05-16,219,219,90,129,False,statsnet/2013,
statsnet,Select Committee on Electricity Prices,Electricity prices,2012-11-01,2012-11-01,2013-06-20,231,231,90,141,False,statsnet/2013,
statsnet,Rural and Regional Affairs and Transport References Committee,Implications for the long-term sustainable management of the Murray Darling Basin system,2009-08-11,2009-08-11,2013-06-17,1406,1406,90,1316,False,statsnet/2013,
statsnet,Rural and Regional Affairs and Transport References Committee,Management of the Murray-Darling Basin,2012-02-07,2013-03-13,2024-06-24,4121,4521,90,4031,False,statsnet/2013,
statsnet,Finance and Public Administration References Committee,Medicare funding for hyperbaric oxygen treatment,2012-11-28,2012-11-28,2013-06-17,201,201,90,111,False,statsnet/2013,
statsnet,Legal and Constitutional Affairs Legislation Committee,Migration Amendment (Removal of Mandatory Minimum Penalties) Bill 2012,2012-05-10,2012-05-10,2013-02-28,294,294,90,204,False,statsnet/2013,
statsnet,Select Committee on the National Broadband Network,National Broadband Network,2009-05-12,2010-06-17,2013-11-12,1244,1645,90,1154,False,statsnet/2013,
statsnet,Joint Select Committee on Gambling Reform,National Gambling Reform Bill 2012 and other related bills,2012-11-26,2012-11-26,2013-06-17,203,203,90,113,False,statsnet/2013,
statsnet,"Environment, Communications, Information Technology and the Arts","National parks, conservation reserves and marine protected areas",2007-05-09,2007-05-09,2013-06-27,2241,2241,90,2151,False,statsnet/2013,
statsnet,Finance and Public Administration Legislation Committee,Performance of the Department of Parliamentary Services (DPS),2012-06-27,2012-11-28,2013-11-12,349,503,90,259,False,statsnet/2013,
statsnet,Joint Select Committee on Gambling Reform,Prevention and treatment of problem gambling,2012-10-29,2012-10-29,2013-05-14,197,197,90,107,False,statsnet/2013,
statsnet,Select Committee on Agricultural and Related Industries,Pricing and supply arrangements in the Australian and global fertiliser market,2009-08-20,2009-08-20,2013-06-13,1393,1393,90,1303,False,statsnet/2013,
statsnet,Legal and Constitutional Affairs References Committee,Prospective marriage visa program,2012-06-26,2012-06-26,2013-06-27,366,366,90,276,False,statsnet/2013,
statsnet,Legal and Constitutional Affairs Legislation Committee,Regulatory Powers (Standard Provisions) Bill 2012,2013-03-18,2013-03-18,2013-06-20,94,94,90,4,False,statsnet/2013,
statsnet,"Joint Standing Committee on Foreign Affairs, Defence and Trade",Review of the Defence annual report 2010-11,2012-09-17,2012-09-17,2013-02-25,161,161,90,71,False,statsnet/2013,
statsnet,Parliamentary Joint Committee on Intelligence and Security,"Review of the re-listing of Ansar al-Islam, Islamic Movement of Uzbekistan, Jaish-e-Mohammad and Lashkar-e-Jhangvi",2012-06-18,2012-06-18,2013-02-07,234,234,90,144,False,statsnet/2013,
statsnet,Parliamentary Joint Committee on Intelligence and Security,Review of the re-listing of five terrorist organisations,2012-10-10,2012-10-10,2013-02-07,120,120,90,30,False,statsnet/2013,
statsnet,Parliamentary Joint Committee on Intelligence and Security,Review of the re-listing of Hizballah's External Security Organisation,2012-08-14,2012-08-14,2013-02-07,177,177,90,87,False,statsnet/2013,
statsnet,Community Affairs References Committee,"Role of the Government and the Therapeutic Goods Administration (TGA) regarding medical devices, particularly Poly Implant Prothese (PIP) breast implants",2012-06-18,2012-06-18,2013-11-12,512,512,90,422,False,statsnet/2013,
statsnet,Parliamentary Joint Committee on Corporations and Financial Services,Statutory oversight of the Australian Securities and Investments Commission,2011-09-12,2011-09-12,2013-02-07,514,514,90,424,False,statsnet/2013,
statsnet,Environment and Communications References Committee,Sustainable management by the Commonwealth of water resources,2012-10-25,2012-10-25,2013-06-17,235,235,90,145,False,statsnet/2013,
statsnet,Joint Standing Committee on Treaties,"Treaties tabled on 21 August, 11 and 18 September 2012",2012-11-28,2012-11-28,2013-05-16,169,169,90,79,False,statsnet/2013,
statsnet,Environment and Communications Legislation Committee,Water Amendment (Long Term Average Sustainable Diversion Limit Adjustment) Bill 2012,2012-11-19,2012-11-19,2013-06-17,210,210,90,120,False,statsnet/2013,
statsnet,Environment and Communications Legislation Committee,Water Amendment (Water for the Environment Special Account) Bill 2012,2012-11-19,2012-11-19,2013-06-17,210,210,90,120,False,statsnet/2013,
statsnet,"Foreign Affairs, Defence and Trade References Committee","Administration, management and objective of Australia’s overseas development programs in Afghanistan in the context of the 'Transition Decade’",2013-05-16,2013-05-16,2014-06-26,406,406,90,316,False,statsnet/2014,
statsnet,Joint Standing Committee on the National Capital and External Territories,Allocation of land to diplomatic missions in the ACT,2013-05-14,2013-05-14,2014-07-10,422,422,90,332,False,statsnet/2014,
statsnet,Community Affairs Legislation Committee,Annual reports referred to committees,2013-09-12,2013-09-12,2014-05-15,245,245,90,155,False,statsnet/2014,
statsnet,Select Committee on Australia's Food Processing Sector,Australia's food processing sector,2012-08-16,2012-08-16,2014-11-24,830,830,90,740,False,statsnet/2014,
statsnet,"Foreign Affairs, Defence and Trade References Committee",Australia's overseas aid and development assistance program,2014-03-27,2014-03-27,2014-08-26,152,152,90,62,False,statsnet/2014,
statsnet,Rural and Regional Affairs and Transport References Committee,Aviation Accident Investigations,2013-06-17,2013-06-17,2014-03-20,276,276,90,186,False,statsnet/2014,
statsnet,"Foreign Affairs, Defence and Trade References Committee",Breach of Indonesian Territorial Waters between 1 December 2013 and 20 January 2014 by Royal Australian Navy and/or Customs vessels in connection with Operation Sovereign Borders (the incidents),2014-03-27,2014-03-27,2014-07-07,102,102,90,12,False,statsnet/2014,
statsnet,"Joint Standing Committee on Foreign Affairs, Defence and Trade",Care of ADF personnel wounded and injured on operations,2013-06-24,2013-06-24,2014-03-06,255,255,90,165,False,statsnet/2014,
statsnet,Education and Employment References Committee,Delivery of quality and affordable early childhood education and care services,2014-07-16,2014-07-16,2014-10-30,106,106,90,16,False,statsnet/2014,
statsnet,Environment and Communications References Committee,Effectiveness of threatened species and ecological communities' protection in Australia,2013-11-12,2013-11-12,2014-09-22,314,314,90,224,False,statsnet/2014,
statsnet,Parliamentary Joint Committee on Law Enforcement,Examination of the Australian Crime Commission annual report 2011-12,2013-05-16,2013-05-16,2014-03-20,308,308,90,218,False,statsnet/2014,
statsnet,Parliamentary Joint Committee on Corporations and Financial Services,Family business in Australia,2013-03-20,2013-03-20,2014-10-27,586,586,90,496,False,statsnet/2014,
statsnet,Environment and Communications References Committee,Feasibility of a prohibition on charging fees for an unlisted number service,2013-05-15,2013-05-15,2014-02-11,272,272,90,182,False,statsnet/2014,
statsnet,Legal and Constitutional Affairs References Committee,"Framework and operation of subclass 457 visas, Enterprise Migration Agreements and Regional Migration Agreements",2013-06-27,2013-06-27,2014-08-26,425,425,90,335,False,statsnet/2014,
statsnet,Parliamentary Joint Committee on Law Enforcement,Gathering and use of criminal intelligence,2013-05-16,2013-05-16,2014-10-28,530,530,90,440,False,statsnet/2014,
statsnet,Education and Employment References Committee,Higher education and skills training to support future demand in agriculture and agribusiness in Australia.,2012-06-21,2012-06-21,2014-10-02,833,833,90,743,False,statsnet/2014,
statsnet,"Foreign Affairs, Defence and Trade Legislation Committee",Implementation of the Defence Trade Controls Legislation,2013-06-27,2015-03-18,2015-08-18,153,782,90,63,False,statsnet/2014,
statsnet,"Foreign Affairs, Defence and Trade References Committee","Indian Ocean region and Australia's foreign, trade and defence policy",2013-06-17,2013-06-17,2014-03-06,262,262,90,172,False,statsnet/2014,
statsnet,Select Committee on the National Broadband Network,National Broadband Network,2014-03-26,2015-03-19,2015-06-22,95,453,90,5,False,statsnet/2014,
statsnet,Economics References Committee,Performance of the Australian Securities and Investments Commission,2014-06-26,2014-06-26,2014-10-27,123,123,90,33,False,statsnet/2014,
statsnet,Joint Standing Committee on the National Capital and External Territories,Provision of amenity within the Parliamentary triangle,2013-06-28,2013-06-28,2014-07-10,377,377,90,287,False,statsnet/2014,
statsnet,Education and Employment References Committee,Provision of childcare,2009-11-23,2009-11-23,2014-06-19,1669,1669,90,1579,False,statsnet/2014,
statsnet,Joint Committee of Public Accounts and Audit,Public Governance Performance and Accountability Act 2013 (PGPA Act) Rules Development,2014-05-14,2014-05-14,2014-09-25,134,134,90,44,False,statsnet/2014,
statsnet,Parliamentary Standing Committee on Public Works,Public works on Christmas Island,2011-10-31,2011-10-31,2014-08-28,1032,1032,90,942,False,statsnet/2014,
statsnet,"Foreign Affairs, Defence and Trade References Committee","Report of the review of allegations of sexual and other abuse in Defence, conducted by DLA Piper, and the response of the Government to the report",2013-06-27,2013-06-27,2014-05-13,320,320,90,230,False,statsnet/2014,
statsnet,Joint Committee of Public Accounts and Audit,Review of Auditor-General's reports nos 2 to 10 (2012-13),2013-06-17,2013-06-17,2014-06-26,374,374,90,284,False,statsnet/2014,
statsnet,Rural and Regional Affairs and Transport References Committee,Review of the Citrus Industry in Australia,2014-02-11,2014-02-11,2014-08-26,196,196,90,106,False,statsnet/2014,
statsnet,"Joint Standing Committee on Foreign Affairs, Defence and Trade",Review of the Defence annual report 2011-12,2013-06-27,2013-06-27,2014-10-30,490,490,90,400,False,statsnet/2014,
statsnet,Parliamentary Joint Committee on Intelligence and Security,Review of the listing of Jabhat al-Nusra and the re-listing of six terrorist organisations,2014-02-12,2014-02-12,2014-08-28,197,197,90,107,False,statsnet/2014,
statsnet,Joint Standing Committee on Treaties,Review of the Treaties Ratification Bill 2012,2012-08-16,2012-08-16,2014-03-27,588,588,90,498,False,statsnet/2014,
statsnet,Finance and Public Administration References Committee,Senate order for departmental and agency contracts,2014-05-14,2014-05-14,2014-11-25,195,195,90,105,False,statsnet/2014,
statsnet,Select Committee on School Funding,Senate Select Committee on School Funding,2014-07-09,2014-07-09,2014-10-02,85,85,90,0,False,statsnet/2014,
statsnet,"Joint Standing Committee on Foreign Affairs, Defence and Trade","Slavery, slavery-like conditions and people trafficking",2013-06-24,2013-06-24,2014-10-28,491,491,90,401,False,statsnet/2014,
statsnet,Parliamentary Joint Committee on Law Enforcement,Spectrum for public safety mobile broadband,2013-11-12,2013-11-12,2014-11-24,377,377,90,287,False,statsnet/2014,
statsnet,Environment and Communications References Committee,"Status, health and sustainability of Australia's koala population",2011-09-22,2011-09-22,2015-02-09,1236,1236,90,1146,False,statsnet/2014,
statsnet,Community Affairs References Committee,Supply of chemotherapy drugs such as Docetaxel,2013-05-14,2013-05-14,2014-11-26,561,561,90,471,False,statsnet/2014,
statsnet,Environment and Communications References Committee,Tasmanian Wilderness World Heritage Area,2014-05-15,2014-05-15,2014-10-27,165,165,90,75,False,statsnet/2014,
statsnet,Education and Employment References Committee,Teaching and Learning (maximising our investment in Australian schools),2013-05-14,2013-05-14,2014-11-25,560,560,90,470,False,statsnet/2014,
statsnet,Education and Employment References Committee,The effectiveness of the National Assessment Program - Literacy and Numeracy,2014-03-27,2014-03-27,2014-08-28,154,154,90,64,False,statsnet/2014,
statsnet,Economics References Committee,Ticket scalping in Australia,2014-03-26,2014-03-26,2014-06-19,85,85,90,0,False,statsnet/2014,
statsnet,Joint Standing Committee on Treaties,Treaties referred on 15 January 2014,2014-03-18,2014-03-18,2014-11-27,254,254,90,164,False,statsnet/2014,
statsnet,Joint Standing Committee on Treaties,Treaties tabled on 14 May 2013,2013-11-12,2013-11-12,2014-02-13,93,93,90,3,False,statsnet/2014,
statsnet,Joint Standing Committee on Treaties,Treaty tabled on 14 August 2012,2012-10-31,2012-10-31,2014-07-17,624,624,90,534,False,statsnet/2014,
statsnet,Rural and Regional Affairs and Transport References Committee,Auditor General's reports on Tasmanian Forestry Grants Programs,2013-06-19,2013-06-19,2015-05-11,691,691,90,601,False,statsnet/2015,
statsnet,"Joint Standing Committee on Foreign Affairs, Defence and Trade",Australia's trade and investment relationship with Japan and the Republic of Korea,2013-06-17,2013-06-17,2015-03-17,638,638,90,548,False,statsnet/2015,
statsnet,Legal and Constitutional Affairs Legislation Committee,"Classification (Publications, Films and Computer Games) Amendment (Classification Tools and Other Measures) Bill 2014",2014-08-27,2014-08-27,2015-09-08,377,377,90,287,False,statsnet/2015,
statsnet,Finance and Public Administration References Committee,Commonwealth procurement procedures,2014-07-17,2014-07-17,2015-05-11,298,298,90,208,False,statsnet/2015,
statsnet,Legal and Constitutional Affairs References Committee,Current investigative processes and powers of the Australian Federal Police in relation to non-criminal matters,2014-05-15,2014-05-15,2015-02-10,271,271,90,181,False,statsnet/2015,
statsnet,Joint Select Committee on Northern Australia,Development of Northern Australia,2014-09-04,2016-02-23,2017-12-05,651,1188,90,561,False,statsnet/2015,
statsnet,Joint Standing Committee on the National Capital and External Territories,Economic development on Norfolk Island,2014-10-28,2014-10-28,2015-03-19,142,142,90,52,False,statsnet/2015,
statsnet,Environment and Communications References Committee,Environmental offsets,2014-06-26,2014-06-26,2015-02-10,229,229,90,139,False,statsnet/2015,
statsnet,Economics References Committee,Future of Australia’s naval shipbuilding industry,2014-08-27,2015-08-10,2017-03-21,589,937,90,499,False,statsnet/2015,
statsnet,Rural and Regional Affairs and Transport References Committee,Future of the beekeeping and pollination service industries in Australia,2014-07-16,2014-07-16,2015-03-03,230,230,90,140,False,statsnet/2015,
statsnet,"Foreign Affairs, Defence and Trade References Committee",Government response to the Defence Abuse Response Taskforce (DART),2014-11-17,2014-11-17,2015-06-16,211,211,90,121,False,statsnet/2015,
statsnet,Community Affairs References Committee,Impacts on health of air quality in Australia,2013-11-12,2013-11-12,2015-06-15,580,580,90,490,False,statsnet/2015,
statsnet,Joint Standing Committee on the National Disability Insurance Scheme,Implementation and administration of the National Disability Insurance Scheme,2014-08-26,2015-11-12,2016-03-17,126,569,90,36,False,statsnet/2015,
statsnet,Legal and Constitutional Affairs References Committee,Incident at the Manus Island Detention Centre from 16 February to 18 February 2014,2015-02-09,2015-02-09,2015-05-14,94,94,90,4,False,statsnet/2015,
statsnet,Rural and Regional Affairs and Transport References Committee,Industry structures and systems governing levies on grass-fed cattle,2014-09-22,2014-09-22,2015-08-10,322,322,90,232,False,statsnet/2015,
statsnet,Community Affairs References Committee,Involuntary or coerced sterilisation of people with disabilities in Australia,2013-11-12,2013-11-12,2015-06-17,582,582,90,492,False,statsnet/2015,
statsnet,"Foreign Affairs, Defence and Trade References Committee",Korea-Australia Free Trade Agreement,2014-10-01,2014-10-01,2015-03-02,152,152,90,62,False,statsnet/2015,
statsnet,Rural and Regional Affairs and Transport References Committee,Operational issues in export grain networks,2012-05-10,2012-05-10,2015-05-11,1096,1096,90,1006,False,statsnet/2015,
statsnet,Joint Committee of Public Accounts and Audit,Parliamentary Budget Office,2014-12-02,2014-12-02,2015-06-23,203,203,90,113,False,statsnet/2015,
statsnet,Environment and Communications Legislation Committee,"Performance, importance and role of Australia Post in Australian communities and its operations in relation to licensed post offices",2014-09-24,2014-09-24,2015-12-02,434,434,90,344,False,statsnet/2015,
statsnet,Parliamentary Joint Committee on Intelligence and Security,Potential reforms of national security legislation,2013-06-24,2013-06-24,2015-08-10,777,777,90,687,False,statsnet/2015,
statsnet,Economics References Committee,Privatisation of state and territory assets and new infrastructure,2015-03-19,2015-03-19,2015-09-07,172,172,90,82,False,statsnet/2015,
statsnet,Environment and Communications References Committee,Recent trends in and preparedness for extreme weather events,2013-11-12,2013-11-12,2015-08-10,636,636,90,546,False,statsnet/2015,
statsnet,Parliamentary Joint Committee on Intelligence and Security,Review of Administration and Expenditure Nos. 11 (2011-2012) - Australian Intelligence Agencies,2014-09-22,2014-09-22,2015-11-12,416,416,90,326,False,statsnet/2015,
statsnet,Parliamentary Joint Committee on Intelligence and Security,"Review of the Criminal Code (Foreign Incursions and Recruitment - Declared Areas) Declaration 2014 – Al-Raqqa Province, Syria",2015-03-19,2015-03-19,2015-08-10,144,144,90,54,False,statsnet/2015,
statsnet,Parliamentary Joint Committee on Intelligence and Security,"Review of the Criminal Code (Foreign Incursions and Recruitment – Declared Areas) Declaration 2015 – Mosul District, Ninewa Province, Iraq",2015-06-16,2015-06-16,2015-08-10,55,55,90,0,False,statsnet/2015,
statsnet,Parliamentary Joint Committee on Intelligence and Security,Review of the Criminal Code re-listing of Hizballah's External Security Organisation (ESO),2015-06-23,2015-06-23,2015-11-10,140,140,90,50,False,statsnet/2015,
statsnet,"Joint Standing Committee on Foreign Affairs, Defence and Trade",Review of the Defence Annual Report 2012-13,2014-10-28,2014-10-28,2015-06-16,231,231,90,141,False,statsnet/2015,
statsnet,Parliamentary Joint Committee on Intelligence and Security,Review of the listing of Al-Murabitun,2015-02-09,2015-02-09,2015-05-12,92,92,90,2,False,statsnet/2015,
statsnet,Parliamentary Joint Committee on Intelligence and Security,Review of the listing of Boko Haram as a terrorist organisation,2014-09-22,2014-09-22,2015-05-12,232,232,90,142,False,statsnet/2015,
statsnet,Parliamentary Joint Committee on Intelligence and Security,"Review of the re-listing of Ansar al-Islam, Islamic Movement of Uzbekistan, Lahkar-e Jhangvi, and Jaish-e-Mohammad as terrorist organisations",2015-06-16,2015-06-16,2015-11-10,147,147,90,57,False,statsnet/2015,
statsnet,Rural and Regional Affairs and Transport References Committee,Role of public transport in delivering productivity outcomes,2015-02-09,2015-02-09,2015-03-24,43,43,90,0,False,statsnet/2015,
statsnet,Rural and Regional Affairs and Transport References Committee,The effect on Australian pineapple growers of importing fresh pineapple from Malaysia,2014-05-13,2014-05-13,2015-08-20,464,464,90,374,False,statsnet/2015,
statsnet,Joint Standing Committee on Treaties,Treaties tabled on 10 February 2015,2015-06-17,2015-06-17,2015-11-11,147,147,90,57,False,statsnet/2015,
statsnet,Joint Standing Committee on Treaties,Treaty tabled on 28 October 2014,2015-09-09,2015-09-09,2015-11-11,63,63,90,0,False,statsnet/2015,
statsnet,Joint Standing Committee on the National Capital and External Territories,"Visit to the Indian Ocean Territories 21 October to 25 October 2012; Review of the Department of Regional Development, Regional Australia and Local Government annual report 2010-11",2013-06-28,2013-06-28,2015-02-10,592,592,90,502,False,statsnet/2015,
statsnet,Finance and Public Administration Legislation Committee,Annual reports referred to legislation committees,2015-03-17,2015-03-17,2016-02-04,324,324,90,234,False,statsnet/2016,
statsnet,Economics References Committee,Australia's Innovation System,2015-12-03,2015-12-03,2017-02-07,432,432,90,342,False,statsnet/2016,
statsnet,Rural and Regional Affairs and Transport References Committee,Australia's transport energy resilience and sustainability,2015-06-25,2015-06-25,2016-11-10,504,504,90,414,False,statsnet/2016,
statsnet,"Foreign Affairs, Defence and Trade References Committee",Australia’s future activities and responsibilities in the Southern Ocean and Antarctic waters,2014-10-29,2014-10-29,2016-02-04,463,463,90,373,False,statsnet/2016,
statsnet,"Foreign Affairs, Defence and Trade References Committee",Australia’s relationship with Mexico,2015-12-02,2015-12-02,2016-11-30,364,364,90,274,False,statsnet/2016,
statsnet,Joint Select Committee on Trade and Investment Growth,Business experience in utilising Australia’s Free Trade Agreements,2015-10-15,2015-10-15,2016-03-17,154,154,90,64,False,statsnet/2016,
statsnet,"Foreign Affairs, Defence and Trade References Committee",Capability of Defence's physical science and engineering (PSE) workforce,2016-04-18,2016-04-18,2016-11-08,204,204,90,114,False,statsnet/2016,
statsnet,"Foreign Affairs, Defence and Trade References Committee","Contamination of Australian Defence Force facilities and other Commonwealth, state and territory sites in Australia",2016-02-04,2016-02-04,2016-04-18,74,74,90,0,False,statsnet/2016,a later report post-dates this response; clock uses the report it follows; 
statsnet,"Foreign Affairs, Defence and Trade Legislation Committee",Defence Legislation Amendment (Military Justice Enhancements—Inspector-General ADF) Bill 2014,2015-03-03,2015-03-03,2016-09-01,548,548,90,458,False,statsnet/2016,
statsnet,"Foreign Affairs, Defence and Trade References Committee",Delivery and effectiveness of Australia’s bilateral aid program in Papua New Guinea,2016-05-04,2016-05-04,2016-11-08,188,188,90,98,False,statsnet/2016,
statsnet,Joint Committee of Public Accounts and Audit,Development of Commonwealth Performance Framework,2016-02-02,2016-02-02,2016-10-11,252,252,90,162,False,statsnet/2016,
statsnet,Economics References Committee,Digital currency,2015-08-10,2015-08-10,2016-08-30,386,386,90,296,False,statsnet/2016,
statsnet,Parliamentary Joint Committee on Law Enforcement,Examination of the Australian Federal Police annual report 2013-14,2015-09-15,2015-09-15,2016-02-23,161,161,90,71,False,statsnet/2016,
statsnet,Legal and Constitutional Affairs Legislation Committee,Exposure draft of the Medical Services (Dying with Dignity) Bill 2014,2014-11-17,2014-11-17,2016-11-23,737,737,90,647,False,statsnet/2016,
statsnet,Community Affairs References Committee,Extent of income inequality in Australia,2014-12-03,2014-12-03,2017-02-07,797,797,90,707,False,statsnet/2016,
statsnet,Education and Employment References Committee,"Feasibility of, and options for, creating a national long service standard, and the portability of long service and other entitlements",2016-02-25,2016-02-25,2016-09-14,202,202,90,112,False,statsnet/2016,
statsnet,Economics References Committee,Forestry managed investment schemes,2016-03-15,2016-03-15,2016-11-29,259,259,90,169,False,statsnet/2016,
statsnet,"Joint Standing Committee on Foreign Affairs, Defence and Trade",Government Support for Australian Defence Industry Exports,2015-12-01,2015-12-01,2016-09-01,275,275,90,185,False,statsnet/2016,
statsnet,Community Affairs References Committee,Grandparents who take primary responsibility for raising their grandchildren,2014-10-29,2014-10-29,2016-02-02,461,461,90,371,False,statsnet/2016,
statsnet,Environment and Communications References Committee,Great Barrier Reef,2014-09-03,2014-09-03,2016-04-18,593,593,90,503,False,statsnet/2016,
statsnet,Community Affairs References Committee,Growing evidence of an emerging tick-borne disease that causes a Lyme-like illness for many Australian patients,2016-05-04,2016-11-30,2017-11-15,350,560,90,260,False,statsnet/2016,
statsnet,Legal and Constitutional Affairs References Committee,Handling of a letter sent by Mr Man Haron Monis to the Attorney-General,2015-09-16,2015-09-16,2016-09-01,351,351,90,261,False,statsnet/2016,
statsnet,Legal and Constitutional Affairs References Committee,Impact of the 2014 and 2015 Commonwealth Budget decisions on the Arts,2015-12-02,2015-12-02,2016-05-04,154,154,90,64,False,statsnet/2016,
statsnet,Community Affairs References Committee,"Impact on service quality, efficiency and sustainability of recent Commonwealth community service tendering processes by the Department of Social Services",2015-05-13,2015-09-16,2016-02-02,139,265,90,49,False,statsnet/2016,
statsnet,Rural and Regional Affairs and Transport References Committee,Implications of the restriction on the use of fenthion on Australia’s horticultural industry,2014-08-26,2014-08-26,2016-10-10,776,776,90,686,False,statsnet/2016,
statsnet,Rural and Regional Affairs and Transport References Committee,Industry structures and systems governing the imposition of and disbursement of marketing and research and development (R&D) levies in the agricultural sector,2015-08-10,2015-08-10,2016-08-30,386,386,90,296,False,statsnet/2016,
statsnet,Economics References Committee,Matters relating to credit card interest rates,2016-02-02,2016-02-02,2016-08-30,210,210,90,120,False,statsnet/2016,
statsnet,Economics References Committee,Need for a national approach to retail leasing arrangements,2015-03-18,2015-03-18,2016-02-24,343,343,90,253,False,statsnet/2016,
statsnet,Community Affairs References Committee,Palliative Care in Australia,2012-10-10,2012-10-10,2016-08-30,1420,1420,90,1330,False,statsnet/2016,
statsnet,Environment and Communications References Committee,Performance and management of electricity network companies,2015-05-11,2015-06-15,2016-05-02,322,357,90,232,False,statsnet/2016,
statsnet,"Foreign Affairs, Defence and Trade References Committee","Potential use by the Australian Defence Force of unmanned air, maritime and land platforms",2015-06-25,2015-06-25,2016-03-03,252,252,90,162,False,statsnet/2016,
statsnet,Rural and Regional Affairs and Transport References Committee,Practice of sports science in Australia,2013-11-12,2013-11-12,2016-11-30,1114,1114,90,1024,False,statsnet/2016,
statsnet,Rural and Regional Affairs and Transport Legislation Committee,Primary Industries Levies and Charges Collection Amendment Bill 2016,2016-05-02,2016-05-02,2016-11-30,212,212,90,122,False,statsnet/2016,
statsnet,"Foreign Affairs, Defence and Trade References Committee",Proposed China-Australia Free Trade Agreement,2015-11-09,2015-11-09,2016-04-18,161,161,90,71,False,statsnet/2016,
statsnet,Joint Committee of Public Accounts and Audit,Review of Auditor-General's Report No 9 (2014-15),2015-08-12,2015-08-12,2016-02-23,195,195,90,105,False,statsnet/2016,
statsnet,Joint Committee of Public Accounts and Audit,"Review of Auditor-General's Reports Nos 34, 37 and 41 (2014-15)",2016-02-02,2016-02-02,2016-11-10,282,282,90,192,False,statsnet/2016,
statsnet,"Joint Standing Committee on Foreign Affairs, Defence and Trade",Review of the Defence Annual Report 2013-14,2015-12-01,2015-12-01,2016-11-22,357,357,90,267,False,statsnet/2016,
statsnet,Parliamentary Joint Committee on Intelligence and Security,"Review of the re-listing of al-Shabaab, Hamas' Izz al-Din al-Qassam Brigades (Hamas Brigades), Lashkar-e-Tayyiba (LeT), the Kurdistan Workers Party (PKK), and Palestinian Islamic Jihad as terrorist organisations",2015-10-12,2015-10-12,2016-05-03,204,204,90,114,False,statsnet/2016,
statsnet,"Joint Standing Committee on Foreign Affairs, Defence and Trade",Role of the private sector in promoting economic growth and reducing poverty in the Indo-Pacific region,2015-06-23,2015-06-23,2016-04-18,300,300,90,210,False,statsnet/2016,
statsnet,Select Committee into the Scrutiny of Government Budget Measures,Scrutiny of Government Budget Measures,2015-02-09,2016-05-03,2024-06-24,2974,3423,90,2884,False,statsnet/2016,
statsnet,Select Committee on the Recent Allegations relating to Conditions and Circumstances at the Regional Processing Centre in Nauru,Select Committee on the Recent Allegations relating to Conditions and Circumstances at the Regional Processing Centre in Nauru,2015-06-15,2015-09-07,2016-02-02,148,232,90,58,False,statsnet/2016,
statsnet,Select Committee on Wind Turbines,Select Committee on Wind Turbines,2015-08-10,2015-08-10,2017-02-07,547,547,90,457,False,statsnet/2016,
statsnet,"Foreign Affairs, Defence and Trade References Committee",The Commonwealth’s treaty-making process,2015-06-25,2015-06-25,2016-02-02,222,222,90,132,False,statsnet/2016,
statsnet,Joint Standing Committee on Treaties,Treaty tabled 17 June 2015,2015-11-10,2015-11-10,2016-05-02,174,174,90,84,False,statsnet/2016,
statsnet,Legal and Constitutional Affairs References Committee,Use of smoke alarms to prevent smoke and fire related deaths,2016-05-02,2016-05-02,2016-10-13,164,164,90,74,False,statsnet/2016,
statsnet,Rural and Regional Affairs and Transport Legislation Committee,Voice for Animals (Independent Office of Animal Welfare) Bill 2015,2015-10-15,2015-10-15,2016-08-30,320,320,90,230,False,statsnet/2016,
statsnet,Legal and Constitutional Affairs References Committee,Work undertaken by the Australian Federal Police's Oil for Food Taskforce,2015-03-24,2015-03-24,2016-02-03,316,316,90,226,False,statsnet/2016,
statsnet,Economics References Committee,2016 Census,2016-11-24,2016-11-24,2017-03-20,116,116,90,26,False,statsnet/2017,
statsnet,Joint Standing Committee on the National Disability Insurance Scheme,Accommodation for people with disabilities and the NDIS,2016-08-31,2016-08-31,2017-11-14,440,440,90,350,False,statsnet/2017,
statsnet,Community Affairs References Committee,"Adequacy of existing residential care arrangements available for young people with severe physical, mental or intellectual disabilities in Australia",2015-06-24,2015-06-24,2017-02-07,594,594,90,504,False,statsnet/2017,
statsnet,Rural and Regional Affairs and Transport References Committee,Airport and aviation security,2017-03-30,2017-03-30,2017-08-08,131,131,90,41,False,statsnet/2017,
statsnet,Environment and Communications Legislation Committee,Annual reports referred to legislation committees,2016-03-02,2016-03-02,2017-03-22,385,385,90,295,False,statsnet/2017,
statsnet,Legal and Constitutional Affairs Legislation Committee,Annual reports referred to legislation committees,2015-03-17,2015-03-17,2017-03-22,736,736,90,646,False,statsnet/2017,
statsnet,Rural and Regional Affairs and Transport Legislation Committee,Annual reports referred to legislation cttees,2015-03-17,2015-03-17,2017-03-20,734,734,90,644,False,statsnet/2017,
statsnet,"Joint Standing Committee on Foreign Affairs, Defence and Trade",Australia's Advocacy for the Abolition of the Death Penalty,2016-08-31,2016-08-31,2017-03-21,202,202,90,112,False,statsnet/2017,
statsnet,Environment and Communications References Committee,Australia's environment,2015-06-23,2015-06-23,2017-05-09,686,686,90,596,False,statsnet/2017,
statsnet,Economics References Committee,Australia's general insurance industry,2017-08-10,2017-08-10,2018-02-05,179,179,90,89,False,statsnet/2017,
statsnet,Rural and Regional Affairs and Transport References Committee,Australian grape and wine industry,2016-02-22,2016-02-22,2017-08-08,533,533,90,443,False,statsnet/2017,
statsnet,Community Affairs References Committee,"Availability of new, innovative and specialist cancer drugs in Australia",2015-09-17,2015-09-17,2017-11-13,788,788,90,698,False,statsnet/2017,
statsnet,Rural and Regional Affairs and Transport References Committee,Beef Imports into Australia,2013-11-12,2013-11-12,2017-09-04,1392,1392,90,1302,False,statsnet/2017,
statsnet,Joint Standing Committee on Migration,Business Innovation and Investment Programme,2015-03-25,2015-03-25,2017-03-23,729,729,90,639,False,statsnet/2017,
statsnet,Community Affairs References Committee,Care and management of younger and older Australians living with dementia and behavioural and psychiatric symptoms of dementia (BPSD),2014-03-26,2014-03-26,2017-12-05,1350,1350,90,1260,False,statsnet/2017,
statsnet,Joint Select Committee on Government Procurement,Commonwealth Procurement Framework,2017-08-08,2017-08-08,2017-11-14,98,98,90,8,False,statsnet/2017,
statsnet,Economics Legislation Committee,Competition and Consumer Amendment (Misuse of Market Power) Bill 2016,2017-02-16,2017-02-16,2017-12-05,292,292,90,202,False,statsnet/2017,
statsnet,Environment and Communications References Committee,Continuation of construction of the Perth Freight Link in the face of significant environmental breaches,2017-03-20,2017-03-20,2017-08-08,141,141,90,51,False,statsnet/2017,
statsnet,Economics References Committee,"Cooperative, mutual and member-owned firms",2016-03-17,2016-03-17,2017-11-13,606,606,90,516,False,statsnet/2017,
statsnet,Rural and Regional Affairs and Transport References Committee,Current and future arrangements for the marketing of Australian sugar,2015-06-24,2015-06-24,2017-10-16,845,845,90,755,False,statsnet/2017,
statsnet,Education and Employment References Committee,"Current levels of access and attainment for students with disability in the school system, and the impact on students and families associated with inadequate levels of support",2016-02-02,2016-02-02,2017-03-30,422,422,90,332,False,statsnet/2017,
statsnet,Rural and Regional Affairs and Transport References Committee,Decision to commit funding to the Perth Freight Link project,2016-05-03,2016-05-03,2017-08-08,462,462,90,372,False,statsnet/2017,
statsnet,"Foreign Affairs, Defence and Trade References Committee",Department of Defence's management of credit and other transaction cards,2017-05-11,2017-05-11,2017-09-05,117,117,90,27,False,statsnet/2017,
statsnet,Community Affairs References Committee,"Design, scope, cost-benefit analysis, contracts awarded and implementation associated with the Better Management of the Social Welfare System initiative",2017-06-21,2017-06-21,2017-10-16,117,117,90,27,False,statsnet/2017,
statsnet,Finance and Public Administration References Committee,Domestic violence in Australia,2015-03-19,2015-08-20,2017-06-13,663,817,90,573,False,statsnet/2017,
statsnet,Environment and Communications References Committee,Environmental Biosecurity,2015-05-13,2015-05-13,2017-08-08,818,818,90,728,False,statsnet/2017,
statsnet,Environment and Communications References Committee,"Environmental, social and economic impacts of large-capacity fishing vessels commonly known as 'Supertrawlers' operating in Australia's marine jurisdiction",2016-11-23,2016-11-23,2017-12-06,378,378,90,288,False,statsnet/2017,
statsnet,Legal and Constitutional Affairs References Committee,Establishment of a national registration system for Australian paramedics to improve and ensure patient and community safety,2016-08-30,2016-08-30,2017-10-18,414,414,90,324,False,statsnet/2017,
statsnet,Parliamentary Joint Committee on Corporations and Financial Services,Examination of the 2012-13 annual reports of bodies established under the ASIC Act,2014-03-19,2014-03-19,2017-06-21,1190,1190,90,1100,False,statsnet/2017,
statsnet,Parliamentary Joint Committee on Corporations and Financial Services,Examination of the 2014-15 annual reports of bodies established under the ASIC Act,2016-05-04,2016-05-04,2017-02-07,279,279,90,189,False,statsnet/2017,
statsnet,Parliamentary Joint Committee on Law Enforcement,Examination of the Australian Federal Police annual report 2014-15,2017-06-13,2017-06-13,2017-10-16,125,125,90,35,False,statsnet/2017,
statsnet,"Foreign Affairs, Defence and Trade Legislation Committee",Export Finance and Insurance Corporation Amendment (Support for Commonwealth Entities) Bill 2016,2017-02-07,2017-02-07,2017-05-09,91,91,90,1,False,statsnet/2017,
statsnet,Education and Employment Legislation Committee,Family Assistance Legislation Amendment (Jobs for Families Child Care Package) Bill 2015,2016-04-18,2016-04-18,2017-03-30,346,346,90,256,False,statsnet/2017,
statsnet,Education and Employment Legislation Committee,Family Assistance Legislation Amendment (Jobs for Families Child Care Package) Bill 2016 and the Social Services Legislation Amendment (Family Payments Structural Reform and Participation Measures) Bill 2016,2016-10-10,2016-10-10,2017-03-30,171,171,90,81,False,statsnet/2017,
statsnet,Economics References Committee,Foreign investment review framework,2016-02-04,2016-05-02,2017-03-28,330,418,90,240,False,statsnet/2017,
statsnet,Economics References Committee,Future of Australia’s automotive industry,2015-12-01,2015-12-01,2017-09-04,643,643,90,553,False,statsnet/2017,
statsnet,Joint Standing Committee on Treaties,Future Submarine Program - France,2017-05-09,2017-05-09,2017-11-14,189,189,90,99,False,statsnet/2017,
statsnet,Joint Standing Committee on the National Capital and External Territories,Governance in the Indian Ocean Territories,2015-06-24,2016-03-17,2017-03-20,368,635,90,278,False,statsnet/2017,
statsnet,Education and Employment References Committee,Government's APS Bargaining Policy,2016-11-30,2016-11-30,2017-03-20,110,110,90,20,False,statsnet/2017,
statsnet,Environment and Communications References Committee,Harm being done to Australian children through access to pornography on the Internet,2016-11-23,2016-11-23,2017-05-09,167,167,90,77,False,statsnet/2017,
statsnet,Select Committee on Health,Health,2014-12-02,2016-08-30,2024-10-08,2961,3598,90,2871,False,statsnet/2017,
statsnet,"Joint Standing Committee on Foreign Affairs, Defence and Trade",Human rights issues confronting women and girls in the Indian Ocean – Asia Pacific region,2015-12-03,2015-12-03,2017-05-09,523,523,90,433,False,statsnet/2017,
statsnet,Rural and Regional Affairs and Transport References Committee,Increasing use of so-called Flag of Convenience shipping in Australia,2016-05-03,2016-05-03,2017-05-10,372,372,90,282,False,statsnet/2017,
statsnet,Economics References Committee,Insolvency in the Australian construction industry,2015-12-03,2015-12-03,2017-06-13,558,558,90,468,False,statsnet/2017,
statsnet,Joint Standing Committee on Treaties,International Trade in Endangered Species - Amendments,2017-06-20,2017-06-20,2018-02-05,230,230,90,140,False,statsnet/2017,
statsnet,"Foreign Affairs, Defence and Trade References Committee",Joint Strike Fighter,2016-10-13,2016-10-13,2017-06-13,243,243,90,153,False,statsnet/2017,
statsnet,Parliamentary Standing Committee on Public Works,LAND 17 Phase 1B/1C - Construction and upgrade of indirect fire support facilities,2017-02-14,2017-02-14,2017-09-05,203,203,90,113,False,statsnet/2017,
statsnet,Community Affairs References Committee,Medical complaints process in Australia,2016-11-30,2016-11-30,2017-10-18,322,322,90,232,False,statsnet/2017,
statsnet,Legal and Constitutional Affairs Legislation Committee,Migration Amendment (Character and General Visa Cancellation) Bill 2014,2014-11-24,2014-11-24,2017-08-08,988,988,90,898,False,statsnet/2017,
statsnet,Legal and Constitutional Affairs Legislation Committee,Migration Amendment (Health Care for Asylum Seekers) Bill 2012,2013-02-05,2013-02-05,2017-03-30,1514,1514,90,1424,False,statsnet/2017,
statsnet,Joint Standing Committee on Migration,Multiculturalism in Australia,2013-03-19,2013-03-19,2017-12-06,1723,1723,90,1633,False,statsnet/2017,
statsnet,Select Committee on the Murray-Darling Basin Plan,Murray-Darling Basin Plan,2016-03-17,2016-03-17,2017-02-16,336,336,90,246,False,statsnet/2017,
statsnet,Joint Standing Committee on Treaties,Nuclear Cooperation - Ukraine,2017-02-07,2017-02-07,2017-06-13,126,126,90,36,False,statsnet/2017,
statsnet,Environment and Communications References Committee,Oil or Gas Production in the Great Australian Bight,2017-05-11,2017-05-11,2017-09-04,116,116,90,26,False,statsnet/2017,
statsnet,"Foreign Affairs, Defence and Trade References Committee",Operation of the Australian Defence Force's resistance to interrogation (RTI) training,2017-03-27,2017-03-27,2017-08-08,134,134,90,44,False,statsnet/2017,
statsnet,Finance and Public Administration References Committee,"Operation, effectiveness, and consequences of the Public Governance, Performance and Accountability (Location of Corporate Commonwealth Entities) Order 2016",2017-06-13,2017-06-13,2017-12-05,175,175,90,85,False,statsnet/2017,
statsnet,Community Affairs References Committee,Out of home care,2015-08-19,2015-08-19,2017-09-12,755,755,90,665,False,statsnet/2017,
statsnet,Parliamentary Joint Committee on Corporations and Financial Services,"Oversight of ASIC, the Takeovers Panel and the Corporations Legislation No.1 of 44th Parliament",2014-11-26,2014-11-26,2017-06-21,938,938,90,848,False,statsnet/2017,
statsnet,"Foreign Affairs, Defence and Trade References Committee",Partial suspension of sanctions against Iran,2016-05-04,2016-05-04,2017-03-20,320,320,90,230,False,statsnet/2017,
statsnet,Parliamentary Joint Committee on Corporations and Financial Services,Personal Liability for Corporate Fault Reform Bill 2012,2012-10-29,2012-10-29,2017-06-21,1696,1696,90,1606,False,statsnet/2017,
statsnet,Rural and Regional Affairs and Transport References Committee,"Possible impacts and consequences for public health, trade and agriculture of the Government’s decision to relax import restrictions on beef",2010-03-18,2010-06-23,2017-09-04,2630,2727,90,2540,False,statsnet/2017,
statsnet,Community Affairs References Committee,"Prevalence of different types of speech, language and communication disorders and speech pathology services in Australia",2014-09-02,2014-09-02,2018-02-05,1252,1252,90,1162,False,statsnet/2017,
statsnet,Community Affairs References Committee,Price regulation associated with the Prostheses List Framework,2017-05-11,2017-05-11,2017-09-14,126,126,90,36,False,statsnet/2017,
statsnet,Economics Legislation Committee,Private Health Insurance (Prudential Supervision) Bill 2015 and related bills,2015-06-17,2015-06-17,2017-03-28,650,650,90,560,False,statsnet/2017,
statsnet,Parliamentary Joint Committee on Corporations and Financial Services,"Proposals to lift the professional, ethical and education standards in the financial services industry",2015-02-09,2015-02-09,2017-08-08,911,911,90,821,False,statsnet/2017,
statsnet,"Foreign Affairs, Defence and Trade References Committee",Proposed Trans-Pacific Partnership (TPP) Agreement,2017-02-07,2017-02-07,2017-08-08,182,182,90,92,False,statsnet/2017,
statsnet,"Education, Employment and Workplace Relations Legislation Committee",Protecting Local Jobs (Regulating Enterprise Migration Agreements) Bill 2012,2013-03-12,2013-03-12,2017-10-17,1680,1680,90,1590,False,statsnet/2017,
statsnet,Environment and Communications References Committee,"Responses to, and lessons learnt from, the January and February 2016 bushfires in remote Tasmanian wilderness",2017-02-07,2017-02-07,2017-09-14,219,219,90,129,False,statsnet/2017,
statsnet,Parliamentary Joint Committee on Intelligence and Security,Review of Administration and Expenditure No.14 (2014-2015),2017-03-21,2017-03-21,2017-08-16,148,148,90,58,False,statsnet/2017,
statsnet,Joint Committee of Public Accounts and Audit,"Review of Auditor-General's Reports Nos 19, 20 and 23 (2014-15)",2016-02-23,2016-02-23,2017-02-14,357,357,90,267,False,statsnet/2017,
statsnet,Parliamentary Joint Committee on Intelligence and Security,Review of the Telecommunications and Other Legislation Amendment Bill 2016,2017-08-08,2017-08-08,2017-08-09,1,1,90,0,False,statsnet/2017,
statsnet,"Joint Standing Committee on Foreign Affairs, Defence and Trade","Role of development partnerships in agriculture and agribusiness in promoting prosperity, reducing poverty and enhancing stability in the Indo-Pacific region",2016-08-31,2016-08-31,2017-02-07,160,160,90,70,False,statsnet/2017,
statsnet,"Foreign Affairs, Defence and Trade Legislation Committee","Safety, Rehabilitation and Compensation Legislation Amendment (Defence Force) Bill 2016",2017-03-20,2017-03-20,2017-06-13,85,85,90,0,False,statsnet/2017,
statsnet,Economics References Committee,Scrutiny of Financial Advice,2016-02-24,2016-02-24,2017-08-08,531,531,90,441,False,statsnet/2017,
statsnet,Joint Standing Committee on Migration,Seasonal Worker Programme,2016-08-31,2016-08-31,2017-02-16,169,169,90,79,False,statsnet/2017,
statsnet,Rural and Regional Affairs and Transport Legislation Committee,Shipping Legislation Amendment Bill 2015,2015-10-12,2015-10-12,2017-02-07,484,484,90,394,False,statsnet/2017,
statsnet,"Education, Employment and Workplace Relations References Committee",Shortage of engineering and related employment skills,2012-08-14,2012-08-14,2017-08-08,1820,1820,90,1730,False,statsnet/2017,
statsnet,Education and Employment Legislation Committee,"Social Security Legislation Amendment (Youth Jobs Path: Prepare, Trial, Hire) Bill 2016",2016-11-28,2016-11-28,2017-03-20,112,112,90,22,False,statsnet/2017,
statsnet,Community Affairs Legislation Committee,Social Services Legislation Amendment (Omnibus Savings and Child Care Reform) Bill 2017,2017-03-21,2017-03-21,2017-08-08,140,140,90,50,False,statsnet/2017,
statsnet,Community Affairs Legislation Committee,Social Services Legislation Amendment (Transition Mobility Allowance to the National Disability Insurance Scheme) Bill 2016,2016-11-24,2016-11-24,2017-08-08,257,257,90,167,False,statsnet/2017,
statsnet,Parliamentary Standing Committee on Public Works,"Stage One of the Garden Island (East), Critical Infrastructure Recovery Program, Sydney",2017-06-13,2017-06-13,2017-09-14,93,93,90,3,False,statsnet/2017,
statsnet,"Foreign Affairs, Defence and Trade References Committee",Suicide by veterans and ex-service personnel,2017-08-15,2017-08-15,2017-11-13,90,90,90,0,False,statsnet/2017,
statsnet,Economics References Committee,Third party certification of food,2015-12-01,2015-12-01,2017-08-08,616,616,90,526,False,statsnet/2017,
statsnet,Joint Standing Committee on Treaties,Trans-Pacific Partnership,2016-11-30,2016-11-30,2017-08-08,251,251,90,161,False,statsnet/2017,
statsnet,Rural and Regional Affairs and Transport Legislation Committee,Transport Security Amendment (Serious or Organised Crime) Bill 2016,2016-05-02,2016-05-02,2017-02-07,281,281,90,191,False,statsnet/2017,
statsnet,Legal and Constitutional Affairs References Committee,Value of a justice reinvestment approach to criminal justice in Australia,2013-06-20,2013-06-20,2017-10-17,1580,1580,90,1490,False,statsnet/2017,
statsnet,"Foreign Affairs, Defence and Trade Legislation Committee",Veterans' Affairs Legislation Amendment (2015 Budget Measures) Bill 2015,2015-10-12,2015-10-12,2017-02-07,484,484,90,394,False,statsnet/2017,
statsnet,"Foreign Affairs, Defence and Trade Legislation Committee",Veterans’ Affairs Legislation Amendment (Omnibus) Bill 2017,2017-06-13,2017-06-13,2017-10-16,125,125,90,35,False,statsnet/2017,
statsnet,Community Affairs References Committee,"Violence, abuse and neglect against people with disability in institutional and residential settings, including the gender and age related dimensions, and the particular situation of Aboriginal and Torres Strait Islander people with disability, and culturally and linguistically diverse people with disability",2015-11-25,2015-11-25,2017-03-20,481,481,90,391,False,statsnet/2017,
statsnet,Economics Legislation Committee,Working Holiday Maker Reform package,2016-11-09,2016-11-09,2017-08-08,272,272,90,182,False,statsnet/2017,
statsnet,Economics References Committee,Affordable housing,2015-05-11,2015-05-11,2018-03-28,1052,1052,90,962,False,statsnet/2018,
statsnet,Joint Standing Committee on Electoral Matters,All aspects of the conduct of the 2016 Federal Election and matters related thereto,2017-02-07,2019-02-14,2024-05-14,1916,2653,90,1826,False,statsnet/2018,
statsnet,Finance and Public Administration References Committee,"Appropriateness and effectiveness of the objectives, design, implementation and evaluation of the Community Development Program (CDP)",2018-02-05,2018-02-05,2018-11-12,280,280,90,190,False,statsnet/2018,
statsnet,Finance and Public Administration References Committee,Arrangements for the postal survey,2018-02-13,2018-02-13,2018-06-26,133,133,90,43,False,statsnet/2018,
statsnet,Rural and Regional Affairs and Transport References Committee,Australia's rail industry,2017-10-18,2017-10-18,2019-02-12,482,482,90,392,False,statsnet/2018,
statsnet,Environment and Communications Legislation Committee,Australian Broadcasting Corporation Amendment (Local Content) Bill 2014,2015-05-11,2015-05-11,2018-03-19,1043,1043,90,953,False,statsnet/2018,
statsnet,Environment and Communications Legislation Committee,Australian Broadcasting Corporation Amendment (Restoring Shortwave Radio) Bill 2017,2017-08-09,2017-08-09,2018-03-19,222,222,90,132,False,statsnet/2018,
statsnet,Environment and Communications Legislation Committee,Australian Broadcasting Corporation Amendment (Rural and Regional Advocacy) Bill 2015,2017-05-09,2017-05-09,2018-05-19,375,375,90,285,False,statsnet/2018,
statsnet,Environment and Communications References Committee,Australian Broadcasting Corporation's commitment to reflecting and representing regional diversity,2013-03-20,2013-03-20,2018-03-19,1825,1825,90,1735,False,statsnet/2018,
statsnet,Legal and Constitutional Affairs Legislation Committee,Australian Citizenship Legislation Amendment (Strengthening the Requirements for Australian Citizenship and Other Measures) Bill 2017,2017-09-05,2017-09-05,2018-03-28,204,204,90,114,False,statsnet/2018,
statsnet,Community Affairs References Committee,Availability and accessibility of diagnostic imaging equipment around Australia,2018-03-19,2018-03-19,2018-10-15,210,210,90,120,False,statsnet/2018,
statsnet,Rural and Regional Affairs and Transport References Committee,Biosecurity risks associated with the importation of seafood and seafood products (including uncooked prawns and uncooked prawn meat) into Australia,2017-06-22,2017-11-13,2018-06-18,217,361,90,127,False,statsnet/2018,
statsnet,Economics References Committee,Carbon Risk Disclosure,2017-05-09,2017-05-09,2018-03-19,314,314,90,224,False,statsnet/2018,
statsnet,Finance and Public Administration References Committee,Circumstances in which Australians’ personal Medicare information has been compromised and made available for sale illegally on the ‘dark web’,2017-10-16,2017-10-16,2018-03-19,154,154,90,64,False,statsnet/2018,
statsnet,Rural and Regional Affairs and Transport Legislation Committee,Coastal Trading (Revitalising Australian Shipping) Amendment Bill 2017,2017-12-04,2017-12-04,2018-06-19,197,197,90,107,False,statsnet/2018,
statsnet,Select Committee into the Abbott Government’s Commission of Audit,Commission of Audit established by the Commonwealth government,2014-03-03,2014-06-19,2018-10-15,1579,1687,90,1489,False,statsnet/2018,
statsnet,Community Affairs Legislation Committee,Commonwealth Redress Scheme for Institutional Child Sexual Abuse Bill 2017 and related bill,2018-03-28,2018-03-28,2018-06-18,82,82,90,0,False,statsnet/2018,
statsnet,Community Affairs References Committee,Complaints mechanism administered under the Health Practitioner Regulation National Law,2017-05-10,2017-05-10,2018-08-23,470,470,90,380,False,statsnet/2018,
statsnet,Environment and Communications Legislation Committee,Copyright Amendment (Service Providers) Bill 2017,2018-03-19,2018-03-19,2018-05-09,51,51,90,0,False,statsnet/2018,
statsnet,Economics Legislation Committee,Corporations Amendment (Crowd-sourced Funding) Bill 2016 [Provisions],2017-02-13,2017-02-13,2018-02-05,357,357,90,267,False,statsnet/2018,
statsnet,Economics References Committee,"Criminal, civil and administrative penalties for white collar crime",2017-03-23,2017-03-23,2018-05-08,411,411,90,321,False,statsnet/2018,
statsnet,Economics Legislation Committee,Customs Amendment (Anti-Dumping Measures) Bill 2017,2017-10-16,2017-10-16,2018-02-06,113,113,90,23,False,statsnet/2018,
statsnet,Finance and Public Administration References Committee,Delivery of National Outcome 4 of the National Plan to Reduce Violence Against Women and Their Children,2018-02-05,2018-02-05,2018-03-19,42,42,90,0,False,statsnet/2018,
statsnet,Community Affairs References Committee,Delivery of outcomes under the National Disability Strategy 2010-2020 to build inclusive and accessible communities,2017-11-29,2017-11-29,2018-03-22,113,113,90,23,False,statsnet/2018,
statsnet,Economics References Committee,Economic security for women in retirement,2016-05-02,2016-05-02,2018-08-16,836,836,90,746,False,statsnet/2018,
statsnet,Rural and Regional Affairs and Transport References Committee,Effect of market consolidation on the red meat processing sector,2016-05-04,2016-05-04,2019-02-12,1014,1014,90,924,False,statsnet/2018,
statsnet,Red Tape Committee,Effect of red tape on child care,2018-08-15,2018-08-15,2018-11-15,92,92,90,2,False,statsnet/2018,
statsnet,Red Tape Committee,Effect of red tape on environmental assessment and approvals,2017-10-18,2017-10-18,2018-08-13,299,299,90,209,False,statsnet/2018,
statsnet,Red Tape Committee,Effect of red tape on occupational licensing,2018-08-15,2018-08-15,2018-11-15,92,92,90,2,False,statsnet/2018,
statsnet,Environment and Communications References Committee,Effectiveness of current regulatory arrangements in dealing with the simultaneous transmission of radio programs using the broadcasting services bands and the Internet ('simulcast'),2013-11-12,2013-11-12,2018-03-19,1588,1588,90,1498,False,statsnet/2018,
statsnet,Community Affairs References Committee,Effectiveness of special arrangements for the supply of Pharmaceutical Benefits Scheme (PBS) medicines to remote area Aboriginal Health Services,2011-10-11,2011-10-11,2018-03-20,2352,2352,90,2262,False,statsnet/2018,
statsnet,Community Affairs References Committee,"Effectiveness of the Aged Care Quality Assessment and accreditation framework for protecting residents from abuse and poor practices, and ensuring proper clinical and medical care standards are maintained and practised",2018-02-13,2019-04-03,2020-08-24,509,923,90,419,False,statsnet/2018,
statsnet,Joint Standing Committee on Electoral Matters,Electoral Legislation Amendment (Electoral Funding and Disclosure Reform) Bill 2017,2018-05-08,2018-10-15,2018-11-14,30,190,90,0,False,statsnet/2018,
statsnet,Rural and Regional Affairs and Transport References Committee,Examination of the Foreign Investment Review Board National Interest Test,2013-06-26,2013-06-26,2018-08-16,1877,1877,90,1787,False,statsnet/2018,
statsnet,Joint Standing Committee on Treaties,Extradition - Jordan,2018-03-20,2018-03-20,2018-08-13,146,146,90,56,False,statsnet/2018,
statsnet,Economics Legislation Committee,Foreign Acquisitions and Takeovers Legislation Amendment Bill 2015 and related bills,2015-10-14,2015-10-14,2018-08-13,1034,1034,90,944,False,statsnet/2018,
statsnet,Select Committee into Funding for Research into Cancers with Low Survival Rates,Funding for Research into Cancers with Low Survival Rates,2017-11-28,2017-11-28,2018-11-15,352,352,90,262,False,statsnet/2018,
statsnet,Community Affairs References Committee,Future of Australia's aged care sector workforce,2017-06-20,2017-06-20,2018-06-26,371,371,90,281,False,statsnet/2018,
statsnet,Environment and Communications References Committee,Future of Australia's video game development industry,2016-05-02,2016-05-02,2018-02-05,644,644,90,554,False,statsnet/2018,
statsnet,Select Committee on the Future of Public Interest Journalism,Future of Public Interest Journalism,2018-02-05,2018-02-05,2018-08-23,199,199,90,109,False,statsnet/2018,
statsnet,Community Affairs References Committee,Future of rugby union in Australia,2017-11-15,2017-11-15,2018-06-18,215,215,90,125,False,statsnet/2018,
statsnet,Finance and Public Administration References Committee,Gender segregation in the workplace and its impact on women's economic equality,2017-06-13,2017-06-13,2018-08-13,426,426,90,336,False,statsnet/2018,
statsnet,Joint Standing Committee on the National Disability Insurance Scheme,General issues around the implementation and performance of the NDIS,2017-09-07,2019-04-02,2020-04-08,372,944,90,282,False,statsnet/2018,
statsnet,Joint Standing Committee on Trade and Investment Growth,Growth potential in Australia's trade and investment relationship with Indonesia,2017-06-20,2017-06-20,2018-03-28,281,281,90,191,False,statsnet/2018,
statsnet,Red Tape Committee,Health Services,2018-03-28,2018-03-28,2019-02-12,321,321,90,231,False,statsnet/2018,
statsnet,"Foreign Affairs, Defence and Trade References Committee",Impact of Defence training activities and facilities on rural and regional communities,2017-08-14,2018-06-18,2024-06-25,2199,2507,90,2109,False,statsnet/2018,
statsnet,Rural and Regional Affairs and Transport References Committee,Increasing use of so-called Flag of Convenience shipping in Australia,2017-08-08,2017-08-08,2018-06-19,315,315,90,225,False,statsnet/2018,
statsnet,Joint Standing Committee on Migration,Migrant settlement outcomes,2018-02-05,2018-02-05,2018-06-27,142,142,90,52,False,statsnet/2018,
statsnet,Legal and Constitutional Affairs Legislation Committee,Migration and Other Legislation Amendment (Enhanced Integrity) Bill 2017,2017-10-17,2017-10-17,2018-03-20,154,154,90,64,False,statsnet/2018,
statsnet,Legal and Constitutional Affairs Legislation Committee,Modern Slavery Bill 2018,2018-09-10,2018-09-10,2018-11-13,64,64,90,0,False,statsnet/2018,
statsnet,Community Affairs Legislation Committee,National Redress Scheme for Institutional Child Sexual Abuse Bill 2018 and National Redress Scheme for Institutional Child Sexual Abuse (Consequential Amendments) Bill 2018,2018-06-18,2018-06-18,2018-08-13,56,56,90,0,False,statsnet/2018,
statsnet,Economics References Committee,Non-conforming building products,2017-09-06,2018-12-04,2020-05-12,525,979,90,435,False,statsnet/2018,
statsnet,Community Affairs References Committee,Number of women in Australia who have had transvaginal mesh implants and related matters,2018-03-28,2018-03-28,2021-08-03,1224,1224,90,1134,False,statsnet/2018,
statsnet,Education and Employment References Committee,"Operation, regulation and funding of private vocational education and training (VET) providers in Australia",2015-10-15,2015-10-15,2018-02-07,846,846,90,756,False,statsnet/2018,
statsnet,Education and Employment References Committee,Penalty Rates,2017-10-16,2017-10-16,2018-02-05,112,112,90,22,False,statsnet/2018,
statsnet,Joint Select Committee on Broadcasting Legislation,Potential areas for further reform of Australia's broadcasting legislation,2013-06-24,2013-06-24,2018-03-19,1729,1729,90,1639,False,statsnet/2018,
statsnet,Education and Employment References Committee,"Prevention, investigation and prosecution of industrial deaths in Australia",2018-10-17,2018-10-17,2019-02-12,118,118,90,28,False,statsnet/2018,
statsnet,Joint Committee on Publications,Printing standards for documents presented to Parliament,2017-12-05,2017-12-05,2018-11-13,343,343,90,253,False,statsnet/2018,
statsnet,Parliamentary Standing Committee on Public Works,"Proposed fit-out and relocation of the Australian Cyber Security Centre, Canberra, ACT",2017-03-28,2017-03-28,2018-03-20,357,357,90,267,False,statsnet/2018,
statsnet,Joint Standing Committee on the National Disability Insurance Scheme,Provision of services under the NDIS Early Childhood Early Intervention Approach,2018-02-06,2018-02-06,2018-05-08,91,91,90,1,False,statsnet/2018,
statsnet,Joint Standing Committee on the National Disability Insurance Scheme,Provision of services under the NDIS for people with psychosocial disabilities related to a mental health condition,2017-08-15,2017-08-15,2018-03-19,216,216,90,126,False,statsnet/2018,
statsnet,Rural and Regional Affairs and Transport References Committee,"Regulatory requirements that impact on the safe use of Remotely Piloted Aircraft Systems, Unmanned Aerial Systems and associated systems.",2018-08-13,2018-08-13,2018-11-27,106,106,90,16,False,statsnet/2018,
statsnet,Parliamentary Joint Committee on Corporations and Financial Services,Report on the 2015-2016 annual reports of bodies established under the ASIC Act,2017-06-14,2017-06-14,2018-06-19,370,370,90,280,False,statsnet/2018,
statsnet,Parliamentary Joint Committee on Corporations and Financial Services,Report on the 2016-2017 annual reports of bodies established under the ASIC Act,2018-08-13,2018-08-13,2018-11-13,92,92,90,2,False,statsnet/2018,
statsnet,Joint Standing Committee on Treaties,Reprocessing Nuclear Fuel - France,2018-05-09,2018-05-09,2019-02-12,279,279,90,189,False,statsnet/2018,
statsnet,Economics Legislation Committee,Reserve Bank Amendment (Australian Reconstruction and Development Board) Bill 2013,2015-05-11,2015-05-11,2018-08-13,1190,1190,90,1100,False,statsnet/2018,
statsnet,Parliamentary Joint Committee on Intelligence and Security,"Review of police stop, search and seizure powers, the control order regime and the preventative detention order regime",2018-03-20,2018-03-20,2018-06-19,91,91,90,1,False,statsnet/2018,a later report post-dates this response; clock uses the report it follows; 
statsnet,Parliamentary Joint Committee on Intelligence and Security,Review of the 'declared area' provisions,2018-03-20,2018-03-20,2018-06-19,91,91,90,1,False,statsnet/2018,
statsnet,"Joint Standing Committee on Foreign Affairs, Defence and Trade",Review of the Defence Annual Report 2015-16,2017-12-07,2017-12-07,2018-08-15,251,251,90,161,False,statsnet/2018,
statsnet,Parliamentary Joint Committee on Intelligence and Security,Review of the Foreign Influence Transparency Scheme Bill 2017,2018-06-26,2018-06-26,2018-06-26,0,0,90,0,False,statsnet/2018,
statsnet,Parliamentary Joint Committee on Intelligence and Security,Review of the National Security Legislation Amendment (Espionage and Foreign Interference) Bill 2017,2018-06-18,2018-06-18,2018-06-26,8,8,90,0,False,statsnet/2018,
statsnet,Parliamentary Joint Committee on Intelligence and Security,Review of the Security of Critical Infrastructure Bill 2017,2018-03-19,2018-03-19,2018-03-28,9,9,90,0,False,statsnet/2018,
statsnet,Joint Standing Committee on the National Broadband Network,Rollout of the National Broadband Network,2017-10-16,2017-10-16,2018-02-05,112,112,90,22,False,statsnet/2018,
statsnet,Economics References Committee,Selection process for a national radioactive waste management facility in South Australia,2018-08-14,2018-08-14,2018-11-15,93,93,90,3,False,statsnet/2018,
statsnet,Joint Standing Committee on Treaties,Social Security - New Zealand,2017-05-10,2017-05-10,2018-05-08,363,363,90,273,False,statsnet/2018,
statsnet,Community Affairs Legislation Committee,Social Services Legislation Amendment (Drug Testing Trial) Bill 2018,2018-05-08,2018-05-08,2018-08-14,98,98,90,8,False,statsnet/2018,
statsnet,Community Affairs Legislation Committee,Social Services Legislation Amendment (Family Payments Structural Reform and Participation Measures) Bill 2015,2015-11-30,2015-11-30,2018-03-19,840,840,90,750,False,statsnet/2018,
statsnet,Community Affairs Legislation Committee,Social Services Legislation Amendment (Housing Affordability) Bill 2017,2017-12-06,2017-12-06,2018-10-17,315,315,90,225,False,statsnet/2018,
statsnet,Community Affairs Legislation Committee,Social Services Legislation Amendment (Payment Integrity) Bill 2017,2017-09-07,2017-09-07,2018-03-22,196,196,90,106,False,statsnet/2018,
statsnet,Community Affairs Legislation Committee,Social Services Legislation Amendment (Welfare Reform) Bill 2017,2017-09-06,2017-09-06,2018-06-26,293,293,90,203,False,statsnet/2018,
statsnet,Joint Standing Committee on the National Capital and External Territories,Strategic importance of the Indian Ocean Territories,2017-09-12,2017-09-12,2018-06-19,280,280,90,190,False,statsnet/2018,
statsnet,Education and Employment References Committee,Technical and further education in Australia,2014-05-14,2014-05-14,2018-02-07,1365,1365,90,1275,False,statsnet/2018,
statsnet,Environment and Communications Legislation Committee,Telecommunications Legislation Amendment (Competition and Consumer) Bill 2017 and Telecommunications (Regional Broadband Scheme) Charge Bill 2017,2017-09-06,2017-09-06,2018-02-05,152,152,90,62,False,statsnet/2018,
statsnet,Rural and Regional Affairs and Transport References Committee,The effect of market consolidation on the red meat processing sector,2017-09-12,2017-09-12,2019-02-12,518,518,90,428,False,statsnet/2018,
statsnet,Joint Standing Committee on the National Disability Insurance Scheme,The provision of hearing services under the National Disability Insurance Scheme (NDIS),2017-09-14,2018-06-26,2018-11-13,140,425,90,50,False,statsnet/2018,
statsnet,Joint Standing Committee on the National Disability Insurance Scheme,Transitional arrangements for the NDIS,2018-02-15,2018-02-15,2018-06-19,124,124,90,34,False,statsnet/2018,
statsnet,Economics Legislation Committee,Treasury Laws Amendment (Personal Income Tax Plan) Bill 2018,2018-06-18,2018-06-18,2019-02-12,239,239,90,149,False,statsnet/2018,
statsnet,Community Affairs References Committee,Value and affordability of private health insurance and out-of-pocket medical costs,2018-02-05,2018-02-05,2019-02-12,372,372,90,282,False,statsnet/2018,
statsnet,"Joint Standing Committee on Foreign Affairs, Defence and Trade",Access to free trade agreements by small and medium sized enterprises,2019-02-14,2019-02-14,2020-02-04,355,355,90,265,False,statsnet/2019,
statsnet,Community Affairs References Committee,Accessibility and quality of mental health services in rural and remote Australia,2018-12-04,2018-12-04,2019-07-02,210,210,90,120,False,statsnet/2019,
statsnet,Joint Standing Committee on the National Capital and External Territories,Administration of the National Memorials Ordinance 1928,2011-11-25,2011-11-25,2019-04-03,2686,2686,90,2596,False,statsnet/2019,
statsnet,Rural and Regional Affairs and Transport Legislation Committee,Agricultural and Veterinary Chemicals Legislation Amendment (Streamlining Regulation) Bill 2018,2019-02-12,2019-02-12,2019-04-03,50,50,90,0,False,statsnet/2019,
statsnet,Environment and Communications References Committee,Allegations of political interference in the Australian Broadcasting Corporation (ABC),2019-04-02,2019-04-02,2019-09-09,160,160,90,70,False,statsnet/2019,
statsnet,"Foreign Affairs, Defence and Trade Legislation Committee",Annual reports referred to legislation committees,2019-07-23,2019-07-23,2019-11-11,111,111,90,21,False,statsnet/2019,
statsnet,Joint Standing Committee on Treaties,Aspects of the Peru-Australia Free Trade Agreement revisited,2018-11-26,2018-11-26,2019-07-02,218,218,90,128,False,statsnet/2019,
statsnet,Joint Standing Committee on the National Disability Insurance Scheme,Assistive Technology,2019-02-12,2019-02-12,2019-04-02,49,49,90,0,False,statsnet/2019,
statsnet,Joint Standing Committee on Trade and Investment Growth,Austrade's role in attracting investment in Australia,2019-04-02,2019-04-02,2019-09-09,160,160,90,70,False,statsnet/2019,
statsnet,"Joint Standing Committee on Foreign Affairs, Defence and Trade",Australia's trade and investment relationships with countries of the Middle East,2016-05-04,2016-05-04,2019-04-02,1063,1063,90,973,False,statsnet/2019,
statsnet,Joint Standing Committee on the National Capital and External Territories,Australia’s Antarctic Territory,2018-06-19,2018-06-19,2019-07-02,378,378,90,288,False,statsnet/2019,
statsnet,"Foreign Affairs, Defence and Trade References Committee",Australia’s trade and investment relationships with the countries of Africa,2018-06-21,2018-06-21,2019-02-14,238,238,90,148,False,statsnet/2019,
statsnet,"Joint Standing Committee on Foreign Affairs, Defence and Trade","Benefits and risks of a Bipartisan Australian Defence Agreement, as a basis of planning for, and funding of, Australian Defence capability.",2018-11-15,2018-11-15,2019-04-02,138,138,90,48,False,statsnet/2019,
statsnet,Joint Standing Committee on the National Capital and External Territories,Commonwealth and Parliamentary approvals for the proposed Stage 2 of the Australian Capital Territory light rail project,2018-11-13,2018-11-13,2019-04-02,140,140,90,50,False,statsnet/2019,
statsnet,Parliamentary Joint Committee on Intelligence and Security,Crimes Legislation Amendment (Police Powers at Airports) Bill 2018,2019-02-14,2019-02-14,2019-07-23,159,159,90,69,False,statsnet/2019,
statsnet,Legal and Constitutional Affairs Legislation Committee,"Customs Amendment (Comprehensive and Progressive Agreement for Trans-Pacific Partnership Implementation) Bill 2018, and the Customs Tariff Amendment (Comprehensive Agreement for Trans-Pacific Implementation) Bill 2018",2018-10-15,2018-10-15,2019-07-02,260,260,90,170,False,statsnet/2019,
statsnet,Joint Committee of Public Accounts and Audit,Cybersecurity Compliance - Inquiry into Auditor-General's report 42 (2016-17),2017-11-14,2017-11-14,2019-04-03,505,505,90,415,False,statsnet/2019,
statsnet,Finance and Public Administration References Committee,Digital delivery of government services,2018-06-27,2018-06-27,2019-04-02,279,279,90,189,False,statsnet/2019,
statsnet,"Foreign Affairs, Defence and Trade Legislation Committee",Export Finance and Insurance Corporation Amendment (Support for Infrastructure Financing) Bill 2019 [Provisions],2019-04-02,2019-04-02,2019-07-24,113,113,90,23,False,statsnet/2019,
statsnet,Economics References Committee,Future of Australia's Steel Industry,2016-12-01,2017-12-04,2019-04-02,484,852,90,394,False,statsnet/2019,
statsnet,Environment and Communications References Committee,Gaming micro-transactions for chance-based items,2018-11-27,2018-11-27,2019-04-02,126,126,90,36,False,statsnet/2019,
statsnet,Economics References Committee,Governance and operation of the Northern Australia Infrastructure Facility (NAIF),2018-08-13,2018-08-13,2019-11-11,455,455,90,365,False,statsnet/2019,
statsnet,Joint Standing Committee on the National Broadband Network,Inquiry into the rollout of the NBN in rural and regional areas,2018-11-26,2018-11-26,2019-04-02,127,127,90,37,False,statsnet/2019,
statsnet,Joint Standing Committee on the National Disability Insurance Scheme,NDIS ICT Systems,2019-02-12,2019-02-12,2019-04-02,49,49,90,0,False,statsnet/2019,
statsnet,Rural and Regional Affairs and Transport References Committee,"Need for regulation of mobility scooters, also known as motorised wheelchairs",2018-09-20,2018-09-20,2019-07-02,285,285,90,195,False,statsnet/2019,
statsnet,Rural and Regional Affairs and Transport References Committee,"Operation, regulation and funding of air route service delivery to rural, regional and remote communities",2019-07-02,2019-07-02,2019-12-05,156,156,90,66,False,statsnet/2019,
statsnet,Community Affairs References Committee,"ParentsNext, including its trial and subsequent broader rollout",2019-04-02,2019-04-02,2019-08-01,121,121,90,31,False,statsnet/2019,
statsnet,Standing Committee for the Scrutiny of Delegated Legislation,Parliamentary Scrutiny of Delegated Legislation,2019-07-02,2019-07-02,2019-11-11,132,132,90,42,False,statsnet/2019,
statsnet,Rural and Regional Affairs and Transport Legislation Committee,"Performance of the Australian Transport Safety Bureau, and in particular its report on the June 2017 crash of a flight conducted on behalf of Angel Flight Australia",2019-10-14,2019-10-14,2019-11-25,42,42,90,0,False,statsnet/2019,
statsnet,Finance and Public Administration References Committee,Progress in the implementation of the recommendations of the 1999 Joint Expert Technical Advisory Committee on Antibiotic Resistance,2013-06-17,2013-06-17,2019-04-02,2115,2115,90,2025,False,statsnet/2019,
statsnet,"Foreign Affairs, Defence and Trade References Committee",Proposed Comprehensive and Progressive Agreement for Trans-Pacific Partnership,2018-09-18,2018-09-18,2019-07-02,287,287,90,197,False,statsnet/2019,
statsnet,Rural and Regional Affairs and Transport References Committee,"Provision of rescue, firefighting and emergency response at Australian airports",2019-08-01,2019-08-01,2019-11-11,102,102,90,12,False,statsnet/2019,
statsnet,Parliamentary Joint Committee on Intelligence and Security,Review of ASIO's questioning and detention powers,2018-06-19,2018-06-19,2019-04-03,288,288,90,198,False,statsnet/2019,
statsnet,Parliamentary Joint Committee on Intelligence and Security,Review of the Counter-Terrorism (Temporary Exclusion Orders) Bill 2019,2019-04-03,2019-04-03,2019-07-23,111,111,90,21,False,statsnet/2019,
statsnet,Parliamentary Joint Committee on Intelligence and Security,"Review of the declaration of Mosul District, Ninewa Province, Iraq",2018-06-21,2018-06-21,2019-02-14,238,238,90,148,False,statsnet/2019,
statsnet,Parliamentary Joint Committee on Intelligence and Security,Review of the relisting of Hizballah's External Security Organisation as a terrorist organisation under the Criminal Code,2018-06-21,2018-06-21,2019-04-03,286,286,90,196,False,statsnet/2019,
statsnet,Parliamentary Joint Committee on Intelligence and Security,Review of the Telecommunications and Other Legislation Amendment (Assistance and Access) Act 2018,2019-04-03,2019-04-03,2019-10-17,197,197,90,107,False,statsnet/2019,
statsnet,Environment and Communications References Committee,Risks and opportunities associated with the use of the bumblebee population in Tasmania for commercial pollination purposes,2017-06-13,2017-06-13,2019-07-02,749,749,90,659,False,statsnet/2019,
statsnet,Community Affairs References Committee,Science of mitochondrial donation and related matters,2018-06-27,2018-06-27,2019-04-02,279,279,90,189,False,statsnet/2019,
statsnet,Select Committee on Stillbirth Research and Education,Stillbirth Research and Education,2018-12-04,2018-12-04,2019-07-22,230,230,90,140,False,statsnet/2019,
statsnet,Rural and Regional Affairs and Transport References Committee,The Independence of regulatory decisions made by the Australian Pesticides and Veterinary Medicines Authority (APVMA),2019-02-12,2019-02-12,2019-07-02,140,140,90,50,False,statsnet/2019,
statsnet,Joint Standing Committee on Treaties,TPP-11,2018-08-22,2018-08-22,2019-07-02,314,314,90,224,False,statsnet/2019,
statsnet,Joint Standing Committee on Trade and Investment Growth,Trade system and the digital economy,2018-09-20,2018-09-20,2019-12-03,439,439,90,349,False,statsnet/2019,
statsnet,Economics Legislation Committee,Treasury Laws Amendment (Enhancing Whistleblower Protections) Bill 2017,2018-03-22,2018-03-22,2019-04-02,376,376,90,286,False,statsnet/2019,
statsnet,"Foreign Affairs, Defence and Trade References Committee",Use of the Quinoline anti-malarial drugs Mefloquine and Tafenoquine in the Australian Defence Force,2018-12-04,2018-12-04,2019-04-02,119,119,90,29,False,statsnet/2019,
statsnet,Education and Employment References Committee,Vocational education and training in South Australia,2018-03-19,2018-03-19,2019-11-11,602,602,90,512,False,statsnet/2019,
statsnet,Parliamentary Joint Committee on Corporations and Financial Services,"Whistleblower protections in the corporate, public and not-for-profit sectors",2017-09-14,2017-09-14,2019-07-02,656,656,90,566,False,statsnet/2019,
statsnet,Education and Employment References Committee,Work health and safety of workers in the offshore petroleum industry,2018-08-23,2018-08-23,2019-02-12,173,173,90,83,False,statsnet/2019,
statsnet,Rural and Regional Affairs and Transport Legislation Committee,Agricultural and Veterinary Chemicals Legislation Amendment (Australian Pesticides and Veterinary Medicines Authority Board and Other Improvements) Bill 2019 [Provisions],2019-11-28,2019-11-28,2020-03-23,116,116,90,26,False,statsnet/2020,
statsnet,Education and Employment References Committee,"Appropriateness and effectiveness of the objectives, design, implementation and evaluation of jobactive",2019-02-14,2019-02-14,2020-06-10,482,482,90,392,False,statsnet/2020,
statsnet,Rural and Regional Affairs and Transport References Committee,Aspects of road safety in Australia,2017-11-13,2017-11-13,2020-06-18,948,948,90,858,False,statsnet/2020,
statsnet,Joint Standing Committee on Treaties,Australia-Hong Kong Free Trade Agreement,2019-10-14,2019-10-14,2020-02-24,133,133,90,43,False,statsnet/2020,
statsnet,Environment and Communications References Committee,Australia’s faunal extinction crisis,2019-04-03,2019-12-04,2020-10-07,308,553,90,218,False,statsnet/2020,
statsnet,"Foreign Affairs, Defence and Trade Legislation Committee",Australia’s Foreign Relations (State and Territory Arrangements) Bill 2020 and Australia’s Foreign Relations (State and Territory Arrangements) (Consequential Amendments) Bill 2020,2020-11-09,2020-11-09,2020-11-30,21,21,90,0,False,statsnet/2020,
statsnet,Select Committee on Charity Fundraising in the 21st Century,Charity Fundraising in the 21st Century,2019-02-14,2019-02-14,2020-11-10,635,635,90,545,False,statsnet/2020,
statsnet,Rural and Regional Affairs and Transport References Committee,Current requirements for labelling of seafood and seafood products,2015-02-09,2015-02-09,2024-06-24,3423,3423,90,3333,False,statsnet/2020,
statsnet,Red Tape Committee,Effect of red tape on private education,2018-11-29,2018-11-29,2020-02-05,433,433,90,343,False,statsnet/2020,
statsnet,"Joint Standing Committee on Foreign Affairs, Defence and Trade",Establishing a Modern Slavery Act in Australia,2017-09-05,2017-12-07,2020-11-09,1068,1161,90,978,False,statsnet/2020,
statsnet,Parliamentary Joint Committee on the Australian Commission for Law Enforcement Integrity,Examination of the Annual Report of Integrity Commissioner 2016-17,2019-04-03,2019-04-03,2021-02-02,671,671,90,581,False,statsnet/2020,
statsnet,Parliamentary Joint Committee on the Australian Commission for Law Enforcement Integrity,Examination of the Annual Report of the Integrity Commissioner 2017-18,2020-02-26,2020-02-26,2021-02-02,342,342,90,252,False,statsnet/2020,
statsnet,Parliamentary Joint Committee on the Australian Commission for Law Enforcement Integrity,Examination of the Annual Report of the Integrity Commissioner 2018–19,2020-09-03,2020-09-03,2020-12-03,91,91,90,1,False,statsnet/2020,
statsnet,Community Affairs Legislation Committee,Family Assistance Legislation Amendment (Extend Family Assistance to ABSTUDY Secondary School Boarding Students Aged 16 and Over) Bill 2019,2019-09-09,2019-09-09,2020-02-24,168,168,90,78,False,statsnet/2020,
statsnet,Rural and Regional Affairs and Transport References Committee,Feasibility of a National Horse Traceability Register for all horses,2019-11-27,2019-11-27,2020-10-06,314,314,90,224,False,statsnet/2020,
statsnet,Education and Employment References Committee,"High rates of mental health conditions experienced by first responders, emergency service workers and volunteers",2019-02-14,2019-02-14,2020-02-25,376,376,90,286,False,statsnet/2020,
statsnet,Parliamentary Joint Committee on Law Enforcement,Human trafficking,2017-08-08,2017-08-08,2020-11-09,1189,1189,90,1099,False,statsnet/2020,
statsnet,Parliamentary Joint Committee on Intelligence and Security,Impact of the exercise of law enforcement and intelligence powers on the freedom of the press,2020-08-27,2020-08-27,2021-02-02,159,159,90,69,False,statsnet/2020,
statsnet,Joint Standing Committee on Treaties,Investments Uruguay,2019-12-03,2019-12-03,2020-06-16,196,196,90,106,False,statsnet/2020,
statsnet,Joint Select Committee on oversight of the implementation of redress related recommendations of the Royal Commission into Institutional Responses to Child Sexual Abuse,Joint Select Committee on oversight of the implementation of redress related recommendations of the Royal Commission into Institutional Responses to Child Sexual Abuse,2019-04-02,2019-04-02,2020-02-24,328,328,90,238,False,statsnet/2020,
statsnet,"Joint Standing Committee on Foreign Affairs, Defence and Trade",Management of per- and polyfluoroalkyl substances (PFAS) contamination in and around Defence bases,2018-12-03,2018-12-03,2020-03-23,476,476,90,386,False,statsnet/2020,
statsnet,Joint Standing Committee on the National Disability Insurance Scheme,Market Readiness,2018-09-20,2018-09-20,2020-04-08,566,566,90,476,False,statsnet/2020,
statsnet,Legal and Constitutional Affairs Legislation Committee,Migration Amendment (Strengthening the Character Test) Bill 2018,2019-02-12,2019-02-14,2020-02-13,364,366,90,274,False,statsnet/2020,
statsnet,Legal and Constitutional Affairs Legislation Committee,Migration Amendment (Strengthening the Character Test) Bill 2019 [Provisions],2019-09-16,2019-09-16,2020-02-13,150,150,90,60,False,statsnet/2020,
statsnet,Community Affairs References Committee,My Health Record system,2018-10-18,2018-10-18,2020-11-09,753,753,90,663,False,statsnet/2020,
statsnet,Joint Standing Committee on the National Disability Insurance Scheme,NDIS Planning,2019-12-03,2020-12-01,2021-02-23,84,448,90,0,False,statsnet/2020,
statsnet,Parliamentary Joint Committee on Corporations and Financial Services,Operation and effectiveness of the Franchising Code of Conduct,2019-04-02,2019-04-02,2020-08-24,510,510,90,420,False,statsnet/2020,
statsnet,Joint Standing Committee on Northern Australia,Opportunities and methods for stimulating the tourism Industry in Northern Australia,2018-06-28,2018-06-28,2020-10-06,831,831,90,741,False,statsnet/2020,
statsnet,Rural and Regional Affairs and Transport Legislation Committee,Primary Industries (Customs) Charges Amendment (Dairy Cattle Export Charge) Bill 2020,2020-08-24,2020-08-24,2020-12-09,107,107,90,17,False,statsnet/2020,
statsnet,Environment and Communications References Committee,Protection of Aboriginal rock art of the Burrup Peninsula,2018-03-21,2018-03-21,2020-08-24,887,887,90,797,False,statsnet/2020,
statsnet,Parliamentary Joint Committee on Human Rights,Quality of Care Amendment (Minimising the Use of Restraints) Principles 2019,2019-11-13,2019-11-13,2020-05-12,181,181,90,91,False,statsnet/2020,
statsnet,Parliamentary Joint Committee on Intelligence and Security,Review of Administration and Expenditure No. 17 (2017-2018) - Australian Intelligence Agencies,2020-02-06,2020-02-06,2020-05-12,96,96,90,6,False,statsnet/2020,
statsnet,Parliamentary Joint Committee on Intelligence and Security,"Review of the re-listing of al-Shabaab, Hamas' Izz al-Din al-Qassam Brigades (Hamas Brigades), the Kurdistan Workers Party (PKK), Lashkar-e-Tayyiba (LeT) and Palestinian Islamic Jihad (PIJ) as terrorist organisations under the Criminal Code",2018-09-20,2018-09-20,2020-08-24,704,704,90,614,False,statsnet/2020,
statsnet,Community Affairs References Committee,Support for Australia’s thalidomide survivors,2019-02-14,2019-04-02,2020-11-09,587,634,90,497,False,statsnet/2020,
statsnet,Joint Standing Committee on the National Disability Insurance Scheme,Supported Independent Living,2020-05-13,2020-05-13,2020-08-24,103,103,90,13,False,statsnet/2020,
statsnet,Joint Standing Committee on Trade and Investment Growth,Supporting Australia's exports and attracting investment,2020-06-11,2020-06-11,2020-10-06,117,117,90,27,False,statsnet/2020,
statsnet,Parliamentary Joint Committee on Law Enforcement,Theft and export of motor vehicles and parts,2019-07-23,2019-07-23,2020-08-24,398,398,90,308,False,statsnet/2020,
statsnet,Legal and Constitutional Affairs References Committee,Ability of Australian law enforcement authorities to eliminate gun-related violence in the community,2015-05-11,2015-05-11,2021-06-24,2236,2236,90,2146,False,statsnet/2021,
statsnet,Select Committee on the Aboriginal Flag,Aboriginal Flag,2020-11-09,2020-11-09,2021-03-17,128,128,90,38,False,statsnet/2021,
statsnet,"Foreign Affairs, Defence and Trade References Committee",Accuracy of information provided to Defence Force Retirement and Death Benefits (DFRDB) members,2021-08-03,2021-08-03,2021-12-02,121,121,90,31,False,statsnet/2021,
statsnet,Legal and Constitutional Affairs References Committee,Adequacy of existing offences in the Commonwealth Criminal Code and of state and territory criminal laws to capture cyberbullying,2018-03-28,2018-03-28,2021-05-11,1140,1140,90,1050,False,statsnet/2021,
statsnet,Joint Committee of Public Accounts and Audit,"Administration of Government Grants: Inquiry into Auditor-General's Reports 5, 12 and 23 (2019-20)",2020-12-08,2020-12-08,2021-10-21,317,317,90,227,False,statsnet/2021,
statsnet,"Joint Standing Committee on Foreign Affairs, Defence and Trade",Australia's defence relationships with Pacific island nations,2021-05-11,2021-05-11,2021-10-21,163,163,90,73,False,statsnet/2021,
statsnet,Community Affairs References Committee,Centrelink's compliance program,2020-02-11,2022-07-26,2022-10-25,91,987,90,1,False,statsnet/2021,
statsnet,"Joint Standing Committee on Foreign Affairs, Defence and Trade",Certain aspects of the Department of Foreign Affairs and Trade Annual Report 2019-20 - Myanmar,2021-06-24,2021-06-24,2022-02-08,229,229,90,139,False,statsnet/2021,
statsnet,Legal and Constitutional Affairs Legislation Committee,Courts and Tribunals Legislation Amendment (2021 Measures No. 1) Bill 2021,2021-08-23,2021-08-23,2021-11-23,92,92,90,2,False,statsnet/2021,
statsnet,Legal and Constitutional Affairs Legislation Committee,Crimes Legislation Amendment (Combatting Corporate Crime) Bill 2017,2018-05-08,2018-05-08,2021-02-16,1015,1015,90,925,False,statsnet/2021,
statsnet,Legal and Constitutional Affairs Legislation Committee,Crimes Legislation Amendment (Combatting Corporate Crime) Bill 2019,2020-03-23,2020-03-23,2021-02-16,330,330,90,240,False,statsnet/2021,
statsnet,Community Affairs References Committee,Current barriers to patient access to medicinal cannabis in Australia,2020-04-08,2020-04-08,2021-03-15,341,341,90,251,False,statsnet/2021,
statsnet,Economics References Committee,Dairy industry,2017-08-17,2017-08-17,2021-06-24,1407,1407,90,1317,False,statsnet/2021,
statsnet,Joint Standing Committee on Trade and Investment Growth,Diversifying Australia's trade and investment profile,2021-03-17,2021-03-17,2021-08-09,145,145,90,55,False,statsnet/2021,
statsnet,Standing Committee for the Scrutiny of Delegated Legislation,Exemption of delegated legislation from parliamentary oversight,2020-12-02,2021-03-16,2021-11-22,251,355,90,161,False,statsnet/2021,
statsnet,Economics References Committee,Foreign bribery,2018-03-28,2018-03-28,2021-02-16,1056,1056,90,966,False,statsnet/2021,
statsnet,Joint Standing Committee on Electoral Matters,Future conduct of elections operating during times of emergency situations,2021-06-24,2021-06-24,2021-12-02,161,161,90,71,False,statsnet/2021,
statsnet,Joint Standing Committee on the National Disability Insurance Scheme,General issues around the implementation and performance of the NDIS,2020-12-10,2022-07-26,2023-02-09,198,791,90,108,False,statsnet/2021,
statsnet,"Joint Standing Committee on Foreign Affairs, Defence and Trade",Human organ trafficking and organ transplant tourism,2018-12-05,2018-12-05,2021-10-18,1048,1048,90,958,False,statsnet/2021,
statsnet,Parliamentary Joint Committee on Law Enforcement,Illicit tobacco,2020-11-12,2020-11-12,2021-11-24,377,377,90,287,False,statsnet/2021,
statsnet,Environment and Communications References Committee,Impact of seismic testing on fisheries and the marine environment,2021-06-15,2021-06-15,2021-11-23,161,161,90,71,False,statsnet/2021,
statsnet,Environment and Communications Legislation Committee,Industrial Chemicals Environmental Management (Register) Bills 2020,2021-03-15,2021-03-15,2021-08-03,141,141,90,51,False,statsnet/2021,
statsnet,Finance and Public Administration References Committee,Lessons to be learned in relation to the Australian bushfire season 2019-20,2020-10-07,2021-12-02,2024-05-14,894,1315,90,804,False,statsnet/2021,
statsnet,Parliamentary Joint Committee on Corporations and Financial Services,Litigation funding and the regulation of the class action industry,2021-02-02,2021-02-02,2021-10-20,260,260,90,170,False,statsnet/2021,
statsnet,Rural and Regional Affairs and Transport References Committee,Management of the Inland Rail project by the Australian Rail Track Corporation and the Commonwealth Government,2021-08-11,2021-08-11,2022-02-08,181,181,90,91,False,statsnet/2021,
statsnet,Joint Standing Committee on Treaties,Military Training - Singapore,2020-12-08,2020-12-08,2021-05-11,154,154,90,64,False,statsnet/2021,
statsnet,Joint Standing Committee on the National Disability Insurance Scheme,NDIS Workforce,2020-12-10,2022-03-29,2024-06-25,819,1293,90,729,False,statsnet/2021,
statsnet,Joint Standing Committee on Treaties,OCCAR Managed Programmes Participation Agreement; Minamata Convention on Mercury,2021-09-01,2021-09-01,2021-11-23,83,83,90,0,False,statsnet/2021,
statsnet,Rural and Regional Affairs and Transport References Committee,Performance of Australia's dairy industry and the profitability of Australian dairy farmers since deregulation in 2000,2021-03-18,2021-03-18,2022-02-08,327,327,90,237,False,statsnet/2021,
statsnet,Rural and Regional Affairs and Transport Legislation Committee,Performance of the Australian Maritime Safety Authority,2020-06-17,2020-06-17,2021-06-15,363,363,90,273,False,statsnet/2021,
statsnet,Education and Employment References Committee,Regulation of the relationship between car manufacturers and car dealers in Australia (formerly General Motors Holden Operations in Australia),2021-03-18,2021-03-18,2021-09-02,168,168,90,78,False,statsnet/2021,
statsnet,Legal and Constitutional Affairs Legislation Committee,Regulator of Medicinal Cannabis Bill 2014,2015-08-11,2015-08-11,2021-03-16,2044,2044,90,1954,False,statsnet/2021,
statsnet,Rural and Regional Affairs and Transport References Committee,Regulatory approaches to ensure the safety of pet food,2018-10-16,2018-10-16,2021-06-21,979,979,90,889,False,statsnet/2021,
statsnet,Parliamentary Joint Committee on Intelligence and Security,Review of Declared Areas Provisions,2021-02-24,2021-02-24,2021-08-03,160,160,90,70,False,statsnet/2021,
statsnet,Parliamentary Joint Committee on Intelligence and Security,Review of the Counter-Terrorism Legislation Amendment (High Risk Terrorist Offenders) Bill 2020,2021-10-18,2021-10-18,2021-10-20,2,2,90,0,False,statsnet/2021,
statsnet,Parliamentary Joint Committee on Intelligence and Security,Review of the relisting of Hizballah's External Security Organisation as a terrorist organisation under the Criminal Code,2021-06-22,2021-06-22,2021-11-24,155,155,90,65,False,statsnet/2021,
statsnet,Joint Select Committee on Road Safety,Road Safety,2020-08-24,2020-11-09,2021-08-31,295,372,90,205,False,statsnet/2021,
statsnet,"Joint Standing Committee on Foreign Affairs, Defence and Trade",Targeted sanctions to address human rights abuses,2020-12-08,2020-12-08,2021-08-09,244,244,90,154,False,statsnet/2021,
statsnet,Environment and Communications Legislation Committee,The future of Australia Post’s service delivery,2020-08-25,2020-08-25,2021-02-02,161,161,90,71,False,statsnet/2021,
statsnet,"Foreign Affairs, Defence and Trade References Committee",TPI payment (Special Rate of Disability Pension),2021-08-03,2021-08-03,2021-10-18,76,76,90,0,False,statsnet/2021,
statsnet,Select Committee on Australia as a Technology and Financial Centre,Australia as a Technology and Financial Centre,2020-09-02,2021-10-20,2024-08-13,1028,1441,90,938,False,statsnet/2022,
statsnet,Environment and Communications References Committee,"Australian content on broadcast, radio and streaming services",2019-04-02,2019-04-02,2022-07-26,1211,1211,90,1121,False,statsnet/2022,
statsnet,Parliamentary Joint Committee on Law Enforcement,Australian Institute of Criminology's National Deaths in Custody Program,2020-11-10,2020-11-10,2022-03-28,503,503,90,413,False,statsnet/2022,
statsnet,Economics References Committee,Australia’s sovereign naval shipbuilding capability,2021-06-15,2022-07-26,2024-06-25,700,1106,90,610,False,statsnet/2022,
statsnet,"Joint Standing Committee on Foreign Affairs, Defence and Trade",Certain aspects of the Department of Foreign Affairs and Trade Annual Report 2019-20,2022-03-30,2022-03-30,2022-11-21,236,236,90,146,False,statsnet/2022,
statsnet,"Joint Standing Committee on Foreign Affairs, Defence and Trade",Certain aspects of the Department of Foreign Affairs and Trade Annual Report 2019-20 - child and forced marriage.,2021-12-02,2021-12-02,2022-07-26,236,236,90,146,False,statsnet/2022,
statsnet,Joint Standing Committee on Treaties,Certain aspects of the treaty-making process in Australia,2021-08-31,2021-08-31,2022-03-28,209,209,90,119,False,statsnet/2022,
statsnet,"Foreign Affairs, Defence and Trade Legislation Committee",Customs Amendment (Banning Goods Produced By Uyghur Forced Labour) Bill 2020,2021-06-17,2021-06-17,2022-07-26,404,404,90,314,False,statsnet/2022,
statsnet,Joint Standing Committee on Northern Australia,"Destruction of 46,000 year old caves at the Juukan Gorge in the Pilbara region of Western Australia",2020-12-09,2021-10-18,2022-11-28,406,719,90,316,False,statsnet/2022,
statsnet,Environment and Communications Legislation Committee,Environment Protection and Biodiversity Conservation Amendment (Standards and Assurance) Bill 2021,2021-06-15,2021-06-15,2022-03-28,286,286,90,196,False,statsnet/2022,
statsnet,Environment and Communications Legislation Committee,Environment Protection and Biodiversity Conservation Amendment (Streamlining Environmental Approvals) Bill 2020,2020-11-30,2020-11-30,2022-03-28,483,483,90,393,False,statsnet/2022,
statsnet,Parliamentary Joint Committee on Intelligence and Security,Extremist movements and radicalism in Australia,2022-07-26,2022-07-26,2022-09-07,43,43,90,0,False,statsnet/2022,
statsnet,Rural and Regional Affairs and Transport References Committee,"Federal Government’s response to the drought, and the adequacy and appropriateness of policies and measures to support farmers, regional communities and the Australian economy",2021-10-21,2021-10-21,2022-07-26,278,278,90,188,False,statsnet/2022,
statsnet,Economics Legislation Committee,Financial Sector Reform (Hayne Royal Commission Response—Better Advice) Bill 2021 [Provisions],2021-08-03,2021-08-03,2022-03-28,237,237,90,147,False,statsnet/2022,
statsnet,Economics References Committee,Foreign investment proposals,2021-08-30,2021-08-30,2022-07-26,330,330,90,240,False,statsnet/2022,
statsnet,Joint Committee of Public Accounts and Audit,"Governance in the stewardship of public resources: Inquiry into Auditor-General’s Reports 11, 31, 39 (2019-20) and 2 and 9 (2020-21)",2022-07-26,2022-07-26,2022-11-28,125,125,90,35,False,statsnet/2022,
statsnet,Rural and Regional Affairs and Transport References Committee,"Importance of a viable, safe, sustainable and efficient road transport industry",2021-08-25,2021-08-25,2022-03-30,217,217,90,127,False,statsnet/2022,
statsnet,Parliamentary Joint Committee on Corporations and Financial Services,Mobile payment and digital wallet financial services,2021-11-23,2021-11-23,2022-02-08,77,77,90,0,False,statsnet/2022,
statsnet,Environment and Communications References Committee,National Landcare Program,2015-03-25,2015-03-25,2022-03-28,2560,2560,90,2470,False,statsnet/2022,
statsnet,Environment and Communications Legislation Committee,Online Safety Bill 2021 and a related bill,2021-03-15,2021-03-15,2022-11-21,616,616,90,526,False,statsnet/2022,
statsnet,Legal and Constitutional Affairs References Committee,"Phenomenon colloquially referred to as 'revenge porn', which involves sharing private sexual images and recordings of a person without their consent, with the intention to cause that person harm",2016-02-25,2016-02-25,2022-03-28,2223,2223,90,2133,False,statsnet/2022,
statsnet,Environment and Communications References Committee,Regulation of the fin-fish aquaculture industry in Tasmania,2015-09-07,2015-09-07,2022-03-28,2394,2394,90,2304,False,statsnet/2022,
statsnet,"Joint Standing Committee on Foreign Affairs, Defence and Trade",Remediation of PFAS-related impacts ongoing scrutiny and review,2020-02-04,2020-09-01,2022-02-08,525,735,90,435,False,statsnet/2022,a later report post-dates this response; clock uses the report it follows; 
statsnet,Parliamentary Joint Committee on Intelligence and Security,Review of Administration and Expenditure No. 19 (2019–20) – Australian Intelligence Agencies,2021-11-24,2021-11-24,2022-03-28,124,124,90,34,False,statsnet/2022,
statsnet,Parliamentary Joint Committee on Intelligence and Security,Review of the National Security Legislation Amendment (Comprehensive Review and Other Measures No. 1) Bill 2021,2022-03-28,2022-03-28,2022-11-21,238,238,90,148,False,statsnet/2022,
statsnet,Parliamentary Joint Committee on Intelligence and Security,Review of the re-listing of five organisations as terrorist organisations under the Criminal Code,2021-10-18,2021-10-18,2022-07-26,281,281,90,191,False,statsnet/2022,
statsnet,Select Committee on Autism,Select Committee on Autism,2022-03-28,2022-03-28,2023-02-06,315,315,90,225,False,statsnet/2022,
statsnet,Finance and Public Administration Legislation Committee,Social Security Legislation Amendment (Community Development Program) Bill 2015,2016-03-02,2016-03-02,2022-02-08,2169,2169,90,2079,False,statsnet/2022,
statsnet,Community Affairs Legislation Committee,Social Security Legislation Amendment (Community Development Program) Bill 2018,2018-10-15,2018-10-15,2022-02-08,1212,1212,90,1122,False,statsnet/2022,
statsnet,Finance and Public Administration Legislation Committee,Territories Stolen Generations Redress Scheme (Facilitation) Bill 2021 [Provisions] and Territories Stolen Generations Redress Scheme (Consequential Amendments) Bill 2021 [Provisions],2021-10-18,2021-10-18,2023-02-06,476,476,90,386,False,statsnet/2022,
statsnet,Joint Standing Committee on Treaties,US UK Exchange of Naval Nuclear Propulsion Information Agreement (ENNPIA),2022-02-09,2022-02-09,2022-03-28,47,47,90,0,False,statsnet/2022,
statsnet,Legal and Constitutional Affairs References Committee,Adequacy and efficacy of Australia’s anti-money laundering and counter-terrorism financing (AML/CTF) regime,2022-03-30,2022-03-30,2023-05-09,405,405,90,315,False,statsnet/2023,
statsnet,Rural and Regional Affairs and Transport References Committee,"Adequacy of Australia’s biosecurity measures and response preparedness, in particular with respect to foot-and-mouth disease and varroa mite",2023-02-06,2023-02-06,2023-09-12,218,218,90,128,False,statsnet/2023,
statsnet,Finance and Public Administration References Committee,Administration of the referendum into an Aboriginal and Torres Strait Islander Voice,2023-06-13,2023-06-13,2023-09-14,93,93,90,3,False,statsnet/2023,
statsnet,Joint Standing Committee on Treaties,Amendments 2020 - CITES,2021-03-16,2021-03-16,2023-02-09,695,695,90,605,False,statsnet/2023,
statsnet,Legal and Constitutional Affairs Legislation Committee,Anti-Discrimination and Human Rights Legislation Amendment (Respect at Work) Bill 2022,2022-11-21,2022-11-21,2023-02-06,77,77,90,0,False,statsnet/2023,
statsnet,Parliamentary Standing Committee on Public Works,Australian War Memorial Development Project,2021-02-23,2021-02-23,2023-06-14,841,841,90,751,False,statsnet/2023,
statsnet,Finance and Public Administration Legislation Committee,Budget estimates 2022-23,2023-02-06,2023-02-06,2023-05-09,92,92,90,2,False,statsnet/2023,
statsnet,Joint Standing Committee on Aboriginal and Torres Strait Islander Affairs,"Community safety, support services and job opportunities in the Northern Territory",2023-03-06,2023-03-06,2023-07-31,147,147,90,57,False,statsnet/2023,
statsnet,Joint Standing Committee on Electoral Matters,Conduct of the 2022 federal election and other matters,2023-06-20,2023-11-29,2025-03-25,482,644,90,392,False,statsnet/2023,
statsnet,Joint Standing Committee on the National Disability Insurance Scheme,Current scheme implementation and forecasting for the NDIS,2022-07-26,2022-07-26,2023-02-06,195,195,90,105,False,statsnet/2023,
statsnet,Finance and Public Administration Legislation Committee,Data Availability and Transparency Bill 2020 [Provisions] and Data Availability and Transparency (Consequential Amendments) Bill 2020 [Provisions],2021-05-11,2021-05-11,2023-03-21,679,679,90,589,False,statsnet/2023,
statsnet,"Joint Standing Committee on Foreign Affairs, Defence and Trade",Defence Industry Security Program Auditor-General’s Report,2023-06-20,2023-06-20,2025-02-04,595,595,90,505,False,statsnet/2023,
statsnet,"Joint Standing Committee on Foreign Affairs, Defence and Trade",Department of Defence Annual Report 2019-20,2021-11-30,2021-11-30,2023-08-01,609,609,90,519,False,statsnet/2023,
statsnet,Education and Employment Legislation Committee,"Fair Work Legislation Amendment (Secure Jobs, Better Pay) Bill 2022",2022-11-22,2022-11-22,2023-03-22,120,120,90,30,False,statsnet/2023,
statsnet,Select Committee on the Future of Work and Workers,Future of Work and Workers,2018-09-19,2018-09-19,2023-03-22,1645,1645,90,1555,False,statsnet/2023,
statsnet,"Foreign Affairs, Defence and Trade References Committee",Human rights implications of recent violence in Iran,2023-02-06,2023-02-06,2023-09-13,219,219,90,129,False,statsnet/2023,
statsnet,"Joint Standing Committee on Foreign Affairs, Defence and Trade",Human rights of women and girls in the Pacific,2021-11-30,2021-11-30,2023-03-06,461,461,90,371,False,statsnet/2023,
statsnet,Joint Standing Committee on the National Disability Insurance Scheme,Independent Assessments,2021-10-20,2021-10-20,2023-03-06,502,502,90,412,False,statsnet/2023,
statsnet,Joint Committee of Public Accounts and Audit,Inquiry into Commonwealth Financial Statements 2021–22,2023-07-31,2023-07-31,2023-11-14,106,106,90,16,False,statsnet/2023,
statsnet,Joint Select Committee on the Aboriginal and Torres Strait Islander Voice Referendum,Inquiry into the Aboriginal and Torres Strait Islander Voice Referendum,2023-06-13,2023-06-13,2023-06-14,1,1,90,0,False,statsnet/2023,
statsnet,"Joint Standing Committee on Foreign Affairs, Defence and Trade",International armed conflict decision making,2023-05-09,2023-05-09,2023-08-09,92,92,90,2,False,statsnet/2023,
statsnet,Parliamentary Joint Committee on Intelligence and Security,Item 250 of the National Anti-Corruption Commission (Consequential and Transitional Provisions) Bill 2022,2023-03-30,2023-03-30,2023-07-31,123,123,90,33,False,statsnet/2023,
statsnet,Joint Select Committee on Australia’s Family Law System,Joint Select Committee on Australia's Family Law System,2020-10-08,2021-11-23,2023-02-06,440,851,90,350,False,statsnet/2023,
statsnet,Parliamentary Standing Committee on Public Works,LAND 121 Stage 5B Facilities Project,2020-06-11,2020-06-11,2023-02-06,970,970,90,880,False,statsnet/2023,
statsnet,Community Affairs Legislation Committee,National Disability Insurance Scheme Amendment (Participant Service Guarantee and Other Measures) Bill 2021,2021-11-25,2021-12-02,2023-07-31,606,613,90,516,False,statsnet/2023,
statsnet,Parliamentary Joint Committee on Intelligence and Security,National security risks affecting the Australian higher education and research sector,2022-03-28,2022-03-28,2023-03-07,344,344,90,254,False,statsnet/2023,
statsnet,Education and Employment Legislation Committee,National Vocational Education and Training Regulator (Data Streamlining) Amendment Bill 2023 [Provisions],2023-05-09,2023-05-09,2023-10-16,160,160,90,70,False,statsnet/2023,
statsnet,Joint Standing Committee on the National Disability Insurance Scheme,NDIS Quality and Safeguards Commission,2021-12-01,2021-12-01,2023-05-09,524,524,90,434,False,statsnet/2023,
statsnet,Legal and Constitutional Affairs References Committee,Practice of dowry and the incidence of dowry abuse in Australia,2019-02-14,2019-02-14,2023-12-07,1757,1757,90,1667,False,statsnet/2023,
statsnet,Parliamentary Joint Committee on Law Enforcement,Public communications campaigns targeting drug and substance abuse,2021-05-12,2021-05-12,2023-11-14,916,916,90,826,False,statsnet/2023,
statsnet,Joint Standing Committee on Electoral Matters,Referendum (Machinery Provisions) Amendment Bill 2022,2023-03-07,2023-03-07,2023-06-14,99,99,90,9,False,statsnet/2023,
statsnet,Parliamentary Joint Committee on Corporations and Financial Services,Regulation of the use of financial services such as credit cards and digital wallets for online gambling in Australia,2021-11-23,2021-11-23,2023-05-09,532,532,90,442,False,statsnet/2023,
statsnet,Parliamentary Joint Committee on Intelligence and Security,Review of Administration and Expenditure No. 20 (2020–21) – Australian Intelligence Agencies,2023-08-01,2023-08-01,2023-11-06,97,97,90,7,False,statsnet/2023,
statsnet,Parliamentary Joint Committee on Intelligence and Security,Review of AFP Powers,2021-10-14,2021-10-14,2023-09-14,700,700,90,610,False,statsnet/2023,
statsnet,Parliamentary Joint Committee on Intelligence and Security,Review of the Counter-Terrorism (Temporary Exclusion Orders) Act 2019,2023-05-11,2023-05-11,2023-11-30,203,203,90,113,False,statsnet/2023,
statsnet,Parliamentary Joint Committee on Intelligence and Security,Review of the Inspector-General of Intelligence and Security and Other Legislation Amendment (Modernisation) Bill 2022,2023-03-21,2023-03-21,2023-07-31,132,132,90,42,False,statsnet/2023,
statsnet,Parliamentary Joint Committee on Intelligence and Security,Review of the mandatory data retention regime,2020-11-10,2020-11-10,2023-03-06,846,846,90,756,False,statsnet/2023,
statsnet,Parliamentary Joint Committee on Intelligence and Security,Review of the National Security Legislation Amendment (Comprehensive Review and Other Measures No. 2) Bill 2023,2023-06-13,2023-06-13,2023-08-02,50,50,90,0,False,statsnet/2023,
statsnet,Joint Select Committee on Road Safety,Road safety,2022-03-28,2022-03-28,2023-10-16,567,567,90,477,False,statsnet/2023,
statsnet,Select Committee on the effectiveness of the Australian Government’s Northern Australia agenda,Select Committee on the effectiveness of the Australian Government’s Northern Australia agenda,2020-12-03,2021-05-11,2024-02-06,1001,1160,90,911,False,statsnet/2023,
statsnet,Environment and Communications References Committee,Shark mitigation and deterrent measures,2018-02-05,2018-02-05,2023-12-07,2131,2131,90,2041,False,statsnet/2023,
statsnet,Community Affairs Legislation Committee,Social Security (Administration) Amendment (Repeal of Cashless Debit Card and Other Measures) Bill 2022,2022-09-05,2022-09-05,2023-07-31,329,329,90,239,False,statsnet/2023,
statsnet,Community Affairs Legislation Committee,Social Services Legislation Amendment (Enhancing Pensioner and Veteran Workforce Participation) Bill 2022,2022-10-25,2022-10-25,2023-02-06,104,104,90,14,False,statsnet/2023,
statsnet,Economics References Committee,Unlawful underpayment of employees' remuneration,2022-03-30,2022-03-30,2023-05-09,405,405,90,315,False,statsnet/2023,
statsnet,Parliamentary Joint Committee on Corporations and Financial Services,2017-18 annual reports of bodies established under the ASIC Act,2019-04-02,2019-04-02,2024-08-13,1960,1960,90,1870,False,statsnet/2024,
statsnet,Parliamentary Standing Committee on Public Works,87th annual report,2024-05-14,2024-05-14,2024-08-20,98,98,90,8,False,statsnet/2024,
statsnet,Legal and Constitutional Affairs References Committee,A claim of public interest immunity raised over documents,2014-03-06,2014-03-06,2024-06-24,3763,3763,90,3673,False,statsnet/2024,
statsnet,Community Affairs References Committee,Adequacy of Newstart and related payments and alternative mechanisms to determine the level of income support payments in Australia,2020-05-12,2020-05-12,2024-10-08,1610,1610,90,1520,False,statsnet/2024,
statsnet,Finance and Public Administration References Committee,Administration and expenditure of funding under the Urban Congestion Fund (UCF),2021-12-02,2021-12-02,2024-06-24,935,935,90,845,False,statsnet/2024,
statsnet,Community Affairs References Committee,Administration of registration and notifications by the Australian Health Practitioner Regulation Agency and related entities under the Health Practitioner Regulation National Law,2022-07-26,2022-07-26,2024-10-08,805,805,90,715,False,statsnet/2024,
statsnet,Community Affairs Legislation Committee,Aged Care and Other Legislation Amendment (Royal Commission Response No. 2) Bill 2021 [Provisions],2021-11-22,2021-11-22,2024-02-06,806,806,90,716,False,statsnet/2024,
statsnet,Joint Standing Committee on Treaties,Agreement between the Government of Australia and the Government of the Republic of Fiji on Cooperation in the Field of Defence and the Status of Visiting Forces,2024-08-15,2024-08-15,2024-11-18,95,95,90,5,False,statsnet/2024,
statsnet,Rural and Regional Affairs and Transport Legislation Committee,Air Services Amendment Bill 2018,2018-08-16,2018-08-16,2024-06-24,2139,2139,90,2049,False,statsnet/2024,
statsnet,Joint Standing Committee on Electoral Matters,All aspects of the conduct of the 2013 Federal Election and matters related thereto,2014-05-13,2015-05-11,2024-05-14,3291,3654,90,3201,False,statsnet/2024,
statsnet,Joint Standing Committee on Electoral Matters,All aspects of the conduct of the 2019 Federal Election and matters related thereto,2020-06-10,2020-12-10,2024-05-14,1251,1434,90,1161,False,statsnet/2024,
statsnet,Legal and Constitutional Affairs References Committee,An Australian republic,2004-11-16,2004-11-16,2024-06-24,7160,7160,90,7070,False,statsnet/2024,
statsnet,Parliamentary Joint Committee on Intelligence and Security,Annual Report of Committee Activities 2021-2022,2023-03-06,2023-03-06,2024-06-25,477,477,90,387,False,statsnet/2024,
statsnet,Community Affairs References Committee,Assessment and support services for people with ADHD,2023-11-06,2023-11-06,2025-02-04,456,456,90,366,False,statsnet/2024,
statsnet,Parliamentary Standing Committee on Public Works,ATO Proposed fitout of 152 Wharf Street Brisbane,2020-05-12,2020-05-12,2024-06-24,1504,1504,90,1414,False,statsnet/2024,
statsnet,Legal and Constitutional Affairs Legislation Committee,Attorney-General’s Portfolio Miscellaneous Measures Bill 2023,2024-02-06,2024-02-06,2024-09-10,217,217,90,127,False,statsnet/2024,
statsnet,"Joint Standing Committee on Foreign Affairs, Defence and Trade",Australia activating greater trade and investment with Pacific island countries,2021-09-02,2021-09-02,2024-06-25,1027,1027,90,937,False,statsnet/2024,
statsnet,Joint Select Committee on the Australia Fund Establishment,Australia Fund Establishment,2015-06-25,2015-06-25,2024-06-24,3287,3287,90,3197,False,statsnet/2024,
statsnet,Environment and Communications References Committee,Australia Post,2021-06-15,2021-06-15,2024-06-24,1105,1105,90,1015,False,statsnet/2024,
statsnet,Community Affairs References Committee,"Australia's domestic response to the World Health Organization's (WHO) Commission on Social Determinants of Health report ""Closing the gap within a generation""",2013-03-20,2013-03-20,2024-10-08,4220,4220,90,4130,False,statsnet/2024,
statsnet,Environment and Communications References Committee,Australia's extinction crisis,2024-06-24,2024-06-24,2024-10-08,106,106,90,16,False,statsnet/2024,
statsnet,Rural and Regional Affairs and Transport Legislation Committee,Australia's general aviation industry 46th Parliament,2022-03-30,2022-03-30,2024-06-24,817,817,90,727,False,statsnet/2024,
statsnet,Joint Standing Committee on Migration,Australia's skilled migration program,2021-05-11,2021-08-11,2024-05-14,1007,1099,90,917,False,statsnet/2024,
statsnet,Joint Standing Committee on Treaties,Australia-India Economic Cooperation and Trade Agreement,2022-11-22,2022-11-22,2024-06-25,581,581,90,491,False,statsnet/2024,
statsnet,Environment and Communications References Committee,Australian Antarctic Division funding,2024-05-14,2024-05-14,2024-11-18,188,188,90,98,False,statsnet/2024,
statsnet,Economics Legislation Committee,Australian Business Growth Fund Bill 2019,2020-02-24,2020-02-24,2024-08-13,1632,1632,90,1542,False,statsnet/2024,
statsnet,Economics References Committee,Australian manufacturing industry,2022-02-08,2022-02-08,2024-06-24,867,867,90,777,False,statsnet/2024,
statsnet,"Foreign Affairs, Defence and Trade Legislation Committee",Australian Naval Nuclear Power Safety Bill 2023 and Australian Naval Nuclear Power Safety (Transitional Provisions) Bill 2023,2024-05-14,2024-05-14,2024-09-11,120,120,90,30,False,statsnet/2024,
statsnet,Education and Employment Legislation Committee,Australian Research Council Amendment (Ensuring Research Independence) Bill 2018,2022-03-28,2022-03-28,2024-11-20,968,968,90,878,False,statsnet/2024,
statsnet,Education and Employment Legislation Committee,Australian Research Council Amendment (Review Response) Bill 2023,2024-02-06,2024-02-06,2024-09-19,226,226,90,136,False,statsnet/2024,
statsnet,"Foreign Affairs, Defence and Trade References Committee",Australia’s declarations made under certain international laws,2020-02-27,2020-02-27,2024-06-24,1579,1579,90,1489,False,statsnet/2024,
statsnet,Joint Select Committee on Trade and Investment Growth,Australia’s Future in Research and Innovation,2016-05-03,2016-05-03,2024-06-24,2974,2974,90,2884,False,statsnet/2024,
statsnet,Economics References Committee,Australia’s oil and gas reserves,2022-03-28,2022-03-28,2024-06-24,819,819,90,729,False,statsnet/2024,
statsnet,Joint Standing Committee on the National Capital and External Territories,Availability and access to enabling communications infrastructure in Australia's external territories,2022-03-28,2022-03-28,2024-06-25,820,820,90,730,False,statsnet/2024,
statsnet,Environment and Communications Legislation Committee,Broadcasting Legislation Amendment (2021 Measures No.1) Bill 2021,2021-06-21,2021-06-21,2024-05-14,1058,1058,90,968,False,statsnet/2024,
statsnet,Joint Standing Committee on the National Capital and External Territories,Canberra's national institutions,2019-07-02,2019-07-02,2024-05-14,1778,1778,90,1688,False,statsnet/2024,
statsnet,Joint Standing Committee on Electoral Matters,Candidate qualification checklist,2022-07-26,2022-07-26,2024-05-14,658,658,90,568,False,statsnet/2024,
statsnet,Joint Standing Committee on the National Disability Insurance Scheme,Capability and Culture of the NDIA,2023-06-13,2023-11-16,2024-03-20,125,281,90,35,False,statsnet/2024,
statsnet,Joint Standing Committee on Treaties,Capital Increase WBG IBRD,2020-08-24,2020-08-24,2024-06-24,1400,1400,90,1310,False,statsnet/2024,
statsnet,Environment and Communications Legislation Committee,Carbon Credits (Carbon Farming Initiative) Amendment Bill 2017,2017-05-09,2017-05-09,2024-05-14,2562,2562,90,2472,False,statsnet/2024,
statsnet,Select Committee into Certain Aspects of Queensland Government Administration related to Commonwealth Government Affairs,Certain Aspects of Queensland Government Administration,2015-05-11,2015-05-11,2024-06-24,3332,3332,90,3242,False,statsnet/2024,
statsnet,Environment and Communications Legislation Committee,Clean Energy Finance Corporation Amendment (Grid Reliability Fund) Bill 2020,2020-11-09,2020-11-09,2024-05-14,1282,1282,90,1192,False,statsnet/2024,
statsnet,Environment and Communications Legislation Committee,Climate Change Amendment (Duty of Care and Intergenerational Climate Equity) Bill 2023,2024-06-26,2024-06-26,2025-02-04,223,223,90,133,False,statsnet/2024,
statsnet,Finance and Public Administration Legislation Committee,COAG Legislation Amendment Bill 2021,2021-10-19,2021-10-19,2024-06-24,979,979,90,889,False,statsnet/2024,
statsnet,Economics Legislation Committee,COAG Reform Fund Amendment (No Electric Vehicle Taxes) Bill 2020,2021-05-11,2021-05-11,2024-08-13,1190,1190,90,1100,False,statsnet/2024,
statsnet,Finance and Public Administration Legislation Committee,Commonwealth Electoral Amendment (Banning Dirty Donations) Bill 2020,2021-03-16,2021-03-16,2024-05-14,1155,1155,90,1065,False,statsnet/2024,
statsnet,Finance and Public Administration Legislation Committee,Commonwealth Electoral Amendment (Donation Reform and Other Measures) Bill 2020,2020-12-03,2020-12-03,2024-05-14,1258,1258,90,1168,False,statsnet/2024,
statsnet,Joint Standing Committee on Electoral Matters,Commonwealth Electoral Amendment (Ensuring Fair Representation of the Northern Territory) Bill 2020,2020-12-01,2020-12-01,2024-05-14,1260,1260,90,1170,False,statsnet/2024,
statsnet,Finance and Public Administration Legislation Committee,Commonwealth Electoral Amendment (Integrity of Elections) Bill 2021,2021-10-18,2021-10-18,2024-05-14,939,939,90,849,False,statsnet/2024,
statsnet,Joint Standing Committee on Electoral Matters,Commonwealth Electoral Amendment (Lowering the Donation Disclosure Threshold) Bill 2019,2020-06-10,2020-06-10,2024-05-14,1434,1434,90,1344,False,statsnet/2024,
statsnet,Joint Standing Committee on Electoral Matters,Commonwealth Electoral Amendment (Real Time Disclosure of Political Donations) Bill 2019,2020-02-04,2020-02-04,2024-05-14,1561,1561,90,1471,False,statsnet/2024,
statsnet,Joint Committee of Public Accounts and Audit,Commonwealth grants administration,2023-07-31,2023-07-31,2024-09-11,408,408,90,318,False,statsnet/2024,
statsnet,Joint Committee of Public Accounts and Audit,"Commonwealth procurement: Inquiry into Auditor-General Reports 6, 15, 30, 42 (2021-22) and 5 (2022-23)",2023-08-09,2023-08-09,2024-06-24,320,320,90,230,False,statsnet/2024,
statsnet,Economics Legislation Committee,Competition and Consumer (Gas Market Code) Regulations 2023,2023-10-16,2023-10-16,2024-02-26,133,133,90,43,False,statsnet/2024,
statsnet,Environment and Communications Legislation Committee,Competition and Consumer Amendment (Prevention of Exploitation of Indigenous Cultural Expressions) Bill 2019,2020-05-12,2020-05-12,2024-08-13,1554,1554,90,1464,False,statsnet/2024,
statsnet,Finance and Public Administration References Committee,Compliance by former Ministers of State with the requirements of the Prime Minister's Statement of Ministerial Standards,2019-10-14,2019-10-14,2024-06-24,1715,1715,90,1625,False,statsnet/2024,
statsnet,Community Affairs References Committee,Concussions and repeated head trauma in contact sports,2023-09-05,2023-09-05,2024-11-18,440,440,90,350,False,statsnet/2024,
statsnet,Economics References Committee,"Consumer protection in the banking, insurance and financial sector",2018-11-15,2018-11-15,2024-08-13,2098,2098,90,2008,False,statsnet/2024,
statsnet,Education and Employment References Committee,Corporate Avoidance of the Fair Work Act,2017-09-06,2017-09-06,2024-08-12,2532,2532,90,2442,False,statsnet/2024,
statsnet,Economics References Committee,Corporate Tax Avoidance,2018-06-18,2018-06-18,2024-08-13,2248,2248,90,2158,False,statsnet/2024,
statsnet,Economics References Committee,Corporate tax avoidance,2015-08-18,2016-05-02,2024-08-13,3025,3283,90,2935,False,statsnet/2024,
statsnet,Parliamentary Joint Committee on Corporations and Financial Services,Corporations Amendment (Improving Outcomes for Litigation Funding Participants) Bill 2021,2021-11-23,2021-11-23,2024-08-13,994,994,90,904,False,statsnet/2024,
statsnet,Economics Legislation Committee,Corporations Amendment (Improving Outcomes for Litigation Funding Participants) Bill 2021,2022-02-08,2022-02-08,2024-08-13,917,917,90,827,False,statsnet/2024,
statsnet,Select Committee on COVID-19,COVID-19,2020-12-09,2022-07-26,2024-11-18,846,1440,90,756,False,statsnet/2024,
statsnet,Legal and Constitutional Affairs References Committee,COVID-19 Royal Commission,2024-05-14,2024-05-14,2024-09-09,118,118,90,28,False,statsnet/2024,
statsnet,Economics References Committee,Credit and financial services targeted at Australians at risk of financial hardship,2019-04-02,2019-04-02,2024-08-13,1960,1960,90,1870,False,statsnet/2024,
statsnet,Legal and Constitutional Affairs Legislation Committee,Criminal Code Amendment (Deepfake Sexual Material) Bill 2024,2024-08-12,2024-08-12,2024-10-08,57,57,90,0,False,statsnet/2024,
statsnet,Legal and Constitutional Affairs Legislation Committee,Criminal Code Amendment (Prohibition of Nazi Symbols) Bill 2023,2023-06-13,2023-06-13,2024-05-14,336,336,90,246,False,statsnet/2024,
statsnet,Economics Legislation Committee,Currency (Restrictions on the Use of Cash) Bill 2019,2020-03-23,2020-03-23,2024-08-13,1604,1604,90,1514,False,statsnet/2024,
statsnet,Environment and Communications References Committee,"Current and future impacts of climate change on housing, buildings and infrastructure",2018-08-13,2018-08-13,2024-05-14,2101,2101,90,2011,False,statsnet/2024,
statsnet,Environment and Communications References Committee,Current and future impacts of climate change on marine fisheries and biodiversity,2017-12-06,2017-12-06,2024-06-24,2392,2392,90,2302,False,statsnet/2024,
statsnet,Finance and Public Administration References Committee,Current capability of the Australian Public Service (APS),2021-11-25,2021-11-25,2024-06-24,942,942,90,852,False,statsnet/2024,
statsnet,"Foreign Affairs, Defence and Trade Legislation Committee",Defence Legislation Amendment (Naval Nuclear Propulsion) Bill 2023 [Provisions],2023-06-13,2023-06-13,2024-06-25,378,378,90,288,False,statsnet/2024,
statsnet,Joint Committee of Public Accounts and Audit,Defence Major Projects Report 2020-21 and 2021-22 and Procurement of Hunter Class Frigates,2023-07-31,2023-07-31,2024-06-25,330,330,90,240,False,statsnet/2024,a later report post-dates this response; clock uses the report it follows; 
statsnet,"Foreign Affairs, Defence and Trade References Committee",Department of Foreign Affairs and Trade due diligence framework,2023-12-07,2023-12-07,2024-09-10,278,278,90,188,False,statsnet/2024,
statsnet,Economics Legislation Committee,Digital ID Bill 2023 and the Digital ID (Transitional and Consequential Provisions) Bill 2023,2024-02-28,2024-02-28,2024-08-12,166,166,90,76,False,statsnet/2024,
statsnet,Joint Standing Committee on the National Capital and External Territories,"Economic, social and environmental sustainability in the Indian Ocean Territories",2022-03-28,2022-03-28,2024-06-25,820,820,90,730,False,statsnet/2024,
statsnet,Red Tape Committee,Effect of red tape on pharmacy rules,2018-02-15,2018-02-15,2024-10-08,2427,2427,90,2337,False,statsnet/2024,
statsnet,Red Tape Committee,"Effect of red tape on the sale, supply and taxation of alcohol",2017-03-29,2017-03-29,2024-08-13,2694,2694,90,2604,False,statsnet/2024,
statsnet,Red Tape Committee,Effect of red tape on tobacco retail,2017-08-08,2017-08-08,2024-10-08,2618,2618,90,2528,False,statsnet/2024,
statsnet,Community Affairs References Committee,"Effective approaches to prevention, diagnosis and support for Fetal Alcohol Spectrum Disorder",2021-03-17,2021-03-17,2025-02-04,1420,1420,90,1330,False,statsnet/2024,
statsnet,Legal and Constitutional Affairs References Committee,Effectiveness of the current temporary skilled visa system in targeting genuine skills shortages,2019-04-02,2019-04-02,2024-05-14,1869,1869,90,1779,False,statsnet/2024,
statsnet,Joint Standing Committee on Migration,Efficacy of current regulation of Australian migration agents,2019-04-02,2019-04-02,2024-05-14,1869,1869,90,1779,False,statsnet/2024,
statsnet,Legal and Constitutional Affairs References Committee,"Efficacy, fairness, timeliness and costs of the processing and granting of visa classes which provide for or allow for family and partner reunions",2022-03-29,2022-03-29,2024-05-14,777,777,90,687,False,statsnet/2024,
statsnet,Select Committee on Electric Vehicles,Electric Vehicles,2019-02-12,2019-02-12,2024-06-24,1959,1959,90,1869,False,statsnet/2024,
statsnet,Environment and Communications Legislation Committee,Environment Protection and Biodiversity Conservation Amendment (Regional Forest Agreements) Bill 2020,2021-05-13,2021-05-13,2024-05-14,1097,1097,90,1007,False,statsnet/2024,
statsnet,Environment and Communications Legislation Committee,Environment Protection and Biodiversity Conservation Amendment (Standing) Bill 2015,2015-11-23,2015-11-23,2024-06-24,3136,3136,90,3046,False,statsnet/2024,
statsnet,"Joint Standing Committee on Foreign Affairs, Defence and Trade",Expanding membership of the Comprehensive and Progressive Agreement for Trans-Pacific Partnership,2022-03-30,2022-03-30,2024-06-25,818,818,90,728,False,statsnet/2024,
statsnet,Education and Employment References Committee,Exploitation of general and specialist cleaners working in retail chains for contracting or subcontracting cleaning companies,2018-11-13,2018-11-13,2024-08-12,2099,2099,90,2009,False,statsnet/2024,
statsnet,Community Affairs References Committee,Factors affecting the supply of health services and medical professionals in rural areas,2012-08-22,2012-08-22,2024-10-08,4430,4430,90,4340,False,statsnet/2024,
statsnet,Education and Employment Legislation Committee,Fair Work Amendment (Equal Pay for Equal Work) Bill 2022,2022-10-25,2022-10-25,2024-05-14,567,567,90,477,False,statsnet/2024,
statsnet,Education and Employment Legislation Committee,Fair Work Amendment (Paid Family and Domestic Violence Leave) Bill 2022,2022-09-05,2022-09-05,2024-02-27,540,540,90,450,False,statsnet/2024,
statsnet,Education and Employment Legislation Committee,Fair Work Amendment Bill 2024,2024-03-18,2024-03-18,2024-08-12,147,147,90,57,False,statsnet/2024,
statsnet,Education and Employment Legislation Committee,Fair Work Legislation Amendment (Closing Loopholes No.2) Bill 2023,2024-02-06,2024-02-06,2024-06-24,139,139,90,49,False,statsnet/2024,
statsnet,Legal and Constitutional Affairs Legislation Committee,Family Law Amendment (Information Sharing) Bill 2023 [Provisions],2023-06-14,2023-06-14,2024-02-27,258,258,90,168,False,statsnet/2024,
statsnet,Legal and Constitutional Affairs Legislation Committee,Family Law Amendment Bill 2023 [Provisions],2023-09-04,2023-09-04,2024-03-18,196,196,90,106,False,statsnet/2024,
statsnet,Economics Legislation Committee,Financial Accountability Regime Bill 2021 and related bills,2022-03-28,2022-03-28,2024-08-13,869,869,90,779,False,statsnet/2024,
statsnet,Economics References Committee,Financial and tax practices of for-profit aged care providers,2018-11-27,2018-11-27,2024-10-08,2142,2142,90,2052,False,statsnet/2024,
statsnet,Rural and Regional Affairs and Transport References Committee,Fisheries quota system,2023-02-06,2023-02-06,2024-05-14,463,463,90,373,False,statsnet/2024,
statsnet,Select Committee on Foreign Interference through Social Media,Foreign Interference through social media,2022-02-08,2023-08-01,2024-08-12,377,916,90,287,False,statsnet/2024,
statsnet,Economics Legislation Committee,Foreign Investment Reform (Protecting Australia's National Security) Bill 2020 and a related bill,2020-11-30,2020-11-30,2024-08-13,1352,1352,90,1262,False,statsnet/2024,
statsnet,"Foreign Affairs, Defence and Trade References Committee",Funding for public research into foreign policy issues,2021-08-23,2021-08-23,2025-02-04,1261,1261,90,1171,False,statsnet/2024,
statsnet,Economics References Committee,Future of Australia's naval shipbuilding industry,2018-06-28,2018-06-28,2024-06-25,2189,2189,90,2099,False,statsnet/2024,
statsnet,Rural and Regional Affairs and Transport References Committee,"Future of Australia’s aviation sector, in the context of COVID-19 and conditions post pandemic",2021-03-18,2022-03-28,2024-06-24,819,1194,90,729,False,statsnet/2024,
statsnet,Rural and Regional Affairs and Transport References Committee,Future role and contribution of regional capitals to Australia,2016-11-24,2016-11-24,2024-06-24,2769,2769,90,2679,False,statsnet/2024,
statsnet,Environment and Communications References Committee,Glencore’s proposed carbon capture and storage project,2024-08-12,2024-08-12,2024-11-18,98,98,90,8,False,statsnet/2024,
statsnet,Environment and Communications References Committee,Government's Direct Action Plan,2014-03-26,2014-03-26,2024-05-14,3702,3702,90,3612,False,statsnet/2024,
statsnet,Economics Legislation Committee,Housing Australia Future Fund Bill 2023 [Provisions] National Housing Supply and Affordability Council Bill 2023 [Provisions] and Treasury Laws Amendment (Housing Measures No. 1) Bill 2023 [Provisions],2023-03-22,2023-03-22,2024-02-26,341,341,90,251,False,statsnet/2024,
statsnet,Rural and Regional Affairs and Transport References Committee,Identification of leading practices in ensuring evidence-based regulation of farm practices that impact water quality outcomes in the Great Barrier Reef,2020-10-08,2020-10-08,2024-06-24,1355,1355,90,1265,False,statsnet/2024,
statsnet,Joint Standing Committee on Migration,Immigration detention in Australia,2008-12-02,2009-08-18,2024-06-24,5424,5683,90,5334,False,statsnet/2024,
statsnet,Education and Employment References Committee,Impact of Australia's temporary work visa programs on the Australian labour market and on the temporary work visa holders,2016-03-17,2016-03-17,2024-05-14,2980,2980,90,2890,False,statsnet/2024,
statsnet,Legal and Constitutional Affairs References Committee,Impact of changes to service delivery models on the administration and running of Government programs,2020-02-27,2020-02-27,2024-11-18,1726,1726,90,1636,False,statsnet/2024,
statsnet,Environment and Communications References Committee,"Impact of feral deer, pigs and goats in Australia",2021-06-15,2021-06-15,2024-06-24,1105,1105,90,1015,False,statsnet/2024,
statsnet,Environment and Communications References Committee,Impacts and management of feral horses in the Australian Alps,2023-10-16,2023-10-16,2024-02-29,136,136,90,46,False,statsnet/2024,
statsnet,"Environment, Communications and the Arts References Committee",Impacts of mining in the Murray Darling Basin,2010-02-02,2010-02-02,2024-06-24,5256,5256,90,5166,False,statsnet/2024,
statsnet,Parliamentary Joint Committee on Corporations and Financial Services,Impairment of customer loans,2016-05-04,2016-05-04,2024-08-13,3023,3023,90,2933,False,statsnet/2024,
statsnet,Finance and Public Administration References Committee,Implementation of the National Health Reform Agreement,2013-03-12,2013-03-12,2024-10-08,4228,4228,90,4138,False,statsnet/2024,
statsnet,Rural and Regional Affairs and Transport Legislation Committee,Inspector-General of Live Animal Exports Amendment (Animal Welfare) Bill 2023,2023-09-04,2023-09-04,2024-05-14,253,253,90,163,False,statsnet/2024,
statsnet,Parliamentary Joint Committee on the Australian Commission for Law Enforcement Integrity,Integrity of Australia's border arrangements,2020-12-08,2020-12-08,2024-06-25,1295,1295,90,1205,False,statsnet/2024,
statsnet,Rural and Regional Affairs and Transport References Committee,Integrity of the water market in the Murray-Darling Basin,2017-12-05,2018-11-29,2024-06-24,2034,2393,90,1944,False,statsnet/2024,
statsnet,"Foreign Affairs, Defence and Trade References Committee",Issues facing diaspora communities in Australia,2021-02-04,2021-02-04,2024-05-14,1195,1195,90,1105,False,statsnet/2024,
statsnet,Select Committee into Jobs for the Future in Regional Areas,Jobs for the Future in Regional Areas,2019-12-04,2019-12-04,2024-05-14,1623,1623,90,1533,False,statsnet/2024,
statsnet,Parliamentary Joint Committee on Corporations and Financial Services,Life insurance industry,2018-03-28,2018-03-28,2024-08-13,2330,2330,90,2240,False,statsnet/2024,
statsnet,Joint Standing Committee on the National Capital and External Territories,Local governance on Norfolk Island,2023-11-28,2023-11-28,2024-05-14,168,168,90,78,False,statsnet/2024,
statsnet,Joint Standing Committee on Electoral Matters,Matters relating to Section 44 of the Constitution,2018-06-18,2018-06-18,2024-05-14,2157,2157,90,2067,False,statsnet/2024,
statsnet,Environment and Communications References Committee,Media diversity in Australia,2022-02-08,2022-02-08,2024-08-12,916,916,90,826,False,statsnet/2024,
statsnet,Legal and Constitutional Affairs Legislation Committee,Migration (Validation of Port Appointment) Bill 2018,2018-09-12,2018-09-12,2024-05-14,2071,2071,90,1981,False,statsnet/2024,
statsnet,Legal and Constitutional Affairs Legislation Committee,"Migration Amendment (Australia’s Engagement in the Pacific and Other Measures) Bill 2023, and the Migration (Visa Pre-application Process) Charge Bill 2023",2023-06-13,2023-06-13,2025-02-04,602,602,90,512,False,statsnet/2024,
statsnet,Legal and Constitutional Affairs Legislation Committee,Migration Amendment (Clarification of Jurisdiction) Bill 2018,2018-06-18,2018-06-18,2024-05-14,2157,2157,90,2067,False,statsnet/2024,
statsnet,Legal and Constitutional Affairs Legislation Committee,Migration Amendment (Evacuation to Safety) Bill 2023,2023-03-07,2023-03-07,2024-02-06,336,336,90,246,False,statsnet/2024,
statsnet,"Foreign Affairs, Defence and Trade Legislation Committee",Migration Amendment (Overseas Organ Transplant Disclosure and Other Measures) Bill 2023,2024-05-14,2024-05-14,2025-02-04,266,266,90,176,False,statsnet/2024,
statsnet,Legal and Constitutional Affairs Legislation Committee,Migration Amendment (Prohibiting Items in Immigration Detention Facilities) Bill 2017,2017-11-16,2017-11-16,2024-06-24,2412,2412,90,2322,False,statsnet/2024,
statsnet,Legal and Constitutional Affairs Legislation Committee,Migration Amendment (Prohibiting Items in Immigration Detention Facilities) Bill 2020,2020-08-24,2020-08-24,2024-06-24,1400,1400,90,1310,False,statsnet/2024,
statsnet,Legal and Constitutional Affairs Legislation Committee,Migration Amendment (Strengthening the Character Test) Bill 2021,2022-02-08,2022-02-08,2024-05-14,826,826,90,736,False,statsnet/2024,
statsnet,Legal and Constitutional Affairs Legislation Committee,Migration and Citizenship Legislation Amendment (Strengthening Information Provisions) Bill 2020,2021-03-15,2021-03-15,2024-05-14,1156,1156,90,1066,False,statsnet/2024,
statsnet,Legal and Constitutional Affairs Legislation Committee,Migration and Maritime Powers Legislation Amendment (Resolving the Asylum Legacy Caseload) Bill 2014,2014-11-24,2014-11-24,2024-05-14,3459,3459,90,3369,False,statsnet/2024,
statsnet,Legal and Constitutional Affairs References Committee,Missing and murdered First Nations women and children,2024-08-15,2024-08-15,2024-11-25,102,102,90,12,False,statsnet/2024,
statsnet,Select Committee on the Multi-Jurisdictional Management and Execution of the Murray Darling Basin Plan,Multi-Jurisdictional Management and Execution of the Murray Darling Basin Plan,2021-10-18,2021-10-18,2024-06-24,980,980,90,890,False,statsnet/2024,
statsnet,Economics Legislation Committee,National Consumer Credit Protection Amendment (Mandatory Comprehensive Credit Reporting) Bill 2018 [Provisions],2018-06-18,2018-06-18,2024-08-13,2248,2248,90,2158,False,statsnet/2024,
statsnet,Economics Legislation Committee,National Consumer Credit Protection Amendment (Small Amount Credit Contract and Consumer Lease Reforms) Bill 2019 (No. 2),2020-10-06,2020-10-06,2024-08-13,1407,1407,90,1317,False,statsnet/2024,
statsnet,Legal and Constitutional Affairs Legislation Committee,National Emergency (2022 New South Wales Floods) Declaration 2022,2023-02-08,2023-02-08,2024-11-19,650,650,90,560,False,statsnet/2024,
statsnet,Legal and Constitutional Affairs Legislation Committee,National Emergency Declaration Act 2020,2021-08-03,2021-08-03,2024-05-14,1015,1015,90,925,False,statsnet/2024,
statsnet,Education and Employment References Committee,National trend of school refusal and related matters,2023-08-10,2023-08-10,2024-05-14,278,278,90,188,False,statsnet/2024,
statsnet,Legal and Constitutional Affairs References Committee,"Nationhood, national identity and democracy",2021-02-16,2021-02-16,2024-06-24,1224,1224,90,1134,False,statsnet/2024,
statsnet,Finance and Public Administration Legislation Committee,Net Zero Economy Authority Bill 2024 [Provisions] and the Net Zero Economy Authority (Transitional Provisions) Bill 2024 [Provisions],2024-05-14,2024-05-14,2024-11-19,189,189,90,99,False,statsnet/2024,
statsnet,Legal and Constitutional Affairs Legislation Committee,New Skilled Regional Visas (Consequential Amendments) Bill 2019,2019-10-14,2019-10-14,2024-05-14,1674,1674,90,1584,False,statsnet/2024,
statsnet,Select Committee into the obesity epidemic in Australia,Obesity Epidemic in Australia,2018-12-05,2018-12-05,2024-10-08,2134,2134,90,2044,False,statsnet/2024,
statsnet,Economics Legislation Committee,Offshore Petroleum (Laminaria and Corallina Decommissioning Cost Recovery Levy) Bill 2021 [Provisions] and Treasury Laws Amendment (Laminaria and Corallina Decommissioning Cost Recovery Levy) Bill 2021 [Provisions],2021-11-22,2021-11-22,2024-08-13,995,995,90,905,False,statsnet/2024,
statsnet,Economics Legislation Committee,Offshore Petroleum and Greenhouse Gas Storage Amendment (Benefit to Australia) Bill 2020,2021-08-03,2021-08-03,2024-02-06,917,917,90,827,False,statsnet/2024,
statsnet,Economics References Committee,Operations of existing and proposed toll roads in Australia,2017-09-14,2017-09-14,2024-06-24,2475,2475,90,2385,False,statsnet/2024,
statsnet,"Foreign Affairs, Defence and Trade References Committee",Opportunities for advancing Australia’s strategic interests through existing regional architecture,2021-10-18,2021-10-18,2024-10-08,1086,1086,90,996,False,statsnet/2024,
statsnet,"Foreign Affairs, Defence and Trade References Committee",Opportunities for strengthening Australia’s relations with the Republic of France,2020-08-27,2020-08-27,2024-06-24,1397,1397,90,1307,False,statsnet/2024,
statsnet,Parliamentary Joint Committee on Corporations and Financial Services,Options for greater involvement by private sector life insurers in worker rehabilitation,2019-02-14,2019-02-14,2024-08-13,2007,2007,90,1917,False,statsnet/2024,
statsnet,Community Affairs References Committee,Out-of-pocket costs in Australian healthcare,2014-08-26,2014-08-26,2024-10-08,3696,3696,90,3606,False,statsnet/2024,
statsnet,Parliamentary Joint Committee on Corporations and Financial Services,"Oversight of ASIC, the Takeovers Panel and the Corporations Legislation No.1 of the 45th Parliament",2019-04-02,2019-04-02,2024-08-13,1960,1960,90,1870,False,statsnet/2024,
statsnet,Parliamentary Joint Committee on Human Rights,ParentsNext: examination of Social Security (Parenting payment participation requirements - class of persons) instrument 2021,2021-08-05,2021-08-05,2024-05-14,1013,1013,90,923,False,statsnet/2024,
statsnet,Environment and Communications References Committee,Participation of Australians in online poker,2017-10-18,2017-10-18,2024-05-14,2400,2400,90,2310,False,statsnet/2024,
statsnet,Economics Legislation Committee,Performance of the Inspector-General of Taxation,2020-06-17,2020-06-17,2024-08-13,1518,1518,90,1428,False,statsnet/2024,
statsnet,Select Committee on the Perth Mint and Commonwealth regulatory compliance,Perth Mint and Commonwealth regulatory compliance,2024-02-06,2024-06-24,2024-09-19,87,226,90,0,False,statsnet/2024,
statsnet,Finance and Public Administration Legislation Committee,Plebiscite for an Australian Republic Bill 2008,2009-06-15,2009-06-15,2024-06-24,5488,5488,90,5398,False,statsnet/2024,
statsnet,Red Tape Committee,Policy and process to limit and reduce red tape,2018-12-03,2018-12-03,2024-06-24,2030,2030,90,1940,False,statsnet/2024,
statsnet,Rural and Regional Affairs and Transport References Committee,"Policy, regulatory, taxation, administrative and funding priorities for Australian shipping",2021-02-02,2021-02-02,2024-06-24,1238,1238,90,1148,False,statsnet/2024,
statsnet,Rural and Regional Affairs and Transport Legislation Committee,Primary Industries (Excise) Levies Bill 2023 [Provisions] and related bills,2024-02-06,2024-02-06,2024-06-24,139,139,90,49,False,statsnet/2024,
statsnet,Rural and Regional Affairs and Transport References Committee,Project known as the Iron Boomerang,2023-08-10,2023-08-10,2024-11-26,474,474,90,384,False,statsnet/2024,
statsnet,Select Committee into the Provision of and Access to Dental Services in Australia,Provision of and access to dental services in Australia,2023-06-20,2023-11-30,2024-08-12,256,419,90,166,False,statsnet/2024,
statsnet,Community Affairs References Committee,"Provision of general practitioner and related primary health services to outer metropolitan, rural, and regional Australians",2022-07-26,2022-07-26,2024-11-18,846,846,90,756,False,statsnet/2024,
statsnet,Joint Standing Committee on Trade and Investment Growth,Prudential regulation of investment in Australia’s export industries,2022-03-29,2022-03-29,2024-08-13,868,868,90,778,False,statsnet/2024,
statsnet,Finance and Public Administration Legislation Committee,"Public Governance, Performance and Accountability Amendment (Tax Transparency in Procurement and Grants) Bill 2019",2020-10-06,2020-10-06,2024-05-14,1316,1316,90,1226,False,statsnet/2024,
statsnet,Community Affairs References Committee,"Purpose, intent and adequacy of the Disability Support Pension",2022-03-28,2022-03-28,2024-10-08,925,925,90,835,False,statsnet/2024,
statsnet,Rural and Regional Affairs and Transport References Committee,Red Imported Fire Ants in Australia,2024-05-14,2024-05-14,2024-11-18,188,188,90,98,False,statsnet/2024,
statsnet,Economics References Committee,Regional Inequality in Australia,2020-12-03,2020-12-03,2024-06-24,1299,1299,90,1209,False,statsnet/2024,
statsnet,Parliamentary Joint Committee on Corporations and Financial Services,Regulation of auditing in Australia,2020-02-27,2020-11-11,2024-08-13,1371,1629,90,1281,False,statsnet/2024,
statsnet,Environment and Communications References Committee,Rehabilitation of mining and resources projects as it relates to Commonwealth responsibilities,2019-04-02,2019-04-02,2024-06-24,1910,1910,90,1820,False,statsnet/2024,
statsnet,Select Committee into the Resilience of Electricity Infrastructure in a Warming World,Resilience of Electricity Infrastructure in a Warming World,2017-05-09,2017-05-09,2024-05-14,2562,2562,90,2472,False,statsnet/2024,
statsnet,Legal and Constitutional Affairs References Committee,Resolution of disputes with financial service providers within the justice system,2019-07-02,2019-07-02,2024-08-13,1869,1869,90,1779,False,statsnet/2024,
statsnet,Environment and Communications References Committee,Retirement of coal fired power stations,2016-11-28,2017-03-29,2024-05-14,2603,2724,90,2513,False,statsnet/2024,
statsnet,Parliamentary Joint Committee on Intelligence and Security,Review of Administration and Expenditure No. 21 (2021–22) – Australian Intelligence Agencies,2024-06-27,2024-06-27,2024-10-09,104,104,90,14,False,statsnet/2024,
statsnet,Community Affairs References Committee,Review of legislative instruments made under Part 3AA or Part 3B of the Social Security (Administration) Act 1999 – Review 1,2024-02-08,2024-02-08,2024-05-14,96,96,90,6,False,statsnet/2024,
statsnet,Parliamentary Joint Committee on Intelligence and Security,Review of Part 14 of the Telecommunications Act 1997 – Telecommunications Sector Security Reforms,2022-02-09,2022-02-09,2024-05-14,825,825,90,735,False,statsnet/2024,
statsnet,Parliamentary Joint Committee on Intelligence and Security,Review of the amendments made by the Australian Citizenship Amendment (Citizenship Repudiation) Bill 2023,2024-03-21,2024-03-21,2024-10-08,201,201,90,111,False,statsnet/2024,
statsnet,Parliamentary Joint Committee on Intelligence and Security,Review of the Australian Security Intelligence Organisation Amendment Bill 2023,2023-06-13,2023-06-13,2024-05-14,336,336,90,246,False,statsnet/2024,
statsnet,Parliamentary Joint Committee on Intelligence and Security,Review of the Counter-Terrorism Legislation Amendment (Declared Areas) Bill 2024,2024-08-13,2024-08-13,2024-10-10,58,58,90,0,False,statsnet/2024,
statsnet,Parliamentary Joint Committee on Intelligence and Security,Review of the Crimes and Other Legislation Amendment (Omnibus No. 1) Bill 2024,2024-08-13,2024-08-13,2024-10-09,57,57,90,0,False,statsnet/2024,
statsnet,Parliamentary Joint Committee on Intelligence and Security,Review of the Cyber Security Legislative Package 2024,2024-11-18,2024-11-18,2025-02-04,78,78,90,0,False,statsnet/2024,
statsnet,Parliamentary Joint Committee on Intelligence and Security,Review of the Foreign Influence Transparency Scheme Act 2018,2024-05-14,2024-05-14,2024-06-27,44,44,90,0,False,statsnet/2024,
statsnet,Parliamentary Joint Committee on Intelligence and Security,Review of the National Security Legislation Amendment (Comprehensive Review and Other Measures No. 3) Bill 2023,2024-03-21,2024-03-21,2024-05-14,54,54,90,0,False,statsnet/2024,
statsnet,Parliamentary Joint Committee on Intelligence and Security,Review of the Security Legislation Amendment (Critical Infrastructure Protection) Bill 2022,2022-03-28,2022-03-28,2024-05-14,778,778,90,688,False,statsnet/2024,
statsnet,Parliamentary Joint Committee on Intelligence and Security,Review of the Security Legislation Amendment (Critical Infrastructure) Bill 2020 and Statutory Review of the Security of Critical Infrastructure Act 2018,2021-10-18,2021-10-18,2024-05-14,939,939,90,849,False,statsnet/2024,
statsnet,Joint Standing Committee on Migration,Review processes associated with visa cancellations made on criminal grounds,2019-04-02,2019-04-02,2024-05-14,1869,1869,90,1779,False,statsnet/2024,
statsnet,Select Committee into the Political Influence of Donations,Select Committee into the Political Influence of Donations,2018-06-18,2018-06-18,2024-05-14,2157,2157,90,2067,False,statsnet/2024,
statsnet,Select Committee on Australia’s Disaster Resilience,Select Committee on Australia's Disaster Resilience,2023-09-14,2024-08-12,2025-02-04,176,509,90,86,False,statsnet/2024,
statsnet,Select Committee on Lending to Primary Production Customers,Select Committee on Lending to Primary Production Customers,2017-12-06,2017-12-06,2024-08-13,2442,2442,90,2352,False,statsnet/2024,
statsnet,Select Committee on Work and Care,Select Committee on Work and Care,2022-10-25,2023-03-09,2024-06-27,476,611,90,386,False,statsnet/2024,
statsnet,Legal and Constitutional Affairs References Committee,"Serious allegations of abuse, self-harm and neglect of asylum seekers in relation to the Nauru Regional Processing Centre, and any like allegations in relation to the Manus Regional Processing Centre",2017-05-09,2017-05-09,2024-06-24,2603,2603,90,2513,False,statsnet/2024,
statsnet,Education and Employment Legislation Committee,Social Security Legislation Amendment (Streamlined Participation Requirements and Other Measures) Bill 2021 [Provisions],2021-06-21,2021-06-21,2024-05-14,1058,1058,90,968,False,statsnet/2024,
statsnet,Finance and Public Administration References Committee,Staff employed under the Members of Parliament (Staff) Act 1984,2003-10-16,2003-10-16,2024-06-24,7557,7557,90,7467,False,statsnet/2024,
statsnet,Economics References Committee,Sterling Income Trust,2022-02-08,2022-02-08,2024-08-13,917,917,90,827,False,statsnet/2024,
statsnet,"Joint Standing Committee on Foreign Affairs, Defence and Trade",Strengthening Australia’s relationships with countries in the Pacific region,2022-03-30,2022-03-30,2024-05-14,776,776,90,686,False,statsnet/2024,
statsnet,Select Committee on Strengthening Multiculturalism,Strengthening Multiculturalism,2017-08-17,2017-08-17,2024-05-14,2462,2462,90,2372,False,statsnet/2024,
statsnet,Economics Legislation Committee,Superannuation (Objective) Bill 2016,2017-02-14,2017-02-14,2024-08-13,2737,2737,90,2647,False,statsnet/2024,
statsnet,Economics References Committee,Superannuation Guarantee non-payment,2017-05-09,2017-05-09,2024-08-13,2653,2653,90,2563,False,statsnet/2024,
statsnet,Select Committee on Temporary Migration,Temporary Migration,2021-09-01,2021-09-01,2024-05-14,986,986,90,896,False,statsnet/2024,
statsnet,Environment and Communications References Committee,Threat of marine plastic pollution in Australia,2016-05-02,2016-05-02,2024-06-24,2975,2975,90,2885,False,statsnet/2024,
statsnet,Select Committee on Tobacco Harm Reduction,Tobacco Harm Reduction,2021-02-02,2021-02-02,2024-10-08,1344,1344,90,1254,False,statsnet/2024,
statsnet,Parliamentary Joint Committee on Law Enforcement,Trade in elephant ivory and rhino horn,2018-09-20,2018-09-20,2024-06-24,2104,2104,90,2014,False,statsnet/2024,
statsnet,"Joint Standing Committee on Foreign Affairs, Defence and Trade",Transition from the Australian Defence Force (ADF),2019-04-03,2019-04-03,2024-05-14,1868,1868,90,1778,False,statsnet/2024,
statsnet,Economics Legislation Committee,Treasury Laws Amendment (Consumer Data Right) Bill 2022,2023-05-09,2023-05-09,2025-02-04,637,637,90,547,False,statsnet/2024,
statsnet,Economics Legislation Committee,Treasury Laws Amendment (Cyclone and Flood Damage Reinsurance Pool) Bill 2022,2022-03-28,2022-03-28,2024-08-13,869,869,90,779,False,statsnet/2024,
statsnet,Economics Legislation Committee,Treasury Laws Amendment (Delivering Better Financial Outcomes and Other Measures) Bill 2024 [Provisions],2024-06-24,2024-06-24,2024-11-18,147,147,90,57,False,statsnet/2024,
statsnet,Economics Legislation Committee,Treasury Laws Amendment (Making Multinationals Pay Their Fair Share-Integrity and Transparency) Bill 2023 [Provisions],2023-10-16,2023-10-16,2024-06-24,252,252,90,162,False,statsnet/2024,
statsnet,Economics Legislation Committee,Treasury Laws Amendment (News Media and Digital Platforms Mandatory Bargaining Code) Bill 2020,2021-02-15,2021-02-15,2024-08-13,1275,1275,90,1185,False,statsnet/2024,
statsnet,Economics Legislation Committee,Treasury Laws Amendment (Reducing Pressure on Housing Affordability Measures (No.2) Bill 2018 and Foreign Acquisitions and Takeovers Fees Imposition Amendment (Near-new Dwelling Interests) Bill 2018,2018-03-26,2018-03-26,2024-08-13,2332,2332,90,2242,False,statsnet/2024,
statsnet,Economics Legislation Committee,Treasury Laws Amendment (Research and Development Tax Incentive) Bill 2019,2020-11-09,2020-11-09,2024-08-13,1373,1373,90,1283,False,statsnet/2024,
statsnet,Economics Legislation Committee,Treasury Laws Amendment (Self Managed Superannuation Funds) Bill 2020,2020-11-09,2020-11-09,2024-08-13,1373,1373,90,1283,False,statsnet/2024,
statsnet,Select Committee on Unconventional Gas Mining,Unconventional Gas Mining,2016-05-04,2016-05-04,2024-06-24,2973,2973,90,2883,False,statsnet/2024,
statsnet,Parliamentary Joint Committee on Law Enforcement,Vaccine related fraud and security risks,2021-08-31,2022-03-29,2024-08-12,867,1077,90,777,False,statsnet/2024,
statsnet,"Foreign Affairs, Defence and Trade Legislation Committee","Veterans' Entitlements, Treatment and Support (Simplification and Harmonisation) Bill 2024 [Provisions]",2024-10-08,2024-10-08,2024-11-18,41,41,90,0,False,statsnet/2024,
statsnet,Environment and Communications References Committee,Waste and recycling industry in Australia,2018-06-26,2018-06-26,2024-06-24,2190,2190,90,2100,False,statsnet/2024,
statsnet,Environment and Communications Legislation Committee,Water Amendment (Purchase Limit Repeal) Bill 2019,2019-04-02,2019-04-02,2024-06-24,1910,1910,90,1820,False,statsnet/2024,
statsnet,Rural and Regional Affairs and Transport References Committee,Water Legislation Amendment (Inspector-General of Water Compliance and Other Measures) Act 2021,2021-10-18,2021-12-02,2024-06-24,935,980,90,845,False,statsnet/2024,
statsnet,Environment and Communications References Committee,Water use by the extractive industry,2018-10-17,2018-10-17,2024-06-24,2077,2077,90,1987,False,statsnet/2024,
statsnet,Joint Standing Committee on Migration,Working Holiday Maker program,2020-12-01,2020-12-01,2024-05-14,1260,1260,90,1170,False,statsnet/2024,
statsnet,Community Affairs References Committee,Worsening rental crisis in Australia,2023-12-07,2023-12-07,2024-05-14,159,159,90,69,False,statsnet/2024,
statsnet,Parliamentary Joint Committee on Corporations and Financial Services,2019-20 annual reports of bodies established under the ASIC Act,2023-07-31,2023-07-31,2025-02-04,554,554,90,464,False,statsnet/2025,
statsnet,Joint Committee of Public Accounts and Audit,2022–23 Major Projects Report,2025-02-04,2025-02-04,2025-10-28,266,266,90,176,False,statsnet/2025,
statsnet,Community Affairs References Committee,Access to diagnosis and treatment for people in Australia with tick-borne diseases,2025-07-22,2025-07-22,2025-11-06,107,107,90,17,False,statsnet/2025,
statsnet,"Foreign Affairs, Defence and Trade References Committee",Advocacy services for veterans accessing compensation and income support,2025-11-04,2025-11-04,2026-01-19,76,76,90,0,False,statsnet/2025,
statsnet,Legal and Constitutional Affairs Legislation Committee,Anti-Money Laundering and Counter-Terrorism Financing Amendment Bill 2024,2024-11-18,2024-11-18,2025-02-04,78,78,90,0,False,statsnet/2025,
statsnet,"Foreign Affairs, Defence and Trade References Committee",Australian support for Ukraine,2024-09-16,2024-09-16,2025-03-25,190,190,90,100,False,statsnet/2025,
statsnet,Legal and Constitutional Affairs Legislation Committee,Bankruptcy Amendment (Enterprise Incentives) Bill 2017,2018-03-21,2018-03-21,2026-01-19,2861,2861,90,2771,False,statsnet/2025,
statsnet,Education and Employment Legislation Committee,Better and Fairer Schools (Funding and Reform) Bill 2024 [Provisions],2024-11-18,2024-11-18,2025-08-26,281,281,90,191,False,statsnet/2025,
statsnet,Select Committee on Commonwealth Bilateral Air Service Agreements,Commonwealth Bilateral Air Service Agreements,2023-10-16,2023-10-16,2026-01-19,826,826,90,736,False,statsnet/2025,
statsnet,Legal and Constitutional Affairs Legislation Committee,Commonwealth Workplace Protection Orders Bill 2024 [Provisions],2025-03-25,2025-03-25,2025-07-24,121,121,90,31,False,statsnet/2025,
statsnet,Rural and Regional Affairs and Transport Legislation Committee,Customs Legislation Amendment (Commercial Greyhound Export and Import Prohibition) Bill 2021,2023-10-19,2023-10-19,2025-10-27,739,739,90,649,False,statsnet/2025,
statsnet,"Foreign Affairs, Defence and Trade References Committee",Defence honours and awards system,2025-07-22,2025-07-22,2025-10-27,97,97,90,7,False,statsnet/2025,
statsnet,"Joint Standing Committee on Foreign Affairs, Defence and Trade",Department of Defence Annual Report 2022–23,2024-11-26,2024-11-26,2025-03-25,119,119,90,29,False,statsnet/2025,
statsnet,Community Affairs References Committee,"Equitable access to diagnosis and treatment for individuals with rare and less common cancers, including neuroendocrine cancer",2024-06-24,2024-06-24,2025-08-28,430,430,90,340,False,statsnet/2025,
statsnet,Education and Employment Legislation Committee,Fair Work Amendment (Protecting Penalty and Overtime Rates) Bill 2025,2025-08-25,2025-08-25,2025-11-06,73,73,90,0,False,statsnet/2025,
statsnet,Legal and Constitutional Affairs Legislation Committee,Family Law Amendment Bill 2024,2024-11-18,2024-11-18,2025-02-04,78,78,90,0,False,statsnet/2025,
statsnet,Education and Employment Legislation Committee,Free TAFE Bill 2024 [Provisions],2025-03-25,2025-03-25,2025-10-27,216,216,90,126,False,statsnet/2025,
statsnet,Rural and Regional Affairs and Transport References Committee,Impact and mitigation of aircraft noise,2024-11-27,2024-11-27,2025-11-03,341,341,90,251,False,statsnet/2025,
statsnet,"Joint Standing Committee on Foreign Affairs, Defence and Trade",Inquiry into the Department of Defence Annual Report 2021–22,2023-09-14,2023-09-14,2025-07-24,679,679,90,589,False,statsnet/2025,
statsnet,Environment and Communications Legislation Committee,Interactive Gambling Amendment (Credit and Other Measures) Bill 2023 [Provisions],2023-10-16,2023-10-16,2025-03-25,526,526,90,436,False,statsnet/2025,
statsnet,Community Affairs References Committee,Issues related to menopause and perimenopause,2024-09-18,2024-09-18,2025-02-11,146,146,90,56,False,statsnet/2025,
statsnet,Select Committee on Job Security,Job security,2021-06-24,2022-03-30,2025-02-13,1051,1330,90,961,False,statsnet/2025,
statsnet,Joint Select Committee on Parliamentary Standards,Joint Select Committee on Parliamentary Standards,2022-11-29,2022-11-29,2025-03-25,847,847,90,757,False,statsnet/2025,
statsnet,Legal and Constitutional Affairs Legislation Committee,Migration Amendment (Strengthening Employer Compliance) Bill 2023,2023-09-04,2023-09-04,2025-02-04,519,519,90,429,False,statsnet/2025,
statsnet,Legal and Constitutional Affairs Legislation Committee,Migration Amendment (Strengthening Sponsorship and Nomination Processes) Bill 2024 [Provisions],2024-09-09,2024-09-09,2025-10-27,413,413,90,323,False,statsnet/2025,
statsnet,Economics References Committee,Not-for-profit entities—Tax assessments,2024-11-18,2024-11-18,2025-07-24,248,248,90,158,False,statsnet/2025,
statsnet,Environment and Communications References Committee,Optus network outage,2024-10-08,2024-10-08,2025-02-04,119,119,90,29,False,statsnet/2025,
statsnet,Legal and Constitutional Affairs Legislation Committee,Oversight Legislation Amendment (Robodebt Royal Commission Response and Other Measures) Bill 2024 [Provisions],2025-02-04,2025-02-04,2025-09-02,210,210,90,120,False,statsnet/2025,
statsnet,Joint Committee of Public Accounts and Audit,Policy and program design and implementation,2024-11-19,2024-11-19,2025-10-27,342,342,90,252,False,statsnet/2025,
statsnet,"Foreign Affairs, Defence and Trade Legislation Committee","Review of Schedule 9 of the Veterans’ Entitlements, Treatment and Support (Simplification and Harmonisation) Act 2025",2025-09-01,2025-09-01,2026-01-19,140,140,90,50,False,statsnet/2025,
statsnet,Parliamentary Joint Committee on Intelligence and Security,Review of the Surveillance Legislation Amendment (Identify and Disrupt) Bill 2020,2021-08-05,2021-08-05,2025-11-25,1573,1573,90,1483,False,statsnet/2025,
statsnet,Parliamentary Joint Committee on Intelligence and Security,Review of the Transport Security Amendment (Security of Australia's Transport Sector) Bill 2024,2025-03-25,2025-03-25,2025-10-27,216,216,90,126,False,statsnet/2025,
statsnet,Select Committee on PFAS (per and polyfluoroalkyl substances),Select Committee on PFAS (per and polyfluoroalkyl substances),2025-03-25,2025-03-25,2025-11-18,238,238,90,148,False,statsnet/2025,response presented date used; 
statsnet,Rural and Regional Affairs and Transport References Committee,Shutdown of the 3G mobile network,2024-08-12,2025-03-25,2025-10-27,216,441,90,126,False,statsnet/2025,
statsnet,"Joint Standing Committee on Foreign Affairs, Defence and Trade",Supporting democracy in our region,2023-11-16,2023-11-16,2025-09-02,656,656,90,566,False,statsnet/2025,
statsnet,Community Affairs References Committee,Universal access to reproductive healthcare,2023-06-13,2023-06-13,2025-02-11,609,609,90,519,False,statsnet/2025,
statsnet,Education and Employment Legislation Committee,Wage Justice for Early Childhood Education and Care Workers (Special Account) Bill 2024 [Provisions],2024-11-18,2024-11-18,2025-07-31,255,255,90,165,False,statsnet/2025,
statsnet,Finance and Public Administration Legislation Committee,Workplace Gender Equality Amendment (Setting Gender Equality Targets) Bill 2024,2025-02-04,2025-02-04,2025-10-27,265,265,90,175,False,statsnet/2025,
statsnet,Finance and Public Administration References Committee,Access to Australian Parliament House by lobbyists,2024-05-14,2024-05-14,2026-08-20,828,828,90,738,False,statsnet/2026,
statsnet,Environment and Communications References Committee,Algal blooms in South Australia,2025-11-24,2025-11-24,2026-03-31,127,127,90,37,False,statsnet/2026,
statsnet,"Foreign Affairs, Defence and Trade References Committee",Australia’s engagement in Afghanistan,2022-02-08,2022-07-26,2026-05-14,1388,1556,90,1298,False,statsnet/2026,
statsnet,Rural and Regional Affairs and Transport References Committee,"Australia’s preparedness to host Commonwealth, Olympic and Paralympic Games",2023-09-14,2023-12-07,2026-02-03,789,873,90,699,False,statsnet/2026,
statsnet,Rural and Regional Affairs and Transport References Committee,Bank closures in regional Australia,2024-06-24,2024-06-24,2026-06-23,729,729,90,639,False,statsnet/2026,
statsnet,Legal and Constitutional Affairs References Committee,Current and proposed sexual consent laws in Australia,2023-09-14,2023-09-14,2026-08-20,1071,1071,90,981,False,statsnet/2026,
statsnet,Community Affairs References Committee,Extent and nature of poverty in Australia,2023-05-09,2024-02-28,2026-04-01,763,1058,90,673,False,statsnet/2026,
statsnet,Economics References Committee,Funding and resourcing for the CSIRO,2026-05-12,2026-05-12,2026-08-11,91,91,90,1,False,statsnet/2026,
statsnet,"Foreign Affairs, Defence and Trade References Committee",Implications of climate change for Australia's national security,2018-06-18,2018-06-18,2026-04-01,2844,2844,90,2754,False,statsnet/2026,
statsnet,Community Affairs References Committee,Indefinite detention of people with cognitive and psychiatric impairment in Australia,2016-11-29,2016-11-29,2026-05-12,3451,3451,90,3361,False,statsnet/2026,
statsnet,Environment and Communications References Committee,Internet Search Engine Services Online Safety Code,2025-11-26,2025-11-26,2026-05-12,167,167,90,77,False,statsnet/2026,
statsnet,Education and Employment References Committee,Issue of increasing disruption in Australian school classrooms,2023-12-04,2024-02-07,2026-05-12,825,890,90,735,False,statsnet/2026,
statsnet,Joint Select Committee on Constitutional Recognition of Aboriginal and Torres Strait Islander Peoples,Joint Select Committee on Constitutional Recognition of Aboriginal and Torres Strait Islander Peoples,2014-07-16,2015-06-25,2026-05-12,3974,4318,90,3884,False,statsnet/2026,
statsnet,Joint Select Committee on Constitutional Recognition relating to Aboriginal and Torres Strait Islander Peoples,Joint Select Committee on Constitutional Recognition relating to Aboriginal and Torres Strait Islander Peoples,2018-08-13,2018-11-29,2026-04-01,2680,2788,90,2590,False,statsnet/2026,
statsnet,Environment and Communications References Committee,Middle Arm Industrial Precinct,2024-08-21,2024-08-21,2026-03-31,587,587,90,497,False,statsnet/2026,
statsnet,Environment and Communications References Committee,National Cultural Policy,2024-05-14,2024-05-14,2026-05-12,728,728,90,638,False,statsnet/2026,
statsnet,"Foreign Affairs, Defence and Trade References Committee",National Volunteer Incentive Scheme (Climate Army),2025-11-06,2025-11-06,2026-06-25,231,231,90,141,False,statsnet/2026,
statsnet,Legal and Constitutional Affairs References Committee,"Nature and scope of any agreement reached by the Commonwealth and Western Australian governments in relation to the distribution of proceeds of the liquidation of, and litigation concerning, the Bell Group of companies (the proceeds)",2017-03-22,2017-06-21,2026-03-23,3197,3288,90,3107,False,statsnet/2026,
statsnet,Finance and Public Administration References Committee,Operation and appropriateness of the superannuation and pension schemes for current and former members of the Australian Defence Force (ADF),2026-03-23,2026-03-23,2026-07-01,100,100,90,10,False,statsnet/2026,
statsnet,Legal and Constitutional Affairs References Committee,Performance and integrity of Australia’s administrative review system,2022-07-26,2022-07-26,2026-03-23,1336,1336,90,1246,False,statsnet/2026,
statsnet,Education and Employment Legislation Committee,Quality of governance at Australian higher education providers,2025-10-27,2026-01-19,2026-06-30,162,246,90,72,False,statsnet/2026,
statsnet,Economics References Committee,Residential Electrification,2025-07-22,2025-07-22,2026-03-24,245,245,90,155,False,statsnet/2026,
statsnet,Legal and Constitutional Affairs References Committee,Right wing extremist movements in Australia,2025-02-04,2025-02-04,2026-03-31,420,420,90,330,False,statsnet/2026,
statsnet,Select Committee on Supermarket Prices,Senate Select Committee on Supermarket Prices,2024-05-14,2024-05-14,2026-06-22,769,769,90,679,False,statsnet/2026,
statsnet,Rural and Regional Affairs and Transport References Committee,"State of Australia’s aviation sector and its ability to deliver reliable and affordable services to rural, regional and remote communities",2026-03-02,2026-03-02,2026-06-25,115,115,90,25,False,statsnet/2026,
statsnet,Finance and Public Administration References Committee,Supporting the development of sovereign capability in the Australian tech sector,2024-07-01,2024-07-01,2026-03-02,609,609,90,519,False,statsnet/2026,
statsnet,"Foreign Affairs, Defence and Trade References Committee",United Nations Sustainable Development Goals (SDG),2019-02-14,2019-02-14,2026-04-01,2603,2603,90,2513,False,statsnet/2026,
statsnet,"Foreign Affairs, Defence and Trade References Committee",Wrongful detention of Australian citizens overseas,2024-11-28,2024-11-28,2026-06-23,572,572,90,482,False,statsnet/2026,
