Arial-BoldMT	28	Interim Report
ArialMT	18	Royal Commission
ArialMT	18	on Antisemitism
ArialMT	18	and Social Cohesion
Arial-BoldMT	16	APRIL 2026
ArialMT	10	April 2026
ArialMT	10	ISBN 978-1-921357-77-0 (print)
ArialMT	10	ISBN 978-1-921357-78-7 (online)
ArialMT	10	© Commonwealth of Australia 2026
ArialMT	10	With the exception of the Coat of Arms, the department’s logo,
ArialMT	10	content supplied by third parties and where otherwise stated,
ArialMT	10	all material presented in this publication is provided under a
ArialMT	10	Creative Commons Attribution 4.0 International licence
ArialMT	10	(www.creativecommons.org/licenses).
ArialMT	10	For the avoidance of doubt, this means this licence only
ArialMT	10	applies to material as set out in this document.
ArialMT	10	The details of the relevant licence conditions are available on
ArialMT	10	the Creative Commons website as is the full legal code for the
ArialMT	10	CC BY 4.0 licence (www.creativecommons.org/licenses).
Arial-Black	10	Use of the Coat of Arms
ArialMT	10	The terms under which the Coat of Arms can be used are detailed
ArialMT	10	on the Department of the Prime Minister and Cabinet website
ArialMT	10	(www.pmc.gov.au/honours-and-symbols/commonwealth-coat-arms).
Arial-Black	10	Attribution
ArialMT	10	Material obtained from this publication is to be attributed as:
ArialMT	10	© Commonwealth of Australia 2026, Interim Report.
Arial-Black	10	Acknowledgement of Country
ArialMT	10	We acknowledge the traditional custodians of Australia and their
ArialMT	10	continuing connection to land, sea and community. We pay our
ArialMT	10	respects to the people, the cultures and the Elders, past and present,
ArialMT	10	and thank them for their ongoing contributions to the culture and
ArialMT	10	prosperity of the Australian nation.
Calibri	11	This report discusses some difficult themes, including details of the antisemitic attack at
Calibri	11	Bondi Beach on 14 December 2025. Readers may find parts of the report distressing.
Calibri	11	Support services are available if you or someone you know needs help.
Calibri,Bold	11	Urgent support
Calibri	11	If you require urgent or immediate help, please call Triple zero (000) or present to your local
Calibri	11	emergency department.
Calibri,Bold	10	24/7 Support
Calibri,Bold	9	Lifeline Australia Beyond Blue NSW Health Mental Health Line
Calibri	9	📞13 11 14 | 💬 0477 131 114 📞 1300 224 636 📞 1800 011 511
Calibri	9	Online chat, 24/7 crisis support 24/7 mental health support, Free 24/7 NSW service
Calibri	9	via phone, text, and chat. advice, and referrals (phone, connecting people to local mental
Calibri	9	webchat, email). health care.
Calibri,Bold	10	Youth Support
Calibri,Bold	9	Kids Helpline Headspace
Calibri	9	📞 1800 55 1800 | Online chat 📞 1800 650 850 | Online chat (3 pm–10 pm)
Calibri	9	24/7 free support for ages 5–25. Early intervention mental health support for ages
Calibri	9	12–25.
Calibri,Bold	10	Jewish Community Support
Calibri,Bold	9	Jewish House JewishCare
Calibri	9	📞 1300 544 357 (24/7) 📞 1300 133 660
Calibri	9	• Crisis accommodation and mental health (Mon–Thu: 9 am–5 pm, Fri: 9 am–4 pm AEST)
Calibri	9	support Support for community members affected by
Calibri	9	• Support navigating antisemitism trauma, including the Bondi attack, plus general
Calibri	9	• Counselling and referrals for adults and wellbeing services.
Calibri	9	children
Calibri,Bold	10	Multicultural & Anti- Local Incident Support (Bondi) Grief & Emotional Support
Calibri,Bold	10	Discrimination Support
Calibri,Bold	9	NSW Anti-Discrimination Board Service NSW Griefline
Calibri	9	📞 1800 670 812 📞 13 77 88 📞 1300 845 745
Calibri	9	Information and support for Support for victims, families, and (8 am–8 pm, daily)
Calibri	9	people experiencing businesses impacted by the Bondi Free, confidential support for
Calibri	9	discrimination or harassment. attack (Dec 2025). Includes grief, loss, and loneliness.
Calibri	9	access to the Bondi Community
Calibri	9	Support Hub and call-back
Calibri	9	services.
Calibri,Bold	21	Table of contents
Calibri,Bold	11	Introduction ...................................................................................................................... 5
Calibri	11	Independent Commonwealth Review ..................................................................................... 5
Calibri	11	Establishment of the Royal Commission ................................................................................. 5
Calibri	11	The Interim Report .................................................................................................................. 8
Calibri	11	Criminal proceedings arising from the Bondi attack ............................................................... 9
Calibri	11	Developments since 14 December 2025 ............................................................................... 11
Calibri	11	Overview of Interim Report .................................................................................................. 11
Calibri,Bold	11	Recommendations ........................................................................................................... 14
Calibri,Bold	11	Chapter 1. Threat environment in lead up to 14 December 2025 .................................. 16
Calibri	11	National Terrorism Threat Level ........................................................................................... 16
Calibri	11	Threat assessments ............................................................................................................... 17
Calibri	11	Threat assessments and public statements 2022 – 2025 ...................................................... 17
Calibri	11	Responses to antisemitism in the lead up to 14 December 2025 ......................................... 21
Calibri,Bold	11	Chapter 2. Security arrangements for Chanukah by the Sea .......................................... 25
Calibri	11	Introduction .......................................................................................................................... 25
Calibri	11	Chanukah .............................................................................................................................. 26
Calibri	11	Chanukah and how it is celebrated ................................................................................ 26
Calibri	11	Chanukah celebrations in Australia ................................................................................ 27
Calibri	11	Security Arrangements at Chanukah by the Sea 2025 .......................................................... 27
Calibri	11	Background to Chanukah by the Sea ............................................................................. 27
Calibri	11	Arrangements with Waverley Council ........................................................................... 28
Calibri	11	Security arrangements involving CSG NSW .................................................................... 29
Calibri	11	Security arrangements involving NSW Police ................................................................ 31
Calibri	11	CSG NSW and NSW Police support to other public Chanukah events on the evening of
Calibri	11	14 December 2025 ......................................................................................................... 36
Calibri	8	Interim report: Royal Commission on Antisemitism and Social Cohesion 1
Calibri,Bold	11	Chapter 3. Emergency response .................................................................................... 39
Calibri	11	Framework for emergency response by Commonwealth and state agencies ....................... 39
Calibri	11	`National ........................................................................................................................ 39
Calibri	11	New South Wales ........................................................................................................... 40
Calibri	11	Emergency response to attack .............................................................................................. 43
Calibri	11	Response of NSW Police ................................................................................................ 43
Calibri	11	Response of other emergency services and first responders ......................................... 43
Calibri	11	General crisis management ................................................................................................... 46
Calibri,Bold	11	Chapter 4. Community Security Groups, intelligence and law enforcement agencies .... 47
Calibri	11	Jewish security organisations ................................................................................................ 47
Calibri	11	Community Security Groups—Australia’s Jewish security organisations .............................. 48
Calibri	11	CSG NSW’s operational model ....................................................................................... 49
Calibri	11	CSGs engagement with intelligence agencies and law enforcement. ................................... 50
Calibri	11	Law enforcement engagement with CSG ....................................................................... 50
Calibri	11	Conclusion ............................................................................................................................. 54
Calibri,Bold	11	Chapter 5. Confidential ................................................................................................. 55
Calibri,Bold	11	Chapter 6. Commonwealth and national counter-terrorism architecture ...................... 56
Calibri	11	Introduction .......................................................................................................................... 56
Calibri	11	Changes to counter-terrorism architecture since 2014 ......................................................... 56
Calibri	11	2015 Counter-Terrorism Machinery Review .................................................................. 57
Calibri	11	2017 Independent Intelligence Review, the establishment of Home Affairs and ONI ... 58
Calibri	11	Further institutional developments from 2019 .............................................................. 59
Calibri	11	Crisis management and counter-terrorism architecture ....................................................... 60
Calibri	11	Crisis management in Australia ...................................................................................... 60
Calibri	11	Counter-terrorism specifically ....................................................................................... 61
Calibri	11	National ......................................................................................................................... 64
Calibri	11	States and territories ..................................................................................................... 66
Calibri	11	Joint Counter-Terrorism Teams ............................................................................................ 69
Calibri	11	Introduction ................................................................................................................... 69
Calibri	9	2 Interim report: Royal Commission on Antisemitism and Social Cohesion
Calibri	11	Functioning of JCTTs ...................................................................................................... 69
Calibri	11	JCTT NSW ....................................................................................................................... 69
Calibri	11	Counter-terrorism exercises ................................................................................................. 71
Calibri	11	Exercises at the national level ........................................................................................ 71
Calibri	11	Exercises at state and territory level .............................................................................. 71
Calibri,Bold	11	Chapter 7. Information flows and systems .................................................................... 73
Calibri	11	Introduction .......................................................................................................................... 73
Calibri	11	Overview of agencies’ systems ............................................................................................. 74
Calibri	11	Current initiatives to improve information sharing systems ................................................. 74
Calibri	11	Firearms information ............................................................................................................ 75
Calibri	11	The National Firearms Register ...................................................................................... 76
Calibri	11	The National Criminal Intelligence System ............................................................................ 77
Calibri	11	What is the NCIS? .......................................................................................................... 77
Calibri	11	Proposed improvements to the NCIS ............................................................................. 79
Calibri	11	Alerts to intelligence and law enforcement agencies about a traveller’s movements .......... 79
Calibri	11	Sharing information of varying classifications ....................................................................... 80
Calibri,Bold	11	Chapter 8. Legislative frameworks ................................................................................ 81
Calibri	11	The agencies’ views on the need for additional powers or legislation .................................. 82
Calibri	11	Recent reviews, including outstanding recommendations ................................................... 84
Calibri	11	Firearms regulation ............................................................................................................... 85
Calibri	11	Background .................................................................................................................... 86
Calibri	11	Firearms reforms agreed by National Cabinet on 15 December 2025 ........................... 88
Calibri	11	New South Wales firearms reforms ............................................................................... 90
Calibri	11	Commonwealth firearms reforms .................................................................................. 90
Calibri	11	Online extremism and radicalisation ..................................................................................... 94
Calibri,Bold	11	Chapter 9. ASIO intelligence priorities and resourcing for counter-terrorism ................ 97
Calibri	11	Introduction .......................................................................................................................... 97
Calibri	11	Counter-terrorism priorities .................................................................................................. 97
Calibri	11	The Australian Intelligence Missions and annual advice to Cabinet ............................... 97
Calibri	8	Interim report: Royal Commission on Antisemitism and Social Cohesion 3
Calibri	11	How ASIO sets its priorities ............................................................................................ 97
Calibri	11	Priorities and resource allocation 2020-25 ........................................................................... 98
Calibri	11	Changes in intelligence priorities and resourcing commencing in 2020-21 ................... 98
Calibri	11	Resourcing for National Intelligence Community Agencies ................................................. 102
Calibri	11	Funding and budgets ................................................................................................... 102
Calibri	11	Conclusion ................................................................................................................... 103
Calibri,Bold	11	Chapter 10. Law enforcement priorities and resourcing for counter-terrorism ............. 104
Calibri	11	Counter-terrorism as a law enforcement priority ............................................................... 104
Calibri	11	Counter-terrorism resourcing ............................................................................................. 106
Calibri	11	AFP counter-terrorism priorities and resourcing ................................................................ 106
Calibri	11	Prioritisation ................................................................................................................ 106
Calibri	11	Resourcing ................................................................................................................... 108
Calibri	11	Operational metrics: Warrants .................................................................................... 109
Calibri	11	NSW Police counter-terrorism priorities and resourcing .................................................... 109
Calibri	11	Prioritisation ................................................................................................................ 109
Calibri	11	Resourcing ................................................................................................................... 113
Calibri	11	Operational metric: Warrants ...................................................................................... 113
Calibri	11	Operational metric: JCTT investigations ....................................................................... 114
Calibri	11	Conclusions .................................................................................................................. 114
Calibri	11	Counter-terrorism warrants and investigations ........................................................... 114
Calibri	11	Home Affairs counter-terrorism priorities and resourcing .................................................. 114
Calibri	11	Prioritisation ................................................................................................................ 114
Calibri	11	Resourcing ................................................................................................................... 115
Calibri	11	Australia and New Zealand Counter-Terrorism Committee ................................................ 116
Calibri	11	ACIC counter-terrorism priorities and resourcing ............................................................... 116
Calibri	11	AUSTRAC counter-terrorism priorities and resourcing ........................................................ 117
Calibri,Bold	11	Appendix A. Letters patent ............................................................................................. 118
Calibri	9	4 Interim report: Royal Commission on Antisemitism and Social Cohesion
Calibri,Bold	21	Introduction
Calibri	11	On the evening of 14 December 2025 at Bondi Beach, Sydney, two gunmen opened fire on a
Calibri	11	crowd that had gathered in Archer Park to celebrate the beginning of the Jewish festival of
Calibri	11	Chanukah, also known as the festival of lights. Fifteen people were killed, another 40 were
Calibri	11	wounded and countless others were traumatised having witnessed the slaughter or later
Calibri	11	having come to learn of it. Sydney’s Jewish community was the evident target of the attack.
Calibri,Bold	17	Independent Commonwealth Review
Calibri	11	One week after the Bondi attack, on 21 December 2025, the Prime Minister,
Calibri	11	the Hon Anthony Albanese MP, announced that a review of federal law enforcement and
Calibri	11	intelligence agencies would be conducted by Dennis Richardson AC. Mr Richardson, a
Calibri	11	distinguished former public servant and diplomat, has served as Director-General of
Calibri	11	Security, Secretary of the Department of Defence, Secretary of the Department of Foreign
Calibri	11	Affairs and Trade, and Ambassador to the United States of America. Mr Richardson’s review
Calibri	11	was expressed to build on the findings of the 2024 Independent Intelligence Review and the
Calibri	11	2019 Comprehensive Review of the Legal Framework of the National Intelligence
Calibri	11	Community.
Calibri	11	By 24 December 2025, Mr Richardson had assembled the core members of the team that
Calibri	11	was to assist him in the conduct of the Review. By 2 January 2026, Mr Richardson had
Calibri	11	written to the heads of Commonwealth intelligence and law enforcement agencies and to
Calibri	11	the Departments of the Prime Minister and Cabinet, Home Affairs, the Attorney-General
Calibri	11	and Foreign Affairs and Trade asking for the production of documents identified in
Calibri	11	schedules attached to each letter. The recipients were asked to produce the documents by
Calibri	11	26 January 2026.
Calibri	11	In the weeks following the Bondi attack there were calls from a diverse range of individuals
Calibri	11	and community organisations for an inquiry possessing the compulsory powers of a Royal
Calibri	11	Commission to investigate the rise of antisemitism generally in Australia as well as the
Calibri	11	circumstances of the attack.
Calibri,Bold	17	Establishment of the Royal Commission
Calibri	11	On 8 January 2026, the Prime Minister announced the establishment of this Royal
Calibri	11	Commission stating that it would address four key areas:
Calibri	11	a. Tackling antisemitism by investigating the nature and prevalence of antisemitism in
Calibri	11	institutions and society, and its key drivers in Australia, including ideologically and
Calibri	11	religiously motivated extremism and radicalisation.
Calibri	8	Interim report: Royal Commission on Antisemitism and Social Cohesion 5
Calibri	11	b. Making recommendations that will assist law enforcement, border control,
Calibri	11	immigration and security agencies to tackle antisemitism, including through
Calibri	11	improvements to guidance and training within law enforcement, border control,
Calibri	11	immigration, and security agencies to respond to antisemitic conduct.
Calibri	11	c. Examining the circumstances surrounding the antisemitic Bondi terrorist attack on
Calibri	11	14 December 2025.
Calibri	11	d. Making any other recommendations arising out of the inquiry for strengthening
Calibri	11	social cohesion in Australia and countering the spread of ideologically and religiously
Calibri	11	motivated extremism in Australia.
Calibri	11	The Prime Minister explained that the states would be asked to join the Commission to
Calibri	11	ensure that it is a ‘truly national’ body and he said that the independent Commonwealth
Calibri	11	Review into federal law enforcement and intelligence agencies would become part of the
Calibri	11	Commission.
Calibri	11	On 9 January 2026, the Governor-General signed the Letters Patent establishing this Royal
Calibri	11	Commission. A copy of the Letters Patent is annexed to this Interim Report. The Terms of
Calibri	11	Reference reflect the four key areas that the Prime Minister identified. The Governors of
Calibri	11	each state have issued Letters Patent with Terms of Reference that are identical to those
Calibri	11	contained in the Commonwealth Letters Patent and in this way have succeeded in making it
Calibri	11	a ‘national Royal Commission’.
Calibri	11	Pursuant to each of the Letters Patent I am required to deliver an Interim Report that I
Calibri	11	consider appropriate not later than 30 April 2026, focusing on the matters in Term of
Calibri	11	Reference (c) and any other issues requiring urgent or immediate action. Term of
Calibri	11	Reference (c) requires me to examine the circumstances surrounding the antisemitic Bondi
Calibri	11	terrorist attack on 14 December 2025 including the following nine matters:
Calibri	11	i. security arrangements for the Chanukah event and Bondi Beach on 14 December
Calibri	11	2025
Calibri	11	ii. the attack
Calibri	11	iii. emergency response to the attack
Calibri	11	iv. whether relevant Commonwealth, state and territory intelligence and law
Calibri	11	enforcement agencies performed to maximum effectiveness, including whether they
Calibri	11	had adequate powers and the right systems, processes and procedures, and whether
Calibri	11	there was an appropriate authorising environment for information sharing with
Calibri	11	other Commonwealth, state and territory agencies
Calibri	9	6 Interim report: Royal Commission on Antisemitism and Social Cohesion
Calibri	11	v. whether relevant Commonwealth, state and territory intelligence and law
Calibri	11	enforcement agencies were prevented from taking prohibitive actions by the current
Calibri	11	legislative framework and authorising environment
Calibri	11	vi. identifying any gaps in existing legal and regulatory frameworks that impede the
Calibri	11	ability for law enforcement, border control, immigration and security agencies to
Calibri	11	prevent and respond to attacks of this nature at both the state and federal levels
Calibri	11	vii. identifying any lessons for security and law enforcement agencies to prevent and
Calibri	11	respond to similar attacks in the future
Calibri	11	viii. identifying any gaps in existing legal and regulatory frameworks that impede the
Calibri	11	ability for law enforcement, border control, immigration and security agencies to
Calibri	11	prevent and respond to attacks of this nature at both the state and federal levels,
Calibri	11	and
Calibri	11	ix. identifying any lessons for security and law enforcement agencies to prevent and
Calibri	11	respond to similar attacks in the future.
Calibri	11	Sub-paragraphs (i), (iv) – (ix) of Term of Reference (c) largely reflect the terms of
Calibri	11	Mr Richardson’s independent Commonwealth Review. Mr Richardson agreed to work as
Calibri	11	Special Advisor to the Royal Commission continuing inquiries into Commonwealth and state
Calibri	11	intelligence and law enforcement agencies that were already underway. The Commission
Calibri	11	promptly issued notices to each agency and government department requiring production
Calibri	11	of the documents that had been identified in the schedules that Mr Richardson prepared. As
Calibri	11	outlined at the opening sitting of the Royal Commission, the compulsion to produce
Calibri	11	documents,1 or to give written information,2 pursuant to the Royal Commissions Act
Calibri	11	1902 (Cth) occasioned delay that might not have attended the production of the same
Calibri	11	documents to an internal administrative inquiry. It became necessary for agencies and
Calibri	11	departments to consider questions of legal professional privilege, public interest immunity
Calibri	11	and statutory non-disclosure provisions before producing documents to an independent
Calibri	11	royal commission. The delay made it impossible for Counsel Assisting the Commission to be
Calibri	11	in a position to adduce evidence on aspects of matters that are the subject of Term of
Calibri	11	Reference (c) before the date for finalisation of the interim report. As explained below, this
Calibri	11	does not detract from the utility of this Interim Report.
Calibri	9	1 Section 2(3A).
Calibri	9	2 Section 2(3C).
Calibri	8	Interim report: Royal Commission on Antisemitism and Social Cohesion 7
Calibri,Bold	17	The Interim Report
Calibri	11	An evident purpose of the requirement to deliver this Interim Report is to enable
Calibri	11	Commonwealth, state and territory governments to ascertain if there are any matters
Calibri	11	(particularly those affecting public safety and national security) that require urgent or
Calibri	11	immediate action.
Calibri	11	The views and material records of each relevant intelligence and law enforcement agency,
Calibri	11	and each relevant Commonwealth and NSW government department, respecting the
Calibri	11	interaction and information-sharing between agencies (and with the organisers of the
Calibri	11	Chanukah event) have been obtained. So, too, have views of these agencies on the
Calibri	11	adequacy of their powers, systems, procedures and the authorising environment for
Calibri	11	information-sharing as at 14 December 2025. And each relevant agency has been asked
Calibri	11	whether it was prevented from taking any prohibitive action on that day by the legislative
Calibri	11	and authorising framework.3 This material has been reviewed by Mr Richardson and the
Calibri	11	team of specialist analysts that he assembled.
Calibri	11	No material or advice from any agency identified any gap in the existing legal and regulatory
Calibri	11	frameworks that impeded the ability for law enforcement, border control, immigration and
Calibri	11	security agencies to prevent, or respond to, an attack of the kind that occurred at Bondi on
Calibri	11	14 December 2025. No Commonwealth or state intelligence or law enforcement agency has
Calibri	11	suggested that it was prevented from taking prohibitive actions before or on
Calibri	11	14 December 2025 by the then current legislative and authorising framework. In these
Calibri	11	respects, no issue requiring urgent or immediate action has been identified.
Calibri	11	Nonetheless, the review of this considerable body of material by officers with relevant
Calibri	11	experience and expertise and by Counsel Assisting and me has revealed aspects in which
Calibri	11	counter-terrorism capability at Commonwealth and state levels could be improved. These
Calibri	11	are the subject of the recommendations collected below. A submission received just before
Calibri	11	the finalisation of this Interim Report proposing improvements to the National Criminal
Calibri	11	Intelligence System will be investigated in the course of hearings.
Calibri	11	Mr Richardson resigned from his position with the Commission on 11 March 2026. I take this
Calibri	11	opportunity to express my thanks to him for the important contribution he made to the
Calibri	11	Commission’s work which informs much of this Interim Report. The team that
Calibri	11	Mr Richardson assembled have remained with the Commission for which I am also most
Calibri	9	3 The Office of National Intelligence (ONI), the Australian Security Intelligence Organisation (ASIO), the
Calibri	9	Australian Signals Directorate (ASD), the Australian Criminal Intelligence Commission (ACIC), the Australian
Calibri	9	Transaction Reports and Analysis Centre (AUSTRAC), the Australian Border Force (ABF), the Australian Federal
Calibri	9	Police (AFP), the NSW Police Force (NSW Police), the Department of the Prime Minister and Cabinet (PM&C),
Calibri	9	the Department of Home Affairs (Home Affairs), the Department of Foreign Affairs and Trade (DFAT), the
Calibri	9	Attorney-General’s Department (AGD), the NSW Premier’s Department, and the NSW Cabinet Office all
Calibri	9	provided documents and information in relation to this aspect of the Commission’s inquiry.
Calibri	9	8 Interim report: Royal Commission on Antisemitism and Social Cohesion
Calibri	11	grateful. This team was led by three senior current and former Commonwealth officers:
Calibri	11	Tony Sheehan, former Deputy Director-General of ASIO and former Co-Chair of the Australia
Calibri	11	New Zealand Counter-Terrorism Committee (ANZCTC), Peter Baxter, former Deputy
Calibri	11	Secretary of the Department of Defence and former Director-General of AusAID and
Calibri	11	Tara Inverarity, First Assistant Secretary, Attorney-General’s Department, who has lengthy
Calibri	11	expertise with respect to the Commonwealth intelligence, security and law enforcement
Calibri	11	legislative framework.
Calibri	11	While systemic aspects of the effectiveness of Commonwealth and state intelligence and
Calibri	11	law enforcement (Term of Reference (c)(vi)) are addressed in this Interim Report, important
Calibri	11	issues arising from the Bondi attack, including whether there was any failure to identify and
Calibri	11	act upon intelligence in the lead up to it, or in the allocation of police resources to the
Calibri	11	Chanukah event, will be addressed in hearings. No conclusion in these respects can be
Calibri	11	reached on a review of the agencies’ documents alone and in the absence of according
Calibri	11	procedural fairness to any person or agency at risk of an adverse finding. In light of the
Calibri	11	nature of the evidence that I anticipate will be led, some hearings will need to be closed to
Calibri	11	the public (closed hearings). To the extent that it is possible to adduce evidence touching on
Calibri	11	intelligence and security matters in public this will be done.
Calibri	11	The complete version of the Interim Report will be provided on a confidential basis to the
Calibri	11	Australian Government and state governments (the confidential report). An edited version
Calibri	11	will be made available to the public. Parts of every chapter are contained only in the
Calibri	11	confidential report as they refer to information that cannot be disclosed publicly, for
Calibri	11	reasons that include national security and the need to avoid prejudice to current criminal
Calibri	11	proceedings.
Calibri	11	Hearings addressing all of the Commission’s Terms of Reference will be conducted over the
Calibri	11	next five months. In the event I identify any issue that raises a matter of urgency that
Calibri	11	warrants immediate action before the time fixed for delivery of the Commission’s final
Calibri	11	report, I will take appropriate action to bring that matter to the attention of the Australian
Calibri	11	and state governments.
Calibri,Bold	17	Criminal proceedings arising from the Bondi attack
Calibri	11	A significant matter of context in the preparation and publication of this Interim Report is
Calibri	11	the existence of current criminal proceedings arising from the Bondi attack.
Calibri	11	The Letters Patent refer to ‘the necessity for the inquiry to be conducted in a manner that
Calibri	11	does not occasion prejudice to current or future criminal proceedings or national security or
Calibri	11	undermine social cohesion’.
Calibri	8	Interim report: Royal Commission on Antisemitism and Social Cohesion 9
Calibri	11	The Letters Patent also provide that I am ‘not required … to inquire, or to continue to
Calibri	11	inquire, into a particular matter to the extent that [I am] satisfied that the matter has been,
Calibri	11	is being, or will be, sufficiently and appropriately dealt with by another inquiry or
Calibri	11	investigation or a criminal or civil proceeding’.
Calibri	11	There are current criminal proceedings arising from the Bondi attack. An accused person has
Calibri	11	been charged with committing a terrorist act (s 101.1, Criminal Code (Cth)), 15 counts of
Calibri	11	murder (s 18, Crimes Act 1900 (NSW)), 40 counts of attempted murder (s 27, Crimes Act
Calibri	11	1900), one count of discharging a firearm with intent (s 33A, Crimes Act 1900), one count of
Calibri	11	displaying a prohibited terrorist organisation symbol (s 80.2HA, Criminal Code) and one
Calibri	11	count of causing explosives to be placed in or near a building, conveyance or public place
Calibri	11	(s 48, Crimes Act 1900). The elements of the offence of committing a terrorist act require
Calibri	11	proof that the action was done ‘with the intention of advancing a political, religious or
Calibri	11	ideological cause’ and ‘with the intention of: (i) coercing, or influencing by intimidation [a
Calibri	11	government]; or (ii) intimidating the public or a section of the public’ (definition of ‘terrorist
Calibri	11	act’ in s 100.1(1), Criminal Code). The Commonwealth Director of Public Prosecutions (CDPP)
Calibri	11	has carriage of the prosecution. At present, the accused has not entered a plea.
Calibri	11	This Commission must do its work in a way that does not interfere with the administration
Calibri	11	of criminal justice in those proceedings. The currency of the prosecution and the nature of
Calibri	11	the charges brought against the accused are such that I have determined that a number of
Calibri	11	the elements of Term of Reference (c) will not be the subject of any public report. For
Calibri	11	example, the lead up and planning of the attack and the events of the attack itself, which
Calibri	11	are expressly referred to in paragraph (c)(i) and (c)(iv).
Calibri	11	The following general principles are being applied to guide the conduct of the Royal
Calibri	11	Commission in light of the current criminal proceedings:
Calibri	11	a. The accused will not be interviewed or called to give evidence.
Calibri	11	b. Persons who are, or who are likely to be, witnesses in the criminal proceedings ought
Calibri	11	not be interviewed or called to give evidence about the Bondi attack.
Calibri	11	c. The Royal Commission ought not, in its public hearings or publicly available report,
Calibri	11	make findings or comments about the intention and motivation of the shooters.
Calibri	11	d. To the extent that it is possible, the Royal Commission should avoid causing or
Calibri	11	contributing to further publicity that may occasion prejudice to the accused among
Calibri	11	potential jurors.
Calibri	11	e. The Royal Commission will not coordinate with the CDPP.
Calibri	9	10 Interim report: Royal Commission on Antisemitism and Social Cohesion
Calibri,Bold	17	Developments since 14 December 2025
Calibri	11	The sharp rise in antisemitic incidents in Australia over the past two and a half years
Calibri	11	corresponds with events in the Middle East following the terrorist attacks on Israel carried
Calibri	11	out by Hamas on 7 October 2023. The outbreak of hostilities between the United States and
Calibri	11	Israel and Iran in February 2026 is likely to have increased the risk of attacks directed at the
Calibri	11	Australian Jewish community. The Commission is investigating the improvement of
Calibri	11	protective security arrangements for Jewish places of worship, major sites, educational and
Calibri	11	cultural facilities, public events and community leaders (Term of Reference (b)(ii)). The
Calibri	11	currency of the Commission should not prevent the taking of appropriate action to address
Calibri	11	any perceived shortcoming in security arrangements for any Jewish establishment, event or
Calibri	11	leader.
Calibri	11	It is acknowledged that the Australian and state governments already have taken a variety
Calibri	11	of measures to respond to the Bondi attack. Two should be mentioned in this context.
Calibri	11	The Australian Government has allocated a further $102 million to the Enhancing Security
Calibri	11	for Jewish Communities program.4 This program, administered by the Executive Council of
Calibri	11	Australian Jewry, supports improvement to safety and security at Jewish community sites
Calibri	11	including schools and synagogues.
Calibri	11	NSW Police’s Operation SHELTER, established in the aftermath of a protest at which
Calibri	11	protesters chanted antisemitic slogans at the Sydney Opera House on 9 October 2023, has
Calibri	11	been upgraded to a ‘permanent, round-the-clock rapid response unit with approximately
Calibri	11	250 dedicated police officers, civilian staff, specially modified rapid response vehicles’ and a
Calibri	11	‘24/7 specialised Police Operations Centre’.5
Calibri,Bold	15	Overview of Interim Report
Calibri	11	The context in which to consider the adequacy of the security arrangements for the
Calibri	11	Chanukah event (Term of Reference (c)(iii)) includes an understanding of how ASIO had
Calibri	11	assessed the risk of a terror attack in the period leading up to 14 December 2025. ASIO’s
Calibri	11	process for issuing the National Terrorism Threat Level and the circumstances leading to
Calibri	11	raising the Level to ‘PROBABLE’ in August 2024 are outlined in Chapter 1. So, too, are ASIO’s,
Calibri	11	the Australian Federal Police’s (AFP) and NSW Police’s assessments of, and responses to, the
Calibri	11	particular risk posed to the Jewish community in light of the increase in antisemitic incidents
Calibri	11	discussed in Chapter 1. This background is also relevant to the adequacy of the priority given
Calibri	11	and resources allocated to counter-terrorism by Commonwealth and state intelligence and
Calibri	9	4 Australian Government, Home Affairs, media release 23 January 2026, Strengthening social cohesion and
Calibri,Italic	9	community safety at East Melbourne Synagogue.
Calibri	9	5 NSW Government, media release, 25 February 2026, the Premier, Minister for Multiculturalism, Minister for
Calibri,Italic	9	Police and Counter-terrorism, NSW Government launches permanent rapid response unit.
Calibri	8	Interim report: Royal Commission on Antisemitism and Social Cohesion 11
Calibri	11	law enforcement agencies (Term of Reference (c)(vi)), which is dealt with in subsequent
Calibri	11	chapters.
Calibri	11	The security arrangements for the Chanukah event are set out in Chapter 2 (Term of
Calibri	11	Reference (c)(iii)). An assessment of the adequacy of these arrangements awaits further
Calibri	11	exploration in hearings.
Calibri	11	Based on the review of documents produced to the Commission by NSW Police and other
Calibri	11	NSW agencies and community organisations, a timeline of the emergency response to the
Calibri	11	Bondi attack (Term of Reference (c)(v)) is set out in Chapter 3. It includes details of the
Calibri	11	significant emergency first aid provided by community organisations and civilians including
Calibri	11	lifeguards employed by Waverley Council, volunteer surf life savers and the Jewish
Calibri	11	community’s Community Health Support (CHS) and Hatzolah Emergency Medical Response
Calibri	11	Unit. In light of the pending criminal proceedings, much of this chapter is in the confidential
Calibri	11	report. Once any criminal proceedings are finalised, the omitted section ought be released
Calibri	11	publicly.
Calibri	11	The history and structure of Community Security Groups and their liaison with intelligence
Calibri	11	and law enforcement agencies is more fully addressed in Chapter 4 (Term of Reference
Calibri	11	(c)(ii) and (ix)). It includes an account of the coordination between CSG NSW and NSW Police
Calibri	11	for the annual ‘Operation Jewish High Holy Days’ which usually falls in September or
Calibri	11	October. It is recommended that the processes followed by NSW Police for High Holy Days,
Calibri	11	involving the Major Events Group, the Counter-Terrorism and Special Tactics Command in
Calibri	11	consultation with CSG NSW and the Jewish Board of Deputies should apply for other major
Calibri	11	Jewish festivals and events. Sections of this chapter are contained in the confidential report.
Calibri	11	The whole of Chapter 5, which is concerned with Commonwealth and state intelligence and
Calibri	11	law enforcement agency activities in relation to the Bondi attack is contained in the
Calibri	11	confidential report. It should remain confidential until the finalisation of any criminal
Calibri	11	proceedings arising out of the Bondi attack. Thereafter a public version of the chapter
Calibri	11	should be released. At that time there is a public interest in as much of the chapter being
Calibri	11	made public as is consistent with the requirements of national security.
Calibri	11	Responsibility for counter-terrorism is shared between the Commonwealth and the states
Calibri	11	and territories. Chapter 6 details the history and development of Australia’s counter-
Calibri	11	terrorism architecture including the role of the ANZCTC (Term of Reference (c)(ii), (vi) and
Calibri	11	(viii)). Parts of Chapter 6 are contained in the confidential report.
Calibri	11	Information sharing between Commonwealth agencies, and between Commonwealth and
Calibri	11	state and territory agencies with responsibility for counter-terrorism (Term of
Calibri	11	Reference (c)(ii), (vi) and (viii)) is a critical issue, addressed in Chapter 7. While much of the
Calibri	11	chapter must remain confidential, it is noted that it contains a number of recommendations
Calibri	11	for improvement to systems and to existing information sharing arrangements. However, it
Calibri	9	12 Interim report: Royal Commission on Antisemitism and Social Cohesion
Calibri	11	is not suggested that had any recommended change been in place on 14 December 2025
Calibri	11	the Bondi attack might have been averted.
Calibri	11	Chapter 8 is concerned with the legislative frameworks governing counter-terrorism and
Calibri	11	information sharing between agencies (Term of Reference (c)(vii) and (viii)). As earlier
Calibri	11	noted, there is no suggestion that any urgent legislative reform is required to prevent,
Calibri	11	detect or respond to an attack like the Bondi attack. The chapter focuses on the proposals
Calibri	11	for firearms reform including possession, licensing, the National Gun Buyback Scheme, and
Calibri	11	the National Firearms Agreement.
Calibri	11	The priorities and the allocation of resources by the Australian Government and
Calibri	11	Commonwealth intelligence agencies with respect to counter-terrorism (Term of
Calibri	11	Reference (c)(vi), (viii) and (ix)) are discussed in Chapter 9. In particular, the focus is on
Calibri	11	priorities and resourcing following the Hamas attacks on Israel on 7 October 2023, and the
Calibri	11	increase in the National Terrorism Threat Level to ‘PROBABLE’ in August 2024. Of necessity,
Calibri	11	the bulk of this chapter is contained in the confidential report. Some issues arising from it
Calibri	11	will be further explored in hearings that, again, largely must be conducted in closed
Calibri	11	hearings.
Calibri	11	The priorities and resourcing of the AFP and the NSW Police with respect to
Calibri	11	counter-terrorism in the period following the Hamas attacks on Israel and after the increase
Calibri	11	in the National Terrorism Threat Level to ‘PROBABLE’ are discussed in Chapter 10 (Term of
Calibri	11	Reference (c)(vi), (viii) and (ix)). Parts of this chapter are contained in the confidential
Calibri	11	report. Some issues arising from the analysis in this chapter will also be further explored in
Calibri	11	hearings.
Calibri	8	Interim report: Royal Commission on Antisemitism and Social Cohesion 13
Calibri,Bold	21	Recommendations
Calibri,Bold	11	Recommendation 1 .......................................................................................................... 53
Calibri	11	The procedures adopted by NSW Police in respect of Operation Jewish High Holy Days
Calibri	11	should apply to other high risk Jewish festivals and events, particularly those that have a
Calibri	11	public facing element.
Calibri,Bold	11	Recommendation 2 .......................................................................................................... 63
Calibri	11	Having regard to the significance of the role of the Commonwealth Counter-Terrorism
Calibri	11	Coordinator in providing counter-terrorism leadership, the Commission recommends
Calibri	11	consideration be given to making the Counter-Terrorism Coordinator’s role full-time.
Calibri,Bold	11	Recommendation 3 .......................................................................................................... 65
Calibri	11	If the ANZCTC is to be used again as a crisis committee, the ANZCTC should be included in
Calibri	11	the Australian Government Crisis Management Framework so its role is clear.
Calibri,Bold	11	Recommendation 4 .......................................................................................................... 66
Calibri	11	The Counter-Terrorism Handbook should be updated promptly and then at least every
Calibri	11	three years in coordination with updates to the Counter-Terrorism Plan and the ANZCTC
Calibri	11	triennial review.
Calibri,Bold	11	Recommendation 5 .......................................................................................................... 66
Calibri	11	The ANZCTC should provide direct advice in the form of a written and/or oral briefing, at
Calibri	11	least annually, to National Cabinet (including, as appropriate, advice on ANZCTC activities,
Calibri	11	the use of the ANZCTC Special Fund, and national counter-terrorism challenges and
Calibri	11	priorities).
Calibri,Bold	11	Recommendation 6 .......................................................................................................... 70
Calibri	11	The ANZCTC should commission a review of the Joint Counter-Terrorism Teams, with a
Calibri	11	report to be submitted to Police Commissioners and the Director-General of Security within
Calibri	11	three months of commencement. The review should include consideration of leadership
Calibri	11	structures, team integration, systems access and information sharing arrangements. The
Calibri	11	review should place particular focus on the Joint Counter-Terrorism Team-NSW, elements of
Calibri	11	which should be for reporting specifically to the NSW Police Commissioner, the AFP
Calibri	11	Commissioner and the Director-General of Security.
Calibri,Bold	11	Recommendation 7 .......................................................................................................... 71
Calibri	11	The Australian Government should consider whether National Security Committee
Calibri	11	ministers, including the Prime Minister, should participate in a counter-terrorism exercise,
Calibri	11	along with all National Cabinet members, within nine months of each federal election.
Calibri,Bold	11	Recommendation 8 .......................................................................................................... 75
Calibri	11	This recommendation is contained in the confidential Interim Report.
Calibri	9	14 Interim report: Royal Commission on Antisemitism and Social Cohesion
Calibri,Bold	11	Recommendation 9 .......................................................................................................... 80
Calibri	11	This recommendation is contained in the confidential Interim Report.
Calibri,Bold	11	Recommendation 10 ........................................................................................................ 80
Calibri	11	This recommendation is contained in the confidential Interim Report.
Calibri,Bold	11	Recommendation 11 ........................................................................................................ 80
Calibri	11	This recommendation is contained in the confidential Interim Report.
Calibri,Bold	11	Recommendation 12 ........................................................................................................ 80
Calibri	11	This recommendation is contained in the confidential Interim Report.
Calibri,Bold	11	Recommendation 13 ........................................................................................................ 90
Calibri	11	The Commonwealth and states and territories should prioritise efforts to finalise and
Calibri	11	implement an updated and nationally consistent National Firearms Agreement.
Calibri,Bold	11	Recommendation 14 ........................................................................................................ 94
Calibri	11	The Commonwealth, states and territories should prioritise efforts to implement the
Calibri	11	proposed National Gun Buyback Scheme.
Calibri	8	Interim report: Royal Commission on Antisemitism and Social Cohesion 15
Calibri,Bold	21	Chapter 1. Threat environment in lead up to
Calibri,Bold	21	14 December 2025
Calibri	11	1.1. Paragraph (c) of the Terms of Reference requires an examination of the
Calibri	11	circumstances surrounding the attack on 14 December 2025, including the security
Calibri	11	arrangements on the day (Term of Reference (c)(iii)). The security arrangements on
Calibri	11	14 December 2025 are addressed in Chapter 2. An important part of the context for
Calibri	11	reviewing those arrangements is to understand how the Australian Security
Calibri	11	Intelligence Organisation (ASIO) had assessed the risk of a terror attack in the period
Calibri	11	leading up to 14 December 2025, as well as the threat posed specifically to the
Calibri	11	Jewish community in Australia.
Calibri	11	1.2. This chapter outlines ASIO’s process for issuing the National Terrorism Threat Level
Calibri	11	and threat assessments more generally; the threat assessments that were issued
Calibri	11	before and in 2024 and 2025; and the environment of heightened antisemitism in
Calibri	11	recent years.
Calibri,Bold	17	National Terrorism Threat Level
Calibri	11	1.3. The National Terrorism Threat Level is an assessment of the threat of domestic
Calibri	11	terrorism in Australia at any given point. After ASIO decides to change the National
Calibri	11	Terrorism Threat Level, and before this is announced, it typically consults with
Calibri	11	Commonwealth, state and territory partners.6 The National Terrorism Threat Level is
Calibri	11	published on ASIO’s website and is based on a scale of five levels:7
Calibri	11	• Certain—a terrorist attack is certain and the government has concerns that a
Calibri	11	terrorist attack will occur or is underway.
Calibri	11	• Expected—a terrorist attack is expected and the government has concerns of a
Calibri	11	specific threat.
Calibri	11	• Probable—a terrorist attack is probable and the government has concerns of a
Calibri	11	plausible threat.
Calibri	11	• Possible—a terrorist attack is possible and the government has concerns a threat
Calibri	11	may exist.
Calibri	11	• Not expected—a terrorist attack is not expected and the government has no
Calibri	11	specific concerns.
Calibri	9	6 Mike Burgess AM, Director-General of Security, (National Terrorism Threat Level, 5 August 2024)
Calibri	9	<https://www.asio.gov.au/national-terrorism-threat-level-2024>.
Calibri	9	7 Australian Government, ‘National Terrorism Threat Advisory System’
Calibri	9	<https://www.nationalsecurity.gov.au/national-threat-level/threat-advisory-system>.
Calibri	9	16 Interim report: Royal Commission on Antisemitism and Social Cohesion
Calibri	11	1.4. As explained further below, on 5 August 2024, the Prime Minister and Director-
Calibri	11	General of Security jointly announced that ASIO was raising the National Terrorism
Calibri	11	Threat Level from POSSIBLE to PROBABLE. That level was maintained throughout
Calibri	11	2025. ASIO has indicated publicly that a threat level of PROBABLE means that, in
Calibri	11	ASIO’s assessment, there is a greater than 50 per cent chance of an onshore attack
Calibri	11	or planning in the next 12 months.8
Calibri,Bold	17	Threat assessments
Calibri	11	1.5. ASIO may issue other kinds of threat assessments concerning threats to ‘security’ as
Calibri,Italic	11	defined in the Australian Security Intelligence Organisation Act 1979 (Cth) (ASIO Act).
Calibri	11	They can be narrow or broad in scope.
Calibri	11	1.6. ASIO hosts a subscriber-based Outreach service which is used to disseminate advice
Calibri	11	to government, industry and academia on current and emerging security threats.9
Calibri,Bold	17	Threat assessments and public statements 2022 – 2025
Calibri	11	1.7. On 28 November 2022, the Director-General of Security, Mike Burgess AM,
Calibri	11	announced that ‘ASIO is lowering Australia’s national terrorism threat level to
Calibri	11	POSSIBLE’.10 The Director-General gave reasons for the decision to lower the threat
Calibri	11	level. He said:11
Calibri	11	• ‘Perhaps most significantly, the threat from religiously motivated violent
Calibri	11	extremists has moderated.’
Calibri	11	• ‘The offshore networks, capabilities and allure of groups such as ISIL and al-Qa’ida
Calibri	11	have been degraded, with their support in Australia declining accordingly – but
Calibri	11	I stress: it’s dissipated, not disappeared.’
Calibri	11	• ‘Ideologically motivated violent extremism – particularly nationalist and racist
Calibri	11	violent extremism – remains a threat and its adherents will continue to engage in
Calibri	11	offensive behaviours.’
Calibri	11	• ‘…terrorism is both an enduring threat and an evolving threat…’.
Calibri	9	8 Mike Burgess AM, Director-General of Security (Press Conference, Parliament House, Canberra,
Calibri	9	5 August 2024) <https://www.pm.gov.au/media/press-conference-parliament-house-canberra-27>.
Calibri	9	9 ASIO, ‘Contact Outreach’ <https//www.asio.gov.au/contact-outreach>.
Calibri	9	10 Mike Burgess AM, Director-General of Security, ‘National Terrorism Threat Level’ (Speech,
Calibri	9	28 November 2022) <https://www.asio.gov.au/resources/speeches-and-statements/national-terrorism-threat-
Calibri	9	level>.
Calibri	9	11 Mike Burgess AM, Director-General of Security, ‘National Terrorism Threat Level’ (Speech,
Calibri	9	28 November 2022) <https://www.asio.gov.au/resources/speeches-and-statements/national-terrorism-threat-
Calibri	9	level>.
Calibri	8	Interim report: Royal Commission on Antisemitism and Social Cohesion 17
Calibri	11	1.8. On 7 October 2023, Hamas launched attacks across Israel, with over 1,200 lives lost
Calibri	11	and hostages taken, and which triggered an Israeli military offensive in Gaza. On
Calibri	11	9 October 2023, hundreds of people in Sydney joined a pro-Palestinian march from
Calibri	11	Sydney Town Hall to the Opera House chanting slogans which included ‘fuck the
Calibri	11	Jews’.
Calibri	11	1.9. On 12 October 2023, the Director-General of Security released a statement that the
Calibri	11	National Terrorism Threat Level remained ‘POSSIBLE’.12 In this statement the
Calibri	11	Director-General said:
Calibri	11	• ‘[T]he tragic events in the Middle East are resonating in the Australian
Calibri	11	community.’
Calibri	11	• He was ‘concerned about the potential for opportunistic violence with little or no
Calibri	11	warning’ but distinguished such violence from ‘planned violence of acts of
Calibri	11	terrorism’.
Calibri	11	• ‘[W]ords matter. ASIO has seen direct connections between inflamed language
Calibri	11	and inflamed community tensions.’
Calibri	11	1.10. On 28 February 2024, the Director-General of Security announced that the national
Calibri	11	terrorism threat level remained ‘POSSIBLE’. The Director-General said:13
Calibri	11	• ‘While the terrorism threat level is POSSIBLE, if we had a threat level for
Calibri	11	espionage and foreign interference it would be at CERTAIN – the highest level on
Calibri	11	the scale.’
Calibri	11	• ‘All this means there is a realistic possibility of a terrorist attack or attack planning
Calibri	11	in the next twelve months. POSSIBLE does not mean negligible. ASIO is currently
Calibri	11	investigating multiple individuals who have discussed conducting terrorism in
Calibri	11	Australia.’
Calibri	11	1.11. On 5 August 2024, the Director-General of Security announced that ‘[a]fter careful
Calibri	11	consideration and consultation, ASIO is raising Australia’s national terrorism threat
Calibri	11	level from POSSIBLE to PROBABLE’. The Director-General also stated:14
Calibri	11	• ‘Australia’s security environment is degrading. It is more volatile and more
Calibri	11	unpredictable. You have heard me say many times that espionage and foreign
Calibri	11	interference are our principal security concerns. ASIO’s intelligence suggests that
Calibri	11	is no longer accurate. … Politically motivated violence now joins espionage and
Calibri	11	foreign interference as our principal security concerns.’
Calibri	11	• ‘Threats are becoming hard to predict and identify. The drivers of radicalisation,
Calibri	11	grievance and extremism are growing and interacting in ways we have not seen
Calibri	9	12 Mike Burgess AM, Director-General of Security, ‘Statement on the Middle East’ (12 October 2023)
Calibri	9	<https://www.asio.gov.au/statement-middle-east>.
Calibri	9	13 Mike Burgess AM, Director-General of Security, ‘Director-General’s Annual Threat Assessment
Calibri	9	(28 February 2024) <https://www.asio.gov.au/director-generals-annual-threat-assessments-2024>.
Calibri	9	14 Mike Burgess AM, Director-General of Security (Press Conference, Parliament House, Canberra,
Calibri	9	5 August 2024) <https://www.pm.gov.au/media/press-conference-parliament-house-canberra-27>.
Calibri	9	18 Interim report: Royal Commission on Antisemitism and Social Cohesion
Calibri	11	before, creating a security climate that’s very different to the one that existed
Calibri	11	when we last raised the threat level. The challenge is exacerbated by the internet
Calibri	11	and social media, the primary platforms for radicalisation, and the use of
Calibri	11	encryption by every single one of our investigative subjects.’
Calibri	11	1.12. In addition to the public announcement of the increase in threat level, the
Calibri	11	information presently available to the Commission indicates that in the period after
Calibri	11	5 August 2024, ASIO officers engaged directly with state and territory law
Calibri	11	enforcement agencies in respect of the increased threat level, to brief them on the
Calibri	11	increase and explain the assessment.
Calibri	11	1.13. On 30 January 2025, the Director-General of Security issued a statement on the
Calibri	11	National Terrorism Threat Level.15 This included:
Calibri	11	• ‘ASIO is monitoring and, in conjunction with our law enforcement partners,
Calibri	11	investigating multiple anti-Semitic incidents in Australia.’
Calibri	11	• ‘We have seen a disturbing escalation in the targeting of Jewish interests, and a
Calibri	11	disturbing escalation in the severity and recklessness of the targeting, with
Calibri	11	general harassment and intimidation moving to the targeting of people and
Calibri	11	places.’
Calibri	11	• ‘These incidents are appalling, and particularly distressing for the Jewish
Calibri	11	community.’
Calibri	11	• ‘One of the key reasons we raised the threat level in August 2024 was because we
Calibri	11	anticipated spikes in politically motivated violence. Unfortunately, the security
Calibri	11	environment has evolved almost exactly as we expected.’
Calibri	11	• ‘The current terrorism threat level is the same as it was at the height of the
Calibri	11	Islamic State caliphate.’
Calibri	11	1.14. On 19 February 2025, the Director-General of Security gave his sixth Annual Threat
Calibri	11	Assessment address. His comments on that occasion included:16
Calibri	11	• ‘Australia has entered a period of strategic surprise and security fragility.’
Calibri	11	• ‘Over the next five years, a complex, challenging and changing security
Calibri	11	environment will become more dynamic, more diverse and more degraded.’
Calibri	11	• ‘Anti-Semitism festered in Australia before the tragic events in the Middle East,
Calibri	11	but the drawn-out conflict gave it oxygen – and gave some anti-Semites an
Calibri	11	excuse.’
Calibri	11	• ‘Jewish Australians were also increasingly conflated with the state of Israel,
Calibri	11	leading to an increase in anti-Semitic incidents.’
Calibri	9	15 Mike Burgess AM, Director-General of Security, ‘Director-General of Security: Statement on the National
Calibri	9	Terrorism Threat Level’ (30 January 2025) <https://www.asio.gov.au/director-general-security-statement-
Calibri	9	national-terrorism-threat-level>.
Calibri	9	16 Mike Burgess AM, Director-General of Security, ‘Director-General’s Annual Threat Assessment 2025
Calibri	9	(19 February 2025) <https://www.asio.gov.au/director-generals-annual-threat-assessement-2025>.
Calibri	8	Interim report: Royal Commission on Antisemitism and Social Cohesion 19
Calibri	11	• ‘The normalisation of violent protest and intimidating behaviour lowered the
Calibri	11	threshold for provocative and potentially violent acts. Narratives originally
Calibri	11	centered on “freeing Palestine” expanded to include incitements to “kill the
Calibri	11	Jews”. Threats transitioned from harassment and intimidation to specific
Calibri	11	targeting of Jewish communities, places of worship and prominent figures.’
Calibri	11	• ‘I am concerned these attacks have not yet plateaued.’
Calibri	11	1.15. On 26 August 2025, the Director-General of Security joined the Prime Minister, the
Calibri	11	Minister for Foreign Affairs, the Minister for Home Affairs and the Australian Federal
Calibri	11	Police Commissioner at a press conference at Parliament House, and attributed a
Calibri	11	number of antisemitic attacks to Iran. This was a significant and widely publicised
Calibri	11	announcement, and was followed by the expulsion of Iran’s ambassador to Australia.
Calibri	11	At the press conference, the Director-General issued a short statement on
Calibri	11	antisemitic attacks. He stated that:17
Calibri	9	For the past 10 months, antisemitism has been one of ASIO’s most pressing priorities, involving
Calibri	9	the full use of our capabilities and powers. We have investigated dozens of incidents targeting
Calibri	9	Jewish communities, places of worship, businesses, and prominent individuals. ASIO now
Calibri	9	assesses the Iranian Government directed at least two and likely more attacks on Jewish interests
Calibri	9	in Australia.
Calibri	11	1.16. ASIO prepared a ‘Holiday period 2025-26’ threat assessment in the following terms,
Calibri	11	for distribution to subscribers to the ASIO Outreach service:18
Calibri	9	The national terrorism threat level in Australia is at PROBABLE. The terrorism threat to crowded
Calibri	9	places and religious events over the 2025-26 holiday period reflects the national threat level. We
Calibri	9	have no credible information to indicate current attack planning or targeting of crowded places in
Calibri	9	Australia, including religious events, over this period. However, in the context of our current
Calibri	9	dynamic, diverse and degraded national security environment, attacks could emerge quickly with
Calibri	9	little to no warning, and would be difficult to detect.
Calibri	9	• Crowded places and events attracting large crowds are the most likely targets for a terrorist
Calibri	9	attack in Australia – with violent extremists using simple tactics and readily acquired
Calibri	9	weapons. Our greatest concern is the threat from lone actors or small cells on the edge of
Calibri	9	established groups – irrespective of motivation. We consider the concentration, or potential
Calibri	9	concentration, of people to be a key factor in determining the attractiveness of a crowded
Calibri	9	place to an attacker.
Calibri	9	• While the most likely tactic to target a crowded place remains the use of basic weapons, the
Calibri	9	use of more sophisticated tactics and emerging threats such as weaponised uncrewed
Calibri	9	aircraft systems or 3D-printed weapons is unlikely, but cannot be completely discounted.
Calibri	9	17 Mike Burgess, Director-General of Security (Press Conference, Parliament House, Canberra, 26 August 2025)
Calibri	9	<https://www.pm.gov.au/media/press-conference-parliament-house-canberra-38>.
Calibri	9	18 ASIO, ‘Planned portal advice_FoWs for portal subscribers on the holiday season TA’ (5 December 2025,
Calibri	9	A28158555).
Calibri	9	20 Interim report: Royal Commission on Antisemitism and Social Cohesion
Calibri	9	We have no credible information to indicate planned violent protest targeting crowded-places
Calibri	9	events – including those associated with religious events – over the holiday period. However, the
Calibri	9	protest landscape in Australia is unpredictable and reactive to global events – particularly in
Calibri	9	relation to developments in the ongoing Middle East conflict, which remains a key driver of
Calibri	9	violent protest activity. Should the ceasefire in the Israel-Hamas conflict break down over the
Calibri	9	2025-26 holiday period, protests are likely to be organised in response and could involve
Calibri	9	provocative, disruptive and violent tactics.
Calibri	11	1.17. It can be seen from the course of the Director-General of Security’s public
Calibri	11	statements from 5 August 2024 until late 2025 that ASIO publicly and repeatedly
Calibri	11	drew attention to the heightened risk of a terrorist attack and to an environment of
Calibri	11	‘disturbing escalation’ of antisemitic incidents. It will be necessary to investigate
Calibri	11	whether and how ASIO and other Commonwealth and state intelligence and law
Calibri	11	enforcement agencies understood and acted on those assessments of a probable
Calibri	11	attack; and to consider the adequacy of what was said to be ASIO’s ‘full use of our
Calibri	11	capabilities and powers’ in the context of ongoing antisemitic attacks. These are
Calibri	11	matters that will be explored in hearings. In some instances it may be necessary to
Calibri	11	take evidence in a closed hearing.
Calibri,Bold	17	Responses to antisemitism in the lead up to 14 December
Calibri,Bold	17	2025
Calibri	11	1.18. As Chanukah approached in December 2025, the NSW Jewish community had
Calibri	11	experienced an unprecedented increase in antisemitic incidents.
Calibri	11	1.19. The full scale of antisemitic incidents, both before and after 14 December 2025, will
Calibri	11	be the subject of further investigation by the Commission as part of paragraph (a) of
Calibri	11	the Terms of Reference. This section provides an outline of some of the law
Calibri	11	enforcement response to the rising incidents of antisemitism in the lead up to
Calibri	11	14 December 2025.
Calibri	11	1.20. Following the events on and after 7 October 2023, jurisdictions established police
Calibri	11	operations to ensure public safety in light of events in the Middle East. In NSW,
Calibri	11	Operation SHELTER was launched by the NSW Police in October 2023 after
Calibri	11	protestors set off flares and chanted antisemitic slogans at the Sydney Opera House
Calibri	11	on 9 October. The purpose of the operation was to protect public safety and
Calibri	11	community cohesion in light of the rise in antisemitic and Islamophobic incidents.19
Calibri	11	In Victoria, Victoria Police established Operation PARK to oversee operational
Calibri	9	19 The Hon Chris Minns MP, Premier of NSW, the Hon Yasmin Catley, Minister for Police and Counter-terrorism,
Calibri	9	the Hon Steve Kamper MP, Minister for Multiculturalism, ‘NSW Government Launches Permanent Rapid
Calibri	9	Response Unit (Media release, 25 February 2026) <https://www.nsw.gov.au/ministerial-releases/nsw-
Calibri	9	government-launches-permanent-rapid-response-unit>.
Calibri	8	Interim report: Royal Commission on Antisemitism and Social Cohesion 21
Calibri	11	activities related to the Israel-Gaza conflict, including to police protests and
Calibri	11	demonstrations.20
Calibri	11	1.21. The AFP established Operation LARIMAR in October 2023 to ensure public safety
Calibri	11	from politically-motivated violence connected to the conflict in the Middle East.21
Calibri	11	1.22. The Australian Government responded to the increase in antisemitic incidents by
Calibri	11	banning the public display of or trade in Nazi symbols and terrorist organisation
Calibri	11	symbols, and giving the Nazi salute in December 2023.22 Most state governments
Calibri	11	(NSW, Queensland, South Australia, Victoria and Western Australia) introduced or
Calibri	11	strengthened similar laws between 2022 and 2024.23
Calibri	11	1.23. Throughout 2024 and 2025, antisemitic incidents including both harassment and
Calibri	11	intimidation, and the physical targeting of Jewish communities, businesses, places of
Calibri	11	worship and prominent Jewish Australians were reported. Significant acts of arson
Calibri	11	and vandalism occurred in NSW and Victoria.24 The discovery in early 2025 of a
Calibri	11	caravan with explosives and antisemitic material in Dural, NSW, added to the
Calibri	11	concerns of the Jewish community. Police ultimately determined it was part of a
Calibri	11	fabricated terrorism plot.25 Again, these incidents will be further explored by the
Calibri	11	Commission pursuant to paragraph (a) of the Terms of Reference.
Calibri	11	1.24. The AFP and NSW Police responded to the heightened level of antisemitic incidents
Calibri	11	by establishing operations focused specifically on the safety and security of the
Calibri	11	Jewish community.
Calibri	11	1.25. On 9 December 2024, the AFP launched Special Operation AVALITE to investigate
Calibri	11	threats, violence and hatred towards the Australian Jewish community and
Calibri,Italic	9	20 Victoria Police, Victoria Police Annual Report 2023-2024 (October 2024) p 2
Calibri	9	<http://www.police.vic.gov.au/victoria-police-annual-report-2023-24-accessible.pdf>.
Calibri	9	21 Commissioner Reece Kershaw APM, ‘Senate Estimates Opening Statement’ (23 October 2023)
Calibri	9	<https://www.afp.gov.au/news-centre/speech/afp-commissioner-reece-kershaw-senate-estimates-opening-
Calibri	9	statement>.
Calibri,Italic	9	22 Counter-Terrorism Legislation Amendment (Prohibited Hate Symbols and Other Measures) Act 2023 (Cth);
Calibri	9	The Hon Mark Dreyfus KC MP, Attorney-General, ‘Nazi Salute and Hate Symbols Now Outlawed’ (Media
Calibri	9	release, 8 January 2024) <https://markdreyfus.com/media/media-releases/nazi-salute-and-hate-symbols-now-
Calibri	9	outlawed-mark-dreyfus-kc-mp>.
Calibri,Italic	9	23 Summary Offences Amendment (Nazi Symbol Prohibition) Act 2022 (Vic); Crimes Amendment (Prohibition on
Calibri,Italic	9	Display of Nazi Symbols) Act 2022 (NSW); Summary Offences (Nazi Salute and Symbols Prohibition)
Calibri,Italic	9	Amendment Act 2024 (SA); Criminal Code Amendment (Prohibition on Display of Nazi Symbols or Gesture) Act
Calibri,Italic	9	2024 (WA); Criminal Code (Prohibited Symbols) Regulation 2024 (Qld).
Calibri,Italic	9	24 Executive Council of Australian Jewry, ECAJ Report on Anti-Jewish Incidents in Australia 2025
Calibri	9	(3 December 2025) [ECA.0001.0001.0010].
Calibri	9	25 Deputy Commissioner Krissy Barrett APM, ‘Statement on Operation Kissinger’ (Media release,
Calibri	9	10 March 2025) <http://www.afp.gov.au/news-centre/media-statement/afp-deputy-commissioner-national-
Calibri	9	security-krissy-barrett-statement>.
Calibri	9	22 Interim report: Royal Commission on Antisemitism and Social Cohesion
Calibri	11	parliamentarians.26 The first charges under AVALITE were laid in Sydney on
Calibri	11	16 January 2025 for alleged death threats against members of a Jewish
Calibri	11	organisation.27 By January 2025, the AFP had received 166 reports of crime and was
Calibri	11	investigating 15 serious allegations under AVALITE.28
Calibri	11	1.26. In a media statement released by AFP Commissioner Reece Kershaw on
Calibri	11	21 January 2025, he stated that:29
Calibri	11	• ‘There is no doubt there is an escalation of antisemitism in Australia.’
Calibri	11	• ‘Antisemitism is a disease in our community, and it needs to be aggressively
Calibri	11	attacked because history shows what happens when action is not taken against
Calibri	11	those who fuel fear and terrorise others.’
Calibri	11	• ‘The AFP has established Special Operation Avalite to target high-harm
Calibri	11	antisemitism. AFP-led Operation Ardvarna is targeting the display of prohibited
Calibri	11	symbols – both operations have made arrests and more are expected soon.’
Calibri	11	1.27. In October 2025, the newly-appointed AFP Commissioner Krissy Barrett announced
Calibri	11	that she had established specialist AFP National Security Investigations (NSI) teams in
Calibri	11	Sydney, Melbourne and Canberra to address extremism, political violence, organised
Calibri	11	crime and foreign interference, and commented in an interview with the ABC that
Calibri	11	the creation of NSI units was central to how the AFP would adapt to a changing
Calibri	11	threat landscape.30
Calibri	11	1.28. By early 2025, NSW Police had established Strike Force PEARL to investigate
Calibri	11	antisemitic offences in Sydney, including vandalism and arson attacks.31
Calibri	11	1.29. As noted above, the Director-General of Security later announced that ASIO had
Calibri	11	investigated dozens of incidents targeting Jewish communities, places of worship,
Calibri	9	26 AFP, ‘AFP to lead Special Operation Avalite to investigate Anti-Semitism’ (Media release, 9 December 2024)
Calibri	9	<http://www.afp.gov.au/news-centre/media-release/afp-lead-special-operation-avalite-investigate-
Calibri	9	antisemitism>.
Calibri	9	27 AFP, ‘First charges laid in Sydney under Special Operation Avalite’ (Media release, 16 January 2025)
Calibri	9	<http://www.afp.gov.au/news-centre/media-release/first-charges-laid-sydney-under-special-operation-
Calibri	9	avalite>.
Calibri	9	28 Commissioner Reece Kershaw APM, ‘AFP Commissioner Reece Kershaw antisemitism statement’, (Media
Calibri	9	release, 21 January 2025) <https://www.afp.gov.au/news-centre/media-statement/afp-commissioner-reece-
Calibri	9	kershaw-antisemitism-statement>.
Calibri	9	29 Commissioner Reece Kershaw APM, ‘AFP Commissioner Reece Kershaw antisemitism statement’, (Media
Calibri	9	release, 21 January 2025) <https://www.afp.gov.au/news-centre/media-statement/afp-commissioner-reece-
Calibri	9	kershaw-antisemitism-statement>.
Calibri	9	30 Commissioner Krissy Barrett APM, ‘AFP launches National Security Investigations teams to target groups
Calibri	9	causing harm to social cohesion’ (Media release, 8 October 2025) < https://www.afp.gov.au/news-
Calibri	9	centre/media-release/afp-launches-national-security-investigations-teams-target-groups-causing>.
Calibri	9	31 The Hon Christopher Minns MP, Premier of NSW (‘Tougher laws against antisemitism and hatred in NSW,
Calibri	9	6 February 2025) <https://www.nsw.gov.au/ministerial-releases/tougher-laws-against-antisemitism-and-
Calibri	9	hatred-nsw>.
Calibri	8	Interim report: Royal Commission on Antisemitism and Social Cohesion 23
Calibri	11	businesses and prominent individuals in the 10 months to August 2025. At least two
Calibri	11	and likely more attacks on Jewish interests in Australia were assessed by ASIO to be
Calibri	11	Iranian government directed.32
Calibri	11	1.30. In summary, in the lead up to 14 December 2025:
Calibri	11	• the national terrorism threat level was ‘PROBABLE’
Calibri	11	• there had been a disturbing escalation in antisemitic incidents, such that
Calibri	11	antisemitism was said by ASIO to be one of ASIO’s most pressing priorities, and
Calibri	11	• government and law enforcement, recognising the threat to the Jewish
Calibri	11	community, had established a number of measures to address that threat.
Calibri	11	1.31. This summary provides important context for assessing the effectiveness of relevant
Calibri	11	agencies in the lead up to 14 December 2025, and the decisions made regarding
Calibri	11	security arrangements for that day.
Calibri	9	32 Mike Burgess AM, Director-General of Security (Press Conference, Parliament House, Canberra,
Calibri	9	26 August 2025) <https://www.pm.gov.au/media/press-conference-parliament-house-canberra-38>.
Calibri	9	24 Interim report: Royal Commission on Antisemitism and Social Cohesion
Calibri,Bold	21	Chapter 2. Security arrangements for Chanukah
Calibri,Bold	21	by the Sea
Calibri,Bold	17	Introduction
Calibri	11	2.1. In the context of the Bondi attack, subparagraph (c)(ii) of the Terms of Reference
Calibri	11	requires examination of the security arrangements for the Chanukah event and
Calibri	11	Bondi Beach on 14 December 2025.
Calibri	11	2.2. This chapter outlines the Jewish holiday of Chanukah and how it is typically
Calibri	11	celebrated with community events in public spaces. It outlines the arrangements for
Calibri	11	the Chanukah by the Sea event held at Bondi on 14 December 2025, including
Calibri	11	responsibilities of stakeholders and security arrangements for the day. The adequacy
Calibri	11	of these arrangements, and in particular the NSW Police Force’s (NSW Police)
Calibri	11	allocation of resources on the day, will be the subject of further exploration by the
Calibri	11	Commission.
Calibri	11	2.3. As explained in Chapter 1, as Chanukah approached in December 2025, the NSW
Calibri	11	Jewish community was experiencing high levels of vilification. In October 2023, law
Calibri	11	enforcement agencies responded to events in Australia following the Hamas terrorist
Calibri	11	attacks and Israel’s response by establishing operations focused on public safety.33
Calibri	11	By late December 2024, the Australian Federal Police (AFP) and NSW Police had
Calibri	11	established dedicated operations to investigate antisemitic incidents
Calibri	11	– Operation SHELTER for NSW Police (commenced in October 2023 and made
Calibri	11	permanent in February 2026)34 and Special Operation AVALITE for the AFP
Calibri	11	(commenced in December 2024).35 The Director-General of Security, in August 2025,
Calibri	11	had issued a statement which said that antisemitism had been one of the Australian
Calibri	11	Security Intelligence Organisation’s more pressing priorities, having referred earlier
Calibri	11	in the year to a ‘disturbing escalation’ of antisemitic incidents.
Calibri	9	33 Australian Federal Police, AFP Annual Report 2023-24 (October 2024) p 31
Calibri	9	<https://www.afp.gov.au/sites/default/files/2024-11/AFPAnnualReport2023-2024_1.pdf>; Media release,
Calibri	9	Premier of NSW, Minister for Multiculturalism and Minister for Police and Counter-terrorism,
Calibri	9	‘NSW Government launches permanent rapid response unit’ (25 February 2026)
Calibri	9	<https://www.nsw.gov.au/ministerial-released-nsw-government-launches-permanent-rapid-response-unit>.
Calibri	9	34 Media release, Premier of NSW, Minister for Multiculturalism and Minister for Police and Counter-terrorism,
Calibri	9	‘NSW Government launches permanent rapid response unit’ (25 February 2026)
Calibri	9	<https://www.nsw.gov.au/ministerial-released-nsw-government-launches-permanent-rapid-response-unit>.
Calibri	9	35 Media release, Australian Federal Police, ‘AFP to lead Special Operation Avalite to investigate anti-Semitism’
Calibri	9	(9 December 2024) <https://www.afp.gov.au/news-centre/media-release/afp-lead-special-operation-avalite-
Calibri	9	investigate-anti-semitism>.
Calibri	8	Interim report: Royal Commission on Antisemitism and Social Cohesion 25
Calibri	11	2.4. The organisers of Chanukah by the Sea notified the Community Security Group NSW
Calibri	11	(CSG NSW) of the 14 December 2025 event and that up to 1,000 attendees were
Calibri	11	expected. CSG NSW notified the event organiser that it would dedicate a security
Calibri	11	team to the event. It assessed that there was a heightened likelihood of violent
Calibri	11	and/or antisemitic incidents over the Chanukah period and it asked NSW Police to
Calibri	11	provide assistance with security for the event.
Calibri	11	2.5. The Eastern Suburbs Police Area Command (PAC) Operations Inspector asked the
Calibri	11	two Inspectors rostered on 14 December to attend the Chanukah by the Sea event,
Calibri	11	take a car crew or two and provide a high visibility policing presence, noting that
Calibri	11	there was no need to stay the entire duration.36
Calibri	11	2.6. NSW Police stated that three general duties officers and one supervisor attended the
Calibri	11	event and that the Commander of the Eastern Suburbs PAC attended the event at
Calibri	11	various times.
Calibri,Bold	17	Chanukah
Calibri,Italic	15	Chanukah and how it is celebrated
Calibri	11	2.7. Chanukah (also spelled Hanukkah) is a Jewish festival, also known as the ‘Festival of
Calibri	11	Lights’. The eight-day festival celebrates liberation from oppression and freedom of
Calibri	11	worship and religion.
Calibri	11	2.8. Chanukah commemorates the recapture of Jerusalem and the rededication of the
Calibri	11	Holy Temple by the Jewish Maccabees in 164 BCE. The traditional Chanukah story
Calibri	11	tells that, entering the Holy Temple to light the menorah after their victory, the
Calibri	11	Maccabees found enough pure oil to keep the temple menorah lit for one day.
Calibri	11	Despite this, the menorah burned for eight days, long enough to prepare new ritually
Calibri	11	pure oil.
Calibri	11	2.9. A key feature of Chanukah celebrations is the lighting of a menorah (also called a
Calibri	11	chanukiah) over eight nights. ‘Menorah’ is the Hebrew word for lamp. The Chanukah
Calibri	11	menorah holds nine candles – one for each night, plus the ‘shammash’ or helper
Calibri	11	candle used to light the other eight. Traditionally, a menorah is lit in Jewish
Calibri	11	households and placed in a doorway or window. The menorah is also lit in
Calibri	11	synagogues and other public places. Special blessings are recited, often to a melody,
Calibri	11	as the menorah is lit.
Calibri	9	36 NSW Police, ‘Emails’ p 39 [NSW_PF.001.001.1381].
Calibri	9	26 Interim report: Royal Commission on Antisemitism and Social Cohesion
Calibri	11	2.10. It is customary to celebrate the festival with Chanukah foods which are deep-fried in
Calibri	11	oil, such as donuts, to symbolise the oil from the menorah in the Holy Temple.
Calibri	11	2.11. Chanukah is somewhat different from some other festivals in the Jewish holiday
Calibri	11	calendar, in that it is often celebrated in public rather than in the synagogue.
Calibri,Italic	15	Chanukah celebrations in Australia
Calibri	11	2.12. Chanukah usually falls in December, early summer in Australia. It is celebrated in
Calibri	11	major cities with public menorah lightings and outdoor community events, often in
Calibri	11	parks, organised by Jewish organisations including Chabad centres and synagogues.
Calibri	11	2.13. Sydney and Melbourne host Australia’s largest Chanukah events, attracting, across
Calibri	11	them, thousands of attendees. Chanukah at the Racecourse is Melbourne’s largest
Calibri	11	public Chanukah celebration. The celebration attracted approximately 8,000 to
Calibri	11	10,000 people in 2025.
Calibri	11	2.14. Sydney typically hosts a series of smaller festivals in public parks throughout the
Calibri	11	8-day festival period. The larger events may feature entertainment, such as
Calibri	11	fireworks and rides, food stalls and the lighting of a giant menorah.
Calibri	11	2.15. Sydney was scheduled to host a range of family-friendly public cultural events over
Calibri	11	the 2025 Chanukah period of 14-21 December, at different times and places.
Calibri	11	Many of these were ticketed events, with local Jewish organisations making the
Calibri	11	arrangements to host the event in public spaces. Other events were to be held in
Calibri	11	synagogues or other buildings.
Calibri,Bold	17	Security Arrangements at Chanukah by the Sea 2025
Calibri,Italic	15	Background to Chanukah by the Sea
Calibri	11	2.16. The event organiser for Chanukah by the Sea was Chabad of Bondi. Chabad of Bondi
Calibri	11	runs a synagogue in the Sydney suburb of Bondi Beach. Many of its members are
Calibri	11	Jewish families who emigrated to Australia from the former Soviet Union. Chabad of
Calibri	11	Bondi is part of the global Chabad-Lubavich organisation and philosophy, which
Calibri	11	teaches Judaism through Chabad centres and synagogues around the world.
Calibri	11	2.17. The person responsible for initiating and overseeing the event was
Calibri	11	Rabbi Eli Schlanger OBM, who was killed in the Bondi attack. The person responsible
Calibri	11	for arranging the logistics of the event was Rabbi Yaakov Levitan OBM, the General
Calibri	11	Manager of Chabad of Bondi. He, too, was killed in the attack. Chabad of Bondi
Calibri	8	Interim report: Royal Commission on Antisemitism and Social Cohesion 27
Calibri	11	provided the Commission with an event schedule and copies of emails arranging the
Calibri	11	event. These show the plans for the evening, which included a petting zoo for
Calibri	11	children, a rock-climbing wall, and food stalls. At 7:00pm there were to be speeches
Calibri	11	and the lighting of the menorah, followed by dancing.37
Calibri	11	2.18. Chanukah by the Sea has been held at various locations along Bondi Beach over the
Calibri	11	years.38 Approximately 10 years ago the event relocated to Archer Park, where it has
Calibri	11	been held ever since. In 2021, crowd control fencing was introduced for the event as
Calibri	11	a public health measure during the COVID-19 pandemic. On the advice of CSG NSW,
Calibri	11	fencing has been maintained for subsequent years’ events as a security measure.39
Calibri	11	2.19. Admission to the 14 December 2025 event was free. The event flier stated that
Calibri	11	bookings were essential. A booking link was provided on the flier through the
Calibri	11	Chabad of Bondi website.40 Chabad of Bondi advertised the event, including through
Calibri	11	their Facebook and Instagram accounts.41
Calibri	11	2.20. The advertisement included a start time of 5:00pm, and the venue: ‘Bondi Beach
Calibri	11	Park, near the Children’s Playground’.
Calibri,Italic	15	Arrangements with Waverley Council
Calibri	11	2.21. Chabad of Bondi was responsible for obtaining approval from Waverley Council to
Calibri	11	host a public event of this size in Archer Park.42
Calibri	11	2.22. Chabad of Bondi submitted an event application to Waverley Council in May 2025.
Calibri	11	From November 2025, Chabad of Bondi liaised with Waverley Council about the
Calibri	11	setup for the event, including insurance cover, logistics for suppliers’ arrival and
Calibri	11	fencing.43 On 11 December, Waverley Council issued Chabad of Bondi the permit for
Calibri	11	the use of the event space.44 Waverley Council was informed that CSG NSW would
Calibri	11	be supporting the security at the event.45 Waverley Council provided at least one site
Calibri	9	37 Chabad of Bondi, Written Response to Notice C2026/0033 (16 March 2026) p 1 [CBD.8999.0001.0001].
Calibri	9	38 Chabad of Bondi, Written Response to Notice C2026/0033 (16 March 2026) p 1 [CBD.8999.0001.0001].
Calibri	9	39 Chabad of Bondi, Written Response to Notice C2026/0033 (16 March 2026) p 1 [CBD.8999.0001.0001].
Calibri	9	40 CSG NSW, ‘2025 Chanukah by the Sea – Protection Plan’ (21 January 2026) p 2 [NCS.0001.0001.0020].
Calibri	9	41 Chabad of Bondi, Written Response to Notice C2026/0033 (16 March 2026) p 1 [CBD.8999.0001.0001].
Calibri	9	42 CSG NSW, Written Response to Notice C2026/0017 (26 February 2026) p 10 [NCS.8999.0001.0004].
Calibri	9	43 Waverley Council, ‘Email chain re Chanukah at Bondi’ [WAV.0001.0015.0001]; Waverley Council, ‘Mud Map
Calibri	9	Chanukah 2025’ [WAV.0001.0022.0003].
Calibri	9	44 Waverley Council, ‘Email Chain re Chanukah by the Sea’ (11 December 2025) [WAV.0001.0019.0001];
Calibri	9	Waverley Council, ‘Waverley Council Permit – Use of Open Space Outdoor Event’ [WAV.0001.0001.0001].
Calibri	9	45 Waverley Council, ‘Email chain regarding Chanukah at Bondi’ (8 December 2025) [WAV.0001.0006.0001].
Calibri	9	28 Interim report: Royal Commission on Antisemitism and Social Cohesion
Calibri	11	supervisor for the event.46 It appears its site supervisor had a logistical role that did
Calibri	11	not involve providing security.
Calibri,Italic	15	Security arrangements involving CSG NSW
Calibri	13	Arrangements between CSG NSW and event organiser
Calibri	11	2.23. CSG NSW is a Jewish community security organisation. CSG NSW’s objects and
Calibri	11	relationship to intelligence and law enforcement agencies are discussed in
Calibri	11	Chapter 4. On 17 June 2025, CSG NSW notified local Jewish community groups by
Calibri	11	email of the need to submit an event notification form requesting event security in
Calibri	11	advance of scheduled events.47
Calibri	11	2.24. On 30 October 2025, CSG NSW emailed Jewish community organisations requesting
Calibri	11	that event notification forms for Chanukah events be submitted as early as possible
Calibri	11	to ensure CSG NSW could provide the most effective protection.48
Calibri	11	2.25. On 20 November 2025, Chabad of Bondi’s General Manager, alerted CSG NSW’s
Calibri	11	Security Operations Manager by phone to the planned Chanukah by the Sea event
Calibri	11	and was advised to submit the Event Notification Form to assist CSG NSW to plan
Calibri	11	security measures for the event.49 CSG NSW’s Security Operations Manager followed
Calibri	11	up the call with an email on 21 November. The Event Notification Form for Chanukah
Calibri	11	by the Sea was submitted to CSG NSW later that day.50 It stated that up to 1,000
Calibri	11	people were expected at the event.
Calibri	11	2.26. On 21 November 2025, CSG NSW event security advised Chabad of Bondi by email
Calibri	11	that, in light of current security risks facing the community, CSG NSW would dedicate
Calibri	11	a security team to the event.51 CSG NSW provided security advice to Chabad of Bondi
Calibri	11	based on the existing plan to hold the event at Archer Park.52
Calibri	9	46 Waverley Council, ‘Email chain regarding Chanukah at Bondi’ (8 December 2025) [WAV.0001.0006.0001];
Calibri	9	Waverley Council, ‘Waverley Council Tax Invoice #309398’ [WAV.0001.0003.0001].
Calibri	9	47 CSG NSW, ‘Email sent to all orgs – June 2025’ (16 June 2025) [NCS.0001.0001.0011].
Calibri	9	48 CSG NSW, ‘Email sent to orgs for Chanukah events – October 2025’ (30 October 2025)
Calibri	9	[NCS.0001.0001.0012].
Calibri	9	49 CSG NSW, ‘Correspondence with Event Organiser – 21.11.25’ (21 November 2025) [NCS.0001.0001.0004];
Calibri	9	CSG NSW ‘Call Log’ [NCS.0001.0001.0002].
Calibri	9	50 CSG NSW, ‘Correspondence with Event Organiser – 21.11.25’ (21 November 2025) [NCS.0001.0001.0004];
Calibri	9	see also ‘CSG Internal Form – Event’ [NCS.0001.0001.0008].
Calibri	9	51 CSG NSW, ‘Correspondence with Event Organiser – 21.11.2025 (2)’ (21 November 2025)
Calibri	9	[NCS.0001.0001.0005].
Calibri	9	52 CSG NSW, Written Response to Notice C2026/0017 (26 February 2026) p 10 [NCS.8999.0001.0004].
Calibri	8	Interim report: Royal Commission on Antisemitism and Social Cohesion 29
Calibri	11	2.27. In its 21 November correspondence, CSG NSW informed Chabad of Bondi of its
Calibri	11	planned operating procedures.53 CSG NSW also advised Chabad of Bondi that an
Calibri	11	experienced team leader responsible for organising the security of the event would
Calibri	11	be in contact to discuss arrangements and could provide security advice
Calibri	11	encompassing the entire event. CSG NSW advised it would contact and liaise with
Calibri	11	any police authorities and external contractors as necessary.54
Calibri	11	2.28. On 4 December, CSG NSW’s Event and Protection Coordinator emailed Chabad of
Calibri	11	Bondi to ask for further details of the event and to enquire about whether Chabad of
Calibri	11	Bondi had already organised temporary fencing.55 Chabad of Bondi responded the
Calibri	11	same day with information about the fencing provider for the 2024 event, asking if
Calibri	11	CSG NSW could assist with the arrangements; fencing was subsequently booked by
Calibri	11	Chabad of Bondi.56
Calibri	13	CSG NSW Protection Plan for Chanukah by the Sea 2025
Calibri	11	2.29. CSG NSW prepared a protection plan for the 2025 Chanukah by the Sea event, which
Calibri	11	included its security arrangements for the event.57 Similar plans had been prepared
Calibri	11	for the event in previous years, in each case responding to the then prevailing risk
Calibri	11	environment and event arrangements.
Calibri	11	2.30. CSG NSW’s Protection Plan for the 2025 event noted the National Terrorism Threat
Calibri	11	Level was ‘probable’. CSG’s own assessment of the threat level was stated as
Calibri	11	‘Heightened – Community on heightened alert’.58 CSG NSW passed on its threat
Calibri	11	assessment to NSW Police on 8 December 2025, characterising its threat rating as
Calibri	11	‘high’, and stating ‘a terrorist attack against the NSW Jewish community is likely and
Calibri	11	there is a high level of antisemitic vilification’.59
Calibri	11	2.31. The Protection Plan identified several key security weaknesses of the event, which
Calibri	11	included its location in a public place.
Calibri	9	53 CSG NSW, ‘Letter to Event Organiser (and CSG Letter (Security) Template) – 21.11.25’ (21 November 2025)
Calibri	9	p 1 [NCS.0001.0001.0018].
Calibri	9	54 CSG NSW, ‘Letter to Event Organiser (and CSG Letter (Security) Template) – 21.11.25’ (21 November 2025)
Calibri	9	p 1 [NCS.0001.0001.0018].
Calibri	9	55 CSG NSW, ‘Correspondence with Event Organiser – 04.12.25’ (4 December 2025) [NCS.0001.0001.0003].
Calibri	9	56 CSG NSW, ‘Correspondence with Event Organiser – 04.12.25’ (4 December 2025) [NCS.0001.0001.0003].
Calibri	9	57 CSG NSW, ‘2025 Chanukah by the Sea – Protection Plan’ (21 January 2026) p 2 [NCS.0001.0001.0020].
Calibri	9	58 CSG NSW, ‘2025 Chanukah by the Sea – Protection Plan’ (21 January 2026) p 8 [NCS.0001.0001.0020]
Calibri	9	NSW Police, ‘Email to NSW Police – 08.12.25, [NSW_PF.0001.0003.0247].
Calibri	9	59 CSG NSW, ‘Email to NSW Police – 08.12.25’ (8 December 2025) [NCS.0001.0001.0013]; NSW Police, ‘Email
Calibri	9	and attachment’ (8 December 2025) [NSW_PF.0001.0003.0244; NSW_PF.0001.0003.0245].
Calibri	9	30 Interim report: Royal Commission on Antisemitism and Social Cohesion
Calibri	11	2.32. CSG NSW identified, as the main strength of the venue, that the ‘event will be fenced
Calibri	11	off to control access/egress’.60 The temporary fencing arranged for the event
Calibri	11	encompassed the northernmost corner of Archer Park, between Campbell Parade
Calibri	11	and Queen Elizabeth Drive. This area was normally an unfenced, open space with a
Calibri	11	small number of mature trees and two covered seating areas.
Calibri	11	2.33. The Protection Plan contained a scatter graph assessing the threat and risk of attacks
Calibri	11	on, or interferences with, the event. This plotted the magnitude of the assessed
Calibri	11	threat and the associated assessed risk. It identified threats of different kinds.61
Calibri	11	2.34. The Protection Plan assigned a CSG NSW team to the event. The CSG NSW member
Calibri	11	overseeing access was to be stationed at the barrier with other CSG NSW
Calibri	11	members.62
Calibri	11	2.35. The Protection Plan did not make provision for armed CSG personnel. That is
Calibri	11	because NSW law does not permit CSG NSW personnel to carry firearms at events in
Calibri	11	public places.63
Calibri	13	CSG NSW protection at the Chanukah by the Sea event
Calibri	11	2.36. CSG NSW provided information on the number of personnel present at the
Calibri	11	Chanukah by the Sea event.64
Calibri	11	2.37. The team deployed to the event included trained and licensed CSG NSW security
Calibri	11	guards and CSG NSW volunteers.65
Calibri	11	2.38. A briefing was provided to the CSG NSW security team in advance of the event, with
Calibri	11	an overview of the event, timeline, personnel deployment, uniform, threat
Calibri	11	intelligence, physical security measures and weaknesses, possible causes of attack
Calibri	11	and operational orders.66
Calibri,Italic	15	Security arrangements involving NSW Police
Calibri	11	2.39. CSG NSW produces threat assessments for major Jewish festivals throughout the
Calibri	11	calendar year.
Calibri	9	60 CSG NSW, Written Response to Notice C2026/0017 (26 February 2026) p 11 [NCS.8999.0001.0004].
Calibri	9	61 CSG NSW, ‘2025 Chanukah by the Sea – Protection Plan’ (21 January 2026) p 16 [NCS.0001.0001.0020].
Calibri	9	62 CSG NSW, ‘2025 Chanukah by the Sea – Protection Plan’ (21 January 2026) p 22 [NCS.0001.0001.0020].
Calibri	9	63 CSG NSW, Written Response to Notice C2026/0017 (26 February 2026) p 11 [NCS.8999.0001.0004].
Calibri	9	64 CSG NSW, Written Response to Notice C02026/0017 (26 March 2026) p 12 [NCS.8999.0001.0005].
Calibri	9	65 CSG NSW, Written Response to Notice C02026/0017 (26 March 2026) p 12 [NCS.8999.0001.0005].
Calibri	9	66 CSG NSW, Written Response to Notice C02026/0017 (26 March 2026) p 12 [NCS.8999.0001.0005].
Calibri	8	Interim report: Royal Commission on Antisemitism and Social Cohesion 31
Calibri	11	2.40. On 28 November 2025, CSG NSW provided NSW Police with a ‘Jewish Festival
Calibri	11	Calendar Notification – Chanukah, 2025’, which contained its CSG Chanukah Threat
Calibri	11	Assessment and details of 14 events between 14 and 21 December across Sydney,
Calibri	11	including Chanukah by the Sea. The document was emailed to 13 NSW Police officers
Calibri	11	in various PACs, the Eastern Suburbs PAC Intelligence Unit, the Ku-Ring-Gai PAC
Calibri	11	Intelligence Unit, the Kings Cross PAC Intelligence Unit and the Inner West PAC
Calibri	11	Intelligence Unit.67
Calibri	11	2.41. On the same day, a senior intelligence analyst in the Eastern Suburbs PAC
Calibri	11	Intelligence Unit forwarded the email from CSG NSW to the Eastern Suburbs PAC
Calibri	11	Operations Unit email address.68
Calibri	11	2.42. The CSG NSW Chanukah threat assessment recorded under the heading ‘heightened
Calibri	11	risk’, that the likelihood of violent and/or antisemitic incidents was elevated due to
Calibri	11	the visibility of identifiably Jewish individuals in public spaces and the prominence of
Calibri	11	the festival. It stated that ‘CSG continues to record unprecedented volumes of
Calibri	11	antisemitic incidents, reinforcing that the threat environment remains heightened’.69
Calibri	11	2.43. In the part of the document listing the scheduled Chanukah events, CSG NSW sought
Calibri	11	‘assistance from NSW Police to ensure community safety’, and referred to the
Calibri	11	‘volatile and dynamic threat environment’.70
Calibri	11	2.44. In information provided to the Commission, NSW Police summarised how decisions
Calibri	11	were made about the allocation of police resources to Chanukah events scheduled
Calibri	11	to be held in Sydney on 14 December 2025. NSW Police said that decisions on event
Calibri	11	resource allocation were ‘informed by a risk assessment process’, taking into
Calibri	11	account a range of factors including relevant intelligence, the size of the event,
Calibri	11	dignitary attendance, the ‘type’ and ‘subject matter’ of the event, the likely
Calibri	11	attendees/participants at the event, the current crime/policing situation and the
Calibri	11	local physical environment.71 Where warranted, a comprehensive written risk
Calibri	11	assessment would be produced. Otherwise, the risk assessment process would be
Calibri	9	67 CSG NSW, ‘CSG Chanukah Threat Assessment 2025’ (28 November 2025) [NCS.0001.0001.0006]; CSG NSW,
Calibri	9	‘2025 Jewish Festival Calendar Notification’ [NCS.0001.0001.0007]; NSW Police, ‘CSG Chanukah Threat
Calibri	9	Assessment 2025’ (28 November 2025) [NSW_PF.0001.0003.0245].
Calibri	9	68 NSW Police, ‘Emails’ [NSW_PF.001.001.1381].
Calibri	9	69 CSG NSW, ‘CSG Chanukah Threat Assessment 2025’ [NCS.0001.0001.0007]; CSG NSW, ‘CSG Chanukah Threat
Calibri	9	Assessment 2025’ [NCS.0001.0001.0006]; NSW Police, ‘CSG Chanukah Threat Assessment 2025’
Calibri	9	(28 November 2025) [NSW_PF.0001.0003.0245].
Calibri	9	70 CSG NSW, ‘CSG Chanukah Threat Assessment 2025’ [NCS.0001.0001.0007]; NSW Police, ‘CSG Chanukah
Calibri	9	Threat Assessment 2025’ (28 November 2025) [NSW_PF.0001.0003.0245].
Calibri	9	71 NSW Police, Written Response to Summons to Produce 2026/0009 (4 March 2026) p 19
Calibri	9	[NSW_PF.8999.0001.0011].
Calibri	9	32 Interim report: Royal Commission on Antisemitism and Social Cohesion
Calibri	11	less formal.72 No written risk assessment for Chanukah by the Sea 2025 has been
Calibri	11	provided by NSW Police.
Calibri	11	2.45. On 8 December 2025, CSG NSW sent an email to NSW Police advising of
Calibri	11	13 upcoming Jewish communal events in the Eastern Suburbs PAC. The email was
Calibri	11	sent to email addresses associated with intelligence in Operation SHELTER and the
Calibri	11	Eastern Suburbs PAC.73
Calibri	11	2.46. The email commenced by requesting assistance with any policing measures that the
Calibri	11	Command may deem appropriate, and stated that the current Security Level Alert
Calibri	11	for the NSW Jewish community is ‘HIGH. A terrorist attack against the NSW Jewish
Calibri	11	Community is likely and there is a high level of antisemitic vilification’.74
Calibri	11	2.47. The email then listed the event details for the 13 events (including event name,
Calibri	11	location, anticipated attendees). It stated that the events were prioritised based on
Calibri	11	specific requirements.75
Calibri	11	2.48. The email went on to state that CSG NSW was ‘requesting deployment of resources
Calibri	11	for the entirety of the event’, including for Chanukah by the Sea. The differing
Calibri	11	requests were said to be ‘intended to support your operational planning and
Calibri	11	discretion’.76
Calibri	11	2.49. As noted, CSG NSW’s email of 8 December 2025 was sent to an email address
Calibri	11	associated with the Operation SHELTER Intelligence Unit.
Calibri	11	2.50. The Commission has not received information that Operation SHELTER was involved
Calibri	11	in the security arrangements for Chanukah by the Sea on 14 December 2025. The
Calibri	11	role of Operation SHELTER in this regard will be the subject of further exploration by
Calibri	11	the Commission.
Calibri	11	2.51. On the same day as the event notification email, CSG NSW’s Chief Operating Officer
Calibri	11	emailed the Inspector in the Eastern Suburbs PAC to seek a meeting or phone call to
Calibri	11	discuss the Chanukah events.77
Calibri	9	72 NSW PF, Written Response to Summons to Produce 2026/0027 (18 February 2026) p 27
Calibri	9	[NSW_PF.8999.0001.0010].
Calibri	9	73 CSG NSW, ‘Email to NSW Police – 08.12.25’ [NCS.0001.0001.0013]; NSW Police, ‘Email to NSW Police –
Calibri	9	08.12.25’ [NSW_PF.0001.0003.0247].
Calibri	9	74 CSG NSW, ‘Email to NSW Police – 08.12.25’ (8 December 2025) [NCS.0001.0001.0013]; NSW Police, ‘Email to
Calibri	9	NSW Police – 08.12.25’ [NSW_PF.0001.0003.0247]. Emphasis in the original.
Calibri	9	75 CSG NSW, ‘Email to NSW Police – 08.12.25’ [NCS.0001.0001.0013]; NSW Police, ‘Email to NSW Police –
Calibri	9	08.12.25’ [NSW_PF.0001.0003.0247].
Calibri	9	76 CSG NSW, ‘Email to NSW Police – 08.12.25 [NCS.0001.0001.0013]; NSW Police, ‘Email to NSW Police –
Calibri	9	08.12.25’ [NSW_PF.0001.0003.0247].
Calibri	9	77 NSW Police, ‘Coffee or Phone Call Catch Up’ [NSW_PF.0001.0003.0246].
Calibri	8	Interim report: Royal Commission on Antisemitism and Social Cohesion 33
Calibri	11	2.52. NSW Police stated that the Inspector spoke with CSG NSW’s Chief Operating Officer
Calibri	11	by telephone on 8 and 11 December 2025.78 NSW Police further stated that the
Calibri	11	Eastern Suburbs PAC ‘received no specific request for dedicated police resources for’
Calibri	11	Chanukah by the Sea or Chanukah in the Park. However, NSW Police acknowledges
Calibri	11	that there was a request for police presence at these events.79
Calibri	11	2.53. NSW Police stated that the event organiser was responsible for security for
Calibri	11	Chanukah by the Sea, and any police involvement was supplementary and focused
Calibri	11	on maintaining public order and community safety. Although it is possible for
Calibri	11	community event organisers to request an increased or visible policing presence at
Calibri	11	an event on a user-pays basis, there has been no evidence provided that this
Calibri	11	User Charges Policy was invoked for, or even applied to, Chanukah by the Sea.80
Calibri	11	2.54. CSG NSW stated that it was advised in a telephone call on 10 or 11 December, by an
Calibri	11	officer of NSW Police that NSW Police ‘could not provide static resources’ for
Calibri	11	Chanukah by the Sea, but that ‘Eastern Suburbs PAC would provide mobile patrols
Calibri	11	with taskings to check in and monitor the event’.81
Calibri	11	2.55. Any differences between the information provided by CSG NSW and by NSW Police
Calibri	11	with respect to their communication about security arrangements for Chanukah by
Calibri	11	the Sea cannot be resolved on the information presently available to the
Calibri	11	Commission. This will need to be the subject of further inquiry and evidence.
Calibri	11	2.56. Resourcing decisions for Chanukah by the Sea were made by the Operations
Calibri	11	Inspector at the Eastern Suburbs PAC, supported by the Commander who had overall
Calibri	11	responsibility for resource deployment within the Command.82
Calibri	11	2.57. NSW Police advised that the Operations Inspector and Commander had access to the
Calibri	11	CSG NSW Jewish Festival Calendar Notification, the email of 8 December from CSG
Calibri	11	NSW requesting ‘resources for the entirety’ of the Chanukah by the Sea event and an
Calibri	11	events schedule from Waverley Council.83 The Waverley Council Event Schedule
Calibri	9	78 NSW Police, Written Response to Summons to Produce 2026/0009 (4 March 2026) p 20 [89]
Calibri	9	[NSW_PF.8999.0001.0011].
Calibri	9	79 NSW Police Written Response Summons to Produce 2026/0027 (18 February 2026) pp 13 and 27
Calibri	9	[NSW_PF.8999.0001.0010].
Calibri	9	80 NSW Police, Written Response to Summons to Produce 2026/0027 (18 February 2026) p 5 and 31
Calibri	9	[NSW_PF.8999.0001.0010].
Calibri	9	81 CSG NSW, Written Response to Notice C2026/0017, (26 February 2026) p 1 [NCS.8999.0001.0004].
Calibri	9	82 NSW Police, Written Response to Summons to Produce 2026/0009 (4 March 2026) p 19
Calibri	9	[NSW_PF.8999.0001.0011].
Calibri	9	83 NSW Police, Written Response to Summons to Produce 2026/0009, (4 March 2026) p 19
Calibri	9	[NSW_PF.8999.0001.0011].
Calibri	9	34 Interim report: Royal Commission on Antisemitism and Social Cohesion
Calibri	11	listed five events on 14 December 2025. The two largest events were Chanukah in
Calibri	11	the Park and Chanukah by the Sea.84
Calibri	11	2.58. NSW Police stated that the Operations Inspector and Commander also drew on local
Calibri	11	knowledge, history of the event and broader context, including knowledge of local
Calibri	11	crime issues, recent incidents relating to antisemitic crime within the Command and
Calibri	11	State, and competing operational demands including other events or operations
Calibri	11	occurring within the Command.85
Calibri	11	2.59. On 10 December 2025, the Eastern Suburbs PAC Commander flagged in a weekly
Calibri	11	report to the Region Commander that ‘several Chanukah events across the
Calibri	11	Command…[are] all being managed by local taskings’ between 14 and 20 December
Calibri	11	2025.86
Calibri	13	2.60. NSW Police stated that Chanukah by the Sea and Chanukah in the Park
Calibri	11	(Dover Heights) were the only pre-planned events in the Eastern Suburbs PAC that
Calibri	11	requested a police presence on 14 December.87
Calibri	11	2.61. Also on 10 December 2025, the Commander tasked the Operations Inspector to
Calibri	11	produce a Briefing Note on the Chanukah events in both the Eastern Suburbs and
Calibri	11	Eastern Beaches PACs. The Briefing Note, titled ‘Jewish Festival of Chanukah –
Calibri	11	Eastern Suburbs and Eastern Beaches PACs’, listed 15 Jewish events over the
Calibri	11	eight-day period, and stated police attached to Eastern Suburbs and Eastern Beaches
Calibri	11	PACs would be ‘tasked accordingly to these events’.88 The Briefing Note also noted:89
Calibri	9	Key stakeholders including the Community Security Group (CSG), local councils and event
Calibri	9	organisers have been engaged by police, with both [Eastern Suburbs and Eastern Beaches] PACs
Calibri	9	providing support to ensure a safe and secure festival for the event and non-event community.
Calibri	9	CSG will deploy personnel to most events, with additional resources deployed to the major
Calibri	9	events as outlined.
Calibri	11	2.62. The Briefing Note identified Chanukah by the Sea, Chanukah by the Bay and
Calibri	11	Chanukah in the Park as major events and said ‘Eastern Suburbs PAC Commander,
Calibri	11	Command Inspector, and additional HVP [high visibility policing] teams will be in
Calibri	9	84 NSW Police, ‘Emails’ p 5 [NSW_PF.001.001.1381].
Calibri	9	85 NSW Police, Written Response to Summons to Produce 2026/0009 (4 March 2026) p 19
Calibri	9	[NSW_PF.8999.0001.0011].
Calibri	9	86 NSW Police, ‘RE: Weekly Report’ [NSW_PF.0001.0003.0243].
Calibri	9	87 NSW Police, Written Response to Summons to Produce 2026/0027 (18 February 2026) p 27
Calibri	9	[NSW_PF.8999.0001.0010].
Calibri	9	88 NSW Police, ‘Chanukah ES/EB PACs’ [NSW_PF.001.001.1381].
Calibri	9	89 NSW Police, ‘ESPAC Response – 1. Briefing Note – Chanukah Events ESPAC EBPAC’ p 1
Calibri	9	[NSW_PF.001.001.0226].
Calibri	8	Interim report: Royal Commission on Antisemitism and Social Cohesion 35
Calibri	11	attendance to provide oversight, maintain a strong visible presence, and ensure
Calibri	11	public safety’.90
Calibri	11	2.63. On 11 December 2025, the Eastern Suburbs PAC Commander provided the Briefing
Calibri	11	Note to the Central Metropolitan Region by email, as an addition to her weekly
Calibri	11	report.91
Calibri	11	2.64. Once the note was authorised by the Commander on 11 December, the Operations
Calibri	11	Inspector emailed the two Command Inspectors who would be on duty on
Calibri	11	14 December to ask that they attend Chanukah by the Sea and Chanukah in the Park.
Calibri	11	The email said: ‘please take a car crew or two with you and provide a HVP presence.
Calibri	11	No need to stay the entire duration, but your presence will ensure the community
Calibri	11	feel safe’.92 One of the Command Inspectors responded ‘Copy. Will do’.93
Calibri	11	2.65. It is unclear whether NSW Police resourcing for Chanukah by the Sea outlined in the
Calibri	11	Briefing Note had been settled at the time CSG NSW’s Chief Operating Officer spoke
Calibri	11	to the Eastern Suburbs Command Inspector on 11 December.
Calibri	11	2.66. The Eastern Suburbs PAC’s ‘Command Inspector Shift Report’ for 14 December,
Calibri	11	divided events requiring police attention into ‘monitoring’ or ‘tasking’. ‘Tasking’ is
Calibri	11	understood to mean the event was specifically included in the work of mobile
Calibri	11	patrols. Chanukah by the Sea and Chanukah in the Park were listed as requiring
Calibri	11	police ‘taskings’, and a third event, donut making at another communal building in
Calibri	11	Bondi, was listed as requiring ‘monitoring’.94
Calibri	11	2.67. Information provided by NSW Police is that three general duties officers and one
Calibri	11	supervisor were allocated to the Chanukah by the Sea event and that the Eastern
Calibri	11	Suburbs PAC Commander attended the event at ‘various times’.95
Calibri,Italic	15	CSG NSW and NSW Police support to other public Chanukah events
Calibri,Italic	15	on the evening of 14 December 2025
Calibri	11	2.68. There were two other significant Chanukah events in Sydney on the evening of
Calibri	11	14 December 2025, respectively organised by Dover Heights Shule (Chanukah in the
Calibri	9	90 NSW Police, ‘ESPAC Response – 1. Briefing Note – Chanukah Events ESPAC EBPAC’ p 1
Calibri	9	[NSW_PF.001.001.0226].
Calibri	9	91 NSW Police, ‘Chanukah ES/EB PACs’ [NSW_PF.001.001.1381]].
Calibri	9	92 NSW Police, ‘Emails’ p 39 [NSW_PF.001.001.1381].
Calibri	9	93 NSW Police, ‘Inspector Emails’ p 39 [NSW_PF.001.001.1381].
Calibri	9	94 NSW Police, ‘Collated CI Handover – 11122025 to 14122025’ p 29 [NSW_PF.001.001.1380].
Calibri	9	95 NSW Police, Written Response to Summons to Produce 2026/0027 (18 February 2026) p 13
Calibri	9	[NSW_PF.8999.0001.0010].
Calibri	9	36 Interim report: Royal Commission on Antisemitism and Social Cohesion
Calibri	11	Park) and Chabad North Shore (Chanukah on the Green). There was CSG NSW and
Calibri	11	NSW Police presence at these events.
Calibri	13	Chanukah in the Park
Calibri	11	2.69. Chanukah in the Park was held in the Eastern Suburbs PAC, scheduled from 5:30pm
Calibri	11	to 7:30pm, with 1,943 registered guests.
Calibri	11	2.70. CSG NSW provided security for Chanukah in the Park. The event organiser,
Calibri	11	Dover Heights Shule, supplemented CSG NSW guards with unarmed private security
Calibri	11	guards to protect the event.96
Calibri	11	2.71. Dover Heights Shule stated that NSW Police were present at its event but ‘exact
Calibri	11	numbers and frequency of their visits are not known’.97
Calibri	11	2.72. NSW Police stated that one Inspector and two General Duties officers were assigned
Calibri	11	to this event. The Eastern Suburbs PAC Commander also attended the event at some
Calibri	11	point.98
Calibri	13	Chanukah on the Green
Calibri	11	2.73. Chanukah on the Green, in the Ku-Ring-Gai PAC, was scheduled from 5.00pm to
Calibri	11	8:30pm with 1,776 registered guests.
Calibri	11	2.74. CSG NSW security was present on the day.99
Calibri	11	2.75. According to Chabad North Shore, CSG NSW was responsible for liaising with
Calibri	11	NSW Police and the organisers had no visibility of police involvement or
Calibri	11	attendance.100
Calibri	9	96 Dover Heights Shule, Written Response to Notice to Produce C2026/0030 (27 February 2026) p 2
Calibri	9	[DOV.8999.0001.0001].
Calibri	9	97 Dover Heights Shule, Written Response to Notice to Produce C2026/0030 (27 February 2026) p 1
Calibri	9	[DOV.8999.0001.0001].
Calibri	9	98 NSW Police, Written Response to Summons to Produce 2026/0027 (18 February 2026), pp 19-20
Calibri	9	[NSW_PF.8999.0001.0010].
Calibri	9	99 Chabad North Shore, Written Response to Notice to Produce C2026/0037 (13 March 2026) p 4
Calibri	9	[CNS.0001.0001.0001].
Calibri	9	100 Chabad North Shore, Written Response to Notice to Produce C2026/0037, (13 March 2026) p 6
Calibri	9	[CNS.0001.0001.0001].
Calibri	8	Interim report: Royal Commission on Antisemitism and Social Cohesion 37
Calibri	11	2.76. NSW Police stated that four high visibility police officers were tasked to attend
Calibri	11	Chanukah on the Green in addition to General Duties officers who were tasked to
Calibri	11	patrol.101
Calibri	9	101 NSW Police, Written Response to Summons to Produce 2026/0027 (18 February 2026), pp 19-20
Calibri	9	[NSW_PF.8999.0001.0010].
Calibri	9	38 Interim report: Royal Commission on Antisemitism and Social Cohesion
Calibri,Bold	21	Chapter 3. Emergency response
Calibri	11	3.1. Paragraph (c)(v) of the Royal Commission’s Terms of Reference requires examination
Calibri	11	of the emergency response to the attack on 14 December 2025. An understanding of
Calibri	11	that emergency response is also relevant to whether intelligence and law
Calibri	11	enforcement agencies performed to maximum effectiveness and whether any
Calibri	11	lessons can be identified for security and law enforcement agencies when
Calibri	11	responding to similar attacks in the future, for the purposes of paragraphs (c)(vi) and
Calibri	11	(ix) respectively. In this connection, the Terms of Reference are directed towards
Calibri	11	systemic issues and potential improvements of policy, process or procedure. In the
Calibri	11	discussion that follows, no criticism is intended of individuals who attended the
Calibri	11	scene to assist and render aid as first responders. Their bravery in the face of the
Calibri	11	attack can only be commended.
Calibri	11	3.2. This chapter first outlines the role of Commonwealth and state agencies and
Calibri	11	emergency services involved in responding to an attack and, secondly, describes the
Calibri	11	immediate actions of those agencies and services, and some community
Calibri	11	organisations, when responding to the attack at Bondi, so far as those actions can be
Calibri	11	discerned from the information provided to the Commission prior to finalisation of
Calibri	11	this Interim Report.
Calibri,Bold	17	Framework for emergency response by Commonwealth and
Calibri,Bold	17	state agencies
Calibri,Italic	15	National
Calibri	11	3.3. The Australian Government Crisis Management Framework, which was revised in
Calibri	11	September 2025, governs national crisis management arrangements.102 It recognises
Calibri	11	that states and territories are the ‘first responders to incidents that occur within
Calibri	11	their jurisdictions’.103 But, as the National Counter-Terrorism Plan developed by the
Calibri	11	Australia New Zealand Counter-Terrorism Committee (ANZCTC) emphasises, the
Calibri	11	Framework involves a coordinated response between governments, the private
Calibri	11	sector and the community, in light of the ‘[c]ross-sectoral consequences’ of
Calibri	11	terrorism.104 In the event of a terrorist attack, the states and territories are
Calibri,Italic	9	102 Department of the Prime Minister and Cabinet, Australian Government Crisis Management Framework
Calibri	9	(September 2025) p 5.
Calibri,Italic	9	103 Department of the Prime Minister and Cabinet, Australian Government Crisis Management Framework
Calibri	9	(September 2025) p 6.
Calibri	9	104 ANZCTC, National Counter-Terrorism Plan (5th ed, 2024), p 7 at [8]-[9].
Calibri	8	Interim report: Royal Commission on Antisemitism and Social Cohesion 39
Calibri	11	responsible for seeking assistance as required, and for consulting with the
Calibri	11	Australian Government on the need to declare a National Terrorist Situation.105
Calibri	11	3.4. The ANZCTC has developed and released Australia’s Strategy for Protecting Crowded
Calibri	11	Places from Terrorism and Active Armed Offender Guidelines for Crowded Places.106
Calibri	11	The Guidelines observe that the ‘dynamic and unpredictable nature of active armed
Calibri	11	offender incidents’ means that there is no single best practice for the owners and
Calibri	11	operators of crowded places to respond to an incident and that specialist police may
Calibri	11	be unable to respond to a scene immediately.107 There are also guidelines for
Calibri	11	improvised explosive devices in crowded places.108
Calibri,Italic	15	New South Wales
Calibri	11	3.5. A terrorist act constitutes an emergency which requires a significant and co-
Calibri,Italic	11	ordinated response under the State Emergency and Rescue Management Act 1989
Calibri	11	(NSW) (SERM Act). The State Emergency Management Plan is issued by the
Calibri	11	Minister for Emergency Services under s 12 of the SERM Act. Section 14 of the
Calibri	11	SERM Act creates a State Emergency Management Committee, membership of
Calibri	11	which includes the Commissioner of Police and the heads of the emergency services.
Calibri	11	This Committee developed the NSW Counter Terrorism Plan, the latest version of
Calibri	11	which was released in July 2025. The Plan was approved by NSW Police and is
Calibri	11	consistent with the National Counter-Terrorism Plan.109
Calibri	11	3.6. One of the goals of the NSW Counter Terrorism Plan is to ‘provide clarity for agencies
Calibri	11	with emergency management responsibilities regarding command and control
Calibri	11	arrangements specific to incidents of terrorism’.110 It emphasises that NSW Police
Calibri	11	has operational responsibility for responding to a terrorist attack and is the ‘Combat
Calibri	11	Agency’ for the purposes of the State Emergency Management Plan, although
Calibri	11	various other structures (such as an Emergency Operations Controller) can assist in
Calibri	11	coordinating other agencies. While the emergency management arrangements
Calibri	11	designate a lead agency as the Combat Agency responsible for responding to a
Calibri	11	particular threat, the arrangements are intended to reflect an all-agencies approach,
Calibri	11	recognising that ‘no one agency can address all the impacts of a particular hazard’
Calibri,Italic	9	105 ANZCTC, National Counter-Terrorism Plan (5th ed, 2024), p 11.
Calibri,Italic	9	106 ANZCTC, Australia’s Strategy for Protecting Crowded Places From Terrorism (2023); ANZCTC, Active Armed
Calibri,Italic	9	Offender Guidelines for Crowded Places (2023).
Calibri,Italic	9	107 ANZCTC, Active Armed Offender Guidelines for Crowded Places (2023) at pp 8-9.
Calibri,Italic	9	108 ANZCTC, Improvised Explosive Device (IEC) Guidelines for Crowded Places (2023).
Calibri	9	109 NSW State Emergency Management Committee, NSW Counter Terrorism Plan (July 2025) p 5 at [1.2].
Calibri	9	110 NSW State Emergency Management Committee, NSW Counter Terrorism Plan (July 2025) p 6 at [1.7].
Calibri	9	40 Interim report: Royal Commission on Antisemitism and Social Cohesion
Calibri	11	and also acknowledging that volunteers play critical roles, both formally and
Calibri	11	spontaneously, in emergency management.111
Calibri	11	3.7. The NSW Counter Terrorism Plan refers to both ‘a protracted incident, such as the
Calibri	11	2022 shootings in Wieambilla, Queensland’ and to ‘a rapidly evolving incident that is
Calibri	11	resolved in a short period, such as the 2024 incident at Christ The Good Shepherd,
Calibri	11	Wakeley’. The Plan addresses the arrangements that should be put in place for a
Calibri	11	protracted incident in some detail.112 The appropriate arrangements for a rapidly
Calibri	11	evolving incident are necessarily less detailed.
Calibri	11	3.8. NSW Police has its own Active Armed Offender Response Guidelines, which were
Calibri	11	most recently revised in February 2024. Those Guidelines acknowledge that:113
Calibri	9	First responders to an active armed offender incident will usually be required to act quickly and
Calibri	9	decisively. They may need to confront an active armed offender in a potentially high risk,
Calibri	9	uncontrolled and largely unpredictable environment to save lives. First responders to an active
Calibri	9	armed offender incident have a duty as a police officer to protect the public from injury or death
Calibri	9	and should be prepared to resolve the violence they encounter.
Calibri	9	First responders adopting this approach to an active armed offender incident cannot do so
Calibri	9	without regard for their safety or for that of those around them.
Calibri	11	3.9. In relation to ‘Response Strategy Considerations’, the Active Armed Offender
Calibri	11	Response Guidelines identify that the number of casualties is likely to be affected by
Calibri	11	factors including the ‘rapidity of response by appropriately equipped and trained
Calibri	11	police officers’ and the offender’s ability to move around freely.114
Calibri	11	3.10. NSW Police also provided the Royal Commission with a number of policy documents
Calibri	11	developed by the Counter Terrorism and Special Tactics Command within
Calibri	11	NSW Police to guide the response to a terrorist attack. The policies set out a tailored
Calibri	11	command structure, with particular policy, strategic, operational and tactical
Calibri	11	responsibilities for officers within that structure.115 They acknowledge that
Calibri	11	NSW Police may be required to perform many functions in the emergency response
Calibri	9	111 NSW Government, State Emergency Management Plan (December 2023) pp 8-9 at [120], [122] and [132]-
Calibri	9	[133].
Calibri	9	112 NSW State Emergency Management Committee, NSW Counter Terrorism Plan (July 2025) pp 20-21 at [5.2].
Calibri	9	113 NSW Police, Active Armed Offender Response Guidelines (February 2024) p 4 [NSW_PF.001.001.0624].
Calibri	9	114 NSW Police, Active Armed Offender Response Guidelines (February 2024) p 10 [NSW_PF.001.001.0624].
Calibri,Italic	9	115 NSW Police, Commissioner’s Executive Team Terrorism Handbook (December 2020)
Calibri	9	[NSW_PF.001.001.0633]; NSW Police, Police Commander’s Terrorism Handbook (March 2022)
Calibri	9	[NSW_PF.001.001.0635]; NSW Police, Police Forward Commander’s Terrorism Handbook (March 2022)
Calibri	9	[NSW_PF.001.001.0636].
Calibri	8	Interim report: Royal Commission on Antisemitism and Social Cohesion 41
Calibri	11	to a terrorist attack, including medical and welfare functions, family management
Calibri	11	and witness and information management.116
Calibri	11	3.11. The extent to which these policies were able to be implemented at Bondi on
Calibri	11	14 December 2025, their utility in guiding the emergency response and whether the
Calibri	11	policies are fit for purpose are matters of ongoing inquiry by the Commission.
Calibri	11	3.12. Within the Counter Terrorism and Special Tactics, the Public Order & Riot Squad
Calibri	11	(PORS) and the Tactical Operations Group, including the Tactical Operations Unit
Calibri	11	(TOU) and the Rescue and Bomb Disposal Unit (RBDU), are particularly relevant to
Calibri	11	any response to a terrorist attack.117 The PORS is staffed by full time officers who are
Calibri	11	trained to assist with large scale operations and high risk incidents, including to
Calibri	11	provide a rapid active armed offender response. The TOU and RBDU provide a
Calibri	11	specialist high risk response capability.
Calibri	11	3.13. Speaking generally, in response to a terrorist attack, NSW Police officers may
Calibri	11	exercise:
Calibri	11	• the general powers conferred by the Law Enforcement (Powers and
Calibri,Italic	11	Responsibilities) Act 2002 (NSW)
Calibri	11	• the conditional powers in the Terrorism (Police Powers) Act 2002 (NSW), such as
Calibri	11	additional stop and search powers, and
Calibri	11	• powers under the SERM Act, such as to take safety measures under s 61 if there
Calibri	11	are reasonable grounds for doing so for the purpose of protecting persons from
Calibri	11	injury or death, including closing streets, thoroughfares or footpaths to traffic or
Calibri	11	people.
Calibri	11	3.14. When responding to a terrorist attack, NSW Police is supported by other emergency
Calibri	11	services. In particular, NSW Ambulance is to provide a medical response by
Calibri	11	establishing a structured and coordinated command system, undertaking prioritised
Calibri	11	casualty management and providing out-of-hospital emergency care.118 In relation to
Calibri	11	terrorist attacks, Fire and Rescue NSW operates under the command of NSW Police
Calibri	11	and its role is to support NSW Police and other agencies.119 It is responsible for
Calibri	11	providing a staging area at an appropriate site, if required.120
Calibri,Italic	9	116 See NSW Police, Incident Reception Centres Standard Operating Procedures (February 2022)
Calibri	9	[NSW_PF.001.001.0632].
Calibri	9	117 NSW Police, Written Response to Summons NSW-STP 2026/0009 (4 March 2026) [6]
Calibri	9	[NSW_PF.8999.0001.0011].
Calibri	9	118 NSW Government, State Emergency Management Plan (December 2023) at p 95.
Calibri,Italic	9	119 Fire and Rescue NSW, Standard Operational Guideline check sheet 8.7 Terrorist incidents (April 2018)
Calibri	9	[FIR.0001.0003.0014]; Fire and Rescue NSW, Standard Operational Guideline 8.7 Terrorist incidents (April 2018)
Calibri	9	[FIR.0001.0003.0015].
Calibri	9	120 NSW State Emergency Management Committee, NSW Counter Terrorism Plan (July 2025) p 30.
Calibri	9	42 Interim report: Royal Commission on Antisemitism and Social Cohesion
Calibri,Bold	17	Emergency response to attack
Calibri	11	3.15. It is difficult to compile a precise and accurate timeline of events that unfolded
Calibri	11	rapidly on the evening of 14 December 2025. Time stamps variously recorded for
Calibri	11	events or conduct (for example, the time a call was placed or footage was captured)
Calibri	11	offer reference points that may vary within a margin of error that is significant to a
Calibri	11	timeline of this nature. Acknowledging these limitations, the following narrative of
Calibri	11	the actions of first responders and aspects of the wider emergency response can be
Calibri	11	drawn from documents provided to the Royal Commission prior to finalisation of this
Calibri	11	Interim Report.
Calibri	11	3.16. How the attack unfolded is the subject of ongoing investigation by JCTT-NSW. More
Calibri	11	information may yet come to light. In those circumstances, it is not possible to be
Calibri	11	definitive in any conclusion about those events.
Calibri,Italic	15	Response of NSW Police
Calibri	11	3.17. This section of the timeline sets out NSW Police’s response and in light of the
Calibri	11	pending criminal proceedings is contained in the confidential report. Following
Calibri	11	finalisation of any criminal proceedings arising from the attack, this section should
Calibri	11	be released publicly.
Calibri,Italic	15	Response of other emergency services and first responders
Calibri	11	3.18. At 6:43pm – about one minute after the shooting began – a new Inter-CAD
Calibri	11	Electronic Message Systems (ICEMS) was created by NSW Police notifying NSW
Calibri	11	Ambulance of the attack for proactive tasking. Fire and Rescue NSW and the
Calibri	11	Transport Management Centre, part of Transport for NSW, were added to the joint
Calibri	11	incident at 6:49pm.121 The ICEMS is a secure digital network that allows emergency
Calibri	11	services to share, request and transfer incident information between their separate
Calibri	11	CAD systems.122
Calibri	11	3.19. Surf Life Saving NSW (SLS) was added to a joint incident with NSW Police at
Calibri	11	7:19pm.123 SLS is an emergency services organisation for the purposes of the
Calibri	11	SERM Act. However, SLS has told the Royal Commission that it was unable to
Calibri	9	121 NSW Police, ‘Incident Log 733831-14122025 (Primary CAD)’ pp 12, 42 [NSW_PF.0001.0006.0139]; Fire and
Calibri	9	Rescue NSW, ‘Commissioner’s Note Bondi Terrorist Incident’ (9 February 2026) p 3 [FIR.0001.0002.0003].
Calibri	9	122 Written response of Steven Pearce, Chief Executive Officer of Surf Life Saving NSW (20 March 2026) p 7
Calibri	9	[SLS.8999.0001.0001].
Calibri	9	123 NSW Police, ‘Incident Log 734002-14122025 (Secondary CAD)’ p 122 [NSW_PF.001.001.0168].
Calibri	8	Interim report: Royal Commission on Antisemitism and Social Cohesion 43
Calibri	11	communicate with NSW Ambulance via ICEMS on 14 December 2025 because there
Calibri	11	is no agreement in place between them for that purpose.124
Calibri	11	3.20. Ambulances began to be assigned to attend the scene from 6:49pm. The first
Calibri	11	NSW Ambulance arrived 4 minutes later at 6:53pm.125 The CAD logs show that more
Calibri	11	vehicles continued to arrive every couple of minutes thereafter, with 23 vehicles
Calibri	11	having arrived by 7:15pm. The ICEMS log indicates that NSW Police sent various
Calibri	11	messages about where the assistance of NSW Ambulance was required.
Calibri	11	3.21. Deputy Commissioner of NSW Ambulance, Wayne McKenna, provided a statement
Calibri	11	to the Commission outlining the response of NSW Ambulance to the attack. He said
Calibri	11	that a total of 53 vehicles were recorded as responding to the attack, along with
Calibri	11	three rescue helicopters.126 Eleven vehicles attended the scene on more than one
Calibri	11	occasion.127 The personnel from NSW Ambulance who were involved in responding
Calibri	11	to the attack included 74 paramedics of differing clinical scope (for example,
Calibri	11	frontline paramedics, intensive care paramedics, special operations paramedics and
Calibri	11	critical care paramedics), nine aeromedical doctors and 10 commanders.128
Calibri	11	3.22. According to NSW Police records, a total of 55 patients were either transported or
Calibri	11	self-reported to a public hospital as a result of the attack.129
Calibri	11	3.23. A significant volume of emergency first aid was provided by community
Calibri	11	organisations and civilians in the aftermath of the attack. Notably this included
Calibri	11	lifeguards employed by Waverley Council and volunteer surf life savers, and
Calibri	11	responders associated with Community Health Support. It also included an
Calibri	11	Emergency Medical Response unit from Hatzolah, a volunteer emergency medical
Calibri	11	service within the Jewish community, which was present at Chanukah by the Sea.130
Calibri	11	Hatzolah has informed the Royal Commission that two of its volunteers were
Calibri	11	present, and a further four volunteers attended to provide medical aid after the
Calibri	11	attack.131
Calibri	9	124 Written Response of Steven Pearce, Chief Executive Officer of Surf Life Saving NSW (20 March 2026) pp 7-8
Calibri	9	[SLS.8999.0001.0001].
Calibri	9	125 NSW Ambulance, ‘Incident Detail Report’ (14 December 2025) [AMB.0001.0001.0001]; NSW Ambulance,
Calibri	9	Statement of Deputy Commissioner Wayne McKenna (25 March 2026) [21] [STAT.0001.0001.0003].
Calibri	9	126 NSW Ambulance, Statement of Deputy Commissioner Wayne McKenna (25 March 2026) [15]
Calibri	9	[STAT.0001.0001.0003].
Calibri	9	127 NSW Ambulance, Statement of Deputy Commissioner Wayne McKenna (25 March 2026) [21]
Calibri	9	[STAT.0001.0001.0003].
Calibri	9	128 NSW Ambulance, Statement of Deputy Commissioner Wayne McKenna (25 March 2026) [19]
Calibri	9	[STAT.0001.0001.0003].
Calibri	9	129 See also NSW Police, ‘Indigo Report Bondi Beach Shooting’ p 9 [NSW_PF.0001.0006.0021].
Calibri	9	130 See Waverley Council, ‘First Aid Plan for Chanukah by the Sea 2025’ [WAV.0001.0002.0001].
Calibri	9	131 Written response of Rabbi Mendy Litzman OAM, Founder and President, Chevra Hatzolah Sydney Inc,
Calibri	9	[CHE.8999.0001.0001].
Calibri	9	44 Interim report: Royal Commission on Antisemitism and Social Cohesion
Calibri	11	3.24. Fifteen lifeguards employed by Waverley Council provided first aid treatment. Only
Calibri	11	11 of them were on duty at the time.132 The lifeguards had various medical and
Calibri	11	first aid qualifications, including for resuscitation and pain management.133
Calibri	11	The medical equipment and supplies available to the lifeguards were drawn on in
Calibri	11	significant numbers. For example, five defibrillators (three of which were stored at
Calibri	11	Bondi Beach, one at Tamarama Beach and one at Bronte Beach) were used, as were
Calibri	11	1000 gauze swabs; 300 bandages; six tourniquets; 60 inhalers of emergency pain
Calibri	11	relief; and 40 oxygen masks (30 for adults and 10 for children).134
Calibri	11	3.25. Both North Bondi Surf Life Saving Club and Bondi Surf Bathers Life Saving Club were
Calibri	11	separately hosting end of year celebrations on 14 December 2025. In the event,
Calibri	11	there were 85 volunteer lifesavers present at Bondi. Without being tasked or
Calibri	11	requested, volunteer lifesavers assisted with evacuating, treating and triaging those
Calibri	11	caught in the attack. SLS has reported that they used seven defibrillators available
Calibri	11	across the two clubs; all available first aid supplies at both clubs; and 20 surf rescue
Calibri	11	boards as makeshift stretchers for the wounded.135
Calibri	11	3.26. Community Health Support (CHS) is a charitable organisation within the Jewish
Calibri	11	community that provides first aid and urgent medical assistance. Seventeen CHS
Calibri	11	members attended Bondi on the evening of 14 December 2025 comprising four
Calibri	11	doctors, one paramedic, one nurse and 11 emergency medical responders. The latter
Calibri	11	all had completed advanced first aid and resuscitation training.136 Another
Calibri	11	three persons in attendance at Chanukah by the Sea were associated with CHS, but
Calibri	11	not present in that capacity.137 The CHS responders had operational medical kits
Calibri	11	including tourniquets; defibrillator equipment; haemostatic dressings; vital signs
Calibri	11	monitoring equipment; and oxygen masks.138
Calibri	11	3.27. Beyond first aid, logistical support for the emergency response was provided by
Calibri	11	Fire and Rescue NSW and Transport for NSW. Following a request by
Calibri	11	NSW Ambulance, Fire and Rescue NSW were tasked to assist with lighting and to set
Calibri	11	up tents for the continued triage and medical aid being rendered at the scene, as
Calibri	11	well as for the collection of forensic evidence, and to establish a temporary
Calibri	11	morgue.139 The records of Fire and Rescue NSW show that it deployed 16 resources,
Calibri	9	132 Written Response of Waverley Council (20 March 2026) [1.1] [WAV.8999.0001.0001].
Calibri	9	133 Written Response of Waverley Council (20 March 2026) [2.1] [WAV.8999.0001.0001].
Calibri	9	134 Written Response of Waverley Council (20 March 2026) [4.1] [WAV.8999.0001.0001].
Calibri	9	135 Written response of Steven Pearce, Chief Executive Officer of Surf Life Saving NSW (20 March 2026) pp 5-6
Calibri	9	[SLS.8999.0001.0001].
Calibri	9	136 Written Response of Jesse Lenn, Executive Director CHS (17 March 2026) [3] [CHS.8999.0001.0001].
Calibri	9	137 Written Response of Jesse Lenn, Executive Director CHS (17 March 2026) [2] [CHS.8999.0001.0001].
Calibri	9	138 Written Response of Jesse Lenn, Executive Director CHS (17 March 2026) [5] [CHS.8999.0001.0001].
Calibri	9	139 NSW Police, ‘Indigo Report Bondi Beach Shooting’ p 2 [NSW_PF.0001.0006.0021]; Fire and Rescue NSW,
Calibri	9	‘Incident Report 252362-14122025’ pp 6-7, 9 [FIR.0001.0002.0002]; Fire and Rescue NSW, ‘Incident Report
Calibri	9	252194-141122025’ pp 9, 15 [FIR.0001.0002.0008].
Calibri	8	Interim report: Royal Commission on Antisemitism and Social Cohesion 45
Calibri	11	including seven officers.140 Transport for NSW supported the management of traffic,
Calibri	11	particularly buses, to assist the emergency response.141 The potential significance of
Calibri	11	this is readily apparent as the messages between emergency services refer to traffic
Calibri	11	‘gridlock’.142
Calibri,Bold	17	General crisis management
Calibri	11	3.28. According to information provided to the Royal Commission by the Department of
Calibri	11	Home Affairs (Home Affairs), the Counter-Terrorism Coordination Centre Duty
Calibri	11	Officer received a telephone call from the National Situation Room within the
Calibri	11	National Emergency Management Agency about the attack at Bondi at 7:10pm on
Calibri	11	14 December 2025. Following this, several national coordination and crisis responses
Calibri	11	were initiated.143
Calibri	11	3.29. At 7:36pm on 14 December 2025, the members of the Crisis Communications
Calibri	11	Executive Committee, including officials across the NSW Government, were alerted
Calibri	11	to the incident by NSW Police. By 11:20pm, a webpage had been set up in relation to
Calibri	11	the attack to provide information to the public.144
Calibri	11	3.30. At 8:20pm, a meeting of the NSW Community Resilience and Response Plan was
Calibri	11	convened. A further meeting was convened at 10:30pm.145
Calibri	11	3.31. The National Security Committee of Cabinet met on the evening of
Calibri	11	14 December 2025.146
Calibri	11	3.32. Neither a National Terrorist Situation nor a National Emergency was declared.
Calibri	11	3.33. National Cabinet also met on 15 December 2025, at which meeting the NSW Police
Calibri	11	Commissioner provided a briefing.147
Calibri	11	3.34. The national counter-terrorism architecture is discussed further in Chapter 6.
Calibri	9	140 See Fire and Rescue NSW, ‘Incident Report 252194-14122025’ [FIR.0001.0002.0012].
Calibri	9	141 Transport for NSW, ‘Bondi Beach Police Operation’ (15 December 2025) [TFN.0001.0001.0001]; Transport
Calibri	9	for NSW, ‘CMCS 364 14Dec2025’ (14 December 2025) p 3 [TFN.0001.0001.0002].
Calibri	9	142 See Fire and Rescue NSW, ‘Incident Report 252194-14122025’ p 6 [FIR.0001.0002.0012].
Calibri	9	143 Home Affairs, Written Response to Notice C-2026/0013 (24 February 2026) p 1 [DHA.9999.0008.0033].
Calibri	9	144 NSW Police, ‘FW: Initial reports of shooting at Bondi Beach’ (14 December 2025) pp 2, 6
Calibri	9	[NSW_PF.0001.0006.0838].
Calibri	9	145 NSW Police, ‘COMPLAN update’ (14 December 2025) p 3 [NSW_PF.0001.0006.0883].
Calibri	9	146 The Hon Anthony Albanese MP, Prime Minister, ‘Press conference – Canberra’ (14 December 2025)
Calibri	9	<https://www.pm.gov.au/media/press-conference-canberra-29>.
Calibri	9	147 The Hon Anthony Albanese MP, Prime Minister, ‘Meeting of National Cabinet’ (15 December 2025)
Calibri	9	<https://www.pm.gov.au/media/meeting-national-cabinet-8>.
Calibri	9	46 Interim report: Royal Commission on Antisemitism and Social Cohesion
Calibri,Bold	21	Chapter 4. Community Security Groups,
Calibri,Bold	21	intelligence and law enforcement agencies
Calibri	11	4.1. This chapter examines the role of Jewish Community Security Groups (CSGs) in
Calibri	11	Australia, particularly CSG New South Wales (CSG NSW), and their relationship with
Calibri	11	intelligence and law enforcement agencies, in the context of a marked increase in
Calibri	11	antisemitism in Australia following the 7 October 2023 Hamas terrorist attacks on
Calibri	11	Israel. The CSG relationship with intelligence agencies remains confidential.
Calibri,Bold	17	Jewish security organisations
Calibri	11	4.2. Globally, non-government organisations which provide security and protection to
Calibri	11	the Jewish community (Jewish security organisations) exist in countries with
Calibri	11	significant Jewish populations. These Jewish security organisations vary in structure,
Calibri	11	funding models and remit. Some Jewish security organisations operate nationally
Calibri	11	(the Community Security Trust in the UK and Service de Protection de la
Calibri	11	Communauté in France) while other countries have Jewish security organisations
Calibri	11	which operate regionally (such as the Community Security Initiative in New York).148
Calibri	11	These organisations are staffed by trained volunteers or professionals, or a mixture
Calibri	11	of both.
Calibri	11	4.3. Jewish security organisations undertake a range of activities to assist law
Calibri	11	enforcement to protect Jewish communities from antisemitic behaviour. This can
Calibri	11	include tracking threats to the community, sharing antisemitic incident data with the
Calibri	11	police, providing physical security at community events and Jewish institutions,
Calibri	11	producing physical security assessments, and community engagement and advocacy
Calibri	11	on antisemitism, extremism and security.149 Jewish security organisations can also
Calibri	11	serve as a point of contact for police to engage with the Jewish community.150
Calibri	9	148 Community Security Trust, ‘Police Partnership’ <https://cst.org.uk/about-cst>; Service de Protection de la
Calibri	9	Communauté, ‘What is the SPCJ?’ <https://www.spcj.org>; The Community Security Initiative, ‘The Community
Calibri	9	Security Initiative’ <https://csiny.org>.
Calibri	9	149 The Community Security Initiative, ‘The Community Security Initiative’ <https://csiny.org>; Community
Calibri	9	Security Trust, ‘Other Communities’ <https://cst.org.uk/about-cst/other-communities>; Anti-defamation
Calibri	9	League, ‘Who We Are’ < https://www.adl.org/who-we-are >.
Calibri	9	150 Community Security Trust, ‘Police Partnership’ <https://cst.org.uk/about-cst>.
Calibri	8	Interim report: Royal Commission on Antisemitism and Social Cohesion 47
Calibri,Bold	17	Community Security Groups—Australia’s Jewish security
Calibri,Bold	17	organisations
Calibri	11	4.4. Within Australia, CSGs are the primary Jewish security organisations that protect the
Calibri	11	Australian Jewish community.151 CSGs have been operating informally in Australia
Calibri	11	since the 1950s, when they were founded with the assistance of Julius Nadel, a
Calibri	11	Holocaust survivor.152
Calibri	11	4.5. There are four CSGs in Australia—CSG NSW and CSG Victoria (which are the largest
Calibri	11	CSGs in Australia), as well as CSG Western Australia and CSG Queensland. While
Calibri	11	these CSGs co-operate in some areas, such as security training, they operate as
Calibri	11	separate entities, with differences in their operation and management.
Calibri	11	4.6. Each CSG operates under the aegis of their respective state Jewish peak
Calibri	11	representative body (for example, the NSW Jewish Board of Deputies and the Jewish
Calibri	11	Community Council of Victoria). At the national level, CSGs operate through the
Calibri	11	National Council for Jewish Community Security, a committee of the Executive
Calibri	11	Council for Australian Jewry.
Calibri	11	4.7. CSGs in Australia rely predominantly on volunteers, in addition to some paid staff,
Calibri	11	and provide security and support services to the Jewish community.153
Calibri	11	4.8. CSGs can provide security advice, on-site security, threat monitoring for
Calibri	11	infrastructure, schools, aged care and community centres (such as CCTV), access
Calibri	11	control, community empowerment training, risk management, emergency response
Calibri	11	and antisemitic incident reporting.154 CSGs hold regular meetings with law
Calibri	11	enforcement and intelligence agencies, sharing antisemitic incident reporting, as
Calibri	11	well as their threat and risk assessments. CSG NSW’s engagement with law
Calibri	11	enforcement has focused on providing law enforcement with information about
Calibri	11	key events in the Jewish calendar and associated threats to security.155
Calibri	9	151 CSG NSW, ‘About us’ <https://www.csgnsw.org.au>.
Calibri	9	152 Gareth Narunsky, ‘A personification of history’, The Australian Jewish Times (online, 6 February 2020)
Calibri	9	<https://www.australianjewishnews.com/a-personification-of-history>.
Calibri	9	153 CSG NSW, ‘Our People’ <https://www.csgnsw.org.au>.
Calibri	9	154 CSG Victoria, ‘Security Services’ <https://www.csgvic.com.au/security>; CSG Victoria, ‘Constitution’
Calibri	9	(24 February 2022) pp 8-9 [VCS.001.001.0008_0009].
Calibri	9	155 CSG NSW, Written Response to Notice C-2026/0017 (26 February 2026) pp 10-11 at [30]
Calibri	9	[NCS.8999.0001.0004].
Calibri	9	48 Interim report: Royal Commission on Antisemitism and Social Cohesion
Calibri,Italic	15	CSG NSW’s operational model
Calibri	11	4.9. CSG NSW formally came into existence in around the late 1970s and early 1980s and
Calibri	11	was originally known as the Communal Security Group operating under the aegis of
Calibri	11	the NSW Jewish Board of Deputies (NSW JBD). For an extended period, CSG NSW did
Calibri	11	not have any paid employees and was an entirely volunteer-run organisation,
Calibri	11	although it had a security licence under the then-security licensing regime and its
Calibri	11	personnel were, for the most part, fully licensed. The first CSG NSW employees were
Calibri	11	on the payroll of NSW JDB.156
Calibri	11	4.10. Around 2000, CSG NSW was corporatised. The corporate entity is the master security
Calibri	11	licence holder under the Security Industry Act 1997 (NSW). The corporate entity also
Calibri	11	employs all CSG NSW staff.157
Calibri	11	4.11. CSG NSW’s stated purpose is to protect Jewish life and the Jewish way of life.
Calibri	11	Principally, this involves the deployment of security personnel to Jewish sites across
Calibri	11	NSW. Deployments primarily involve trained volunteers, supported by CSG NSW
Calibri	11	professional staff. This physical overlay is supported by technical security,
Calibri	11	intelligence capability and security consulting services.158
Calibri	11	4.12. CSG NSW currently employs several employees and is assisted by a number of
Calibri	11	volunteers. Various CSG NSW volunteers are licensed security guards.159
Calibri	11	4.13. CSG NSW relies on physical and technical security measures to protect synagogues
Calibri	11	and other communal buildings.
Calibri	11	4.14. Any Jewish communal organisation can request CSG NSW support when holding an
Calibri	11	event.160 Many Jewish sites (such as Jewish schools) employ third party security
Calibri	11	guards to provide security.161
Calibri	11	4.15. Since 7 October 2023, CSG NSW has encountered sustained demand for its services.
Calibri	9	156 CSG NSW, Written Response to Notice C-2026/0017 (16 March 2026) p 2 [NCS.8999.0001.0005].
Calibri	9	157 Community Security Group NSW, Written Response to Notice C-2026/0017 (16 March 2026) p 2
Calibri	9	[NCS.8999.0001.0005].
Calibri	9	158 CSG NSW, Written Response to Notice C-2026/0017 (16 March 2026) pp 2-4 [NCS.8999.0001.0005].
Calibri	9	159 CSG NSW, Written Response to Notice C-2026/0017 (16 March 2026) pp 3-4 [NCS.8999.0001.0005].
Calibri	9	160 CSG NSW, Written Response to Notice C-2026/0017 (26 February 2026) p 3 at [14] [NCS.8999.0001.0004].
Calibri	9	161 CSG NSW, Written Response to Notice C-2026/0017 (18 March 2026) p 4 at [9] [NCS.8999.0001.0005].
Calibri	8	Interim report: Royal Commission on Antisemitism and Social Cohesion 49
Calibri,Bold	17	CSGs engagement with intelligence agencies and law
Calibri,Bold	17	enforcement.
Calibri	11	4.16. CSGs engage with intelligence agencies, law enforcement and policy makers in
Calibri	11	providing protective security for Jewish interests, particularly in the face of rising
Calibri	11	antisemitism in Australia. A key activity of the CSGs is to monitor threats to the
Calibri	11	Jewish community, and provide information on these threats to government
Calibri	11	authorities.162
Calibri,Italic	15	Law enforcement engagement with CSG
Calibri	13	New South Wales Police Force and CSG NSW
Calibri	11	4.17. The NSW Police Force (NSW Police) has established formal and informal consultation
Calibri	11	and liaison arrangements with the Jewish community, including CSG NSW.163
Calibri	11	4.18. Prior to 7 October 2023, engagement between the NSW Police Commissioner’s
Calibri	11	Executive and CSG NSW was ad hoc and as needed. NSW Police from the Anti-
Calibri	11	Terrorism and Intelligence Group, including the Commander, met CSG NSW each
Calibri	11	quarter to discuss issues facing the Jewish community and any specific concerns.
Calibri	11	Engagement between NSW Police and CSG NSW occurred as necessary to share time
Calibri	11	sensitive information related to operational matters or investigations or to discuss
Calibri	11	specific incidents. NSW Police stated they encouraged CSG NSW to use email group
Calibri	11	addresses or to contact NSW Police members directly in relevant Commands, to
Calibri	11	ensure messages were received and actioned appropriately.164
Calibri	11	4.19. Since 7 October 2023, the increase in the occurrence and reporting of antisemitic
Calibri	11	incidents has led to a significant increase in contact between relevant NSW Police
Calibri	11	Commands and CSG NSW. NSW Police’s overall operational focus on Jewish safety
Calibri	11	and security has also significantly increased.165 This has included providing personal
Calibri	11	protection to senior members of the Jewish community who have faced threats.166
Calibri	9	162 CSG NSW, Written Response to Notice C-2026/0017 (16 March 2026) p 5 [NCS.8999.0001.0005].
Calibri	9	163 NSW Police, Written Response to Notice NSW-STP-2026/0009 (4 March 2026) p 15 at [62]
Calibri	9	[NSW_PF.8999.0001.0011].
Calibri	9	164 NSW Police, Written Response to Notice NSW-STP-2026/0009 (4 March 2026) p 15 at [62]
Calibri	9	[NSW_PF.8999.0001.0011].
Calibri	9	165 NSW Police, Written Response to Notice NSW-STP-2026/0009 (4 March 2026) p 17 at [65]
Calibri	9	[NSW_PF.8999.0001.0011].
Calibri	9	166 NSW Jewish Board of Deputies, Letter to the NSW Commissioner of Police (16 April 2025)
Calibri	9	[JBD.0001.0001.0010].
Calibri	9	50 Interim report: Royal Commission on Antisemitism and Social Cohesion
Calibri	11	4.20. On 11 October 2023, NSW Police established Operation SHELTER to coordinate the
Calibri	11	policing response to increased tensions and public activity related to events
Calibri	11	occurring in the Middle East and to ensure public safety.167 Under
Calibri	11	Operation SHELTER, NSW Police deliver high-visibility policing responses focused on
Calibri	11	community safety and the protection of locations and events involving the Jewish
Calibri	11	community.168 CSG NSW information and risk assessments have informed police
Calibri	11	taskings.169
Calibri,Bold	11	Eastern Suburbs Police Area Command
Calibri	11	4.21. Engagement between NSW Police and CSG NSW occurs across multiple Police Area
Calibri	11	Commands (PACs) reflecting the geographic spread of the Sydney Jewish community.
Calibri	11	These include Eastern Beaches PAC, Eastern Suburbs PAC, Brisbane Waters PAC,
Calibri	11	North Shore PAC, Ku-ring-gai PAC and Parramatta PAC.170
Calibri	11	4.22. As the NSW Police command with the highest proportion of Jewish community
Calibri	11	members in NSW, the Eastern Suburbs PAC regards its longstanding formal and
Calibri	11	informal consultation and liaison with CSG NSW as a high priority.171
Calibri	11	4.23. CSG NSW briefs incoming Probationary Constables in the Eastern Suburbs PAC to
Calibri	11	educate new officers about the threats facing the NSW Jewish community and how
Calibri	11	to police in an area with a high Jewish population. CSG NSW offers similar briefings
Calibri	11	to other Commands with significant Jewish populations.172
Calibri	11	4.24. The Eastern Suburbs PAC members, including the Command’s Crime Manager,
Calibri	11	regularly engage CSG NSW to discuss local crime issues and antisemitic incidents.
Calibri	11	CSG NSW provides the Eastern Suburbs PAC with regular updates about upcoming
Calibri	11	Jewish community events and intelligence and crime reporting.173
Calibri	9	167 NSW Police, Written Response to Notice NSW-STP-2026/0009 (4 March 2026) p 5 at [19]
Calibri	9	[NSW_PF.8999.0001.0011].
Calibri	9	168 NSW Police, Written Response to Notice NSW-STP-2026/0009 (4 March 2026) p 17 at [70a]
Calibri	9	[NSW_PF.8999.0001.0011].
Calibri	9	169 Commissioner Mal Lanyon APM (produced by the NSW Jewish Board of Deputies), Letter to the NSW Jewish
Calibri	9	Board of Deputies (3 March 2026) [JBD.0001.0001.0013].
Calibri	9	170 NSW Police, Written Response to Notice NSW-STP-2026/0009 (4 March 2026) p 16 at [64]
Calibri	9	[NSW_PF.8999.0001.0011].
Calibri	9	171 NSW Police, Written Response to Notice NSW-STP-2026/0009 (4 March 2026) p 16 at [63]
Calibri	9	[NSW_PF.8999.0001.0011].
Calibri	9	172 Community Security Group NSW, Written Response to Notice C-2026/0017 (26 February 2026) p 8 at [20]
Calibri	9	[NSC.8999.0001.0001].
Calibri	9	173 NSW Police, Written Response to Notice NSW-STP-2026/0009 (4 March 2026) p 16 at [65]
Calibri	9	[NSW_PF.8999.0001.0011].
Calibri	8	Interim report: Royal Commission on Antisemitism and Social Cohesion 51
Calibri,Bold	11	Sharing of CSG risk and threat assessments and requests for policing
Calibri	11	4.25. CSG NSW requirements for security support from PACs are informed by CSG’s risk
Calibri	11	assessment matrices, produced for Jewish community events.174 CSG NSW draws on
Calibri	11	a range of data to produce assessments, its own incident data, public statements by
Calibri	11	government agencies, commercial intelligence and open source reporting, and
Calibri	11	incident trends and analysis of threats to Jewish communities in overseas
Calibri	11	jurisdictions. CSG NSW produces assessments for all festivals including Purim,
Calibri	11	Passover, Shavuot, the High Holy Days (Rosh Hashanah, Yom Kippur, Sukkot and
Calibri	11	Shemini Atzeret), Chanukah and days of cultural significance including Holocaust
Calibri	11	Remembrance Day, Israel’s Independence Day and Israel’s Memorial Day.175 CSG
Calibri	11	NSW shares its risk and threat reporting with NSW Police.176
Calibri	11	4.26. CSG NSW may include a specific request for assistance from police in assessments
Calibri	11	provided to NSW Police in advance of an event. CSG NSW assessments are often
Calibri	11	emailed to a wide distribution list in NSW Police, with CSG NSW ensuring that PACs
Calibri	11	receive assessments relevant to their Command areas. Discussions between
Calibri	11	CSG NSW and NSW Police about CSG NSW’s assessments may occur depending on
Calibri	11	the nature of a particular event and severity of any identified risk.177
Calibri	11	4.27. CSG NSW’s assessments for the Jewish festivals of Passover, Shavuot and Chanukah
Calibri	11	in 2025 were structured along similar lines.178 They contained details of the date,
Calibri	11	event description and any identified risks and threats. The assessments concluded
Calibri	11	with a written request for NSW Police assistance. The assessments for these festivals
Calibri	11	were emailed to relevant Commands ahead of the festival dates.
Calibri	11	4.28. NSW Police stated that decision-making about resource allocation is informed by a
Calibri	11	risk assessment process. Factors taken into consideration include intelligence, the
Calibri	11	size of event, attendance of dignitaries, type and subject matter of the event, local
Calibri	11	physical environment and current crime and policing situation.179 CSG NSW’s
Calibri	11	assessments are taken into account as part of the process.180
Calibri	9	174 CSG NSW, Written Response to Notice C-2026/0017 (26 February 2026) p 9 at [21] [NSC.8999.0001.0001].
Calibri	9	175 CSG NSW, Written Response to Notice C-2026/0017 (26 February 2026) p 4 at [15] [NSC.8999.0001.0001].
Calibri	9	176 CSG NSW, [Confidential document] p 11 at [20] [NSC.0001.0003.0002_0011].
Calibri	9	177 CSG NSW, [Confidential document] p 7 at [18] [NSC.0001.0003.0002_0011].
Calibri	9	178 CSG NSW, ‘Jewish Festival Calendar Notification: Passover’ (April 2025) [NSC.0001.0001.0047]; CSG NSW,
Calibri	9	‘Jewish Festival Calendar Notification: Shavuot’) (June 2025) [NSC.0001.0001.0048]; CSG NSW, ‘Jewish Festival
Calibri	9	Calendar Notification: Chanukah’ (28 November 2025) [NSC.0001.0001.0046].
Calibri	9	179 NSW Police, Written Response to Notice NSW-STP-2026/0009 (4 March 2026) p 19 at [85]
Calibri	9	[NSW_PF.8999.0001.0011].
Calibri	9	180 Commissioner Mal Lanyon APM (produced by the NSW Jewish Board of Deputies), Letter to the NSW Jewish
Calibri	9	Board of Deputies (3 March 2026) [JBD.0001.0001.0013].
Calibri	9	52 Interim report: Royal Commission on Antisemitism and Social Cohesion
Calibri,Bold	11	Jewish High Holy Days
Calibri	11	4.29. The CSG NSW assessment for the High Holy Day period includes a priority rating for
Calibri	11	security support for a list of synagogues in NSW, and for other sites which are
Calibri	11	considered to be at risk, given the nature of the holidays.181
Calibri	11	4.30. NSW Police conduct Operation Jewish High Holy Days for this 24-day period. The
Calibri	11	annual Operation is planned by the Major Events Group in consultation with
Calibri	11	CSG NSW and the Jewish Board of Deputies together with the involvement of the
Calibri	11	CTST command. The current Eastern Suburbs PAC Commander has been the
Calibri	11	Commander of the Operation for the past four years.182
Calibri	11	4.31. In addition to producing an assessment ahead of the High Holy Days, CSG NSW
Calibri	11	attends a security briefing with NSW Police, typically including the Commander, an
Calibri	11	Assistant or Deputy Commissioner, a Forward Commander and a member of the
Calibri	11	Terrorism and Security Unit.183
Calibri,Bold	12	Recommendation 1
Calibri	11	The procedures adopted by NSW Police in respect of Operation Jewish High Holy Days
Calibri	11	should apply to other high risk Jewish festivals and events, particularly those that have a
Calibri	11	public facing element.
Calibri,Bold	11	Other CSG NSW materials to support policing
Calibri	11	4.32. CSG NSW also shares assessments with NSW Police for events which warrant
Calibri	11	NSW Police’s awareness but do not require specific NSW Police support.
Calibri	11	4.33. CSG NSW also produces analytical reports, which it provides to NSW Police. This
Calibri	11	includes its annual analysis of reported antisemitic incidents in Australia.184
Calibri	13	The Australian Federal Police and the CSG
Calibri	11	4.34. The Executive Council of Australian Jewry and National Council for Jewish
Calibri	11	Community Security are the main points of contact in the relationship between CSGs
Calibri	11	and the Australian Federal Police (AFP). The AFP Executive engaged with the
Calibri	9	181 CSG NSW (produced by NSW Police), ‘Jewish High Holy Days 2025 for the NSW Police Operation’ (2025) p 8
Calibri	9	[NSW_PF.001.001.0171].
Calibri	9	182 NSW Police, Written Response to Notice NSW-STP-2026/0009 (4 March 2026) p 16 at [65]
Calibri	9	[NSW_PF.8999.0001.0011].
Calibri	9	183 CSG NSW, Written Response to Notice C-2026/0017 (26 February 2026) p 8 at [20a] [NSC.8999.0001.0001].
Calibri,Italic	9	184 CSG NSW, A CSG Analysis of Reported Antisemitic Incidents in Australia in 2023 (2024) p 7
Calibri	9	[NCS.0001.0001.0051].
Calibri	8	Interim report: Royal Commission on Antisemitism and Social Cohesion 53
Calibri	11	Executive Council and the National Council in 2024 and 2025 to discuss antisemitism,
Calibri	11	threats to senior Jewish figures, Special Operation AVALITE, and the January 2025
Calibri	11	Dural caravan incident.185
Calibri	11	4.35. The AFP received 110 reports from the Executive Council in relation to criminal
Calibri	11	conduct targeting Australia’s Jewish community over the period 2023-25.186
Calibri	11	4.36. Formal engagement between the AFP and the CSGs occurs mainly through AFP
Calibri	11	Protection Operations, such as Close Personal Protection and Security Protection
Calibri	11	Diplomatic Liaison, relating to events where Australian high office holders or foreign
Calibri	11	diplomats and consular officers will be in attendance.187
Calibri	11	4.37. AFP Community Liaison Teams engage Jewish communities and community leaders
Calibri	11	to identify safety concerns and assess community sentiment.
Calibri,Bold	17	Conclusion
Calibri	11	4.38. It is evident that substantial engagement occurs between CSGs and
Calibri	11	law enforcement. There may be scope for exploring different modes of collaboration
Calibri	11	between all parties. For example, there may be benefit in NSW Police, and the AFP
Calibri	11	meeting together regularly with CSG NSW at the operational level, to discuss the
Calibri	11	threat environment faced by Jewish Australians, planning for upcoming events and
Calibri	11	receiving CSG assessments and threat information.
Calibri	9	185 Executive Council of Australian Jewry, Written Response to Notice C-2026/0018 (27 February 2026) p 4
Calibri	9	[ECA.0001.0001.0029].
Calibri	9	186 AFP, Written Response to Notice C-2026/0012 (6 March 2026) p 3 at [13] [AFP.9999.0011.0001].
Calibri	9	187 AFP, Written Response to Notice C2026/0002 (9 February 2026) p 4 at [27] [AFP.9999.0002.0001].
Calibri	9	54 Interim report: Royal Commission on Antisemitism and Social Cohesion
Calibri,Bold	21	Chapter 5. Confidential
Calibri	11	5.1. This chapter is confidential.
Calibri	8	Interim report: Royal Commission on Antisemitism and Social Cohesion 55
Calibri,Bold	21	Chapter 6. Commonwealth and national
Calibri,Bold	21	counter-terrorism architecture
Calibri,Bold	17	Introduction
Calibri	11	6.1. This chapter considers the architecture of governmental structures, agencies and
Calibri	11	groups responsible for counter-terrorism in Australia.
Calibri,Bold	17	Changes to counter-terrorism architecture since 2014
Calibri	11	6.2. This section addresses the changes made to Australia’s counter-terrorism
Calibri	11	architecture since 2014.
Calibri	11	6.3. In the four decades prior to 2014, Australia’s counter-terrorism structures evolved
Calibri	11	and grew significantly following: the Royal Commissions on Intelligence and Security
Calibri	11	(the first Commission commencing in 1974, the second in 1984); the 11 September
Calibri	11	2001 attacks in the United States; and the bombings in Bali in 2002 and 2005.188
Calibri	11	6.4. In September 2014, for the first time, Australia’s National Terrorism Public Alert
Calibri	11	Level was raised to ‘High’. The global influence of terrorist groups, particularly the
Calibri	11	Islamic State of Iraq and the Levant (ISIL), resulted in there being ‘a higher risk of
Calibri	11	[terrorist] attacks by individuals or small groups than ever before’.189
Calibri	11	6.5. On 15 December 2014, Man Monis, a religious activist who identified as an Islamic
Calibri	11	State operative, took hostages at gun point in the Lindt Café in Martin Place,
Calibri	11	Sydney.190 Two hostages and Monis were killed in the course of this terrorist
Calibri	11	incident. It was one of the factors that led to the 2015 Review of Australia’s Counter-
Calibri	11	Terrorism Machinery (2015 Review).
Calibri	9	188 For a full account of the historical development of Australia’s counter-terrorism architecture, see Dennis
Calibri,Italic	9	Richardson, Comprehensive Review of the Legal Framework of the National Intelligence Community. Volume 1
Calibri,Italic	9	– Recommendations and Executive Summary; Foundations and Principles; Control, Coordination and
Calibri	9	Cooperation (Report, December 2019).
Calibri	9	189 Council of Australian Governments, ‘Australia’s Counter-Terrorism Strategy – Strengthening Our Resilience’,
Calibri	9	Commonwealth of Australia, (2015) <http://www.nationalsecurity.gov.au/what-australia-is-doing-
Calibri	9	subsite/Files/australias-counter-terrorism-strategy-2015.pdf>.
Calibri,Italic	9	190 State Coroner of New South Wales, Inquest into the deaths arising from the Lindt Café siege (Coroner’s
Calibri	9	Report, May 2017) p 3.
Calibri	9	56 Interim report: Royal Commission on Antisemitism and Social Cohesion
Calibri,Italic	15	2015 Counter-Terrorism Machinery Review
Calibri	11	6.6. The 2015 Review found that the threat of terrorism in Australia was rising and it was
Calibri	11	harder to combat.191 It found the Commonwealth had strong, well-coordinated
Calibri	11	counter-terrorism arrangements but that more needed to be done to strengthen
Calibri	11	cross-agency coordination and leadership.192 The 2015 Review also found:
Calibri	11	• ‘Existing coordination mechanisms should be strengthened to ensure that all
Calibri	11	agencies are working in the closest possible harmony at the strategic
Calibri	11	decision-making and operational levels’.
Calibri	11	• The ANZCTC is the ‘most appropriate’ body to ensure national coordination.193
Calibri	11	• Commonwealth arrangements must ‘dovetail seamlessly with state and territory
Calibri	11	approaches’ given states and territories are partly responsible for the exercise of
Calibri	11	national counter-terrorism capabilities.194
Calibri	11	6.7. The 2015 Review recommended a ‘national’ Counter-Terrorism Coordinator be
Calibri	11	appointed to coordinate counter-terrorism efforts,195 to lead a small and agile
Calibri	11	coordinating body and to be the ‘single authoritative point of contact and
Calibri	11	accountability’.196
Calibri	11	6.8. The Commonwealth Counter-Terrorism Coordinator (CT Coordinator) position was
Calibri	11	established within the Department of the Prime Minister and Cabinet (PM&C) in
Calibri	11	2015. The Centre for Counter Terrorism Coordination (CCTC) was established under
Calibri	11	the CT Coordinator with teams in PM&C and the Australian Security Intelligence
Calibri	11	Organisation (ASIO) for policy and operational coordination.197
Calibri	11	6.9. Australia’s new Counter-Terrorism Strategy was published in 2015. It focused on the
Calibri	11	threat of violent extremism perpetrated or inspired by terrorist groups such as ISIL
Calibri	11	and Al-Qa’ida and ‘others that claim to act in the name of Islam’.198
Calibri	11	6.10. In response to the 2015 Review, ASIO replaced the Public Alert Levels system with
Calibri	11	the National Terrorism Threat Level scale.199
Calibri	9	191 PM&C, ‘Review of Australia’s Counter-Terrorism Machinery’ (Report, January 2015) p 14.
Calibri	9	192 PM&C, ‘Review of Australia’s Counter-Terrorism Machinery’ (Report, January 2015) at [iv-v].
Calibri	9	193 PM&C, ‘Review of Australia’s Counter-Terrorism Machinery’ (Report, January 2015) p 22.
Calibri	9	194 PM&C, ‘Review of Australia’s Counter-Terrorism Machinery’ (Report, January 2015) p 22.
Calibri	9	195 PM&C, ‘Review of Australia’s Counter-Terrorism Machinery’ (Report, January 2015) p 26.
Calibri	9	196 PM&C, ‘Review of Australia’s Counter-Terrorism Machinery’ (Report, January 2015) p 26.
Calibri,Italic	9	197 PM&C, PM&C Annual Report 2016-17 pp 22-23; ASIO, ASIO Annual Report 2014-15 p 30; PM&C, ‘Review of
Calibri	9	Australia’s Counter-Terrorism Machinery’ (Report, January 2015) p 27.
Calibri,Italic	9	198 Australia’s Counter-Terrorism Strategy: Strengthening our Resilience (Strategy, 2015) p iii.
Calibri	9	199 The Hon Tony Abbott, ‘Australia’s Counter-Terrorism Strategy’ (Prime Minister media release, 23 July 2015).
Calibri	8	Interim report: Royal Commission on Antisemitism and Social Cohesion 57
Calibri,Italic	15	2017 Independent Intelligence Review, the establishment of Home
Calibri,Italic	15	Affairs and ONI
Calibri	11	6.11. In June 2017, the Independent Intelligence Review (2017 IIR) was published by
Calibri	11	PM&C. It concluded that the intelligence community was facing challenges that
Calibri	11	would intensify over the coming decade, including the threat posed by extremism
Calibri	11	with global reach, particularly ‘Islamist terrorism’.200
Calibri	11	6.12. The 2017 IIR recommended that a ‘new frame of reference’ be used for the
Calibri	11	intelligence community that links agencies with intelligence functions, namely: the
Calibri	11	six existing members of the former ‘Australian Intelligence Community’ (which were
Calibri	11	at that time the Office of National Assessments, the Australian Secret Intelligence
Calibri	11	Service, ASIO, the Australian Signals Directorate, the Defence Intelligence
Calibri	11	Organisation and the Australian Geospatial Intelligence Organisation), plus the
Calibri	11	Australian Criminal Intelligence Commission (ACIC) and the intelligence functions of
Calibri	11	the Australian Federal Police (AFP), the Australian Transaction Reports and Analysis
Calibri	11	Centre (AUSTRAC) and Department of Home Affairs (Home Affairs).201 The aim was
Calibri	11	to strengthen integration between the agencies and manage Australian intelligence
Calibri	11	as a national enterprise.202
Calibri	11	6.13. The 2017 IIR recommended that the Office of National Assessments be replaced by
Calibri	11	an Office of National Intelligence (ONI) to oversee the integration of strategies
Calibri	11	between the agencies identified above, known as the ‘National Intelligence
Calibri	11	Community’.203 It recommended that a dedicated senior position in ONI be
Calibri	11	established ‘to facilitate closer co-ordination, evaluation and integration across
Calibri	11	national counter-terrorism activities as a whole’.204 In 2018, ONI was established
Calibri	11	within the Prime Minister’s portfolio.205
Calibri	11	6.14. Also in 2017, a range of functions was transferred from the Attorney-General’s
Calibri	11	portfolio to the Minister for Home Affairs’ portfolio, in respect of national security
Calibri	11	and law enforcement policy and operations. Portfolio responsibility for ASIO, the
Calibri	11	AFP, ACIC and AUSTRAC moved to Home Affairs.206
Calibri	9	200 Michael L’Estrange and Stephen Merchant, Independent Intelligence Review (Report, June 2017) p 5.
Calibri	9	201 Michael L’Estrange and Stephen Merchant, Independent Intelligence Review (Report, June 2017) [3.23] –
Calibri	9	[3.28] Recommendation 1.
Calibri	9	202 Michael L’Estrange and Stephen Merchant, Independent Intelligence Review (Report, June 2017) p 53.
Calibri	9	203 Michael L’Estrange and Stephen Merchant, Independent Intelligence Review (Report, June 2017) p 7.
Calibri	9	204 Michael L’Estrange and Stephen Merchant, Independent Intelligence Review (Report, June 2017) p 14.
Calibri,Italic	9	205 Office of National Intelligence Act 2018 (Cth).
Calibri	9	206 AGD, Written Response to Notice C2026/0015 [AGD.9999.0003.0001].
Calibri	9	58 Interim report: Royal Commission on Antisemitism and Social Cohesion
Calibri	11	6.15. Responsibility for counter-terrorism policy coordination, including the position of the
Calibri	11	CT Coordinator and the CCTC, was transferred from PM&C to Home Affairs.207
Calibri,Italic	15	Further institutional developments from 2019
Calibri	11	6.16. In 2019, Dennis Richardson comprehensively reviewed the legal framework of the
Calibri	11	NIC. He found, among other things, that ‘[c]ooperation in relation to
Calibri	11	counter-terrorism is particularly well developed across the NIC’.208
Calibri	11	6.17. In March 2020, National Cabinet was established to coordinate Australia’s response
Calibri	11	to the COVID-19 pandemic, replacing the Council of Australian Governments.209
Calibri	11	6.18. Over the next several years there were further relevant machinery of government
Calibri	11	changes:
Calibri	11	• On 1 June 2022 law enforcement policy and operations was transferred from the
Calibri	11	Home Affairs portfolio back to the Attorney-General’s portfolio,210 including
Calibri	11	responsibility for the AFP, ACIC and AUSTRAC.211 The CCTC and the CT Coordinator
Calibri	11	remained within Home Affairs.212
Calibri	11	• On 29 July 2024 portfolio responsibility for ASIO was transferred from Home
Calibri	11	Affairs back to the Attorney-General’s portfolio.213 The Prime Minister advised
Calibri	11	this decision was taken to have ASIO and the AFP in the ‘one place’.214
Calibri	11	Responsibility for national security policy and operations remained in the Home
Calibri	11	Affairs portfolio.215
Calibri	11	• On 13 May 2025 responsibility for law enforcement policy and operations
Calibri	11	transferred from the Attorney-General’s portfolio back to the Home Affairs
Calibri	11	portfolio,216 including responsibility for the AFP, ACIC, AUSTRAC and ASIO.217
Calibri	11	6.19. Home Affairs and the Attorney-General’s Department acknowledged that these
Calibri	11	portfolio changes had resulted in some short-term disruption and administrative
Calibri	9	207 AGD, Written Response to Notice C2026/0015 p 2 [AGD.9999.0003.0013]; AGD, Written Response to Notice
Calibri	9	C2026/0015 p 2 [AGD.9999.0003.0001].
Calibri,Italic	9	208 Dennis Richardson, Comprehensive Review of the Legal Framework of the National Intelligence Community:
Calibri,Italic	9	Volume 1 – Recommendations and Executive Summary; Foundations and Principles; Control, Coordination and
Calibri	9	Cooperation (Report, December 2019) p 336 at [15.63].
Calibri	9	209 Parliamentary Education Office ‘National Cabinet’ <https://peo.gov.au/understand-our-parliament/how-
Calibri	9	parliament-works/three-levels-of-government/national-cabinet>.
Calibri	9	210 AGD, Written Response to Notice C2026/0015 p 3 [AGD.9999.0003.0001].
Calibri	9	211 AGD, Written Response to Notice C2026/0015 p 3 [AGD.9999.0003.0001].
Calibri	9	212 AGD, Written Response to Notice C2026/0015 p 3 [AGD.9999.0003.0001].
Calibri	9	213 AGD, Written Response to Notice C2026/0015 pp 4-5 [AGD.9999.0003.0001].
Calibri	9	214 Prime Minister of Australia Anthony Albanese, ‘Press Conference – Canberra’ (Transcript, 29 July 2024)
Calibri	9	<https://www.pm.gov.au/media/press-conference-canberra-13>.
Calibri	9	215 AGD, Written Response to Notice C2026/0015 p 5 [AGD.9999.0003.0001].
Calibri	9	216 AGD, Written Response to Notice C2026/0015 p 5 [AGD.9999.0003.0001].
Calibri	9	217 AGD, Written Response to Notice C2026/0015 p 5 [AGD.9999.0003.0001].
Calibri	8	Interim report: Royal Commission on Antisemitism and Social Cohesion 59
Calibri	11	inefficiencies. However, they reported that they had not adversely affected the
Calibri	11	performance of counter-terrorism related functions.218 The Commission has not
Calibri	11	identified any evidence to the contrary. The changes did not affect the CCTC, which
Calibri	11	remained in Home Affairs from 2017 to date.
Calibri	11	6.20. Meanwhile, the 2024 Independent Intelligence Review noted that terrorism
Calibri	11	remained a persistent threat and that terrorist groups like ISIL and Al-Qa’ida were
Calibri	11	using conflict in the Middle East to encourage attacks and to stoke community
Calibri	11	‘tensions’. It found the risk of radicalisation of Australian citizens and ‘lone actor’
Calibri	11	attacks remained.219
Calibri,Bold	17	Crisis management and counter-terrorism architecture
Calibri	11	6.21. This section addresses Australia’s current crisis management and counter-terrorism
Calibri	11	architecture. The architecture is multi-layered. It includes bodies and structures
Calibri	11	within the Australian Government, within state and territory governments, and that
Calibri	11	operate between governments at a national level.
Calibri,Italic	15	Crisis management in Australia
Calibri	11	6.22. The National Security Committee of Cabinet (NSC) is the peak committee of Cabinet
Calibri	11	for crisis situations. It can make time-critical ministerial decisions at short notice.220
Calibri	11	6.23. The Australian Government Crisis Management Framework governs Australia’s
Calibri	11	national crisis management arrangements.221 The Framework is administered by
Calibri	11	PM&C.222
Calibri	11	6.24. The Crisis Arrangements Committee is responsible for ensuring that the Australian
Calibri	11	Government crisis planning, preparedness and arrangements are fit-for-purpose.223
Calibri	11	It is not an operational committee and does not convene in a crisis.224
Calibri	11	6.25. The National Coordination Mechanism (NCM) is the Commonwealth senior officials
Calibri	11	committee that may convene in a crisis.225 It is the primary mechanism for national
Calibri	9	218 AGD, Written Response to Notice C2026/0015 p 1 [AGD.9999.0003.0001]; Home Affairs, Written Response
Calibri	9	to Notice C2026/0013 p 1 [DHA.9999.0010.0001].
Calibri	9	219 Heather Smith PSM and Richard Maude, Independent Intelligence Review (Report, 2024) p 26 at
Calibri	9	[4.29]-[4.30].
Calibri	9	220 PM&C, ‘Australian Government Crisis Management Framework’ (September 2025) p 32.
Calibri	9	221 PM&C, ‘Australian Government Crisis Management Framework’ (September 2025).
Calibri	9	222 PM&C, ‘Australian Government Crisis Management Framework ‘(September 2025).
Calibri	9	223 PM&C, ‘Australian Government Crisis Management Framework’ (September 2025) p 16.
Calibri	9	224 PM&C, ‘Australian Government Crisis Management Framework’ (September 2025) p 16.
Calibri	9	225 PM&C, ‘Australian Government Crisis Management Framework’ (September 2025) p 35.
Calibri	9	60 Interim report: Royal Commission on Antisemitism and Social Cohesion
Calibri	11	leadership and coordination in crisis situations. It brings together Australian, state
Calibri	11	and territory government and non-government representatives during a crisis. An
Calibri	11	NCM can be chaired by the CT Coordinator if activated in response to a terrorist
Calibri	11	incident.226
Calibri	11	6.26. In some circumstances, a specific Australian Government-only NCM may be
Calibri	11	convened, with participants drawn from across the Australian Government.227
Calibri	11	6.27. The states and territories also play a role in crisis management, including with
Calibri	11	respect to preparedness, response, relief and recovery.228
Calibri	11	6.28. State and territory Crisis Centres may support jurisdictional decision-makers and
Calibri	11	facilitate inter-jurisdictional cooperation.229 A Crisis Centre may be activated to help
Calibri	11	manage the response to a terrorist incident or other crisis.230 Overall response to an
Calibri	11	act of terrorism will ordinarily lie with the relevant state government, directed
Calibri	11	through a Crisis Centre and under the command of the State Police Operations
Calibri	11	Centre.231
Calibri,Italic	15	Counter-terrorism specifically
Calibri	13	Commonwealth
Calibri	11	6.29. The Secretaries Committee on National Security (SCNS) directly supports the NSC on
Calibri	11	terrorism matters.232 It can receive advice and submissions from the Joint
Calibri	11	Counter-Terrorism Board (JCTB) or the CT Coordinator.233
Calibri	11	6.30. The JCTB, chaired by the CT Coordinator, is the Commonwealth’s highest specialist
Calibri	11	counter-terrorism officials-level committee on counter-terrorism.234 The JCTB
Calibri	9	226 PM&C, ‘Australian Government Crisis Management Framework’ (September 2025) p 32.
Calibri	9	227 PM&C, ‘Australian Government Crisis Management Framework’ (September 2025) p 35.
Calibri	9	228 PM&C, ‘Australian Government Crisis Management Framework’ (September 2025) p 6.
Calibri	9	229 Home Affairs, ‘ANZCTC National Counter-Terrorism Plan 5th Edition 2024’ (16 February 2026) p 15
Calibri	9	[DHA.0013.0016.0003].
Calibri	9	230 Home Affairs, ‘ANZCTC National Counter-Terrorism Plan 5th Edition 2024’ (16 February 2026) p 15
Calibri	9	[DHA.0013.0016.0003].
Calibri	9	231 ASIO, Written Response to Notice C2026/0001 (Questions 8, 9, 12, 23, 24, 30 and 40, A28123951)
Calibri	9	(17 February 2026) pp 20-22 at [94-102].
Calibri	9	232 Home Affairs, ‘ANZCTC National Counter-Terrorism Plan 5th Edition 2024’ (16 February 2026) p 15
Calibri	9	[DHA.0013.0016.0003].
Calibri	9	233 Home Affairs, ‘ANZCTC National Counter-Terrorism Plan 5th Edition 2024’ (16 February 2026) p 14
Calibri	9	[DHA.0013.0016.0003].
Calibri	9	234 Home Affairs, ‘ANZCTC National Counter-Terrorism Plan 5th Edition 2024’ (16 February 2026) pp 13-14
Calibri	9	[DHA.0013.0016.0003].
Calibri	8	Interim report: Royal Commission on Antisemitism and Social Cohesion 61
Calibri	11	supports the coordination of the Commonwealth’s counter-terrorism policy and
Calibri	11	crisis response.235
Calibri	11	6.31. As discussed above, the CT Coordinator has a coordinating role for the Australian
Calibri	11	Government in respect of counter-terrorism. The CT Coordinator is the lead senior
Calibri	11	official in response to a domestic terrorist act. If required, the CT Coordinator will
Calibri	11	enliven crisis management arrangements – for example, the NCM.236
Calibri	11	6.32. The CCTC supports the role and functions of the CT Coordinator.237
Calibri	11	6.33. It supports Commonwealth, state and territory agencies in preventing, responding to
Calibri	11	and recovering from terrorism incidents.238 It works with intelligence, law
Calibri	11	enforcement, security and policy agencies to manage counter-terrorism risks, threats
Calibri	11	and issues.239
Calibri	13	The role of the CT Coordinator
Calibri	11	6.34. The CT Coordinator assumes a leadership role during terrorism crises. The
Calibri	11	CT Coordinator also has a number of other responsibilities, including co-chairing the
Calibri	11	ANZCTC and chairing the JCTB.240
Calibri	11	6.35. The ANZCTC manages the Counter-Terrorism National Tiered Exercise program in
Calibri	11	partnership with states and territories, and ‘administers funding to states and
Calibri	11	territories for jurisdictional drill style exercises’.241
Calibri	11	6.36. The ANZCTC convenes these exercises to ensure that Australia’s counter-terrorism
Calibri	11	capabilities are maintained and improved.242
Calibri	11	6.37. Between 2015 and July 2019, in both PM&C and Home Affairs, the CT Coordinator
Calibri	11	was a full-time Deputy Secretary-level position.243 However, since July 2019, the role
Calibri	9	235 Home Affairs, ‘ANZCTC National Counter-Terrorism Plan 5th Edition 2024’ (16 February 2026) p 14
Calibri	9	[DHA.0013.0016.0003].
Calibri	9	236 Home Affairs, ‘ANZCTC National Counter-Terrorism Plan 5th Edition 2024’ (16 February 2026) p 39
Calibri	9	[DHA.0013.0016.0003].
Calibri	9	237 Home Affairs, ‘ANZCTC National Counter-Terrorism Plan 5th Edition 2024’ (16 February 2026) p 206
Calibri	9	[DHA.0013.0016.0003].
Calibri	9	238 Home Affairs, ‘National Counter-Terrorism Handbook – September 2021’ (18 February 2026) p 206
Calibri	9	[DHA.0003.0015.0206].
Calibri	9	239 Home Affairs, ‘National Counter-Terrorism Handbook – September 2021’ (18 February 2026) p 206
Calibri	9	[DHA.0003.0015.0206].
Calibri	9	240 Home Affairs, Written Response to Notice C2026/0003 (16 February 2026) pp 4-5 [DHA.9999.0006.0018].
Calibri	9	241 Home Affairs, Written Response to Notice C-2026/0029 (2 March 2026) p 1 [DHA.9999.0011.0018].
Calibri	9	242 ANZCTC, National Counter-Terrorism Handbook (September 2021) p 23 [DHA.0003.0015.0206].
Calibri	9	243 Home Affairs, Written Response to Notice C2026/0013 (24 February 2026) p 4 [DHA.9999.0008.0039].
Calibri	9	62 Interim report: Royal Commission on Antisemitism and Social Cohesion
Calibri	11	has generally been performed by a Deputy Secretary in Home Affairs with additional
Calibri	11	responsibilities for either citizenship and social cohesion or national security and
Calibri	11	resilience functions.244
Calibri	11	6.38. Since 2022, the CT Coordinator has concurrently filled the role of the Counter
Calibri	11	Foreign Interference Coordinator (among other responsibilities).245 The incumbent
Calibri	11	CT Coordinator in Home Affairs is currently also the Head of National Security in
Calibri	11	Home Affairs.246 The CT Coordinator is supported by two Deputy Secretaries, one of
Calibri	11	whom has counter-terrorism responsibilities.247 Home Affairs states that this
Calibri	11	structure reflects the ‘response to [a] convergent and hybrid threat environment
Calibri	11	particularly as it relates to terrorism, sabotage and foreign interference’.248
Calibri	11	6.39. It is clear that in recent years, the officer filling the role of CT Coordinator has also
Calibri	11	been responsible for other important areas of national security. This other work
Calibri	11	takes up significant time (even if, at times, that other work intersects with counter-
Calibri	11	terrorism work).
Calibri	11	6.40. There may well be a logical reason for the CT Coordinator to have responsibilities in
Calibri	11	respect of countering foreign interference, noting that ASIO assessed as at
Calibri	11	August 2025 that the Iranian Government had directed at least two and likely more
Calibri	11	attacks on Jewish interests in Australia.249
Calibri	11	6.41. However, in light of the terrorist attack in Bondi, and given the importance of the
Calibri	11	coordination work and convening role of the CT Coordinator, consideration should
Calibri	11	be given to the role being undertaken on a full-time basis. Government may also
Calibri	11	wish to consider whether the role should be relocated to PM&C for the convening
Calibri	11	power it brings.
Calibri,Bold	12	Recommendation 2
Calibri	11	Having regard to the significance of the role of the Commonwealth Counter-Terrorism
Calibri	11	Coordinator in providing counter-terrorism leadership, the Commission recommends
Calibri	11	consideration be given to making the Counter-Terrorism Coordinator’s role full-time.
Calibri	9	244 Home Affairs, Written Response to Notice C2026/0013 (24 February 2026) p 4 [DHA.9999.0008.0039].
Calibri	9	245 Home Affairs, ‘Organisational Chart 1 January 2022’ [DHA.0003.0001.0016].
Calibri	9	246 Home Affairs, Written Response to Notice C2026/0003 (16 February 2026) p 5 [DHA.9999.0006.0018].
Calibri	9	247 Home Affairs, Written Response to Notice C2026/0013 (24 February 2026) p 4 [DHA.9999.0008.0039].
Calibri	9	248 Home Affairs, Written Response to Notice C2026/0013, (24 February 2026) p 4, [DHA.9999.0008.0039].
Calibri	9	249 Mike Burgess AM, Director-General of Security (Press Conference, Parliament House, Canberra,
Calibri	9	26 August 2025) <https://www.pm.gov.au/media/press-conference-parliament-house-canberra-38>.
Calibri	8	Interim report: Royal Commission on Antisemitism and Social Cohesion 63
Calibri,Italic	15	National
Calibri	13	ANZCTC
Calibri	11	6.42. The primary national-level counter-terrorism committee is the ANZCTC.250 It is
Calibri	11	co-chaired by the CT Coordinator and a state or territory representative on a
Calibri	11	rotational basis and consists of first ministers’ department representatives
Calibri	11	(excluding the Australian Capital Territory which is represented by the Justice and
Calibri	11	Community Safety Directorate), police from each jurisdiction and senior
Calibri	11	representatives from relevant Australian and New Zealand government agencies.251
Calibri	11	6.43. The ANZCTC has no operational role. It provides strategic guidance and policy
Calibri	11	coordination to and between agencies, and develops nationally consistent
Calibri	11	capabilities.252
Calibri	11	6.44. The ANZCTC, rather than an NCM, was convened as part of the Australian
Calibri	11	Government’s crisis response to the attack at Bondi. This is not the usual role of the
Calibri	11	ANZCTC. Because of its central role in the architecture more generally, other aspects
Calibri	11	of its functions, arising from material produced to the Commission, are addressed
Calibri	11	below.
Calibri	11	6.45. In response to the Bondi attack on 14 December 2025, a NCM meeting was not
Calibri	11	convened.253 Two ANZCTC meetings were held instead.254 One of the First Assistant
Calibri	11	Secretaries assisting the CT Coordinator recommended that he convene a NCM ‘to
Calibri	11	ensure we are facilitating situational awareness across the Australian Government’
Calibri	11	and to coordinate a whole-of-government crisis communication strategy.255
Calibri	11	However, Home Affairs advised that NSW Police raised concerns with the
Calibri	11	CT Coordinator about the ‘operational sensitivity of information to be shared’,
Calibri	11	noting the number of agencies involved at previous counter-terrorism NCMs, and
Calibri	11	advised that a more limited group would be preferable.256
Calibri	11	6.46. The CT Coordinator decided to proceed with two ANZCTC meetings instead of an
Calibri	11	NCM, first an operational meeting257 and second a meeting to discuss ‘immediate
Calibri	11	policy responses to the attack and coordinate actions ahead of a National Cabinet
Calibri	9	250 ANZCTC, ‘National Counter-Terrorism Plan’ (5th Edition, 2024) p 50 [DHA.0003.0015.0039].
Calibri	9	251 ANZCTC, ‘National Counter-Terrorism Plan’ (5th Edition, 2024) p 14 [DHA.0003.0015.0039].
Calibri	9	252 ANZCTC, ‘National Counter-Terrorism Plan’ (5th Edition, 2024) pp 14, 31-32 [DHA.0003.0015.0039].
Calibri	9	253 Home Affairs, Written Response to Notice C2026/0013, (24 February 2026) p 4, [DHA.9999.0008.0033].
Calibri	9	254 Home Affairs, Written Response to Notice C2026/0013 (24 February 2026) p 4 [DHA.9999.0008.0033].
Calibri	9	255 Home Affairs, ‘Recommendation for NCM – Bondi Incident’ (15 December 2025) [DHA.0013.0015.0144].
Calibri	9	256 Home Affairs, Written Response to Notice C2026/0013 (24 February 2026) p 3 [DHA.9999.0008.0033].
Calibri	9	257 ONI, Written Response, to Notice C-2026/0016 (23 February 2026) p 1 [ ONI.9999.0003.0001].
Calibri	9	64 Interim report: Royal Commission on Antisemitism and Social Cohesion
Calibri	11	meeting held later that day’.258 At a January 2026 extraordinary ANZCTC meeting,
Calibri	11	ANZCTC members ‘acknowledged previous NCMs had not been the best vehicle for
Calibri	11	crisis response, noting difficulty controlling information flow’.259
Calibri	11	6.47. The decision to convene the ANZCTC instead of the NCM in the role of a national
Calibri	11	crisis committee was not consistent with the Australian Government Crisis
Calibri	11	Management Framework. The Framework should reflect the considered views of
Calibri	11	Government about the appropriate body or bodies to take an operational role in the
Calibri	11	event of a terrorist incident or crisis.
Calibri,Bold	12	Recommendation 3
Calibri	11	If the ANZCTC is to be used again as a crisis committee, the ANZCTC should be included
Calibri	11	in the Australian Government Crisis Management Framework so its role is clear.
Calibri	13	ANZCTC – Triennial Review and updating documents
Calibri	11	6.48. Among other things, the ANZCTC is responsible for maintaining Australia’s National
Calibri	11	Counter-Terrorism Plan (CT Plan),260 and the non-public Counter Terrorism
Calibri	11	Handbook (CT Handbook) which provides important operational and governance
Calibri	11	guidance to agencies.261
Calibri	11	6.49. The CT Handbook states that it will be reviewed every three years in sequential order
Calibri	11	with other national documents such as Australia’s Counter-Terrorism Strategy and
Calibri	11	National Counter-Terrorism Plan.262
Calibri	11	6.50. Updates to the Handbook may also be made on an ad hoc basis at the request of a
Calibri	11	stakeholder or in response to recommendations made by other bodies or reviews.
Calibri	11	The most recent ANZCTC Triennial Review was completed in 2020.263
Calibri	11	6.51. The CT Handbook was last substantively updated in 2019 (minor non-substantive
Calibri	11	updates were made in 2021).264
Calibri	9	258 Home Affairs, Written Response to Notice C2026/0013 (24 February 2026) p 3 [DHA.9999.0008.0033].
Calibri	9	259 Home Affairs, ‘Extraordinary ANZCTC meeting Wednesday 7 January 2026’ pp 5-6 [DHA.0013.0016.0062].
Calibri	9	260 ANZCTC, ‘National Counter-Terrorism Plan’ (5th Edition, 2024) p 14 [DHA.0003.0015.0039].
Calibri	9	261 Home Affairs, ‘National Counter-Terrorism Handbook – September 2021’ (18 February 2026) p 8 at [6]
Calibri	9	[DHA.0003.0015.0206].
Calibri	9	262 Home Affairs, ‘National Counter-Terrorism Handbook – September 2021’ (18 February 2026) p 8 at [6]
Calibri	9	[DHA.0003.0015.0206].
Calibri	9	263 Home Affairs, Written Response to Notice C2026/0003 (16 February 2026) p 6 [DHA.9999.0006.0018].
Calibri	9	264 Home Affairs, ‘National Counter-Terrorism Handbook – September 2021’ (18 February 2026) [ii]
Calibri	9	[DHA.0003.0015.0206].
Calibri	8	Interim report: Royal Commission on Antisemitism and Social Cohesion 65
Calibri	11	6.52. At the ANZCTC Extraordinary meeting on 7 January 2026, ANZCTC members agreed
Calibri	11	to undertake the ANZCTC Triennial Review.265 Home Affairs expects the review to be
Calibri	11	completed by May 2026.266
Calibri,Bold	12	Recommendation 4
Calibri	11	The Counter-Terrorism Handbook should be updated promptly and then at least every
Calibri	11	three years in coordination with updates to the Counter-Terrorism Plan and the ANZCTC
Calibri	11	triennial review.
Calibri	13	ANZCTC – advice to National Cabinet
Calibri	11	6.53. The ANZCTC’s Terms of Reference state that it has a role providing timely expert,
Calibri	11	strategic and policy advice to heads of government and other relevant ministers.267 It
Calibri	11	reports to the First Secretaries Group (FSG) (which supports the Ministerial-level
Calibri	11	National Cabinet).268 The FSG is chaired by the Secretary of PM&C and attended by
Calibri	11	Secretaries of all first ministers’ departments.269
Calibri,Bold	12	Recommendation 5
Calibri	11	The ANZCTC should provide direct advice in the form of a written and/or oral briefing, at
Calibri	11	least annually, to National Cabinet (including, as appropriate, advice on ANZCTC
Calibri	11	activities, the use of the ANZCTC Special Fund, and national counter-terrorism
Calibri	11	challenges and priorities).
Calibri,Italic	15	States and territories
Calibri	11	6.54. In the event of a domestic terrorist attack, state and territory police and emergency
Calibri	11	response agencies have primary operational responsibility.270
Calibri	11	6.55. The arrangements in NSW only are considered here, given that it is the State in
Calibri	11	which the Bondi attack occurred.
Calibri	9	265 Home Affairs, ‘Extraordinary ANZCTC meeting Wednesday 7 January 2026’ p 4 [DHA.0013.0016.0062].
Calibri	9	266 Home Affairs, Written Response to Notice C-2026/0003 (16 February 2026) p 6 [DHA.9999.0006.0018].
Calibri	9	267 ‘Australia-New Zealand Counter-Terrorism Committee’, Australian National Security (22 September 2024)
Calibri	9	<https://www.nationalsecurity.gov.au/what-australia-is-doing/a-national-approach/anzctc>.
Calibri	9	268 Home Affairs, ‘ANZCTC National Counter-Terrorism Plan 5th Edition 2024’ (16 February 2026) p 13
Calibri	9	[DHA.0013.0016.0003].
Calibri	9	269 Home Affairs, ‘ANZCTC National Counter-Terrorism Plan 5th Edition 2024’ (16 February 2026) p 14
Calibri	9	[DHA.0013.0016.0003].
Calibri	9	270 Home Affairs, ‘ANZCTC National Counter-Terrorism Plan 5th Edition 2024’ (16 February 2026) p 38 at [183]
Calibri	9	[DHA.0013.0016.0003].
Calibri	9	66 Interim report: Royal Commission on Antisemitism and Social Cohesion
Calibri	11	6.56. The NSW Counter Terrorism Strategy is a document setting out the governance
Calibri	11	framework for counter-terrorism in NSW.271
Calibri	11	6.57. NSW Cabinet Office is responsible for engaging with National Cabinet and the
Calibri	11	ANZCTC about counter-terrorism (in close consultation with NSW Police).272 In NSW,
Calibri	11	crisis arrangements are activated in accordance with the NSW Counter Terrorism
Calibri	11	Plan.273 The Commissioner of Police is ultimately responsible for the response to a
Calibri	11	terrorist event in NSW.274
Calibri	11	6.58. The Commonwealth supports the affected state or territory as appropriate in the
Calibri	11	event of a terrorist attack or other crisis.275 In extreme circumstances the
Calibri	11	Governor-General may, on the advice of the Prime Minister, the Attorney-General
Calibri	11	and the Minister for Defence, order the ADF be called out under Part IIIAAA of the
Calibri,Italic	11	Defence Act 1903 (Cth).276
Calibri	11	6.59. The NSW Police Counter Terrorism and Special Tactics Command provides a
Calibri	11	‘comprehensive and coordinated response to acts of terrorism or politically
Calibri	11	motivated violence’. The Counter Terrorism and Special Tactics Command responds
Calibri	11	through ‘intelligence collection, analysis, investigation, dignitary protection, security
Calibri	11	of national icons, business interests and critical infrastructure, and supporting
Calibri	11	policing through tactical response services’.277
Calibri	11	6.60. The Anti-Terrorism and Intelligence Group, a specific part of the Counter Terrorism
Calibri	11	and Special Tactics Command, works ‘to identify and disrupt potential terrorist plans
Calibri	11	by individuals or groups through initiatives in countering violent extremism,
Calibri	11	monitoring of High Risk Terrorism Offenders, detection of Fixated Persons and the
Calibri	11	sharing of information with law enforcement and intelligence partners with a focus
Calibri	11	on operational threat analysis’.278
Calibri	9	271 NSW Premier’s Department, Written Response to Questions in Schedule to letter dated 9 February 2026
Calibri	9	pp 3-4 [NSW_TCO_PD.8999.0001.0001].
Calibri	9	272 NSW Premier’s Department, Written Response to Questions in Schedule to letter dated 9 February 2026
Calibri	9	pp 3-4 [NSW_TCO_PD.8999.0001.0001].
Calibri	9	273 NSW Premier’s Department, Written Response to Questions in Schedule to letter dated 9 February 2026
Calibri	9	pp 3-4 [NSW_TCO_PD.8999.0001.0001].
Calibri	9	274 NSW Premier’s Department, Written Response to Questions in Schedule to letter dated 9 February 2026
Calibri	9	pp 3-4 [NSW_TCO_PD.8999.0001.0001].
Calibri	9	275 Home Affairs, ‘ANZCTC National Counter-Terrorism Plan 5th Edition 2024’ (16 February 2026) pp 38-39
Calibri	9	[DHA.0013.0016.0003].
Calibri	9	276 Home Affairs, ‘ANZCTC National Counter-Terrorism Plan 5th Edition 2024’ (16 February 2026) p 38 at [183]
Calibri	9	[DHA.0013.0016.0003].
Calibri	9	277 NSW Police, Written Response to NSW-STP-2026/0009 (4 March 2026) pp 1-3 at [5], [6]
Calibri	9	[NSW_PF.9999.0001.0002].
Calibri	9	278 NSW Police, Written Response to NSW-STP-2026/0009 (4 March 2026) p 2 at [6(b)],
Calibri	9	[NSW_PF.9999.0001.0002].
Calibri	8	Interim report: Royal Commission on Antisemitism and Social Cohesion 67
Calibri	11	6.61. The Terrorism Investigation Squad (TIS), another part of the Counter Terrorism and
Calibri	11	Special Tactics Command, undertakes protracted major investigations in relation to
Calibri	11	terrorism and politically motivated violence. It also provides a coordination and
Calibri	11	liaison point for other law enforcement and intelligence agencies.279
Calibri	11	6.62. The Fixated Threat Assessment Centre within NSW Police is responsible for the
Calibri	11	management of individuals in NSW who pose a threat to other persons or the
Calibri	11	community because they are fixated and/or because they are or may become
Calibri	11	involved in lone actor grievance-fuelled violence.280 In this initiative, NSW Police and
Calibri	11	NSW Health collaborate to mitigate the risk of individuals that may not fall within the
Calibri	11	ambit of counter-terrorism laws and power but that nevertheless pose a serious risk
Calibri	11	of violence due to a fixation or preoccupation.281
Calibri	11	6.63. The NSW Police Security Investigations Unit, which is part of the TIS, ‘focuses on
Calibri	11	investigations involving fixated persons, grievance fuelled violence and more
Calibri	11	significant hate crime that does not meet’ the threshold of terrorism. Such
Calibri	11	investigations are sometimes referred to as ‘[counter-terrorism] adjacent’
Calibri	11	investigations.282
Calibri	11	6.64. NSW Police has not proposed that any changes be made to counter-terrorism
Calibri	11	architecture in NSW in response to the Bondi attack. It is awaiting the outcomes of
Calibri	11	the ANZCTC Triennial Review, this Commission, the NSW Police critical incident
Calibri	11	investigation, and the related coronial inquiry before forming a view on the
Calibri	11	operation of the current counter-terrorism architecture in NSW.283
Calibri	11	6.65. Based on the information reviewed to date, there are no urgent reforms that need
Calibri	11	to be made to the state and territory counter-terrorism architecture. There is one
Calibri	11	recommendation made below in respect of Joint Counter-Terrorism Teams.
Calibri	9	279 NSW Police, Written Response to NSW-STP-2026/0009 (4 March 2026) p 2 at [6c]
Calibri	9	[NSW_PF.9999.0001.0002].
Calibri	9	280 NSW Police, Written Response to NSW-STP-2026/0027 (26 March 2026) p 37 at [91d]
Calibri	9	[NSW_PF.8999.0001.0010].
Calibri	9	281 NSW Police, ‘NSW Counter Terrorism Plan: A Sub Plan to the State Emergency Management Plan (EMPLAN)’
Calibri	9	p 15 [NSW_PF.001.001.0595]; NSW Police, Written Response to NSW-STP-2026/0027 (26 March 2026) p 37 at
Calibri	9	[91d] [NSW_PF.8999.0001.0010].
Calibri	9	282 NSW Police, Written Response to NSW-STP-2026/0027 (26 March 2026) p 37 at [91a]
Calibri	9	[NSW_PF.8999.0001.0010].
Calibri	9	283 NSW Police, Written Response to NSW-STP-2026/0009 (4 March 2026) p 30 at [154]
Calibri	9	[NSW_PF.9999.0001.0002].
Calibri	9	68 Interim report: Royal Commission on Antisemitism and Social Cohesion
Calibri,Bold	17	Joint Counter-Terrorism Teams
Calibri,Italic	15	Introduction
Calibri	11	6.66. Each state and territory has a separate Joint Counter-Terrorism Team (JCTT). Each
Calibri	11	includes the AFP, ASIO and state or territory police, and the NSW JCTT also includes
Calibri	11	the NSW Crime Commission.284
Calibri,Italic	15	Functioning of JCTTs
Calibri	11	6.67. The Commission has received material and responses in relation to the JCTTs and
Calibri	11	their functioning.
Calibri	11	6.68. In the confidential Interim Report, the Commission considers the structure and
Calibri	11	functioning of relevant JCTTs, with a particular focus on JCTT NSW.
Calibri,Italic	15	JCTT NSW
Calibri	13	Information flows
Calibri	11	6.69. In the confidential Interim Report, the Commission considers JCTT information flows
Calibri	11	with particular focus on JCTT NSW.
Calibri	11	6.70. In early 2025, a member of the public alerted NSW Police to a caravan located at
Calibri	11	Dural, NSW which was found to contain explosives and antisemitic material.285 The
Calibri	11	JCTT NSW investigated the Dural incident. On 10 March 2025, the AFP announced
Calibri	11	that ‘the caravan was part of a fabricated terrorism plot – essentially a criminal con
Calibri	11	job’.286
Calibri	9	284 AFP, AFP Annual Report 2018-19 (16 October 2019) p 56.
Calibri	9	285 NSW Police, Written Response to NSW-STP-2026/0009 (4 March 2026) pp 34-35 at [175-183]
Calibri	9	[NSW_PF.9999.0001.0002].
Calibri	9	286 AFP, ‘Statement on Operation Kissinger’ (Media Statement, 10 March 2025)
Calibri	9	<https://www.afp.gov.au/news-centre/media-statement/afp-deputy-commissioner-national-security-krissy-
Calibri	9	barrett-statement>.
Calibri	8	Interim report: Royal Commission on Antisemitism and Social Cohesion 69
Calibri	11	6.71. In announcing machinery of government changes that placed the AFP and ASIO back
Calibri	11	in the Home Affairs portfolio following the 2025 federal election, the Prime Minister
Calibri	11	stated that:287
Calibri	9	we want to make sure that people can have access to all of the information at the appropriate
Calibri	9	time. So, there were issues that arose out of information sharing during the, let’s call it the
Calibri	9	caravan incident for shorthand, and we wanted to make sure we got it right and learned from
Calibri	9	that experience.
Calibri	13	Structure
Calibri	11	6.72. The JCTT NSW comprises representatives of the AFP, NSW Police, ASIO and the NSW
Calibri	11	Crime Commission.288
Calibri	11	6.73. The confidential Interim Report further considers the structure of relevant JCTTs.
Calibri	11	6.74. The Commission notes that neither the AFP nor NSW Police have given unqualified
Calibri	11	support for the present functioning of the JCTT NSW. It is clear that the agencies
Calibri	11	involved consider there may be room for improvement, in particular in respect of
Calibri	11	information management and sharing.
Calibri	11	6.75. Australia’s counter-terrorism architecture and arrangements, and specifically the
Calibri	11	JCTTs, have contributed centrally to at least 35 major disruptions since 2001. The
Calibri	11	work of JCTTs has undoubtedly saved Australian lives. It will therefore be important
Calibri	11	to ensure that the JCTT structure continues to operate effectively in light of the
Calibri	11	evolving threat environment.
Calibri	11	6.76. A specialist comprehensive review of the functioning of the JCTTs should be
Calibri	11	conducted, which considers, among other things:
Calibri	11	• the adequacy of information sharing between the agencies; and
Calibri	11	• the strength or otherwise of the relationships between the agencies.
Calibri,Bold	12	Recommendation 6
Calibri	11	The ANZCTC should commission a review of the Joint Counter-Terrorism Teams, with a
Calibri	11	report to be submitted to Police Commissioners and the Director-General of Security
Calibri	11	within three months of commencement. The review should include consideration of
Calibri	11	leadership structures, team integration, systems access and information sharing
Calibri	11	arrangements. The review should place particular focus on the Joint Counter-Terrorism
Calibri	9	287 The Hon Anthony Albanese MP, Prime Minister of Australia, ‘Press conference – Canberra’ (Transcript, 12
Calibri	9	May 2025) <https://www.pm.gov.au/media/press-conference-canberra-12may25>.
Calibri	9	288 AFP, AFP Annual Report 2018-19 (16 October 2019) p 56.
Calibri	9	70 Interim report: Royal Commission on Antisemitism and Social Cohesion
Calibri	11	Team-NSW, elements of which should be for reporting specifically to the NSW Police
Calibri	11	Commissioner, the AFP Commissioner and the Director-General of Security.
Calibri,Bold	17	Counter-terrorism exercises
Calibri	11	6.77. The material and submissions received by the Commission at the time this report
Calibri	11	was finalised do not suggest that the level of training and exercises at a national
Calibri	11	level, Ministerial level or state and territory level adversely affected the response of
Calibri	11	any Australian Government or state agency or Minister to the Bondi attack.
Calibri,Italic	15	Exercises at the national level
Calibri	11	6.78. Home Affairs leads and participates in a range of counter-terrorism exercises.289
Calibri	11	6.79. The Commission acknowledges that the NSC meets regularly in response to a variety
Calibri	11	of crisis situations. However, ‘match-fitness’ for a major terrorist attack would be
Calibri	11	enhanced by more regular NSC engagement in counter-terrorism exercises.
Calibri,Italic	15	Exercises at state and territory level
Calibri	11	6.80. This section only considers exercises conducted in NSW.
Calibri	11	6.81. The NSW Premier and other ministers last participated in a counter-terrorism
Calibri	11	exercise in 2024.290
Calibri	11	6.82. Over the period February 2015 to December 2025, NSW Police information indicates
Calibri	11	NSW participation in 298 counter-terrorism exercises. NSW ministers are recorded
Calibri	11	as participating in eight of these exercises - three exercises in 2015, one exercise in
Calibri	11	2016, two exercises in 2017, one exercise in 2019 and one exercise in 2024.291
Calibri,Bold	12	Recommendation 7
Calibri	11	The Australian Government should consider whether National Security Committee
Calibri	11	ministers, including the Prime Minister, should participate in a counter-terrorism
Calibri	9	289 Home Affairs, Written Response to Notice C2026/0029 (2 March 2026) p 1 [DHA.9999.0011.0018].
Calibri	9	290 NSW Police, ‘Question 24 Attachment A Exercises 2015-2025’ (18 February 2026)
Calibri	9	[NSW_PF.8999.0001.0012].
Calibri	9	291 NSW Police, ‘Question 24 Attachment A Exercises 2015-2025’ (18 February 2026)
Calibri	9	[NSW_PF.8999.0001.0012].
Calibri	8	Interim report: Royal Commission on Antisemitism and Social Cohesion 71
Calibri	11	exercise, along with all National Cabinet members, within nine months of each federal
Calibri	11	election.
Calibri	9	72 Interim report: Royal Commission on Antisemitism and Social Cohesion
Calibri,Bold	21	Chapter 7. Information flows and systems
Calibri,Bold	17	Introduction
Calibri	11	7.1. This chapter analyses aspects of the information sharing arrangements between
Calibri	11	Commonwealth agencies, and also between the agencies of the Commonwealth and
Calibri	11	states and territories that have responsibilities related to counter-terrorism. Term of
Calibri	11	Reference (c)(vi) requires the Commission to examine the circumstances of the
Calibri	11	attack in Bondi, including whether ‘Commonwealth, State and Territory intelligence
Calibri	11	and law enforcement agencies performed to maximum effectiveness, whether they
Calibri	11	had adequate powers and the right systems, processes and procedures, and whether
Calibri	11	there was an appropriate authorising environment for information sharing with
Calibri	11	other Commonwealth, State and Territory agencies’.
Calibri	11	7.2. Counter-terrorism investigations depend on law enforcement and intelligence
Calibri	11	agencies sharing information effectively, including by integrating or being able to
Calibri	11	access each other’s datasets and receiving relevant automatic alerts. Information
Calibri	11	sharing also requires regularly updating ageing software and systems.
Calibri	11	7.3. In many counter-terrorism investigations no single law enforcement or intelligence
Calibri	11	agency, nor any one person within such an agency, is aware of each piece of
Calibri	11	information that may be relevant to the investigation or a line of enquiry. In order to
Calibri	11	maximise the likelihood that relevant information will be pieced to together to form
Calibri	11	a cohesive picture, agencies cooperate and share information. The sharing of such
Calibri	11	information quickly and conveniently makes it more likely that terrorist threats are
Calibri	11	detected and responded to effectively.
Calibri	11	7.4. Information can be shared from one agency to another in response to a particular
Calibri	11	request, or under an ongoing arrangement whereby information is provided at
Calibri	11	regular intervals by a ‘live feed’. Information can also be shared by one agency
Calibri	11	accessing another’s systems, or by multiple agencies sharing a system. Improvement
Calibri	11	in the way information concerning counter-terrorism investigations and monitoring
Calibri	11	is shared may require national consultation and coordination.
Calibri	11	7.5. There are existing arrangements which support the flow of information between
Calibri	11	agencies in relation to counter-terrorism, including embedding representatives from
Calibri	11	various agencies together. In particular, the Joint Counter-Terrorism Teams (JCTT),
Calibri	11	discussed in Chapter 6, enable officers drawn from a number of agencies including
Calibri	11	the Australian Security Intelligence Organisation (ASIO), the Australian Federal Police
Calibri	11	(AFP) and state and territory police to work together to prevent and disrupt terrorist
Calibri	11	activity.
Calibri	8	Interim report: Royal Commission on Antisemitism and Social Cohesion 73
Calibri	11	7.6. In the case of the Jewish community, Community Security Groups (CSGs) play an
Calibri	11	important role in sharing risk and threat information with law enforcement and
Calibri	11	intelligence agencies. The relationships between these agencies and CSGs, and the
Calibri	11	nature of their engagement, is addressed in Chapter 4. The operational engagement
Calibri	11	and information flow between CSG NSW and NSW Police in the lead up to the
Calibri	11	14 December 2025 Bondi attack is explored in more detail in Chapter 2.
Calibri	11	7.7. This chapter provides an overview of agencies’ systems before considering ways to
Calibri	11	improve agency access to the information and systems of other agencies.
Calibri,Bold	17	Overview of agencies’ systems
Calibri	11	7.8. Agencies manage information across multiple systems, depending on the type of
Calibri	11	information and how it was obtained. There may be relevant information held in one
Calibri	11	agency’s system, which another agency has the tools to ingest and analyse far more
Calibri	11	efficiently and effectively.
Calibri	11	7.9. Particularly in the counter-terrorism context, agencies manage information across
Calibri	11	multiple systems and classifications, both within and between agencies.
Calibri	11	7.10. The capacity of agencies to share information is affected by law (for example, the
Calibri	11	Privacy Act 1988 (Cth)) and by internal policy and authorising frameworks (such as
Calibri	11	agreements with other agencies).
Calibri	11	7.11. This section of the confidential report outlines key systems and databases relevant
Calibri	11	to the terms of reference for the following agencies, as well as access arrangements
Calibri	11	for those systems and databases: ASIO, AFP, NSW Police, Home Affairs, AUSTRAC
Calibri	11	and ACIC.
Calibri,Bold	17	Current initiatives to improve information sharing systems
Calibri	11	7.12. In response to questions from the Royal Commission, agencies identified several
Calibri	11	current initiatives to improve information sharing and management respecting
Calibri	11	counter-terrorism.
Calibri	11	7.13. Other issues of particular significance arising from agency responses are addressed
Calibri	11	below.
Calibri	9	74 Interim report: Royal Commission on Antisemitism and Social Cohesion
Calibri,Bold	17	Firearms information
Calibri	11	7.14. It is important that law enforcement and intelligence agencies have timely access to
Calibri	11	accurate firearms data, to improve the chances of detecting terrorist attacks before
Calibri	11	they occur. This is particularly so given that the states and territories have primary
Calibri	11	responsibility for maintaining information regarding the licensing, purchase and
Calibri	11	movement of firearms.
Calibri	11	7.15. The Australian Criminal Intelligence Commission (ACIC) administers the Australian
Calibri	11	Firearms Information Network (AFIN), which provides a point of central coordination
Calibri	11	and sharing of firearms information across Australia.
Calibri	11	7.16. The AFIN provides a ‘national life-cycle view of registered firearms in Australia, from
Calibri	11	legal importation through to legal exportation or destruction’.292 The AFIN’s purpose
Calibri	11	is to improve the sharing of information about firearms, licensing, permits and cross-
Calibri	11	border movements between jurisdictions. AFIN does not regulate ownership and
Calibri	11	use.293
Calibri	11	7.17. State and territory firearms registries provide firearms information to AFIN.294 The
Calibri	11	currency of data in the AFIN depends on those agencies contributing up-to-date
Calibri	11	data.
Calibri	11	7.18. Each state and territory manages its own firearms licensing process, under different
Calibri	11	statutory and regulatory regimes, and may record firearms data differently.
Calibri	11	7.19. ACIC allows approved agencies to see information via the AFIN user interface.295 Full
Calibri	11	AFIN access is available to all state and territory police forces, and the AFP, via a
Calibri	11	desktop application. AFIN firearms data may be accessed by police on their mobiles
Calibri	11	in the field via the National Criminal Intelligence System (NCIS) (in some cases).296
Calibri	11	7.20. This section of the confidential report outlines opportunities to enhance the access
Calibri	11	of specific agencies to AFIN data.
Calibri,Bold	12	Recommendation 8
Calibri	11	This recommendation is contained in the confidential Interim Report.
Calibri	9	292 ACIC, Written Response to Notice C-2026/0045 (20 March 2026) p 3 at [22] [ACI.9999.0003.0001].
Calibri	9	293 ACIC, Written Response to Notice C-2026/0045 (20 March 2026) p 6 at [41] [ACI.9999.0003.0001].
Calibri	9	294 ACIC, Written Response to Notice C-2026/0045 (20 March 2026) p 5 at [37] [ACI.9999.0003.0001].
Calibri	9	295 ACIC, Written Response to Notice C-2026/0045 (20 March 2026) p 5 at [38] [ACI.9999.0003.0001].
Calibri	9	296 ACIC, Annual Report 2023-24 (Commonwealth of Australia, 2024) pp 47, 56.
Calibri	8	Interim report: Royal Commission on Antisemitism and Social Cohesion 75
Calibri,Italic	15	The National Firearms Register
Calibri	11	7.21. The National Firearms Register (NFR) is presently in development. It will provide
Calibri	11	police officers with access to near real-time information on firearms, their owners
Calibri	11	and licences. It will provide a lifecycle view of registered firearms in Australia.297
Calibri	11	7.22. On 6 December 2023, after the shooting of two Queensland police officers and a
Calibri	11	civilian at a rural property in Wieambilla, the National Cabinet agreed to implement
Calibri	11	the NFR. The Prime Minister said the NFR:298
Calibri	9	… represents the most significant improvement in Australia’s firearms management systems in
Calibri	9	almost 30 years and will keep Australia’s first responders and community safer.
Calibri	9	… [it] will be a federated model – state data connects with a central hub allowing near real time
Calibri	9	[sic] information sharing across the country.
Calibri	11	7.23. At the time, National Cabinet agreed to work together to ensure the NFR was ‘fully
Calibri	11	operational within four years’.299 At the National Cabinet meeting on 15 December
Calibri	11	2025, the day after the Bondi attack, police ministers and attorneys-general were
Calibri	11	directed to develop options to accelerate ‘work on standing up the NFR’.300
Calibri	11	7.24. ACIC stated that the delivery of the Commonwealth’s components of the NFR—
Calibri	11	including the components which make it ready for jurisdiction registries to connect
Calibri	11	to the NFR—will occur by the end of 2026.301 States and territories must also take
Calibri	11	action to enable the NFR, including making necessary improvements to their data,
Calibri	11	registries, portals, legislation and business processes, and integrating their systems
Calibri	11	with the NFR.302 The NFR will be fully established when all jurisdiction registries are
Calibri	11	connected.303
Calibri	9	297 ACIC, Written Response to Notice C-2026/0045 (20 March 2026) p 3 at [17] [ACI.9999.0003.0001].
Calibri	9	298 The Hon Anthony Albanese MP, Prime Minister, ‘Meeting of National Cabinet – the Federation working for
Calibri	9	Australia’ (Media release, 6 December 2023) <https://www.pm.gov.au/media/meeting-national-cabinet-
Calibri	9	federation-working-australia>.
Calibri	9	299 The Hon Anthony Albanese MP, Prime Minister, ‘Meeting of National Cabinet – the Federation working for
Calibri	9	Australia’ (Media release, 6 December 2023) <https://www.pm.gov.au/media/meeting-national-cabinet-
Calibri	9	federation-working-australia>.
Calibri	9	300 The Hon Anthony Albanese MP, Prime Minister, ‘Meeting of National Cabinet’ (Media Release, 15
Calibri	9	December 2025); Prime Minister, ‘Albanese Labor Government will establish a National Gun Buyback Scheme’
Calibri	9	(Web Page, 19 December 2025) <https://www.pm.gov.au/media/albanese-labor-government-will-establish-
Calibri	9	national-gun-buyback-scheme>; Police Ministers Council, Communique (17 December 2025) p 1.
Calibri	9	301 ACIC, Written Response to Notice C-2026/0045 (20 March 2026) p 3 at [20] [ACI.9999.0003.0001].
Calibri,Italic	9	302 ACIC, Key Brief: National Firearms Register p 1 [ACI.0045.0002.0007].
Calibri	9	303 Home Affairs, National Firearms Register (25 March 2026), <www.homeaffairs.gov.au/about-us/our-
Calibri	9	portfolios/criminal-justice/firearms/national-firearms-register>.
Calibri	9	76 Interim report: Royal Commission on Antisemitism and Social Cohesion
Calibri	11	7.25. ACIC also informed the Commission that:304
Calibri	9	While AFIN has the capability to provide firearm information, it does not currently have the
Calibri	9	capability to provide new information instantly, due to time delays that can occur between when
Calibri	9	a firearm related transaction takes place in a jurisdiction and when it is digitally recorded and
Calibri	9	provided to AFIN by jurisdictions. One reason for time delays is that some state and territories
Calibri	9	have paper-based firearms registries. Uplift of jurisdictional registry systems is a critical
Calibri	9	component of the NFR.
Calibri	11	7.26. Further, ACIC stated that the ‘implementation of new and enhanced digital registries
Calibri	11	… is a matter for individual jurisdictions’.305
Calibri	11	7.27. Jurisdictions have separate project schedules to upgrade their systems to facilitate
Calibri	11	connection to the NFR by June 2028.306 There is an issue as to whether this timetable
Calibri	11	is unduly leisurely for a systemic improvement that the National Cabinet has
Calibri	11	required to be accelerated.
Calibri	11	7.28. Since December 2023, the Australian Government has committed $161.2 million to
Calibri	11	the NFR’s delivery over four years, and established Federation Funding Agreement
Calibri	11	schedules to provide funding to states and territories.307
Calibri	11	7.29. Ongoing work to accelerate establishment of the NFR should continue. Near real-
Calibri	11	time access to firearms information will assist law enforcement agencies in
Calibri	11	investigating threats and responding to critical incidents.
Calibri	11	7.30. There appears to be no reason why ASIO should not be given access to the NFR. The
Calibri	11	Commission will consider this issue further.
Calibri,Bold	17	The National Criminal Intelligence System
Calibri,Italic	15	What is the NCIS?
Calibri	11	7.31. The NCIS provides Australian law enforcement agencies with secure access to a
Calibri	11	national database of criminal information and intelligence.308 The purpose of the
Calibri	11	NCIS is to facilitate and support effective information sharing between law
Calibri	11	enforcement and intelligence agencies.309
Calibri	9	304 ACIC, Written Response to Notice C-2026/0045 (20 March 2026) p 6 at [43] [ACI.9999.0003.0001].
Calibri	9	305 ACIC, Written Response to Notice C-2026/0045 (20 March 2026) p 7 at [49] [ACI.9999.0003.0001].
Calibri	9	306 Home Affairs, National Firearms Register (25 March 2026) <www.homeaffairs.gov.au/about-us/our-
Calibri	9	portfolios/criminal-justice/firearms/national-firearms-register>.
Calibri	9	307 ACIC, Written Response to Notice C-2026/0045 (20 March 2026) pp 10-11 at [62] [ACI.9999.0003.0001].
Calibri	9	308 ACIC, Written Response to Notice C-2026/0045 (23 March 2026) p 1 at [6] [ACI.9999.0003.0001].
Calibri	9	309 ACC, Annual Report 2014-15 (22 October 2015) pp 119-122 [ACI.0007.0001.0251].
Calibri	8	Interim report: Royal Commission on Antisemitism and Social Cohesion 77
Calibri	11	7.32. The NCIS was created with the initial goal of updating existing infrastructure of
Calibri	11	particular systems that had begun to age.310 ACIC is responsible for administering the
Calibri	11	NCIS and its ongoing development.311
Calibri	11	7.33. The NCIS contains many datasets provided by state and territory police, Home Affairs
Calibri	11	and other ACIC systems. In particular, the NCIS includes:312
Calibri	11	• national firearms data from AFIN
Calibri	11	• criminal intelligence from the Australian Criminal Intelligence Database
Calibri	11	• criminal gang information
Calibri	11	• international travel movements data from Home Affairs
Calibri	11	• data from the National Police Reference System (NPRS), including AFP’s NPRS
Calibri	11	data (identity information, offence history, and whether a person is likely to be
Calibri	11	dangerous or is wanted for other offences)313
Calibri	11	• fact of death information
Calibri	11	• operational policing data from Victoria Police, Western Australian Police Force
Calibri	11	(WA Police), Queensland Police Service, NSW Police, South Australia Police and
Calibri	11	Tasmania Police, and
Calibri	11	• some AusCheck data.
Calibri	11	7.34. As at July 2025, the NCIS was integrated with 21 local police systems nationally and
Calibri	11	was being actively used in over 52,000 frontline operations.314 ACIC is currently
Calibri	11	undertaking work on the NCIS to allow operational policing information from the AFP
Calibri	11	(including ACT Policing) and NT Police to be ingested in the NCIS.315
Calibri	11	7.35. Part of the function of the NCIS is to identify ‘relationships’ between otherwise
Calibri	11	disparate datasets—around 2 billion relationships are currently identified.316 For
Calibri	11	example, the NCIS will identify relationships between known family members and
Calibri	11	other associates, who otherwise appear in the system as separate ‘entities’. One can
Calibri	11	view all information about an ‘entity’ (a person or organisation) via their entity
Calibri	11	record.
Calibri	9	310 ACC, Annual Report 2014-15 (22 October 2015) pp 119-122 [ACI.0007.0001.0251].
Calibri	9	311 ACIC, ‘National Criminal Intelligence System’ <https://www.acic.gov.au/services/national-criminal-
Calibri	9	intelligence-system>.
Calibri	9	312 ACIC, ‘National Criminal Intelligence System: Royal Commission Presentation, 27 February 2026’
Calibri	9	[ACI.0045.0001.0001]; ACIC, Written response to Notice C-2026/0045 (23 March 2026) p 2 at [11]
Calibri	9	[ACI.9999.0003.0001].
Calibri	9	313 ACIC, ‘Frontline services’ <https://www.acic.gov.au/frontline-services>.
Calibri	9	314 ACIC, Annual Report 2024-25 (3 October 2025) p 3.
Calibri	9	315 ACIC, Written response to Notice C-2026/0045 (20 March 2026) p 3 at [16] [ACI.9999.0003.0001].
Calibri	9	316 ACIC, ‘National Criminal Intelligence System: Royal Commission Presentation’ (27 February 2026)
Calibri	9	[ACI.0045.0001.0001].
Calibri	9	78 Interim report: Royal Commission on Antisemitism and Social Cohesion
Calibri	11	7.36. Commonwealth, state and territory legal and policy frameworks affect what
Calibri	11	information may be uploaded to the NCIS, and for what purposes.317
Calibri	11	7.37. The NCIS is underpinned by ‘data sovereignty principles’,318 in that contributing
Calibri	11	agencies set access and use rules for data they provide to the NCIS.319
Calibri	11	7.38. This section of the confidential report also outlines opportunities to expand access to
Calibri	11	the NCIS to additional agencies.
Calibri	11	7.39. This is a matter that the Royal Commission will inquire into further.
Calibri,Italic	15	Proposed improvements to the NCIS
Calibri	11	7.40. As the Interim Report was being finalised, WA Police made a submission proposing
Calibri	11	further improvements to the NCIS. The submission was expressed to have in-
Calibri	11	principle support from the Police Commissioners’ Forum, which includes all of
Calibri	11	Australia’s Police Commissioners.
Calibri	11	7.41. This will be a matter for further inquiry by the Commission.
Calibri,Bold	17	Alerts to intelligence and law enforcement agencies about a
Calibri,Bold	17	traveller’s movements
Calibri	11	7.42. Home Affairs, specifically the Australian Border Force (ABF), administers multiple
Calibri	11	travel alert systems at the Commonwealth level, which can be used to inform law
Calibri	11	enforcement and intelligence agencies about international movements of persons of
Calibri	11	interest.
Calibri	11	7.43. The reason for having multiple systems by which ABF may alert intelligence and law
Calibri	11	enforcement about traveller movements is that ‘the legacy systems that deliver
Calibri	11	these alerts were predominantly put in place prior to the establishment of Home
Calibri	11	Affairs and [the] ABF’.320
Calibri	11	7.44. This section of the confidential Interim Report outlines further details about travel
Calibri	11	alert systems and opportunities for consolidation. There appear to be sound reasons
Calibri	11	to consolidate the functions of the systems where appropriate.
Calibri	9	317 ACIC, Written Response to Notice C-2026/0045 (20 March 2026) p 3 at [15] [ACI.9999.0003.0001].
Calibri	9	318 ACIC, Written Response to Notice C-2026/0045 (20 March 2026) p 3 at [15] [ACI.9999.0003.0001].
Calibri	9	319 ACIC, Written Response to Notice C-2026/0045 (20 March 2026) p 3 at [15] [ACI.9999.0003.0001].
Calibri	9	320 Home Affairs, Written Response to Notice C-2026/0048 (17 March 2026) p 2 [DHA.9999.0015.0002].
Calibri	8	Interim report: Royal Commission on Antisemitism and Social Cohesion 79
Calibri	11	7.45. Further, the section discusses the Integrated Cargo System, and makes a
Calibri	11	recommendation in respect of access to cargo and consignment information by
Calibri	11	agencies.
Calibri,Bold	13	Recommendation 9
Calibri	11	This recommendation is contained in the confidential Interim Report.
Calibri,Bold	12	Recommendation 10
Calibri	11	This recommendation is contained in the confidential Interim Report.
Calibri,Bold	17	Sharing information of varying classifications
Calibri	11	7.46. The Royal Commission received advice about the complexities associated with
Calibri	11	working with and sharing classified material. The availability of systems which can
Calibri	11	share information at the required classification, and of persons holding appropriate
Calibri	11	security clearances, underpins the effective and secure sharing of information in
Calibri	11	support of counter-terrorism investigations. Without such systems in place, agencies
Calibri	11	holding relevant information may not be able to share it with others quickly and
Calibri	11	conveniently.
Calibri	11	7.47. The Commission received suggestions on information sharing across classifications,
Calibri	11	and has considered these matters in the confidential Interim Report.
Calibri,Bold	12	Recommendation 11
Calibri	11	This recommendation is contained in the confidential Interim Report.
Calibri,Bold	12	Recommendation 12
Calibri	11	This recommendation is contained in the confidential Interim Report.
Calibri	9	80 Interim report: Royal Commission on Antisemitism and Social Cohesion
Calibri,Bold	21	Chapter 8. Legislative frameworks
Calibri	11	8.1. In the context of the Bondi attack, this chapter is concerned with whether
Calibri	11	Commonwealth, state and territory intelligence and law enforcement agencies were
Calibri	11	prevented from taking prohibitive actions by the current legislative framework (Term
Calibri	11	of Reference (c)(vii)); and with identifying any gaps in existing legal and regulatory
Calibri	11	frameworks that impede the ability for law enforcement, border control,
Calibri	11	immigration and security agencies to prevent and respond to attacks of a similar
Calibri	11	nature (Term of Reference (c)(viii)).
Calibri	11	8.2. Although under Australia’s federal system of government, primary responsibility for
Calibri	11	criminal law and law enforcement is with the states and territories, Australia’s
Calibri	11	Federal counter-terrorism laws were substantially overhauled following the
Calibri	11	11 September 2001 terrorist attacks in the United States of America. This included
Calibri	11	the enactment of comprehensive new Commonwealth terrorism offences,321 as well
Calibri	11	as measures to address the funding of terrorism.322 Following the bombings in Bali in
Calibri	11	2002, further amendments to the Criminal Code (Cth) were made to criminalise
Calibri	11	overseas conduct that results in the death of, or serious harm to, Australians.323
Calibri	11	Subsequent amendments have introduced offences targeting foreign fighters
Calibri	11	travelling to declared areas.324
Calibri	11	8.3. Specialised powers have been conferred on law enforcement and intelligence
Calibri	11	agencies to prevent, detect and respond to terrorism. These include the Australian
Calibri	11	Security Intelligence Organisation’s (ASIO) compulsory questioning powers, counter-
Calibri	11	terrorism police powers, and powers to apply to courts for control orders and other
Calibri	11	post-sentence orders for high-risk terrorist offenders.325
Calibri	9	321 See, for example, the Security Legislation Amendment (Terrorism) Act 2002 (Cth) and, following references
Calibri,Italic	9	of power from the states, the Criminal Code Amendment (Terrorism) Act 2003 (Cth).
Calibri,Italic	9	322 See, for example, the Suppression of the Financing of Terrorism Act 2002 (Cth) and the Proceeds of Crime
Calibri	9	Act 2002 (Cth). Between 2003 and 2005, Australia further overhauled its financial crime framework to meet
Calibri	9	evolving international Financial Action Task Force standards, culminating in the passage of the Anti-Money
Calibri,Italic	9	Laundering and Counter-Terrorism Financing Act 2006 (Cth).
Calibri,Italic	9	323 Criminal Code Act 1995 (Cth), Schedule 1 (Criminal Code) Part 5.4, inserted by the Criminal Code
Calibri,Italic	9	Amendment (Offences Against Australians) Act 2002 (Cth).
Calibri,Italic	9	324 See Criminal Code, Part 5.5, inserted by the Counter-Terrorism Legislation Amendment (Foreign Fighters)
Calibri,Italic	9	Act 2014 (Cth).
Calibri,Italic	9	325 See Australian Security Intelligence Organisation Act 1979 (Cth) (ASIO Act) Division 3 (compulsory
Calibri	9	questioning powers); Crimes Act 1914 (Cth) Pt IAA Division 3A (police powers); Criminal Code Pt 5.3
Calibri	9	Division 104 (control orders), Division 105A (continuing detention orders).
Calibri	8	Interim report: Royal Commission on Antisemitism and Social Cohesion 81
Calibri	11	8.4. Since 2023, legislative amendments have focused on responding to violent
Calibri	11	extremism, hate-motivated incidents and the spread of radical ideologies online.
Calibri	11	These reforms include:
Calibri	11	• making it an offence to display publicly or trade in prohibited Nazi and terrorist
Calibri	11	symbols, to give the Nazi salute, and to use a carriage service for violent extremist
Calibri	11	material, which were introduced in 2023326
Calibri	11	• doxxing offences, introduced in 2024, to protect individuals against the
Calibri	11	intentional publishing or distribution of personal or identifying information
Calibri	11	without their consent where the conduct would reasonably be regarded as
Calibri	11	menacing or harassing, together with the aggravated offence of doxxing targeted
Calibri	11	on the basis of (among other things) a person’s religion, race or ethnic origin)327
Calibri	11	• Commonwealth hate crime offences, expanded in 2025, to protect a wider range
Calibri	11	of groups and to criminalise threatening force or violence against groups, and
Calibri	11	advocating damage or destruction of property328
Calibri	11	• Introduction in 2025 of a legislative regime for the listing of state sponsors of
Calibri	11	terrorism, and associated offences including criminalising certain dealings with
Calibri	11	state sponsors, as well as the subsequent prescription of the Islamic
Calibri	11	Revolutionary Guard Corp as a state sponsor of terrorism, and
Calibri	11	• Amendments to further strengthen Commonwealth hate crime offences and
Calibri	11	introduce a framework for prohibiting hate groups, introduced in January 2026.
Calibri	11	8.5. This chapter also identifies a number of recent reviews of various agencies that have
Calibri	11	addressed Australia’s intelligence and law enforcement legislation, including
Calibri	11	outstanding and implemented recommendations from those reviews.
Calibri,Bold	17	The agencies’ views on the need for additional powers or
Calibri,Bold	17	legislation
Calibri	11	8.6. Commonwealth and NSW agencies were invited to comment on whether in light of
Calibri	11	the Bondi attack they perceive the need for additional powers or other legislative
Calibri	11	reform. The responses received, together with consultation with senior agency
Calibri	11	officers, have formed the basis of consideration of these issues.329
Calibri,Italic	9	326 Counter-Terrorism Legislation Amendment (Prohibited Hate Symbols and Other Measures) Act 2023 (Cth).
Calibri,Italic	9	327 Privacy and Other Legislation Amendment Act 2024 (Cth).
Calibri,Italic	9	328 Criminal Code Amendment (Hate Crimes) Act 2025 (Cth).
Calibri	9	329 The agencies from which a response was sought were: the Attorney-General’s Department, the Australian
Calibri	9	Charities and Not-for-profits Commission, the Australian Criminal Intelligence Commission, the Australian
Calibri	9	Federal Police, the Australian Security Intelligence Organisation, the Australian Transaction Reports and
Calibri	9	Analysis Centre, the Department of Home Affairs, the Department of the Prime Minister and Cabinet, the NSW
Calibri	9	Crime Commission, the NSW Cabinet Office, the NSW Police Force, the NSW Premier’s Department, the Office
Calibri	9	of National Intelligence, the Victorian Department of the Premier and Cabinet, and Victoria Police.
Calibri	9	82 Interim report: Royal Commission on Antisemitism and Social Cohesion
Calibri	11	8.7. No agency, either Commonwealth or state, advised that urgent legislative or
Calibri	11	regulatory reforms are required in order to prevent, detect or respond to an attack
Calibri	11	of a similar nature to the Bondi attack. No agency has suggested that the current
Calibri	11	legislative framework prevented intelligence or law enforcement agencies from
Calibri	11	taking action that may have prevented the Bondi attack.
Calibri	11	8.8. The legislative and regulatory issues that were identified in the written responses
Calibri	11	received by the Commission fall into three broad categories:
Calibri	11	• reflections on legislative amendments passed by both the NSW Parliament and
Calibri	11	Commonwealth Parliament in the immediate aftermath of the Bondi attack
Calibri	11	• ongoing work to maintain and reform existing legislative frameworks, and
Calibri	11	• suggestions for non-urgent legislative reforms dealing with terrorism-related
Calibri	11	issues, but not directly stemming from the Bondi attack.
Calibri	11	8.9. In relation to ongoing work, agencies provided a number of examples including:
Calibri	11	• NSW Police is considering proposals for changes to offences.330
Calibri	11	• The Australian Federal Police (AFP) and Office of National Intelligence (ONI) noted
Calibri	11	ongoing work to implement the recommendations of the Comprehensive Review
Calibri	11	of the Legal Framework of the National Intelligence Community (the
Calibri	11	Comprehensive Review) regarding electronic surveillance legislation.331
Calibri	11	• On 25 March 2026, the Minister for Home Affairs introduced the Australian
Calibri	11	Criminal Intelligence Commission Bill 2026 into the Australian Parliament. The Bill
Calibri	11	would give effect to the government response to the Independent Review of the
Calibri,Italic	11	Australian Criminal Intelligence Commission and associated Commonwealth law
Calibri	11	enforcement arrangements, to replace the Australian Criminal Intelligence
Calibri	11	Commission’s (ACIC) existing legislative framework with a new Act that reflects
Calibri	11	ACIC’s role as Australia’s national criminal intelligence agency.
Calibri	11	• Commonwealth agencies noted that consideration is being given to amendment
Calibri	11	of provisions of the Criminal Code governing control orders, extended supervision
Calibri	11	orders and continuing detention orders.332
Calibri	11	• ONI noted ongoing work with the Attorney-General’s Department, Department of
Calibri	11	Home Affairs (Home Affairs) and ASIO on recommendation 60 of the 2024
Calibri	11	Independent Intelligence Review which recommended that the
Calibri,Italic	11	Telecommunications (Interception and Access) Act 1979 (Cth) (TIA Act) and the
Calibri,Italic	11	Australian Security Intelligence Organisation Act 1979 (Cth) (ASIO Act) be
Calibri	9	330 NSW Police, Written Response to Summons NSW-STP-2026/0009 (4 March 2026) p 25 at [126]
Calibri	9	[NSW_PF.8999.0001.0011].
Calibri	9	331 AFP, Written Response to Notice C-2026/0002 (28 January 2026) p 2 [AFP.9999.0001.0001]; ONI, Written
Calibri	9	Response to Notice C-2026/0005 (17 February 2026) [ONI.9999.0002.0004].
Calibri	9	332 AFP, Written Response to Notice C-2026/0002 (28 January 2026) p 2 [AFP.9999.0001.0001]; AGD, Written
Calibri	9	Response to Notice C-2026/0009 (28 January 2026) p 13 [AGD.9999.0001.0001].
Calibri	8	Interim report: Royal Commission on Antisemitism and Social Cohesion 83
Calibri	11	amended to enable ASIO to share raw foreign intelligence information with
Calibri	11	ONI.333
Calibri	11	• The AFP noted ongoing work in relation to law enforcement powers including:334
Calibri	11	– the ability to apply for a named person account takeover warrant, as
Calibri	11	recommended by the Independent National Security Legislation Monitor335
Calibri	11	– reforms to modernise general police powers, and
Calibri	11	– a notice to produce power that could be used for non-suspect third parties
Calibri	11	(e.g., financial institutions and other corporate entities).
Calibri	11	8.10. Arising from the agencies’ responses, this chapter deals with suggestions for
Calibri	11	legislative reforms on terrorism-related issues which might fairly be thought to be
Calibri	11	non-urgent. The Royal Commission received detailed suggestions for several
Calibri	11	additional, potential legislative reforms as the Interim Report was being finalised.
Calibri	11	Each of these reforms will be considered further.
Calibri,Bold	17	Recent reviews, including outstanding recommendations
Calibri	11	8.11. The Comprehensive Review in 2019 and the 2024 Independent Intelligence Review
Calibri	11	are the two most recent examinations of Australia’s intelligence laws. The
Calibri	11	Comprehensive Review concluded that Australia’s intelligence legislative framework
Calibri	11	was largely fit for purpose and rejected the need for sweeping structural reform such
Calibri	11	as a common legislative framework.336 It reaffirmed long-standing principles and
Calibri	11	distinctions and recommended mostly targeted amendments. The clear exception
Calibri	11	was electronic surveillance, where the Comprehensive Review found the existing
Calibri	11	framework to be outdated, fragmented and opaque, and recommended a major,
Calibri	11	system-wide overhaul through a new consolidated electronic surveillance Act.337
Calibri	11	8.12. The recommendations of the Comprehensive Review that relate to legislative change
Calibri	11	have largely been implemented, with the exception of electronic surveillance
Calibri	11	reform.
Calibri	11	8.13. Home Affairs stated that it is progressing the electronic surveillance reforms, and has
Calibri	11	undertaken ‘extensive work’ on the project in collaboration with law enforcement,
Calibri	11	intelligence and oversight agencies.
Calibri	9	333 ONI, Written Response to Notice C-2026/0005 (February 2026) p 1 [ONI.9999.0002.0004].
Calibri	9	334 AFP, Written Response to Notice C-2026/0002 (28 January 2026) p 2 [AFP.9999.0001.0001].
Calibri,Italic	9	335 See INSLM, Data Disruption, Network Activity and Account Takeover Powers Review of Surveillance
Calibri,Italic	9	Legislation Amendment (Identify and Disrupt) Act 2021 (Report, 1 September 2025).
Calibri,Italic	9	336 Dennis Richardson AC, Comprehensive Review of the Legal Framework of the National Intelligence
Calibri	9	Community (2019) vol 1, chapter 17, recommendation 28.
Calibri,Italic	9	337 Dennis Richardson AC, Comprehensive Review of the Legal Framework of the National Intelligence
Calibri	9	Community (2019) vol 2, chapters 26-31, and specifically recommendation 75.
Calibri	9	84 Interim report: Royal Commission on Antisemitism and Social Cohesion
Calibri	11	8.14. The 2024 Independent Intelligence Review also considered legislation issues, albeit
Calibri	11	briefly. It recommended that the Comprehensive Review’s recommendations about
Calibri	11	electronic surveillance reforms be implemented as a matter of priority.338 Other
Calibri	11	recommendations related to legislative arrangements for foreign intelligence, the
Calibri	11	Australian Signals Directorate’s (ASD) ability to manage major cyber breaches and
Calibri	11	information sharing between ASIO and ONI.
Calibri,Bold	17	Firearms regulation
Calibri	11	8.15. It was publicly acknowledged by the NSW Police Commissioner in the aftermath of
Calibri	11	the attack at Bondi that it involved the use of firearms that were legally owned by
Calibri	11	the deceased gunman, who held a Category A/B firearms licence for recreational
Calibri	11	hunting.
Calibri	11	8.16. It is appropriate to review the reforms to firearms regulation announced by National
Calibri	11	Cabinet in response to the Bondi attack. These reforms are in various stages of
Calibri	11	negotiation and implementation, discussed in greater detail below.
Calibri	11	8.17. The National Cabinet met on the day after the Bondi attack, 15 December 2025 and
Calibri	11	agreed that firearms regulation reform, including a renegotiated National Firearms
Calibri	11	Agreement, was needed.339
Calibri	11	8.18. On 19 December 2025, the NSW Government announced reforms to its firearms
Calibri	11	laws in response to ‘lessons from the attack’.340 Legislation containing those
Calibri	11	amendments, as well as other counter-terrorism related measures, was introduced
Calibri	11	into the Parliament on 22 December 2025, and passed on 24 December 2025.341
Calibri	11	8.19. Also on 19 December 2025, the Australian Government announced that it would
Calibri	11	establish a National Gun Buyback Scheme ‘to purchase surplus, newly banned and
Calibri	11	illegal firearms’, including to support the delivery of the National Cabinet’s
Calibri	11	agreement on gun law reform.342
Calibri	11	8.20. On 20 January 2026, the Commonwealth Parliament passed legislation implementing
Calibri	11	a framework for Commonwealth background checks for state and territory firearms
Calibri	9	338 Heather Smith PSM and Richard Maude, 2024 Independent Intelligence Review (2024) recommendation 55.
Calibri	9	339 The Hon Anthony Albanese MP, Prime Minister, ‘Meeting of National Cabinet’ (Media Release,
Calibri	9	15 December 2025).
Calibri	9	340 The Hon Christopher Minns MP, Premier of New South Wales, and the Hon Yasmin Catley MP, Minister for
Calibri	9	Police and Counter-Terrorism for New South Wales, ‘NSW Government to introduce toughest gun law reforms
Calibri	9	in a generation’, (Media Release, 19 December 2025).
Calibri,Italic	9	341 Terrorism and Other Legislation Amendment Act 2025 (NSW).
Calibri	9	342 The Hon Anthony Albanese MP, Prime Minister, ‘Albanese Labor Government will establish a National Gun
Calibri	9	Buyback Scheme’ (Media Release, 19 December 2025).
Calibri	8	Interim report: Royal Commission on Antisemitism and Social Cohesion 85
Calibri	11	licensing decisions; changes to customs and import controls for firearms; new
Calibri	11	offences for using online services to access or distribute instructions related to the
Calibri	11	illicit manufacture or modification of firearms or explosives; and a framework for a
Calibri	11	National Gun Buyback Scheme.343
Calibri,Italic	13	Background
Calibri	11	8.21. Australia’s firearms regulations reflect the structure of the federation. The regulation
Calibri	11	of firearms is primarily the responsibility of states and territories, whose legislation
Calibri	11	governs the licensing, possession and use of firearms, and whose registries
Calibri	11	administer those systems.
Calibri	11	8.22. The Commonwealth has a more limited role. Its responsibilities include managing
Calibri	11	import and export controls and maintaining national information systems that
Calibri	11	support identification and tracking. Home Affairs regulates the importation of
Calibri	11	firearms and related items under customs laws, and the Australian Border Force
Calibri	11	enforces import and export controls at the border.344 Permissions may be granted
Calibri	11	for specific items when they meet public safety criteria.345 These import controls
Calibri	11	complement state and territory licensing and storage requirements. Together, they
Calibri	11	aim to ensure that prohibited or higher-risk items do not enter the domestic market.
Calibri	11	8.23. Before 1996, firearms regulation was managed individually by each of the states and
Calibri	11	territories. After the Port Arthur massacre in 1996, where 35 people were killed and
Calibri	11	23 wounded in an attack involving semi-automatic rifles and a shotgun, the
Calibri	11	Commonwealth and the states and territories adopted the National Firearms
Calibri	11	Agreement.
Calibri	11	8.24. The National Firearms Agreement introduced a national framework that restricted
Calibri	11	access to certain firearm types, strengthened licensing and safety requirements,
Calibri	11	mandated uniform registration and secure storage, and required all firearms
Calibri	11	transactions to occur through licensed dealers.
Calibri	11	8.25. The National Firearms Agreement also established a 12-month national amnesty
Calibri	11	period and compensation program, constituting the 1996 national gun buyback
Calibri	11	scheme accompanied by a public education campaign.346 The scheme ran from
Calibri	11	1 October 1996 to 30 September 1997 and resulted in the surrender of
Calibri,Italic	9	343 Combatting Antisemitism, Hate and Extremism (Firearms and Customs Laws) Act 2026 (Cth); Combatting
Calibri,Italic	9	Antisemitism, Hate and Extremism (Criminal and Migration Laws) Act 2026 (Cth).
Calibri,Italic	9	344 Customs (Prohibited Imports) Regulations 1956 (Cth); Customs (Prohibited Exports) Regulations 1956 (Cth).
Calibri,Italic	9	345 Customs (Prohibited Imports) Regulations 1956 (Cth) r 4FA.
Calibri	9	346 Australasian Police Ministers’ Council, ‘Special Firearms Meeting: Resolutions’ (10 May 1996) pp 14-15
Calibri	9	<https://www.acic.gov.au/sites/default/files/2022-03/1996%20National%20Firearms%20Agreement.pdf>.
Calibri	9	86 Interim report: Royal Commission on Antisemitism and Social Cohesion
Calibri	11	approximately 640,000 newly-prohibited firearms. At the time of the scheme, there
Calibri	11	were believed to be approximately 3.25 million firearms in Australia.
Calibri	11	8.26. From 2002 onwards, the Commonwealth and the states and territories agreed to
Calibri	11	several major tranches of firearms regulation reforms.
Calibri	11	8.27. To address the illegal firearms trade, the then Australasian Police Ministers’ Council
Calibri	11	agreed to the National Firearms Trafficking Policy Agreement in July 2002,
Calibri	11	introducing additional controls on the manufacture of firearms and dealer reporting
Calibri	11	requirements.
Calibri	11	8.28. In October 2002, and against the background of a fatal shooting at Monash
Calibri	11	University, police ministers developed 28 resolutions restricting handgun use and
Calibri	11	availability, which were subsequently endorsed by the Council of Australian
Calibri	11	Governments (COAG) and implemented by all states and territories. The
Calibri	11	Commonwealth also amended import regulations and introduced a handgun
Calibri	11	buyback program which resulted in approximately 70,000 firearms being
Calibri	11	surrendered.347
Calibri	11	8.29. Further reforms occurred in 2012 which increased trafficking penalties, expanded
Calibri	11	intelligence and tracing systems, and coordinated national enforcement measures.
Calibri	11	Additional reforms introduced in 2014 sought to address ongoing vulnerabilities in
Calibri	11	relation to cross-border and international firearms trafficking by establishing new
Calibri	11	offences and mandatory minimum sentences.348
Calibri	11	8.30. In 2017, the National Firearms Agreement was updated to reflect changes to how
Calibri	11	certain types of firearms should be classified, to consolidate the terms of the
Calibri	11	National Handgun Agreement made in 2002, and to reaffirm a commitment to the
Calibri	11	establishment of a National Firearms Register. The 2017 version of the National
Calibri	11	Firearms Agreement also committed COAG and its subordinate bodies to periodically
Calibri	11	considering emerging issues relating to the National Firearms Agreement, including
Calibri	11	improvements and advancements in firearms technologies.349 Paragraph 1 of the
Calibri	11	2017 National Firearms Agreement states:350
Calibri	9	The National Firearms Agreement constitutes a national approach to the regulation of firearms.
Calibri	9	The Agreement affirms that firearms possession and use is a privilege that is conditional on the
Calibri	9	overriding need to ensure public safety, and that public safety is improved by the safe and
Calibri	9	responsible possession, carriage, use, registration, storage and transfer of firearms.
Calibri	9	347 M Davies and J Mouzos, Firearms Legislative Review (ACIC Reports, Special Report, June 2007) pp 8-11.
Calibri,Italic	9	348 AGD, Annual Report 2005-06 (2006) p 108; M Davies and J Mouzos, Firearms Legislative Review
Calibri	9	(ACIC Reports, Special Report, June 2007) p 9.
Calibri	9	349 COAG, National Firearms Agreement (February 2017) p 2.
Calibri	9	350 COAG, National Firearms Agreement (February 2017) p 2.
Calibri	8	Interim report: Royal Commission on Antisemitism and Social Cohesion 87
Calibri,Italic	13	Firearms reforms agreed by National Cabinet on 15 December 2025
Calibri	11	8.31. As outlined above, National Cabinet met on 15 December 2025 and agreed to
Calibri	11	strengthen firearms regulation. Police ministers and attorneys-general were asked to
Calibri	11	develop options, including to:351
Calibri	11	• accelerate work on the National Firearms Register
Calibri	11	• allow for additional use of criminal intelligence to underpin firearms licensing
Calibri	11	decisions that can be used in administrative licensing regimes
Calibri	11	• limit the number of firearms that may be held by any one individual
Calibri	11	• limit open-ended firearms licensing and the types of legal firearms, including
Calibri	11	modifications, and
Calibri	11	• to make Australian citizenship a condition of possessing a firearms licence.
Calibri	11	8.32. In a joint meeting on 9 January 2026, police ministers and attorneys-general:352
Calibri	9	(a) discussed proposals to strengthen the National Firearms Agreement
Calibri	9	(b) agreed to progress options for consideration at National Cabinet, noting Police Ministers have
Calibri	9	not endorsed the proposals as final as there remains consultation and cabinet approvals
Calibri	9	required, and subject to further consideration by the Senior Officials Group, noting the Northern
Calibri	9	Territory did not agree to progress all proposals, and
Calibri	9	(c) agreed options to accelerate the National Firearms Register for consideration at National
Calibri	9	Cabinet.
Calibri	11	8.33. Ministers also agreed that senior officials would ‘do further work on a
Calibri	11	Commonwealth background checking framework, to allow the additional use of
Calibri	11	intelligence held by the Australian Security Intelligence Organisation and the
Calibri	11	Australian Criminal Intelligence Commission to underpin firearms licensing decisions,
Calibri	11	to provide to National Cabinet for consideration’.353
Calibri	11	8.34. The Royal Commission sought the views of agencies on whether the matters covered
Calibri	11	by the National Cabinet agreement, if implemented, would be sufficient to manage
Calibri	11	the risks of persons connected with, or who have been investigated in relation to,
Calibri	11	terrorism or serious and organised crime having access to licensed firearms.
Calibri	9	351 The Hon Anthony Albanese MP, Prime Minister, ‘Albanese Labor Government will establish a National Gun
Calibri	9	Buyback Scheme’ (19 December 2025) <https://www.pm.gov.au/media/albanese-labor-government-will-
Calibri	9	establish-national-gun-buyback-scheme>; Police Ministers Council, Communique (17 December 2025) p 1.
Calibri	9	352 Police Ministers Council and Standing Council of Attorneys-General, Communique: Joint Meeting of Police
Calibri,Italic	9	Ministers Council & Standing Council of Attorneys-General (9 January 2026) p 1.
Calibri	9	353 Police Ministers Council and Standing Council of Attorneys-General, Communique: Joint Meeting of Police
Calibri,Italic	9	Ministers Council & Standing Council of Attorneys-General (9 January 2026) 2. This relates to a measure
Calibri,Italic	9	contained in the Combatting Antisemitism, Hate and Extremism (Firearms and Customs Laws) Act 2026 (Cth).
Calibri	9	88 Interim report: Royal Commission on Antisemitism and Social Cohesion
Calibri	11	8.35. Home Affairs, ASIO and ACIC each stated that the reforms, if implemented, would
Calibri	11	assist to manage the risk of individuals with violent extremist ideologies or involved
Calibri	11	in serious and organised crime obtaining lawful access to firearms. The department
Calibri	11	and agencies noted that state and territory agreement and action, including
Calibri	11	legislative amendments, would be necessary to give effect to the National Cabinet
Calibri	11	agreement.354
Calibri	11	8.36. Many of the matters considered by National Cabinet respond directly to
Calibri	11	circumstances relevant to the Bondi attack. These include that the deceased gunman
Calibri	11	was licensed to own six firearms and was not an Australian citizen. Other options
Calibri	11	represent broader reforms. All options are directed to reducing the risk that persons
Calibri	11	seeking to commit acts of terrorism or violent extremism, or seeking to facilitate
Calibri	11	serious and organised crime, may access firearms lawfully.
Calibri	11	8.37. There may be concerns that these reforms will increase the regulatory burden on
Calibri	11	legitimate firearms owners and users, including those who require the use of
Calibri	11	firearms for their livelihood, such as primary producers. However, the use of licensed
Calibri	11	firearms in the attack at Bondi, as with many previous attacks and mass-casualty
Calibri	11	shootings, highlights the risks inherent in the availability of firearms.
Calibri	11	8.38. There has also been media reporting that the NSW Police held concerns that high-
Calibri	11	risk groups may seek to use ‘cleanskin’ associates to obtain access to licensed
Calibri	11	firearms to facilitate criminal activity without alerting law enforcement.355
Calibri	11	Such possibilities highlight the importance of a regulatory framework for firearms
Calibri	11	licensing which is informed by intelligence, and is appropriately resourced to support
Calibri	11	compliance and enforcement action where required. How adjudicators of firearms
Calibri	11	licence applications obtain and consider intelligence will be the subject of further
Calibri	11	examination.
Calibri	11	8.39. There is a public interest in national consistency in firearms regulation in Australia,
Calibri	11	where extensive and largely unmonitored state and territory borders make it
Calibri	11	possible for people and firearms to move between jurisdictions with relative ease.
Calibri	11	Differences in arrangements between jurisdictions can undermine arrangements in
Calibri	11	other jurisdictions and the overall integrity of the national system.
Calibri	9	354 Home Affairs Written Response to Notice C-2026/0048 (17 March 2026) p 2 [DHA.9999.0014.0030];
Calibri	9	ASIO Written Response to Notice C-2026/0039 (17 March 2026) pp 2-3; ACIC Written Response to Notice
Calibri	9	C-2026/0045 (23 March 2026) p 9 [ACI.9999.0003.0001].
Calibri	9	355 Percy Duffin, Mostafa Rachwani and Michael McGowan, ‘Police feared Bondi gunman’s Islamic State
Calibri	9	associates were seeking weapons’, Sydney Morning Herald (Online, 18 December 2025)
Calibri	9	<https://www.smh.com.au/national/nsw/police-feared-bondi-gunwamn-s-islamic-state-associates-were-
Calibri	9	seeking-weapons-20251217-p5nohh.html>.
Calibri	8	Interim report: Royal Commission on Antisemitism and Social Cohesion 89
Calibri,Bold	13	Recommendation 13
Calibri	11	The Commonwealth and states and territories should prioritise efforts to finalise and
Calibri	11	implement an updated and nationally consistent National Firearms Agreement.
Calibri,Italic	15	New South Wales firearms reforms
Calibri,Italic	11	8.40. In NSW, the Terrorism and Other Legislation Amendment Act 2025 (NSW):
Calibri	11	• restricted firearms licences to Australian citizens, New Zealand citizens who are
Calibri	11	permanent residents of Australia and who require a firearms licence for a limited
Calibri	11	range of occupational reasons, and classes of persons prescribed in regulations
Calibri	11	• reduced the standard term for firearm licences from five years to two years
Calibri	11	• capped the number of firearms an individual may possess at four, with a higher
Calibri	11	limit for primary producers
Calibri	11	• restricted access to pump-action, button or lever-release, or straight-pull
Calibri	11	firearms—such as those used in the Bondi attack—to primary producers
Calibri	11	• reduced magazine capacity limits for Category A and B firearms, and prohibited
Calibri	11	the use of belt-fed magazines
Calibri	11	• mandated gun club membership for all licence holders, and
Calibri	11	• removed the option to appeal certain firearms licensing decisions through the
Calibri	11	NSW Civil and Administrative Tribunal.
Calibri	11	8.41. Many of the firearms-related amendments made by the Act are yet to commence.356
Calibri,Italic	15	Commonwealth firearms reforms
Calibri,Italic	11	8.42. At the Commonwealth level, the Combatting Antisemitism, Hate and Extremism
Calibri,Italic	11	(Firearms and Customs Laws) Act 2026 (Cth):
Calibri	11	• established a framework for Commonwealth background checks for state and
Calibri	11	territory firearms licensing decisions, under the AusCheck Act 2007 (Cth), drawing
Calibri	11	on intelligence held by ASIO and ACIC
Calibri	11	• introduced changes to customs and import controls for firearms, including
Calibri	11	restricting imports to Australian citizens, prohibiting the importation of specified
Calibri	11	accessories (such as belt-fed magazines, silencers, speed loaders, and magazines
Calibri	11	exceeding 30 rounds), and replacing open-ended import permits with a
Calibri	11	requirement for importers to obtain permission for each transaction
Calibri	9	356 NSW Police, ‘Firearms Registry’ <https://police.nsw.gov.au/online_services/firearms>.
Calibri	9	90 Interim report: Royal Commission on Antisemitism and Social Cohesion
Calibri	11	• introduced new offences for using online services to access or distribute
Calibri	11	instructions related to the illicit manufacture or modification of firearms or
Calibri	11	explosives, and
Calibri	11	• established a framework for a national gun buyback scheme, with
Calibri	11	implementation arrangements including compensation and timeframes, to be
Calibri	11	settled by the Minister for Home Affairs in agreement with state and territory
Calibri	11	governments.
Calibri	13	Commonwealth background checking framework
Calibri	11	8.43. The establishment of a Commonwealth background checking framework for state
Calibri	11	and territory firearms licensing decisions flows from the National Cabinet’s
Calibri	11	agreement on 15 December 2025 to allow the additional use of intelligence to
Calibri	11	underpin firearms licence decision-making. The framework represents a significant
Calibri	11	increase in the Commonwealth’s involvement in, and contribution to, firearms
Calibri	11	regulation in Australia. If implemented in the manner contemplated by the
Calibri	11	Commonwealth, the framework would involve AusCheck, ASIO and ACIC:
Calibri	11	• considering every application for a new or renewed gun licence in Australia
Calibri	11	• providing advice on whether each such application raises a risk to security
Calibri	11	(including, for example, that a firearm may be used for politically motivated
Calibri	11	violence including terrorism) or to the advancement of serious and organised
Calibri	11	crime, and
Calibri	11	• providing advice, outside of the context of a pending application, should ASIO or
Calibri	11	ACIC identify a change in the risk-profile of an existing firearms licence holder.
Calibri	11	8.44. On 17 March 2026, Home Affairs indicated that progress on a national approach is
Calibri	11	well underway:357
Calibri	9	While states and territories continue to consider their positions on the AusCheck reforms, the
Calibri	9	Commonwealth is progressing the implementation of the model. Commonwealth legislation has
Calibri	9	now passed, and Exposure Draft AusCheck Regulations are being prepared for circulation to
Calibri	9	jurisdictions. Engagement with background checking partners including ASIO and ACIC is ongoing
Calibri	9	to identify, document and implement system changes to enable firearms background checks. In
Calibri	9	parallel, ICT integration planning is underway, with system readiness targeted for July 2026 [so
Calibri	9	far as its systems are concerned].
Calibri,Italic	11	8.45. Part 2 of Schedule 2 of the Combatting Antisemitism, Hate and Extremism (Firearms
Calibri	11	and Customs Laws) Act 2026 (Cth) amended the Crimes Act, relevantly, to authorise
Calibri	11	ASIO to use and disclose information in its possession about a person’s spent,
Calibri	11	pardoned or quashed convictions in the performance of its functions and powers.
Calibri	11	However, the Act did not override state and territory laws to authorise state and
Calibri	9	357 Home Affairs, Written Response to Notice C-2026/0048 (17 March 2026) p 4 [DHA.9999.0014.0030].
Calibri	8	Interim report: Royal Commission on Antisemitism and Social Cohesion 91
Calibri	11	territory agencies to disclose spent, pardoned or quashed conviction information to
Calibri	11	ASIO.
Calibri	11	8.46. The Explanatory Memorandum to the Bill explained the value of access to
Calibri	11	information about pardoned and quashed convictions in the following terms:358
Calibri	9	Depending on the reasons for the pardoning or quashing of a conviction, information about that
Calibri	9	conviction may remain relevant from a security or criminal intelligence… perspective.
Calibri	9	For example:
Calibri	9	• in a circumstance where a conviction for terrorism… was quashed because of a legal or
Calibri	9	procedural error, rather than fresh evidence indicating innocence, the nature of the person’s
Calibri	9	conduct may remain relevant for intelligence purposes, including for the purpose of
Calibri	9	considering whether the person should be granted or hold a firearms licence…
Calibri	11	8.47. Similar reasoning could apply to spent convictions, where the fact that a person had
Calibri	11	previously been convicted of an offence may remain relevant to the question of
Calibri	11	whether they should receive a firearms licence at a future point in time, even if only
Calibri	11	to prompt agencies to consider the nature and circumstances of the relevant
Calibri	11	conduct.
Calibri	11	8.48. ACIC expressed support for the recent legislative reform measures to implement
Calibri	11	firearms licensing changes, including amendments to the TIA Act and Surveillance
Calibri	11	Devices Act 2004 (Cth) to use information obtained under a warrant under one of
Calibri	11	these Acts in a criminal intelligence assessment. ACIC said:359
Calibri	9	Previously where the ACIC obtained information under one of these warrants in the performance
Calibri	9	of our functions, the information could not be used to inform criminal intelligence assessments
Calibri	9	due to the limitations on the use of information contained in these Acts.
Calibri	11	8.49. The introduction of a Commonwealth background checking framework has the
Calibri	11	potential to assist firearms licensing decisions and protect public safety. The success
Calibri	11	of such a framework will depend on effective information flows between state and
Calibri	11	territory licensing authorities and agencies, AusCheck, ASIO and ACIC. The detailed
Calibri	11	design of such a framework (including access to spent, pardoned and quashed
Calibri	11	convictions information), should be settled through the Senior Officials Groups
Calibri	11	established to support the Police Ministers Council and Standing Council of
Calibri	11	Attorneys-General, to ensure that it achieves the objective of enabling greater and
Calibri	11	effective use of security intelligence, and criminal intelligence concerning serious
Calibri	11	and organised crime, in firearms licensing decisions.
Calibri	9	358 Explanatory Memorandum, Combatting Antisemitism, Hate and Extremism (Firearms and Customs Laws)
Calibri	9	Bill 2026 (Cth), p 9.
Calibri	9	359 ACIC, Written Response to Notice C-2026/0031 (18 March 2026) p 3 at [14] [ACI.9999.0002.0001].
Calibri	9	92 Interim report: Royal Commission on Antisemitism and Social Cohesion
Calibri	13	National gun buyback scheme
Calibri	11	8.50. On 19 December 2025, the Prime Minister announced that the Commonwealth
Calibri	11	would establish a National Gun Buyback Scheme to purchase surplus, newly banned,
Calibri	11	and illegal firearms, with legislation to be introduced to support funding for the
Calibri	11	Scheme, and costs to be met on a 50:50 basis with the states and territories.360
Calibri	11	The Scheme was intended to support the proposals agreed by National Cabinet, in
Calibri	11	particular to:361
Calibri	11	• limit the types of guns that are legal, including modifications, and
Calibri	11	• limit the number of firearms able to be held by any one individual.
Calibri	11	8.51. As noted above, national gun buyback schemes operated in 1996 and in 2003,
Calibri	11	resulting in the surrender and destruction of approximately 650,000362 and 70,000
Calibri	11	firearms respectively.363 The Western Australian Government recently ran firearms
Calibri	11	buyback schemes between February 2024 and January 2026, resulting in the
Calibri	11	surrender of almost 84,000 firearms.364 The Commonwealth, states and territories
Calibri	11	have also had firearms amnesties permitting individuals to surrender unregistered
Calibri	11	firearms without liability, including firearms that were restricted at an earlier date
Calibri	11	but not surrendered. In 2021, all Australian Governments agreed to a Permanent
Calibri	11	National Firearms Amnesty.365
Calibri	11	8.52. The practical implementation of the National Gun Buyback Scheme announced by
Calibri	11	the Prime Minister on 19 December is subject to negotiation between the
Calibri	11	Commonwealth and the states and territories. The extraordinary joint meeting of the
Calibri	11	Police Ministers Council and the Standing Council of Attorneys-General did not reach
Calibri	11	agreement on the design of these proposals, or even that they should be progressed.
Calibri	11	Rather, ministers:366
Calibri	11	• agreed to the Senior Officials Group doing further work on a Commonwealth
Calibri	11	background checking framework, and
Calibri	9	360 The Hon Anthony Albanese MP, Prime Minister, ‘Albanese Labor Government will establish a National Gun
Calibri	9	Buyback Scheme’ (Media Release, 19 December 2025) <www.pm.gov.au/media/albanese-labor-government-
Calibri	9	will-establish-national-gun-buyback-scheme>.
Calibri	9	361 The Hon Anthony Albanese MP, Prime Minister, ‘Meeting of National Cabinet’ (Media Release,
Calibri	9	15 December 2025) <www.pm.gov.au/media/meeting-national-cabinet-8>.
Calibri	9	362 Australian Criminal Intelligence Commission, Illicit Firearms in Australia (2016) p 25.
Calibri,Italic	9	363 AGD, Annual Report 2005-06 (2006) p 108.
Calibri	9	364 The Hon Roger Cook MLA, Premier of Western Australia, and the Hon Reece Whitby MLA, Minister for
Calibri	9	Police, Road Safety, Tourism and Great Southern for Western Australia, ‘Buyback ends with more than 83,000
Calibri	9	firearms surrendered’ (Media Release, 20 January 2026) <www.wa.gov.au/government/media-
Calibri	9	statements/Cook%20Labor%20Government/Buyback-ends-with-more-than-83%2C000-firearms-surrendered-
Calibri	9	20260120>.
Calibri	9	365 Home Affairs, ‘Permanent national firearms amnesty’, <https://www.homeaffairs.gov.au/about-us/out-
Calibri	9	portfolios/criminal-justice/firearms/permanent-national-firearms-amnesty>.
Calibri	9	366 Police Ministers Council and Standing Council of Attorneys-General, Communique: Joint Meeting of Police
Calibri,Italic	9	Ministers Council & Standing Council of Attorneys-General (9 January 2026) pp 1-2.
Calibri	8	Interim report: Royal Commission on Antisemitism and Social Cohesion 93
Calibri	11	• discussed options to implement a National Gun Buyback Scheme.
Calibri	11	8.53. These two schemes cannot be unilaterally implemented by the Commonwealth as
Calibri	11	they are dependent on corresponding state and territory legislative amendments,
Calibri	11	including to:
Calibri	11	• enable state and territory firearms registries to request a Commonwealth
Calibri	11	background check, and to rely on the result of the check, as part of the firearms
Calibri	11	licensing decision-making processes, and
Calibri	11	• implement the National Gun Buyback Scheme in each jurisdiction.
Calibri	11	8.54. The establishment of a gun buyback scheme could reasonably be expected to reduce
Calibri	11	the number of firearms available in the community.
Calibri,Bold	12	Recommendation 14
Calibri	11	The Commonwealth, states and territories should prioritise efforts to implement the
Calibri	11	proposed National Gun Buyback Scheme.
Calibri,Bold	17	Online extremism and radicalisation
Calibri	11	8.55. The online environment is rapidly changing the nature of the threat of terrorism and
Calibri	11	religious or ideologically motivated extremism in Australia. In April 2024, in his
Calibri	11	address to the National Press Club, the Director-General of Security, Mike Burgess
Calibri	11	AM, described the internet as ‘the most potent incubator of extremism’. When ASIO
Calibri	11	increased the National Terrorism Threat Level to PROBABLE in August 2024, the
Calibri	11	Director-General stated ‘extremist ideologies, conspiracies, misinformation, are
Calibri	11	flourishing in the online ecosystem and young Australians are particularly
Calibri	11	vulnerable’.367 In the 2025 Annual Threat Assessment, he said that ‘grievance
Calibri	11	narratives, conspiracies and online echo chambers … have festered and evolved into
Calibri	11	a diverse threat environment susceptible to sudden shifts in response to events.’
Calibri	11	8.56. Research by the Australian Institute of Criminology in 2023 highlighted that a
Calibri	11	significant number of violent extremist offenders (perhaps up to 60 per cent) ‘either
Calibri	11	radicalise primarily online or have significant online influences in their
Calibri	11	radicalisation’.368 Artificial intelligence, social media and online gaming are increasing
Calibri	11	the scale and volume of violent extremist narratives.369 The environment now
Calibri	9	367 Mike Burgess AM, Director-General of Security (Press Conference, Parliament House, Canberra, 5 August
Calibri	9	2024) <https://www.pm.gov.au/media/press-conference-parliament-house-canberra-27>.
Calibri	9	368 Heather Wolbers et al, ‘Understanding and preventing internet-facilitated radicalisation’ (2023) 673
Calibri,Italic	9	Australian Institute of Criminology: Trends & issues in crime and justice p 3.
Calibri,Italic	9	369 Australian Government, A Safer Australia: Australia’s Counter-Terrorism and Violent Extremism Strategy
Calibri	9	2025 (January 2025) p 15.
Calibri	9	94 Interim report: Royal Commission on Antisemitism and Social Cohesion
Calibri	11	confronting agencies involves radicalisation over a period of ‘days and weeks rather
Calibri	11	than months or years’.370 In this environment, evolving technology and the ‘near
Calibri	11	ubiquity of encrypted messaging’ can challenge agencies’ ability to detect,
Calibri	11	investigate and prevent radicalisation pathways.371
Calibri	11	8.57. ASIO and the AFP, as well as other Commonwealth, state and territory agencies,
Calibri	11	undertake covert online investigations to detect, obtain intelligence about and
Calibri	11	investigate, and disrupt threats to security and serious criminal activity.372
Calibri	11	8.58. The AFP said:373
Calibri	9	Over the past 10 or so years the AFP, and law enforcement agencies globally, have identified an
Calibri	9	increasing tendency for people to become radicalised online. This may occur in a variety of online
Calibri	9	spaces, including chat groups and social media. The time from engagement to radicalisation and
Calibri	9	then action can be extremely short making the timely investigation of suspicious for a key
Calibri	9	priority. The investigative techniques used necessarily include covert engagement.
Calibri	11	8.59. Controlled operations are tools which enable the AFP to collect evidence about
Calibri	11	serious crimes in circumstances that would otherwise expose individuals involved in
Calibri	11	the operations to criminal and civil liability.374 Special intelligence operations enable
Calibri	11	ASIO to collect intelligence relevant to security in similar circumstances.375 Rather
Calibri	11	than requiring agencies to disrupt the criminal activity or security matter when it is
Calibri	11	identified, the frameworks allow the activity to continue under controlled
Calibri	11	conditions, and authorise individuals to engage with the activity or matter
Calibri	11	undercover.
Calibri	11	8.60. Both schemes provide immunity from legal liability for conduct undertaken by
Calibri	11	participants in the course of an authorised operation. The Commission received
Calibri	11	information from agencies related to the effectiveness of the legal frameworks that
Calibri	11	support engagement in covert online operations, including those which allow them
Calibri	11	to engage in criminal conduct in the course of those investigations.376
Calibri	9	370 Mike Burgess AM, Director-General of Security, ‘Director-General’s Annual Threat Assessment 2025’
Calibri	9	(Speech, 19 February 2025) <https://www.asio.gov.au/director-generals-annual-threat-assessment-2025>.
Calibri,Italic	9	371 Australian Government, A Safer Australia: Australia’s Counter-Terrorism and Violent Extremism Strategy
Calibri	9	2025 (January 2025) p 15.
Calibri	9	372 See Mike Burgess AM, Director-General of Security, ‘Director-General’s Annual Threat Assessment 2025’
Calibri	9	(Speech, 19 February 2025) <https://www.asio.gov.au/director-generals-annual-threat-assessment-2025>;
Calibri	9	Australian Centre to Counter Child Exploitation, ‘About the ACCCE’ <https://www.accce.gov.au/what-we-
Calibri	9	do/about-us>; Australian Federal Police,’26 men charged with 1000+ offences after major covert operation
Calibri	9	targets offenders sharing violent child abuse material’ (8 March 2026) <https://www.afp.gov.au/news-
Calibri	9	centre/media-release/26-men-charged-1000-offences-after-major-covert-operation-targets>.
Calibri	9	373 AFP, Written Response to Notice C-2026/0036 (25 March 2026) p 5 [AFP.9999.0017.0004].
Calibri	9	374 Crimes Act, Part IAB.
Calibri	9	375 ASIO Act, Part III Division 4.
Calibri	9	376 See, for example, AFP, Written Response to Notice C-2026/0002 (19 February 2026) p 2 at [6]
Calibri	9	[AFP.9999.0005.0001].
Calibri	8	Interim report: Royal Commission on Antisemitism and Social Cohesion 95
Calibri	11	8.61. Online extremism and radicalisation are issues that will be the subject of
Calibri	11	consideration at the Commission’s hearings.
Calibri	9	96 Interim report: Royal Commission on Antisemitism and Social Cohesion
Calibri,Bold	21	Chapter 9. ASIO intelligence priorities and
Calibri,Bold	21	resourcing for counter-terrorism
Calibri,Bold	17	Introduction
Calibri	11	9.1. Term of Reference (c)(vi) requires an examination of whether intelligence agencies
Calibri	11	performed to maximum effectiveness, as part of the circumstances surrounding the
Calibri	11	attack at Bondi on 14 December 2025. That inquiry includes an understanding of
Calibri	11	how the Australian Security Intelligence Organisation (ASIO) had assessed the threat
Calibri	11	of terrorism in the years leading up to 2025, how counter-terrorism featured in its
Calibri	11	overall priorities during that time, and how this was reflected in its resource
Calibri	11	allocation. Many of the details of this inquiry are confidential and are examined in
Calibri	11	the confidential Interim Report.
Calibri	11	9.2. The process by which threat levels and threat assessments are made has been set
Calibri	11	out in Chapter 1. This chapter explains how intelligence priorities were set, and
Calibri	11	resources were allocated, to counter-terrorism in that threat environment.
Calibri,Bold	17	Counter-terrorism priorities
Calibri	11	9.3. The National Intelligence Community (NIC) comprises 10 agencies that work
Calibri	11	together to pursue common missions and help government to achieve its objectives.
Calibri	11	It is led by the Office of National Intelligence and includes ASIO, the Australian
Calibri	11	Federal Police (AFP) and the Department of Home Affairs.
Calibri	11	9.4. In this section of the confidential Interim Report there is an explanation of how the
Calibri	11	NIC sets its priorities and how it evaluates whether they are being achieved. It also
Calibri	11	discusses how ASIO sets its priorities and allocates resources.
Calibri,Italic	15	The Australian Intelligence Missions and annual advice to Cabinet
Calibri	11	9.5. This section is confidential.
Calibri,Italic	15	How ASIO sets its priorities
Calibri	11	9.6. This section is confidential.
Calibri	8	Interim report: Royal Commission on Antisemitism and Social Cohesion 97
Calibri,Bold	17	Priorities and resource allocation 2020-25
Calibri,Italic	15	Changes in intelligence priorities and resourcing commencing in
Calibri,Italic	15	2020-21
Calibri	11	9.7. ASIO’s 2020-21 Annual Report notes that Australia’s threat environment is complex,
Calibri	11	challenging and changing and that ASIO was anticipating that ‘espionage and foreign
Calibri	11	interference will supplant terrorism as Australia’s principal security concern over the
Calibri	11	next five years’.377
Calibri	11	9.8. Further details are confidential.
Calibri	13	2022
Calibri	11	9.9. In his Annual Threat Assessment, presented in February 2022, the Director-General
Calibri	11	of Security stated that espionage and foreign interference had supplanted terrorism
Calibri	11	as his principal security concern.378 This was reiterated in ASIO’s 2021-22 Annual
Calibri	11	Report, which stated that ASIO’s Counter-Terrorism Division had three Branches
Calibri	11	within it, whereas its Counter-Espionage and Interference Division had five.379
Calibri	11	9.10. As noted in Chapter 1, in November 2022, the National Terrorism Threat Level was
Calibri	11	reduced to POSSIBLE, based on the assessment that there were fewer extremists
Calibri	11	with the intention to conduct an attack onshore than there were when the level was
Calibri	11	raised in 2014.380 The Director-General of Security stated that although the threat
Calibri	11	from religiously motivated violent extremists had moderated, ‘threat to life will
Calibri	11	remain a priority for me and my Organisation, and we will need to remain
Calibri	11	vigilant’.381
Calibri	11	9.11. Further details in this section are confidential.
Calibri	9	377 ASIO, ASIO Annual Report 2020-21 (24 October 2022) p 4.
Calibri	9	378 Mike Burgess AM, Director-General of Security (Annual Threat Assessment, 9 February 2022)
Calibri	9	<www.asio.gov.au/resources/speeches-and-statements/director-generals-annual-threat-assessment-2022>.
Calibri	9	379 Australian Security Intelligence Organisation, ASIO Annual Report 2021-22 (24 October 2022) p 14.
Calibri	9	380 Mike Burgess AM, Director-General of Security (National Terrorism Threat Level, 28 November 2022)
Calibri	9	<www.asio.gov.au/resources/speeches-and-statements/national-terrorism-threat-level>.
Calibri	9	381 Mike Burgess AM, Director-General of Security (National Terrorism Threat Level, 28 November 2022)
Calibri	9	<www.asio.gov.au/resources/speeches-and-statements/national-terrorism-threat-level>.
Calibri	9	98 Interim report: Royal Commission on Antisemitism and Social Cohesion
Calibri	13	2023
Calibri	11	9.12. In his 2023 Annual Threat Assessment, the Director-General of Security stated that
Calibri	11	‘ASIO assesses that Australia remains a potential terrorist target, but there are fewer
Calibri	11	extremists with the intention to conduct an attack onshore than there were when
Calibri	11	we raised the threat level in 2014’. He also stated that ‘while threat to life will always
Calibri	11	be a priority for ASIO, espionage and foreign interference is now our principal
Calibri	11	security concern. Countering threats to our way of life is soaking up more and more
Calibri	11	of our resources’.382
Calibri	11	9.13. The 2022-23 ASIO Annual Report discusses the lowering of the National Terrorism
Calibri	11	Threat Level in 2022 and it notes that the violent extremist threat had moderated.
Calibri	11	This Annual Report reiterated the Director-General of Security’s statement that
Calibri	11	espionage and foreign interference was ASIO’s principal security concern. At this
Calibri	11	time, the Counter-Terrorism Division had two Branches within it, whereas the
Calibri	11	Counter-Espionage and Interference Division had five.383
Calibri	11	9.14. In December 2023, ASIO issued a Holiday Season threat assessment. Such
Calibri	11	assessments are issued annually and cover threats to multiple celebrations in the
Calibri	11	December-January period. This threat assessment specifically mentions Chanukah:
Calibri	11	‘[w]e have no information to indicate a specific terrorist threat within Australia
Calibri	11	during the 2023 Christmas/New Year period, or during Hanukkah
Calibri	11	(7-15 December 2023)’. It refers to the ‘increasing interest in attacking Jewish and
Calibri	11	Israeli interests’ in the ‘lead up to the holiday season, including Chanukah’.384
Calibri	11	9.15. Further details in this section are confidential.
Calibri	13	2024
Calibri	11	9.16. In his 2024 Annual Threat Assessment, the Director-General of Security noted that
Calibri	11	the conflict in the Middle East was ‘resonating’ in Australia and that ASIO was
Calibri	11	monitoring the implications for domestic security. He also stated that:385
Calibri	9	Hateful rhetoric has targeted Israel and the Jewish community, as well as Muslim and Palestinian
Calibri	9	communities. Sunni violent extremism poses the greatest religiously motivated violent extremist
Calibri	9	threat in Australia. But we are not seeing Australians travelling to join the terrorists in the Middle
Calibri	9	382 Mike Burgess AM, Director-General of Security (Annual Threat Assessment, 21 February 2023)
Calibri	9	<www.asio.gov.au/director-generals-annual-threat-assessment-2023>.
Calibri	9	383 Australian Security Intelligence Organisation, ASIO Annual Report 2022-23, pp 4, 14 and 37.
Calibri	9	384 ASIO, ‘Australia: crowded places threat assessment for the 2023 Christmas/New Year period’
Calibri	9	(ATA 071/2023, 11 December 2023) [A28120114].
Calibri	9	385 Mike Burgess AM, Director-General of Security (Annual Threat Assessment 2024, 28 February 2024)
Calibri	9	<www.asio.gov.au/director-generals-annual-threat-assessment-2024>.
Calibri	8	Interim report: Royal Commission on Antisemitism and Social Cohesion 99
Calibri	9	East as we did for the ISIL Caliphate. And thankfully have not seen the lone actor attacks that
Calibri	9	have occurred elsewhere and were inspired by that conflict. ASIO remains concerned about lone
Calibri	9	actors, though – the potential for an individual or small group under the radar of authorities to
Calibri	9	use readily available weapons to carry out an act of terrorism.
Calibri	11	9.17. As noted in Chapter 1, this was followed by the 5 August 2024 increase in the
Calibri	11	National Terrorism Threat Level to PROBABLE.386 At the Prime Minister’s press
Calibri	11	conference, the Director-General of Security stated ‘[y]ou’ve heard me say many
Calibri	11	times that espionage and foreign interference are our principal security concerns.
Calibri	11	ASIO’s intelligence suggests that is no longer accurate. While threats to our way of
Calibri	11	life remain elevated, we are seeing an increase in extremism’.387
Calibri	11	9.18. The 2023-24 ASIO Annual Report stated that ‘[politically motivated violence] is now
Calibri	11	one of ASIO’s principal security concerns, along with espionage and foreign
Calibri	11	interference’. Religiously motivated violent extremism represented ‘the majority of
Calibri	11	ASIO’s counter-terrorism caseload in the reporting period’. The report also noted the
Calibri	11	level of espionage and foreign interference did not diminish in 2023-24.388
Calibri	11	9.19. ASIO states that, by October 2024, it had increased its focus on antisemitism
Calibri	11	‘consistent with and responsive to, the risk of anti-Semitic incidents in Sydney and
Calibri	11	Melbourne. This focus was driven by a rapid increase of antisemitic arsons and
Calibri	11	vandalism in Sydney’.389
Calibri	11	9.20. In December 2024, ASIO issued its Holiday Season threat assessment. It stated that
Calibri	11	‘[g]lobal terrorism propaganda continues to feature Christian and Jewish religious
Calibri	11	holidays as potential targets, although there have been no credible references to
Calibri	11	holiday events in Australia’. It also stated that ‘[i]n addition to the size of an event,
Calibri	11	the type of event itself – such as those with an overt religious element, government
Calibri	11	affiliation or promotion of multiculturalism – may also be a consideration for
Calibri	11	targeting by violent extremists’. It referred specifically to the violent protest threat
Calibri	11	to Jewish interests: ‘[t]here is a realistic possibility Israeli and Jewish interests may
Calibri	11	be targeted for violent protest and provocative activities over the Jewish holiday of
Calibri	11	Hanukkah (25 December 2024 – 2 January 2025)’.390
Calibri	11	9.21. Further details in this section are confidential.
Calibri	9	386 The Hon Anthony Albanese MP, Prime Minister (Press Conference, Parliament House, Canberra,
Calibri	9	5 August 2024) <www.pm.gov.au/media/press-conference-parliament-house-canberra-27>.
Calibri	9	387 Mike Burgess AM, Director-General of Security (Press Conference, Parliament House, Canberra,
Calibri	9	5 August 2024) <www.pm.gov.au/media/press-conference-parliament-house-canberra-27>.
Calibri	9	388 Australian Security Intelligence Organisation, ASIO Annual Report 2023-24, pp 4-5.
Calibri	9	389 ASIO, Written Response to Notice C 2026/0001 (Questions 8,9, 12, 23, 24, 30 and 40, A28123951) pp 3-4 at
Calibri	9	[17].
Calibri	9	390 ASIO, ‘Threat wrap-up: crowded places threat assessment for the 2024-25 holiday period’ (ATA 054/2024,
Calibri	9	5 December 2024) [A28120131].
Calibri	9	100 Interim report: Royal Commission on Antisemitism and Social Cohesion
Calibri	13	2025
Calibri	11	9.22. In his 2025 Annual Threat Assessment made on 19 February 2025, the
Calibri	11	Director-General of Security described Australia’s security environment as ‘more
Calibri	11	dynamic, diverse and degraded’. He noted that ‘the war in the Middle East has not
Calibri	11	yet directly inspired terrorism in Australia, but it is prompting protest, exacerbating
Calibri	11	division, undermining social cohesion and elevating intolerance. This, in turn, is
Calibri	11	making acts of politically motivated violence more likely’.
Calibri	11	9.23. On 26 August 2025, the Prime Minister, Minister for Home Affairs, Minister for
Calibri	11	Foreign Affairs and the Director-General of Security publicly announced ASIO’s
Calibri	11	assessment that since late 2024, the Iranian government had directed at least two,
Calibri	11	and likely more, attacks on Jewish interests in Australia. The Director-General stated
Calibri	11	that not all acts of antisemitism were conducted by Iran.391
Calibri	11	9.24. On 3 October 2025, ASIO issued an intelligence report on the 2 October attack on a
Calibri	11	synagogue in Manchester, United Kingdom, on the Jewish holy day of Yom Kippur. It
Calibri	11	stated that the attack ‘highlights the enduring threat to Jewish interests in Europe
Calibri	11	and across the globe – including in Australia’. It noted an enduring threat to Jewish
Calibri	11	interests and that low sophistication attacks in crowded places remained the most
Calibri	11	likely scenario for a terrorist attack. The report concluded that Jewish holy days and
Calibri	11	significant dates represent an attractive target for extremists and that Yom Kippur
Calibri	11	was one of a number of significant dates ‘leading up to Hanukkah in December
Calibri	11	2025’.392
Calibri	11	9.25. On 2 December 2025, ASIO issued its Holiday Season Threat Assessment on violent
Calibri	11	protest and terrorism. The assessment stated that events ‘such as those of an overtly
Calibri	11	religious nature, government affiliation or promotion of multiculturalism – may also
Calibri	11	be considered for targeting by violent extremists’. It gave the example of the
Calibri	11	Yom Kippur Manchester Synagogue attack. The Threat Assessment notes that
Calibri	11	‘[e]scalations in the Middle East conflict may resonate with individuals in Australia;
Calibri	11	however we assess it is more likely that responses to those escalations will be in the
Calibri	11	form of protest activity – including violent protest – rather than acts of terrorism’.393
Calibri	11	9.26. Further details in this section are confidential.
Calibri	9	391 The Hon Anthony Albanese MP (Prime Minister) and Mike Burgess AM (Director-General of Security)
Calibri	9	(Press conference – Parliament House, Canberra, 26 August 2025) <https://www.pm.gov.au/media/press-
Calibri	9	conference-parliament-house-canberra-38>.
Calibri	9	392 ASIO, ‘Manchester synagogue terrorist attack highlights enduring threat to Jewish interests’ (AI_216_2025,
Calibri	9	3 October 2025).
Calibri	9	393 ASIO, ‘Holiday period 2025-26: violent protest and terrorism threat assessment’, (ATA 208/2025,
Calibri	9	2 December 2025) [A28120101].
Calibri	8	Interim report: Royal Commission on Antisemitism and Social Cohesion 101
Calibri	13	Issues for consideration
Calibri	11	9.27. This section outlines the percentage of NIC resourcing allocated to counter-terrorism
Calibri	11	each year and the NIC’s own assessment of whether it was meeting its counter-
Calibri	11	terrorism mission. These issues will be explored further by the Commission.
Calibri	11	9.28. This section is confidential.
Calibri,Bold	17	Resourcing for National Intelligence Community Agencies
Calibri	11	9.29. This section outlines the available data on budgets, staff and warrants for the
Calibri	11	purposes of considering whether they enable an assessment of whether resources
Calibri	11	allocated to counter-terrorism kept pace with counter-terrorism priorities.
Calibri,Italic	15	Funding and budgets
Calibri	11	9.30. The figures below show total resourcing for the NIC for the period 2020-21 to 2024-
Calibri	11	25, based on estimated actual resourcing as set out in the Federal Budget each year.
Calibri,Bold	11	Table 1: Total estimated actual agency resourcing for NIC agencies 2020-21 to 2024-25
Calibri,Bold	8	394 395 396 397 398
Calibri,Bold	10	2020-21 2021-22 2022-23 2023-24 2024-25
Calibri,Bold	10	Agency
Calibri,Bold	10	($,000s) ($,000s) ($,000s) ($,000s) ($,000s)
Calibri	10	ONI 98,287 101,703 147,466 155,801 145,388
Calibri	10	AUSTRAC 112,787 112,549 117,627 122,286 176,444
Calibri	10	ACIC 231,291 281,622 297,750 308,268 348,917
Calibri	10	ASIS 468,841 409,317 434,769 473,322 539,773
Calibri	10	ASIO 561,907 587,069 653,836 691,744 770,271
Calibri	10	ASD 1,012,891 1,060,707 1,705,288 2,859,509 2,743,386
Calibri	10	AFP 1,595,921 1,701,994 1,833,914 2,077,454 2,194,256
Calibri	9	394 Australian Government, Budget Paper No. 4, Agency Resourcing, Budget 2021-22 (ONI p102, AUSTRAC p81,
Calibri	9	ACIC p79, ASIS p68, ASIO p80, ASD p59, AFP p79, Home Affairs p78, Defence p56)
Calibri	9	<https://archive.budget.gov.au/2021-22/bp4/download/bp4_2021-22.pdf>.
Calibri	9	395 Australian Government, Budget Paper No. 4, Agency Resourcing, Budget 2022-23 (March) (ONI p105,
Calibri	9	AUSTRAC p84, ACIC p82, ASIS p71, ASIO p83, ASD p61, AFP p82, Home Affairs p81, Defence p58)
Calibri	9	<https//archive.budget.gov.au/2022-23/bp4/download/bp4_2022-23.pdf>.
Calibri	9	396 Australian Government, Budget Paper No.4, Agency Resourcing, Budget 2023-24 (ONI p,99 AUSTRAC p38,
Calibri	9	ACIC p36, ASIS p67, ASIO p78, ASD p53, AFP p36, Home Affairs p77, Defence p50)
Calibri	9	<https://archive.budget.gov.au/2023-24/bp4/download/bp4_2023-24.pdf>.
Calibri	9	397 Australian Government, Budget Paper No. 4, Agency Resourcing, Budget 2024-25 (ONI p110, AUSTRAC p44,
Calibri	9	ACIC p41, ASIS p75, ASIO p88, ASD p60, AFP p42, Home Affairs p87, Defence p 56)
Calibri	9	<https://archive.budget.gov.au/2024-25/bp4/download/bp4_2024_2025-consolidated.pdf>.
Calibri	9	398 Australian Government, Budget Paper No. 4, Agency Resourcing, Budget 2025-26 (ONI p97, AUSTRAC p38,
Calibri	9	ACIC p35, ASIS p66, ASIO p37, ASD p51, AFP p36, Home Affairs p76, Defence p48)
Calibri	9	<https://budget.gov.au/content/bp4/download/bp4_2025-26-consolidated.pdf>.
Calibri	9	102 Interim report: Royal Commission on Antisemitism and Social Cohesion
Calibri	10	Home Affairs 6,843,845 6,348,513 6,007,715 6,813,370 7,429,640
Calibri,Bold	10	TOTAL (minus 10,925,770 10,603,474 11,198,365 13,501,754 14,348,075
Calibri,Bold	10	Defence)
Calibri	10	Defence 399 45,212,990 47,473,559 52,058,591 55,592,427 59,154,178
Calibri,Bold	10	TOTAL 56,138,760 58,077,033 63,256,956 69,094,181 73,502,253
Calibri	11	9.31. These figures show that the resourcing of NIC agencies has grown over the five-year
Calibri	11	period from 2020-21 to 2024-25. The funding of NIC agencies (excluding Defence
Calibri	11	funding) has grown by 31 per cent over this period from $10.9 billion to $14.3 billion.
Calibri	11	ASIO’s resourcing grew by 37 per cent, although aspects of this funding may have
Calibri	11	been tied to specific additional functions.400 Upon review of classified material, the
Calibri	11	Commission has observed that despite this overall increase, the proportion of
Calibri	11	funding allocated to counter-terrorism significantly declined across the NIC over the
Calibri	11	period from 2020 to 2025.
Calibri	13	Staffing
Calibri	11	9.32. This section is confidential.
Calibri	13	Warrants
Calibri	11	9.33. This section is confidential.
Calibri,Italic	15	Conclusion
Calibri	11	9.34. Having regard to the above, a question for examination will be whether the
Calibri	11	resourcing for counter-terrorism in respect of ASIO specifically, and in respect of the
Calibri	11	NIC more generally, was adequate in the deteriorating security environment,
Calibri	11	including Hamas’s attacks on Israel, and reflected in the raising of the National
Calibri	11	Terrorism Threat Level to ‘PROBABLE’. The Commission will inquire further into this
Calibri	11	issue.
Calibri	9	399 The Australian Geospatial Intelligence Organisation and Defence Intelligence Organisation are identified as
Calibri	9	NIC agencies but, as they are functional units within the Department of Defence, their resourcing cannot be
Calibri	9	disaggregated from the broader Department of Defence resourcing. On this basis, they have been excluded
Calibri	9	from the analysis of total NIC resourcing.
Calibri	9	400 These figures are estimated actual expenditure and have not been adjusted for inflation.
Calibri	8	Interim report: Royal Commission on Antisemitism and Social Cohesion 103
Calibri,Bold	21	Chapter 10. Law enforcement priorities and
Calibri,Bold	21	resourcing for counter-terrorism
Calibri	11	10.1. In the context of the Bondi attack, subparagraph (c)(vi) of the Terms of Reference
Calibri	11	requires examination of whether law enforcement agencies performed to maximum
Calibri	11	effectiveness. This chapter is concerned with one aspect of this inquiry, namely,
Calibri	11	whether the relevant law enforcement agencies, the Australian Federal Police (AFP)
Calibri	11	and NSW Police, identified counter-terrorism as a priority and whether resourcing
Calibri	11	matched their prioritisation.
Calibri	11	10.2. Priorities and resourcing (average staffing levels and budgets) for counter-terrorism,
Calibri	11	are examined with reference to changes in the National Terrorism Threat Level in
Calibri	11	2022 and 2024 and in response to the 7 October 2023 Hamas attacks on Israel.
Calibri	11	Aspects of the work of the Department of Home Affairs (Home Affairs) (the
Calibri	11	Commonwealth’s principal counter-terrorism policy department) and the Australia
Calibri	11	New Zealand Counter-Terrorism Committee (ANZCTC) are addressed. Brief reference
Calibri	11	is made to the priorities and resources of the Australian Criminal Intelligence
Calibri	11	Commission (ACIC) and Australian Transaction Reports and Analysis Centre
Calibri	11	(AUSTRAC), which each provide intelligence support to law enforcement agencies.
Calibri	11	The principal focus of this chapter is the Commonwealth and NSW.
Calibri,Bold	17	Counter-terrorism as a law enforcement priority
Calibri	11	10.3. Counter-terrorism has been a sustained law enforcement priority. The focus on
Calibri	11	counter-terrorism has involved the development of counter-terrorism strategies,
Calibri	11	both by the Australian and state and territory governments.
Calibri	11	10.4. At the Commonwealth level, the 2022 Safeguarding our Community Together
Calibri	11	strategy recognised the challenge posed by terrorism and that new technologies
Calibri	11	were facilitating the distribution of extremist content and the coordination of malign
Calibri	11	activities.401
Calibri	11	10.5. In January 2025, the Australian Government released A Safer Australia – Australia’s
Calibri	11	Counter-Terrorism and Violent Extremism Strategy, which also acknowledged the
Calibri	11	continuing threat of terrorism and violent extremism. It noted that ‘[a] growing
Calibri,Italic	9	401 Australian Government, Safeguarding Our Community Together Australia’s Counter-Terrorism Strategy
Calibri	9	2022 (2022) p 4.
Calibri	9	104 Interim report: Royal Commission on Antisemitism and Social Cohesion
Calibri	11	number of Australians are being radicalised to violence, and radicalised to violence
Calibri	11	more quickly’.402
Calibri	11	10.6. The foreword acknowledged an increase in anti-government and anti-authority
Calibri	11	violent extremism, antisemitism and Islamophobia.403
Calibri	11	• This strategy focuses on early identification, intervention and diversion of
Calibri	11	individuals on a path to violence. It does not include fresh operational strategies
Calibri	11	or funding for law enforcement operational capabilities.
Calibri	11	• The Government allocated $106.2 million over four years from 2024-25 to
Calibri	11	address risks of terrorism and violent extremism.404 The allocation included:
Calibri	11	– $85.9 million over three years from 2025-26 for the National Support and
Calibri	11	Intervention Program to support the states and territories in providing
Calibri	11	intervention services to at-risk individuals in community and custodial settings
Calibri	11	– $13.5 million over three years from 2025-26 for Home Affairs to partner with
Calibri	11	the NSW Government to roll out the NSW ‘Step Together’ online support and
Calibri	11	referral program on a national level, and
Calibri	11	– $3.6 million over four years from 2024-25 to increase community engagement
Calibri	11	and understanding of countering violent extremism initiatives.
Calibri	11	10.7. At the national level:
Calibri	11	• The 2015 counter-terrorism strategy, Strengthening Our Resilience,405 highlighted
Calibri	11	the violent extremist threat posed by terrorist groups such as Islamic State of Iraq
Calibri	11	and the Levant (ISIL) and Al-Qa’ida. It noted that, for the first time, in 2014, the
Calibri	11	National Terrorism Public Alert level had been raised to ‘High’. It warned that
Calibri	11	Australians were facing the most significant threat from terrorism in the nation’s
Calibri	11	history.406
Calibri	11	• In 2023, the ANZCTC released an updated version of the 2017 Australia’s Strategy
Calibri	11	for Protecting Crowded Places from Terrorism. This strategy acknowledged that
Calibri	11	crowded places will continue to be attractive targets for terrorism. The strategy
Calibri	11	established a ‘Crowded Places Partnership’ to support nationally consistent
Calibri	11	approaches to protecting these places and to enable governments to engage with
Calibri,Italic	9	402 Australian Government, A Safer Australia Australia’s Counter-Terrorism and Violent Extremism Strategy
Calibri	9	2025 (2025) p 3.
Calibri,Italic	9	403 Australian Government, A Safer Australia Australia’s Counter-Terrorism and Violent Extremism Strategy
Calibri	9	2025 (2025) p 3.
Calibri	9	404 Australian Government, Mid-Year Economic and Fiscal Outlook 2024-25, Budget 2024-25 274
Calibri	9	<https://archive.budget.gov.au/2024-25/myefo/donwload/myefo2024-25.pdf>.
Calibri,Italic	9	405 Council of Australian Governments, Australia’s Counter-Terrorism Strategy – Strengthening Our Resilience
Calibri	9	(2015).
Calibri,Italic	9	406 Council of Australian Governments, Australia’s Counter-Terrorism Strategy – Strengthening Our Resilience
Calibri	9	(2015) p 3.
Calibri	8	Interim report: Royal Commission on Antisemitism and Social Cohesion 105
Calibri	11	private sector owners and operators of venues to improve their access to threat
Calibri	11	and protective security information.407
Calibri	11	10.8. At the state level, NSW released its latest Counter-Terrorism Strategy in
Calibri	11	January 2025, building on its 2020 predecessor. This strategy acknowledged the
Calibri	11	importance of ‘strong collaboration and coordination between NSW and the
Calibri	11	Australian Government’ in lowering the risk of attack and strengthening incident
Calibri	11	response and recovery. It noted the essential role of national mechanisms like the
Calibri	11	ANZCTC in sharing intelligence and coordinating the planning necessary to combat
Calibri	11	terrorism.408
Calibri,Bold	17	Counter-terrorism resourcing
Calibri	11	10.9. There is no single source that definitively captures the total counter-terrorism-
Calibri	11	related resourcing for any law enforcement agency. Analysis of cross-portfolio
Calibri	11	funding and resourcing for counter-terrorism programs is contained in the
Calibri	11	confidential Interim Report.
Calibri,Bold	17	AFP counter-terrorism priorities and resourcing
Calibri,Italic	15	Prioritisation
Calibri	11	10.10. The long-term priority accorded to counter-terrorism is reflected in the AFP’s
Calibri	11	organisational structure. For example:
Calibri	11	• The AFP’s 2014-15 Annual Report noted new legislation and fresh funding of
Calibri	11	$77.2 million over four years ‘to address the threat posed by foreign fighters’.409
Calibri	11	It also highlighted the AFP’s establishment of a ‘National Disruption Group’ on this
Calibri	11	issue, with membership drawn from across the Commonwealth (including
Calibri	11	intelligence agencies), states and territories.410 The Report also referenced
Calibri	11	Operation APPLEBY, ‘the largest counter-terrorism operation undertaken in
Calibri	11	Australia’s history’, involving 800 officers drawn from the AFP, ASIO and
Calibri	11	NSW Police.411 Throughout 2014-15, Operation APPLEBY investigated persons
Calibri	11	suspected of involvement in domestic terrorist acts, foreign incursions into Syria
Calibri	11	and Iraq and the funding of terrorist organisations.412
Calibri,Italic	9	407 ANZCTC, Australia’s Strategy for Protecting Crowded Places From Terrorism (2023); ANZCTC, Active Armed
Calibri,Italic	9	Offender Guidelines for Crowded Places (2023).
Calibri	9	408 NSW Government, NSW Counter-Terrorism Strategy (2025).
Calibri	9	409 AFP, AFP Annual Report 2014-15 (16 October 2015) p 38.
Calibri	9	410 AFP, AFP Annual Report 2014-15 (16 October 2015) p 36.
Calibri	9	411 AFP, AFP Annual Report 2014-15 (16 October 2015) p 36.
Calibri	9	412 AFP, AFP Annual Report 2014-15 (16 October 2015) p 82.
Calibri	9	106 Interim report: Royal Commission on Antisemitism and Social Cohesion
Calibri	11	• The 2020-21 Annual Report highlighted the enduring, complex and diverse threat
Calibri	11	terrorism poses to the community. COVID19 pandemic restrictions had created an
Calibri	11	environment in which ideologically-motivated violent extremist propaganda had
Calibri	11	flourished. The report highlighted successful terrorism disruptions by the Joint
Calibri	11	Counter-Terrorism Team (JCTT), which demonstrated ‘the effectiveness of the
Calibri	11	JCTT and the merit of this joint approach’.413
Calibri	11	• The AFP’s 2024-25 Annual Report shows that counter-terrorism is led by a senior
Calibri	11	officer, the Assistant Commissioner, Counter-Terrorism and Special Investigations,
Calibri	11	who reports to the Deputy Commissioner National Security, who in turn reports
Calibri	11	to the Commissioner.414 This structure was also in place in 2020 and in 2015
Calibri	11	(although the Assistant Commissioner-equivalent role was then described as the
Calibri	11	National Manager Counter-Terrorism).415
Calibri	11	10.11. The AFP has acknowledged that the Hamas attacks on Israel on 7 October 2023
Calibri	11	significantly affected the national security environment and, in turn, influenced its
Calibri	11	priorities.416 For example:
Calibri	11	• Operation LARIMAR was established in October 2023 and focused on protecting
Calibri	11	‘the Australian community’ from the threat of terrorist activity and politically
Calibri	11	motivated violence.417
Calibri	11	• On 3 October 2024, the AFP announced the establishment of
Calibri	11	Operation ARDVARNA which it stated was investigating nine complaints of
Calibri	11	publicly displaying symbols in Victoria, potentially inciting or advocating violence
Calibri	11	or hatred, based on race and religion.418
Calibri	11	• On 9 December 2024, the AFP announced it would lead Special Operation
Calibri	11	AVALITE which brought together specialist areas of ASIO and the AFP,419 to
Calibri	11	investigate threats, violence and hatred towards the Australian Jewish community
Calibri	11	and parliamentarians.420
Calibri	11	• On 21 January 2025, Commissioner Kershaw made a statement outlining the
Calibri	11	impact of antisemitism on the Jewish community, stating that ‘there is no doubt
Calibri	11	as to the escalation of antisemitism in Australia’ and that Special Operation
Calibri	11	AVALITE would ‘target high-harm antisemitism’.421
Calibri	9	413 AFP, AFP Annual Report 2020-21 (19 October 2021) p 49.
Calibri	9	414 AFP, AFP Annual Report 2024-25 (15 September 2025) p 63.
Calibri	9	415 AFP, ‘RC.20020002.01-AFP Organisation Chart 2020’ [AFP.0002.0001.0004]; AFP, ‘RC.20020002.01-AFP
Calibri	9	Organisation Chart 2015’ [AFP.0002.0001.0003].
Calibri	9	416 AFP, AFP Annual Report 2023-24 (16 September 2024) p 31.
Calibri	9	417 AFP, AFP Annual Report 2023-24 (16 September 2024) p 31.
Calibri	9	418 AFP, ‘AFP Statement on display of prohibited symbols’ <https://www.afp.gov.au/news-centre/media-
Calibri	9	statement/afp-statement-display-prohibited-symbols>.
Calibri	9	419 AFP, ‘AFP to lead Special Operation Avalite to investigate anti-Semitism’ <https://www.afp.gov.au/news-
Calibri	9	centre/media-statement/afp-commissioner-reece-kershaw-antisemitism-statement>.
Calibri	9	420 AFP, ‘AFP to lead Special Operation Avalite to investigate anti-Semitism’ <https://www.afp.gov.au/news-
Calibri	9	centre/media-statement/afp-commissioner-reece-kershaw-antisemitism-statement>.
Calibri	9	421 AFP, ‘AFP Commissioner Reece Kershaw antisemitism statement’ <https://www.afp.gov.au/news-
Calibri	9	centre/media-statement/afp-commissioner-reece-kershaw-antisemitism-statement>.
Calibri	8	Interim report: Royal Commission on Antisemitism and Social Cohesion 107
Calibri	11	– In his media statement on 14 January 2025, Prime Minister Albanese stated
Calibri	11	that Operation AVALITE had received 124 reports of antisemitism, with
Calibri	11	102 under investigation.422
Calibri	11	• As at 19 December 2025, there were 161 current investigations and ten
Calibri	11	individuals had been charged under Operation AVALITE.423
Calibri	11	• The AFP also stated that, after 7 October 2023, its Community Liaison Teams
Calibri	11	shifted from routine community building to intensive reassurance, sentiment
Calibri	11	monitoring and security focused liaison, including increased engagement and
Calibri	11	coordination with peak Jewish bodies.424
Calibri	11	• On 23 January 2025, the AFP announced the establishment of a dedicated
Calibri	11	antisemitism coordination group (comprising a Deputy Commissioner from each
Calibri	11	jurisdiction) that met monthly to share intelligence.425
Calibri,Italic	15	Resourcing
Calibri	11	10.12. In October 2025, the AFP announced the launch of three National Security
Calibri	11	Investigations teams to target groups causing harm to social cohesion.426
Calibri	11	10.13. Operation AVALITE was folded into the National Security Investigation teams,
Calibri	11	alongside Enduring Risk Investigations teams in each relevant jurisdiction.427
Calibri	11	10.14. Funding for new National Security Investigation teams was announced by the Prime
Calibri	11	Minister, accompanied by the AFP Commissioner and Minister for Home Affairs, on
Calibri	11	19 December 2025. The Prime Minister said these teams ‘disrupt high harm, high
Calibri	11	impact, politically motivated violence, communal violence and hate crimes’.428
Calibri	11	10.15. The high-level counter-terrorism ASL figures provided by the AFP demonstrate
Calibri	11	growth over time.
Calibri	9	422 The Hon Anthony Albanese MP, Prime Minister (‘Tackling rising incident of antisemitism’, 14 January 2025)
Calibri	9	<https://www.pm.gov.au/media/tackling-rising-incidents-antisemitism>.
Calibri	9	423 The Hon Anthony Albanese MP, Prime Minister and Krissy Barret APM, AFP Commissioner
Calibri	9	(Press Conference, Canberra, 19 December 2025) <http://www.pm.gov.au/media/press-conference-canberra-
Calibri	9	30>.
Calibri	9	424 AFP, Written Response to Notice C-2026/0002 (9 February 2026) p 4-5 at [25-29] [AFP.9999.0002.0001].
Calibri	9	425 AFP, ‘Australian Police Commissioners’ Communique’ <https://www.afp.gov.au/news-centre/media-
Calibri	9	statement/australian-policecommissioners-communique >.
Calibri	9	426 AFP, ‘AFP launches National Security Investigations teams to target groups causing harm to social cohesion’
Calibri	9	<https://www.afp.gov.au/news-centre/media-release/afp-launches-national-security-investigations-teams-
Calibri	9	target-groups-causing>.
Calibri	9	427 AFP, ‘AFP National Security Investigations (NCI) Costing Questions – Tranche 1 – AFP response v2’ p 2
Calibri	9	[AFP.0012.0002.1374].
Calibri	9	428 The Hon Anthony Albanese MP, Prime Minister (‘Press conference, Parliament House, Canberra,
Calibri	9	19 December 2025) <https://www.pm.gov.au/media/press-conference-canberra-30>.
Calibri	9	108 Interim report: Royal Commission on Antisemitism and Social Cohesion
Calibri	11	10.16. The confidential Interim Report includes a more detailed analysis of AFP
Calibri	11	counter-terrorism resourcing.
Calibri,Italic	15	Operational metrics: Warrants
Calibri	11	10.17. Operational metrics provided by the AFP are assessed in the confidential Interim
Calibri	11	Report.
Calibri,Bold	17	NSW Police counter-terrorism priorities and resourcing
Calibri,Italic	15	Prioritisation
Calibri	11	10.18. NSW Police is the primary agency responsible for countering terrorism and violent
Calibri	11	extremism in NSW. This work is primarily conducted by its Counter-Terrorism and
Calibri	11	Special Tactics Command, led at the Assistant Commissioner level.429
Calibri	11	10.19. The Counter-Terrorism and Special Tactics Command includes the Terrorism
Calibri	11	Investigations Squad, responsible for major investigations of terrorist offences and
Calibri	11	proactive investigations into identified terrorist suspects.430 NSW Police’s
Calibri	11	Engagement and Hate Crimes Unit is also part of the Counter-Terrorism and Special
Calibri	11	Tactics Command, reflecting the strong links between hate crimes and terrorism.431
Calibri	11	10.20. Between 1 July 2022 and 14 December 2025, the Counter-Terrorism and Special
Calibri	11	Tactics Command identified religiously-motivated violent extremism as a primary
Calibri	11	threat category, with ideologically-motivated violent extremism also prominent.
Calibri	11	Both of these forms of extremism are reflected in the Counter-Terrorism and Special
Calibri	11	Tactics Command’s intelligence threat assessments, terrorism investigations and
Calibri,Italic	11	applications made under the Terrorism (High Risk) Offenders Act 2017 (NSW).432
Calibri	11	10.21. There is information indicating that NSW Police resourcing and priorities was
Calibri	11	responsive to the October 2023 commencement of the Hamas-Israel conflict and to
Calibri	11	the 2024 increase in the National Terrorism Threat Level.
Calibri	9	429 NSW Police, Written Response to Summons to Produce 2026/0009 (4 March 2026) p 1
Calibri	9	[NSW_PF.8999.0001.0011].
Calibri	9	430 NSW Police, Written Response to Summons to Produce 2026/0009 (4 March 2026) p 2 at [6b]
Calibri	9	[NSW_PF.8999.0001.0011].
Calibri	9	431 NSW Police, Written Response to Summons to Produce 2026/0009 (4 March 2026) p 4 at [18]
Calibri	9	[NSW_PF.8999.0001.0011].
Calibri	9	432 NSW Police, Written Response to Summons to Produce 2026/0009 (4 March 2026) pp 3 at [10-12]
Calibri	9	[NSW_PF.8999.0001.0011].
Calibri	8	Interim report: Royal Commission on Antisemitism and Social Cohesion 109
Calibri	11	10.22. While NSW Police does not classify antisemitism as a formal sub-area of counter-
Calibri	11	terrorism,433 it identified an increase in hate related incidents and hate crimes
Calibri	11	targeting the Jewish community in the period between 1 July 2022 and
Calibri	11	14 December 2025.434
Calibri	11	10.23. NSW Police stated that work by the Eastern Suburbs Police Area Command (Eastern
Calibri	11	Suburbs PAC) is illustrative of the steps taken by NSW Police more broadly.435
Calibri	11	It stated that the Command increased local taskings to synagogues and areas with
Calibri	11	high concentrations of Jewish businesses and schools.436 Eastern Suburbs PAC was
Calibri	11	also the lead command for investigating antisemitic incidents prior to the
Calibri	11	establishment of Operation SHELTER and the establishment of Strike Force PEARL.437
Calibri	11	10.24. NSW Police provided the total number of ‘miscellaneous investigations’ undertaken
Calibri	11	by the Terrorism Investigations Squad.438
Calibri	11	10.25. The Terrorism Investigations Squad figures are higher than the JCTT investigations
Calibri	11	endorsed annually. The Terrorism Investigations Squad focuses on terrorism
Calibri	11	investigations. If the matter is likely to involve terrorism offences, it will move into
Calibri	11	the JCTT.439
Calibri	9	433 The sub-areas of the Counter-Terrorism and Special Tactics Command are Counter Terrorism Operations;
Calibri	9	Anti-Terrorism and Intelligence Group; Terrorism Investigation Squad; Public Order and Riot Squad; Protective
Calibri	9	Security Group; Security Management Group; Tactical Operations Group.
Calibri	9	434 NSW Police, Written Response to Summons to Produce 2026/0009 (4 March 2026) pp 3, 13
Calibri	9	[NSW_PF.8999.0001.0011].
Calibri	9	435 NSW Police, Written Response to Summons to Produce 2026/0009 (4 March 2026) pp 4, 14
Calibri	9	[NSW_PF.8999.0001.0011].
Calibri	9	436 NSW Police, Written Response to Summons to Produce 2026/0009 (4 March 2026) pp 4, 14
Calibri	9	[NSW_PF.8999.0001.0011].
Calibri	9	437 NSW Police, Written Response to Summons to Produce 2026/0009 (4 March 2026) pp 4, 14
Calibri	9	[NSW_PF.8999.0001.0011].
Calibri	9	438 NSW Police, Written Response to Summons to Produce STP-2026/0013 (23 March 2026) p 1
Calibri	9	[NSW_PF.8999.0001.00014].
Calibri	9	439 NSW Police, Written Response to Summons to Produce STP-2026/0027 (26 March 2026) p 37 at [91b]
Calibri	9	[NSW_PF.8999.0001.0010].
Calibri	9	110 Interim report: Royal Commission on Antisemitism and Social Cohesion
Calibri,Bold	11	Table 2: NSW Police investigations by squad
Calibri,Bold	9	NSW Police total number of investigations undertaken by Terrorism Investigations Squad440
Calibri,Bold	9	2022 2023 2024 2025 Total
Calibri	9	Terrorism 30 (3) 66 (8) 86 (4) 61 (2) 243
Calibri,Bold	9	Investigations
Calibri,Bold	9	Squad
Calibri,Bold	9	NSW Police total number of investigations commenced or carried out by Security Investigations Unit441
Calibri,Bold	9	Security 30 53 56 52 191
Calibri	9	Investigations Unit (concluded) (concluded) (commenced) (commenced)
Calibri,Bold	9	Grand total 434
Calibri	11	10.26. The Security Investigations Unit focuses on investigations involving fixated persons,
Calibri	11	grievance fuelled violence and more significant hate crime that does not meet the
Calibri	11	terrorism threshold. NSW Police provided the total number of investigations which
Calibri	11	the Security Investigations Unit ‘commenced or carried out’.442
Calibri	11	10.27. Terrorism Investigations Squad investigations more than doubled between 2022 and
Calibri	11	2023, increased further in 2024 (post the 7 October 2023 Hamas attacks on Israel)
Calibri	11	before reducing in 2025. Security Investigations Unit investigations also increased
Calibri	11	significantly in 2023 and then stayed at similar levels in 2024 and 2025.443
Calibri	13	Operation SHELTER
Calibri	11	10.28. Operation SHELTER was initially established on 11 October 2023 to coordinate the
Calibri	11	response and intelligence available in relation to community sentiment, potential
Calibri	11	protest activity and demonstrations that might occur in the future. Its intelligence
Calibri	11	summaries are circulated across NSW Police.444
Calibri	11	10.29. On 25 February 2026, the NSW Premier, together with the NSW Minister for Police
Calibri	11	and Counter-Terrorism and the NSW Minister for Multiculturalism announced that
Calibri	11	Operation SHELTER would be made a permanent, rapid response operation with
Calibri	9	440 In this table, the numbers in brackets are those Terrorism Investigations Squad investigations that
Calibri	9	progressed to Operations/Strike Forces. NSW Police, Written Response to Summons to Produce STP-
Calibri	9	2026/0013 (23 March 2026) p 1 [NSW_PF.8999.0001.0014].
Calibri	9	441 NSW Police, Written Response to Summons to Produce STP-2026/0013 (23 March 2026) p 1
Calibri	9	[NSW_PF.8999.0001.0014].
Calibri	9	442, NSW Police, Written Response to Summons to Produce STP-2026/0013 (23 March 2026) p 1 and p 37 at
Calibri	9	[91a] [NSW_PF.8999.0001.0014]. NSW Police advised that prior to 2024, Security Investigations Unit
Calibri	9	investigations statistics were recorded as ‘concluded’ instead of ‘commenced’.
Calibri	9	443 NSW Police, Written Response to Summons to Produce STP-2026/0013 (23 March 2026) p 1
Calibri	9	[NSW_PF.8999.0001.0014].
Calibri	9	444 NSW Police, Written Response to Summons to Produce NSW-STP-2026/0009 (4 March 2026) p 5 at [19-22]
Calibri	9	[NSW_PF.8999.0001.0011].
Calibri	8	Interim report: Royal Commission on Antisemitism and Social Cohesion 111
Calibri	11	around 250 dedicated police officers having ‘long arms policing capability’,
Calibri	11	supported by a specialist Police Operations Centre.445
Calibri	13	Strike Force PEARL
Calibri	11	10.30. Strike Force PEARL, led by the NSW Police Counter-Terrorism and Special Tactics
Calibri	11	Command, was set up on 13 December 2024 to investigate antisemitic grievance-
Calibri	11	based offences in Sydney, including vandalism and arson attacks. On
Calibri	11	13 January 2025, Strike Force PEARL’s terms of reference expanded to include the
Calibri	11	investigation of hate crimes involving significant criminal activity or of significant
Calibri	11	public interest including those committed against places of worship. Investigative
Calibri	11	resources were increased and Strike Force PEARL engaged with proactive taskings
Calibri	11	through Operation SHELTER.446
Calibri	11	10.31. Additional resources were provided by the Counter-Terrorism and Special Tactics
Calibri	11	Command on 28 January 2025 following an incident in which a childcare centre at
Calibri	11	Maroubra was set alight and defaced with antisemitic graffiti.447
Calibri	11	10.32. Strike Force PEARL is no longer operating as a standalone strike force with dedicated
Calibri	11	staffing but investigations are ongoing within the Terrorism Investigations Squad.
Calibri	11	NSW Police advise that between 13 December 2024 and 9 February 2026,
Calibri	11	27 individuals have been charged with offences such as malicious damage arson and
Calibri	11	graffiti arising out of 14 incidents.448
Calibri	13	Operation REASSURANCE
Calibri	11	10.33. Operation REASSURANCE was also established in February 2025, primarily to support
Calibri	11	Jewish faith schools. As part of this operation, Youth Engagement Officers attend
Calibri	11	Jewish schools throughout NSW to provide student and community reassurance and
Calibri	11	safety guidance.449
Calibri	9	445 NSW Government, ‘Ministerial Media Release - NSW Government launches permanent rapid response unit’
Calibri	9	<https://www.nsw.gov.au/ministerial-releases/nsw-government-launches-permanent-rapid-response-unit>.
Calibri	9	446 NSW Police, Written Response to Summons to Produce NSW-STP-2026/0009 (4 March 2026) p 5 at [24-25]
Calibri	9	[NSW_PF.8999.0001.0011].
Calibri	9	447 NSW Police, Written Response to Summons to Produce NSW-STP-2026/0009 (4 March 2026) p 5 at [25]
Calibri	9	[NSW_PF.8999.0001.0011].
Calibri	9	448 NSW Police, Written Response to Summons to Produce NSW-STP-2026/0009 (4 March 2026) p 5 at [26]
Calibri	9	[NSW_PF.8999.0001.0011].
Calibri	9	449 NSW Police, Written Response to Summons to Produce NSW-STP-2026/0009 (4 March 2026) p 4 at [17] and
Calibri	9	p 5 at [23] [NSW_PF.8999.0001.0011].
Calibri	9	112 Interim report: Royal Commission on Antisemitism and Social Cohesion
Calibri,Italic	15	Resourcing
Calibri	11	10.34. NSW Police’s resourcing data in Table 3 shows the ongoing prioritisation of
Calibri	11	counter-terrorism.
Calibri,Bold	11	Table 3: NSW Police total resourcing
Calibri,Bold	9	NSW Police total resourcing450
Calibri,Bold	9	2010 2015 2020 2024 2025
Calibri	9	Total NSW $2,637,600,000 $3,383,400,000 $3,835,900,000 $5,517,200,000 $5,310,900,000
Calibri,Bold	9	Police budget
Calibri	9	Counter- $49,900,000 $65,900,000 $85,700,000 $98,100,000 $108,800,000
Calibri,Bold	9	Terrorism and
Calibri,Bold	9	Special Tactics
Calibri,Bold	9	As a % 1.9% 1.9% 2.2% 1.8% 2.0%
Calibri	9	NSW Police ASL 19,508 20,621 21,453 20,570 20,407
Calibri	9	NSW Police 577 612 704 722 735
Calibri,Bold	9	Counter-
Calibri,Bold	9	Terrorism and
Calibri,Bold	9	Special Tactics
Calibri,Bold	9	ASL
Calibri,Bold	9	As a % 2.6% 3.0% 3.3% 3.5% 3.6%
Calibri	11	10.35. From the data provided, NSW Police’s total annual budget reached its peak in 2024,
Calibri	11	before declining in 2025. Its counter-terrorism budget continued to grow in 2025.
Calibri	11	Overall, NSW Police’s counter-terrorism funding has increased by over 100 per cent
Calibri	11	in nominal terms since 2010. Counter-terrorism funding as a proportion of total
Calibri	11	funding has remained largely consistent, increasing slightly from 1.9 per cent in 2010
Calibri	11	to 2 per cent in 2025.
Calibri	11	10.36. NSW Police’s total ASL reached its peak in 2020, but counter-terrorism related ASL
Calibri	11	continued to grow in 2025. Between 2010 and 2025, overall ASL increased by
Calibri	11	4.6 per cent. The counter-terrorism ASL increased at a significantly higher rate
Calibri	11	(27.4 per cent).
Calibri,Italic	15	Operational metric: Warrants
Calibri	11	10.37. Operational metrics provided by NSW Police are assessed in the confidential Interim
Calibri	11	Report.
Calibri	9	450 NSW Police, Written Response to Summons to Produce NSW-STP-2026/0009, (4 March 2026) pp 9-11 at
Calibri	9	[47-49] [NSW_PF.8999.0001.0011]. Provided on a ‘Net Cost of Services’ basis.
Calibri	8	Interim report: Royal Commission on Antisemitism and Social Cohesion 113
Calibri,Italic	15	Operational metric: JCTT investigations
Calibri	11	10.38. The confidential Interim Report analyses information on JCTT’s operational metrics.
Calibri,Italic	15	Conclusions
Calibri	11	10.39. Based on the information provided to the Commission, the AFP’s counter-terrorism
Calibri	11	resourcing, in terms of both budget and average staffing levels, has remained
Calibri	11	relatively stable over recent years.
Calibri	11	10.40. The confidential Interim Report includes additional conclusions in relation to the
Calibri	11	resourcing of counter-terrorism programs across the AFP and NSW Police.
Calibri	11	10.41. NSW Police resourcing in 2010-2025 has involved a generally consistent proportion
Calibri	11	of overall funding (around 2 per cent) being applied to counter-terrorism, and a
Calibri	11	gradual growth in average staffing levels (from 2.6 per cent to 3.6 per cent).
Calibri,Italic	15	Counter-terrorism warrants and investigations
Calibri	11	10.42. The confidential Interim Report considers the correlation between counter-terrorism
Calibri	11	warrants and investigations.
Calibri,Bold	17	Home Affairs counter-terrorism priorities and resourcing
Calibri,Italic	15	Prioritisation
Calibri	11	10.43. Counter-terrorism is within the portfolio responsibilities of the Minister for Home
Calibri	11	Affairs under the current Administrative Arrangements Order.451 Home Affairs, and
Calibri	11	law enforcement and intelligence agencies within its portfolio such as ACIC and
Calibri	11	AUSTRAC, play central policy and operational roles in Australia’s counter-terrorism
Calibri	11	efforts.
Calibri	11	10.44. Home Affairs is responsible for coordinating the Managing Australians of Counter-
Calibri	11	Terrorism Interest Risk Framework which relates to terrorism-linked Australians
Calibri	11	offshore, including any potential return to Australia by these persons.452
Calibri	11	Home Affairs is also responsible for administering the Counter-Terrorism (Temporary
Calibri	9	451 Administrative Arrangements Order (13 May 2025), Part 10.
Calibri	9	452 Home Affairs, Written Response to Notice to Produce C-2026/0048, (17 March 2026) pp 1-2
Calibri	9	[DHA.9999.0014.0008]
Calibri	9	114 Interim report: Royal Commission on Antisemitism and Social Cohesion
Calibri	11	Exclusion Orders) Act 2019 (Cth), which is concerned with the return of Australian
Calibri	11	citizens who present national security risks.
Calibri	11	10.45. The Counter-Terrorism Coordinator (CT Coordinator) and the Counter-Terrorism
Calibri	11	Coordination Centre are also located within Home Affairs. The CT Coordinator is
Calibri	11	Australia’s most senior counter-terrorism official and chairs the ANZCTC.
Calibri	11	10.46. Home Affairs consults with ANZCTC members and considers feedback from the
Calibri	11	Home Affairs Community Liaison Office network.453
Calibri,Italic	15	Resourcing
Calibri	11	10.47. The confidential Interim Report considers Home Affairs budget and staffing for
Calibri	11	counter-terrorism functions over time.
Calibri	11	10.48. Home Affairs total resourcing has experienced significant fluctuations since 2020.
Calibri	11	The explanations provided for these fluctuations were not counter-terrorism related.
Calibri	11	10.49. Home Affairs clearly received additional funding following the commencement of
Calibri	11	the Hamas-Israel Conflict in October 2023.454 This included significant funding for
Calibri	11	social cohesion and support services.455 For example, the Australian Government
Calibri	11	provided $77.7 million over four years from 2023-2024 for a range of initiatives to
Calibri	11	support Australian communities affected by the ongoing Israel-Hamas conflict.456
Calibri	11	These initiatives included significant funding for, and to be administered by,
Calibri	11	Home Affairs:457
Calibri	11	• On 18 October 2023, the government announced another $50 million for
Calibri	11	177 grants under the Securing Faith-Based Places grant program. The grants
Calibri	11	aimed to improve security at religious schools and preschools, places of worship
Calibri	11	and faith-based community centres.
Calibri	11	• $50.0 million was committed over three years from 2023-24 to provide direct
Calibri	11	support, through $25.0 million for the Australian Jewish community, and
Calibri	11	$25.0 million for Australian Palestinian and Muslim communities and other
Calibri	9	453 Home Affairs, ‘ANZCTC – National Counter-Terrorism Plan 5th Edition 2024’ (February 2024); Home Affairs,
Calibri	9	‘Community Engagement’, (1 June 2023) <https://www.homeaffairs.gov.au/about-us/our-porfolios/social-
Calibri	9	cohesion/community-engagement>.
Calibri	9	454 Australian Government, Mid-Year Economic and Fiscal Outlook 2023-24 (13 December 2023) pp 273-274
Calibri	9	<https://archive.budget.gov.au/2023-24/myefo/donwload/myefo2023-24.pdf>.
Calibri	9	455 Australian Government, Mid-Year Economic and Fiscal Outlook 2023-24 (13 December 2023) pp 273-274
Calibri	9	<https://archive.budget.gov.au/2023-24/myefo/donwload/myefo2023-24.pdf>.
Calibri	9	456 Australian Government, Mid-Year Economic and Fiscal Outlook 2023-24 (13 December 2023) pp 273-274
Calibri	9	<https://archive.budget.gov.au/2023-24/myefo/donwload/myefo2023-24.pdf>.
Calibri	9	457 Australian Government, Mid-Year Economic and Fiscal Outlook 2023-24 (13 December 2023) pp 273-274
Calibri	9	<https://archive.budget.gov.au/2023-24/myefo/donwload/myefo2023-24.pdf>.
Calibri	8	Interim report: Royal Commission on Antisemitism and Social Cohesion 115
Calibri	11	Australian communities affected by the conflict, to support a range of safety and
Calibri	11	wellbeing measures.
Calibri	11	• $12.8 million was committed over four years from 2023-24 to protect Australians
Calibri	11	online, including support for a 24/7 online crisis response capability.
Calibri	11	• $6.0 million was committed over four years from 2023-24 for projects to support
Calibri	11	social cohesion objectives in response to local community needs.458
Calibri,Bold	17	Australia and New Zealand Counter-Terrorism Committee
Calibri	11	10.50. The ANZCTC does not have an operational role in counter-terrorism, but provides
Calibri	11	strategic guidance, policy coordination and supports the development of nationally
Calibri	11	consistent capabilities with a strong focus on interoperability.459
Calibri	11	10.51. The confidential Interim Report examines the resourcing and functions of ANZCTC in
Calibri	11	detail.
Calibri,Bold	17	ACIC counter-terrorism priorities and resourcing
Calibri	11	10.52. ACIC has the function of protecting Australians from serious and organised crime by
Calibri	11	collecting, assessing and disseminating intelligence and policing information.460
Calibri	11	10.53. In certain cases, there can be a nexus between serious and organised crime and
Calibri	11	terrorism, including where serious and organised crime actors provide enabling
Calibri	11	services to individuals engaging in terrorism, knowingly or otherwise.
Calibri	11	10.54. In 2024-25, ACIC had a total staff of 924 and total resourcing and payments of
Calibri	11	$582.5 million.461
Calibri	11	10.55. ACIC manages the National Criminal Intelligence System (NCIS).462 The 2024-25
Calibri	11	Federal Budget provided funding for $109.9 million over two years from 2024-25 for
Calibri	9	458 Home Affairs, ‘Supporting Australian Communities Affected by Hamas Attacks on Israel and Ongoing
Calibri	9	Conflict’, Department of Home Affairs (20 October 2019)
Calibri	9	<http://minister.homeaffairs.gov.au/AndrewGiles/Pages/supporting-australian-communities-affected-hamas-
Calibri	9	attacks-israel-ongoing-conflict.aspx>.
Calibri	9	459 Home Affairs, ‘ANZCTC – National Counter-Terrorism Plan 5th Edition 2024’, (February 2024) p 14, pp 31-32
Calibri	9	at [137].
Calibri	9	460 ACIC ‘About’ Australian Criminal Intelligence Commission’ <https://www.acic.gov.au/about>.
Calibri	9	461 ACIC, ACIC Annual Report 2024-25 (30 October 2025) pp 56, 75.
Calibri	9	462 ACIC, ‘National Criminal Intelligence System’ <https://www.acic.gov.au/services/national-criminal-
Calibri	9	intelligence-system>.
Calibri	9	116 Interim report: Royal Commission on Antisemitism and Social Cohesion
Calibri	11	the NCIS.463 This funding included $59.9 million from the National Policing
Calibri	11	Information Systems and Services Special Account.464
Calibri,Bold	17	AUSTRAC counter-terrorism priorities and resourcing
Calibri	11	10.56. The confidential Interim Report examines AUSTRAC’s cooperation with and support
Calibri	11	for law enforcement and national security agencies in a counter-terrorism context.
Calibri	9	463 Australian Government, Budget Paper No. 2 – Budget Measures p 46 <https://archive.budget.gov.au/2024-
Calibri	9	25/bp2/download/bp2_2024-25.pdf>.
Calibri,Italic	9	464 Australian Government, Government Response to the Independent Review of the Australian Criminal
Calibri,Italic	9	Intelligence Commission and associated Commonwealth law enforcement arrangements (November 2024)
Calibri	9	p 15.
Calibri	8	Interim report: Royal Commission on Antisemitism and Social Cohesion 117
Calibri,Bold	21	Appendix A. Letters patent
TimesNewRoman	10	KING CHARLES THE THIRD, by the Grace of God King of Australia and His other Realms and
TimesNewRoman	10	Territories, Head of the Commonwealth
TimesNewRoman	10	TO
TimesNewRoman	10	The Honourable Virginia Bell AC
TimesNewRoman	10	GREETING
TimesNewRoman	10	ACKNOWLEDGING the antisemitic terrorist attack on Jewish Australians that took place at Bondi
TimesNewRoman	10	Beach on 14 December 2025, and which resulted in the loss of 15 lives and the wounding of a further
TimesNewRoman	10	40 individuals.
TimesNewRoman	10	AND the determination of the Australian Government to respond to the attack, and the factors leading
TimesNewRoman	10	up to the attack, as a matter of urgency by addressing antisemitism within the Australian community,
TimesNewRoman	10	including since 7 October 2023.
TimesNewRoman	10	AND that the Australian Government has adopted the International Holocaust Remembrance Alliance's
TimesNewRoman	10	working definition of antisemitism.
TimesNewRoman	10	AND recognising that strengthening the national consensus in support of democracy, freedom and the
TimesNewRoman	10	rule of law (social cohesion) provides the strongest defence against antisemitism and other forms of
TimesNewRoman	10	religious and ideologically motivated extremism.
TimesNewRoman	10	AND that hearing from the Jewish Australian community will be important to informing the
TimesNewRoman	10	recommendations of your inquiry and recognising concerns relating to educational and cultural
TimesNewRoman	10	institutions, and other sectors of Australian society.
TimesNewRoman	10	AND the necessity for the inquiry to be conducted in a manner that does not occasion prejudice to
TimesNewRoman	10	current or future criminal proceedings or national security or undermine social cohesion.
TimesNewRoman	10	NOW THEREFORE We do, by these Our Letters Patent issued in Our name by Our Governor-General
TimesNewRoman	10	of the Commonwealth of Australia on the advice of the Federal Executive Council and under the
TimesNewRoman	10	Constitution of the Commonwealth of Australia, the Royal Commissions Act 1902 and every other
TimesNewRoman	10	enabling power, appoint you to be a Commission of inquiry, and require and authorise you to inquire
TimesNewRoman	10	into the following matters:
Calibri	9	118 Interim report: Royal Commission on Antisemitism and Social Cohesion
TimesNewRoman	10	(a) tackling antisemitism by:
TimesNewRoman	10	(i) investigating the nature and prevalence of antisemitism in institutions and society, and
TimesNewRoman	10	examining its key drivers in Australia, including religious and ideologically motivated
TimesNewRoman	10	extremism and radicalisation, including in the lead up to the antisemitic Bondi terrorist
TimesNewRoman	10	attack on 14 December 2025;
TimesNewRoman	10	(ii) identifying any opportunities to enhance the responses of governments to antisemitism
TimesNewRoman	10	including, but not limited to, best practice approaches to de-radicalisation and
TimesNewRoman	10	strengthening social cohesion;
TimesNewRoman	10	(iii) making recommendations to counteract and prevent manifestations of antisemitism;
TimesNewRoman	10	(iv) assessing the impact of antisemitism on the daily life of Jewish Australians including
TimesNewRoman	10	with respect to security, physical and mental health and wellbeing;
TimesNewRoman	10	(b) making any recommendations to assist law enforcement, border control, immigration and
TimesNewRoman	10	security agencies to tackle antisemitism, including by:
TimesNewRoman	10	(i) improvements to guidance and training within law enforcement, border control,
TimesNewRoman	10	immigration, and security agencies to respond to antisemitic conduct;
TimesNewRoman	10	(ii) having regard to existing security arrangements for the Jewish community,
TimesNewRoman	10	improvement of protective security for Jewish places of worship, major sites,
TimesNewRoman	10	educational and cultural facilities, public events and community leaders;
TimesNewRoman	10	(iii) whether these authorities have sufficient powers and resources to respond to antisemitic
TimesNewRoman	10	conduct;
TimesNewRoman	10	(c) examine the circumstances surrounding the antisemitic Bondi terrorist attack on 14 December
TimesNewRoman	10	2025, including:
TimesNewRoman	10	(i) lead up to and planning of the attack;
TimesNewRoman	10	(ii) the interaction and information sharing between Commonwealth agencies, between
TimesNewRoman	10	Commonwealth and State and Territory agencies, and between relevant
TimesNewRoman	10	Commonwealth and State agencies with the organisers of the Chanukah event at Bondi
TimesNewRoman	10	Beach on 14 December 2025;
TimesNewRoman	10	(iii) security arrangements for the Chanukah event and Bondi Beach on 14 December 2025;
TimesNewRoman	10	(iv) the attack;
TimesNewRoman	10	(v) emergency response to the attack;
TimesNewRoman	10	(vi) whether relevant Commonwealth, State and Territory intelligence and law enforcement
TimesNewRoman	10	agencies performed to maximum effectiveness, including whether they had adequate
TimesNewRoman	10	powers and the right systems, processes and procedures, and whether there was an
TimesNewRoman	10	appropriate authorising environment for information sharing with other
TimesNewRoman	10	Commonwealth, State and Territory agencies;
Calibri	8	Interim report: Royal Commission on Antisemitism and Social Cohesion 119
TimesNewRoman	10	(vii) whether relevant Commonwealth, State and Territory intelligence and law enforcement
TimesNewRoman	10	agencies were prevented from taking prohibitive actions by the current legislative
TimesNewRoman	10	framework and authorising environment;
TimesNewRoman	10	(viii) identifying any gaps in existing legal and regulatory frameworks that impede the ability
TimesNewRoman	10	for law enforcement, border control, immigration and security agencies to prevent and
TimesNewRoman	10	respond to attacks of this nature at both the state and federal levels;
TimesNewRoman	10	(ix) identifying any lessons for security and law enforcement agencies to prevent and
TimesNewRoman	10	respond to similar attacks in the future;
TimesNewRoman	10	(d) make any other recommendations arising out of your inquiry into the matters set out in
TimesNewRoman	10	paragraphs (a) to (c) that would contribute to strengthening social cohesion in Australia and
TimesNewRoman	10	countering the spread of ideologically and religiously motivated extremism in Australia;
TimesNewRoman	10	(e) any matter reasonably incidental to a matter referred to in paragraphs (a) to (d) or that you
TimesNewRoman	10	believe is reasonably relevant to your inquiry.
TimesNewRoman	10	AND We direct you to make any recommendations arising out of your inquiry that you consider
TimesNewRoman	10	appropriate, including recommendations about any policy, legislative, administrative or structural
TimesNewRoman	10	reforms.
TimesNewRoman	10	AND We further declare that you are not required by these Our Letters Patent to inquire, or to continue
TimesNewRoman	10	to inquire, into a particular matter to the extent that you are satisfied that the matter has been, is being,
TimesNewRoman	10	or will be, sufficiently and appropriately dealt with by another inquiry or investigation or a criminal or
TimesNewRoman	10	civil proceeding.
TimesNewRoman	10	AND, without limiting the scope of your inquiry or the scope of any recommendations arising out of
TimesNewRoman	10	your inquiry that you may consider appropriate, We direct you, for the purposes of your inquiry and
TimesNewRoman	10	recommendations, to consider the following matters, and We authorise you, as you consider
TimesNewRoman	10	appropriate, having regard to the date by which you are required to submit your final report, to take (or
TimesNewRoman	10	refrain from taking) any action arising out of your consideration:
TimesNewRoman	10	(f) the need to establish mechanisms to facilitate the timely communication of information, or the
TimesNewRoman	10	furnishing of evidence, documents or things, in accordance with section 6P of the Royal
TimesNewRoman	10	Commissions Act 1902 or any other relevant law, including, for example, for the purpose of
TimesNewRoman	10	enabling the timely investigation and prosecution of offences;
TimesNewRoman	10	(g) the need to establish appropriate arrangements in relation to current and previous inquiries, in
TimesNewRoman	10	Australia and elsewhere, for evidence and information to be shared with you in ways consistent
TimesNewRoman	10	with relevant obligations so that the work of those inquiries, including, with any necessary
TimesNewRoman	10	consents, the testimony of witnesses, can be taken into account by you in a way that avoids
TimesNewRoman	10	unnecessary duplication, improves efficiency and avoids unnecessary trauma to witnesses;
TimesNewRoman	10	(h) the need to recognise and appropriately protect any intelligence information or operationally
TimesNewRoman	10	sensitive information obtained by you;
TimesNewRoman	10	(i) the need to establish appropriate arrangements with the heads of the relevant Australian
TimesNewRoman	10	intelligence entities for obtaining, storing, accessing, using, disclosing and returning
TimesNewRoman	10	intelligence information relating to an Australian intelligence entity.
TimesNewRoman	10	AND We declare that you are a relevant Commission for the purposes of sections 4 and 5 of the Royal
TimesNewRoman,Italic	10	Commissions Act 1902.
Calibri	9	120 Interim report: Royal Commission on Antisemitism and Social Cohesion
TimesNewRoman	10	AND We declare that you are a Royal Commission to which item 5 of the table in subsection 355-70(1)
TimesNewRoman,Italic	10	in Schedule 1 to the Taxation Administration Act 1953 applies.
TimesNewRoman	10	AND We declare that you are authorised to conduct your inquiry into any matter under these Our Letters
TimesNewRoman	10	Patent in combination with any inquiry into the same matter, or a matter related to that matter, that you
TimesNewRoman	10	are directed or authorised to conduct by any Commission, or under any order or appointment, made by
TimesNewRoman	10	any of Our Governors of the States or by the Government of any of Our Territories.
TimesNewRoman	10	AND We declare that in these Our Letters Patent:
TimesNewRoman	10	Australian Defence Force has the same meaning. as in the Defence Act 1903.
TimesNewRoman,Italic	10	Australian intelligence entity means:
TimesNewRoman	10	(a) the Australian Secret Intelligence Service; or
TimesNewRoman	10	(b) the Australian Security Intelligence Organisation; or
TimesNewRoman	10	(c) the Australian Geospatial-Intelligence Organisation; or
TimesNewRoman	10	(d) the Defence Intelligence Organisation; or
TimesNewRoman	10	(e) the Australian Signals Directorate; or
TimesNewRoman	10	(f) the Office of National Intelligence.
TimesNewRoman	10	Department of Defence means the Department administered by the Minister administering
TimesNewRoman,Italic	10	the Defence Force Discipline Act 1982.
TimesNewRoman	10	head, of an Australian intelligence entity, means:
TimesNewRoman	10	(a) in relation to the Australian Security Intelligence Organisation-the Director-General of
TimesNewRoman	10	Security; or
TimesNewRoman	10	(b) in relation to the Australian Secret Intelligence Service the Director-General of the
TimesNewRoman	10	Australian Secret Intelligence Service; or
TimesNewRoman	10	(c) in relation to the Australian Signals Directorate-the Director-General of the Australian
TimesNewRoman	10	Signals Directorate; or
TimesNewRoman	10	(d) in relation to the part of the Department of Defence known as the Australian Geospatial-
TimesNewRoman	10	Intelligence Organisation-the Director of that part of the Department; or
TimesNewRoman	10	(e) in relation to the part of the Department of Defence known as the Defence Intelligence
TimesNewRoman	10	Organisation-the Director of that part of the Department; or
TimesNewRoman	10	(f) in relation to the Office of National Intelligence-the Director-General of National
TimesNewRoman	10	Intelligence.
TimesNewRoman,Italic	10	Intelligence information means information:
TimesNewRoman	10	(a) that was acquired or prepared by or on behalf of an Australian intelligence entity in
TimesNewRoman	10	connection with its functions; or
TimesNewRoman	10	(b) that relates to the performance by an Australian intelligence entity of its functions; or
TimesNewRoman	10	(c) that identifies a person as being, or having been, a staff member (within the meaning
TimesNewRoman	10	of the Intelligence Services Act 2001) or agent of the Australian Secret Intelligence
TimesNewRoman	10	Service or the Australian Security Intelligence Organisation.
TimesNewRoman	10	law enforcement or security agency means any of the following agencies:
TimesNewRoman	10	(a) the Australian Defence Force;
TimesNewRoman	10	(b) the Australian Federal Police;
TimesNewRoman	10	(c) the Australian Criminal Intelligence Commission;
Calibri	8	Interim report: Royal Commission on Antisemitism and Social Cohesion 121
TimesNewRoman	10	(d) the Department administered by the Minister administering the Australian Border Force
TimesNewRoman	10	Act 2015;
TimesNewRoman	10	(e) the Office of the Special Investigator;
TimesNewRoman	10	(f) the police force of a State or Territory.
TimesNewRoman,Italic	10	operationally sensitive information means:
TimesNewRoman	10	(a) information about information sources or operational activities or methods available to
TimesNewRoman	10	a law enforcement or security agency; or
TimesNewRoman	10	(b) information about particular operations that have been, are being or are proposed to be
TimesNewRoman	10	undertaken by a law enforcement or security agency, or about proceedings relating to
TimesNewRoman	10	those operations; or
TimesNewRoman	10	(c) information provided by a foreign government, or by an agency of a foreign
TimesNewRoman	10	government, where that government does not consent to the public disclosure of the
TimesNewRoman	10	information.
TimesNewRoman	10	AND We:
TimesNewRoman	10	(j) require you to begin your inquiry as soon as practicable; and
TimesNewRoman	10	(k) require you to make your inquiry as expeditiously as possible; and
TimesNewRoman	10	(l) require you to ensure the inquiry is conducted in a professional, impartial, respectful and
TimesNewRoman	10	courteous manner, including appropriately managing any actual or perceived conflicts of
TimesNewRoman	10	interest; and
TimesNewRoman	10	(m) require you to submit to Our Governor-General an interim report that you consider
TimesNewRoman	10	appropriate not later than 30 April 2026, focusing on:
TimesNewRoman	10	(i) the matters mentioned in paragraph (c); and
TimesNewRoman	10	(ii) any other issues requiring urgent or immediate action; and
TimesNewRoman	10	(n) require you to submit to Our Governor-General a report of the results of your inquiry, and your
TimesNewRoman	10	recommendations, not later than 14 December 2026.
TimesNewRoman	10	IN WITNESS, We have caused these Our Letters to be made Patent.
TimesNewRoman	10	WITNESS the Honourable Sam Mostyn AC, Governor-General of the
TimesNewRoman	10	Commonwealth of Australia.
TimesNewRoman	10	Dated 9 January 2026
TimesNewRoman	10	[signed]
TimesNewRoman	10	Governor-General
TimesNewRoman	10	By Her Excellency’s Command
TimesNewRoman	10	[signed]
TimesNewRoman	10	Attorney-General
Calibri	9	122 Interim report: Royal Commission on Antisemitism and Social Cohesion
TimesNewRoman	10	NEW SOUTH WALES
TimesNewRoman	10	CHARLES THE THIRD, By the Grace of God King of Australia and His other Realms and Territories,
TimesNewRoman	10	Head of the Commonwealth
TimesNewRoman	10	TO
TimesNewRoman	10	The Honourable Virginia Bell AC
TimesNewRoman	10	GREETING
TimesNewRoman	10	ACKNOWLEDGING the antisemitic terrorist attack on Jewish Australians that took place at Bondi
TimesNewRoman	10	Beach on 14 December 2025, and which resulted in the loss of 15 lives and the wounding of a further
TimesNewRoman	10	40 individuals.
TimesNewRoman	10	AND the determination of the Australian Government to respond to the attack, and the factors leading
TimesNewRoman	10	up to the attack, as a matter of urgency by addressing antisemitism within the Australian community,
TimesNewRoman	10	including since 7 October 2023.
TimesNewRoman	10	AND that the Australian Government has adopted the International Holocaust Remembrance Alliance's
TimesNewRoman	10	working definition of antisemitism.
TimesNewRoman	10	AND recognising that strengthening the national consensus in support of democracy, freedom and the
TimesNewRoman	10	rule of law (social cohesion) provides the strongest defence against antisemitism and other forms of
TimesNewRoman	10	religious and ideologically motivated extremism.
TimesNewRoman	10	AND that hearing from the Jewish Australian community will be important to informing the
TimesNewRoman	10	recommendations of your inquiry and recognising concerns relating to educational and cultural
TimesNewRoman	10	institutions, and other sectors of Australian society.
TimesNewRoman	10	AND the necessity for the inquiry to be conducted in a manner that does not occasion prejudice to
TimesNewRoman	10	current or future criminal proceedings or national security or undermine social cohesion.
TimesNewRoman	10	NOW THEREFORE We do, by these Our Letters Patent issued in Our name by Our Governor on the
TimesNewRoman	10	advice of the Executive Council and under the Royal Commissions Act 1923 and every other enabling
TimesNewRoman	10	power, appoint you to be a Commission of Inquiry, and require and authorise you to inquire into the
TimesNewRoman	10	following matters:
TimesNewRoman	10	(a) tackling antisemitism by:
TimesNewRoman	10	(i) investigating the nature and prevalence of antisemitism in institutions and society, and
TimesNewRoman	10	examining its key drivers in Australia, including religious and ideologically motivated
TimesNewRoman	10	extremism and radicalisation, including in the lead up to the antisemitic Bondi terrorist
TimesNewRoman	10	attack on 14 December 2025;
TimesNewRoman	10	(ii) identifying any opportunities to enhance the responses of governments to antisemitism
TimesNewRoman	10	including, but not limited to, best practice approaches to de-radicalisation and
TimesNewRoman	10	strengthening social cohesion;
TimesNewRoman	10	(iii) making recommendations to counteract and prevent manifestations of antisemitism;
TimesNewRoman	10	(iv) assessing the impact of antisemitism on the daily life of Jewish Australians including
TimesNewRoman	10	with respect to security, physical and mental health and wellbeing;
Calibri	8	Interim report: Royal Commission on Antisemitism and Social Cohesion 123
TimesNewRoman	10	(b) making any recommendations to assist law enforcement, border control, immigration and
TimesNewRoman	10	security agencies to tackle antisemitism, including by:
TimesNewRoman	10	(i) improvements to guidance and training within law enforcement, border control,
TimesNewRoman	10	immigration, and security agencies to respond to antisemitic conduct;
TimesNewRoman	10	(ii) having regard to existing security arrangements for the Jewish community,
TimesNewRoman	10	improvement of protective security for Jewish places of worship, major sites,
TimesNewRoman	10	educational and cultural facilities, public events and community leaders;
TimesNewRoman	10	(iii) whether these authorities have sufficient powers and resources to respond to antisemitic
TimesNewRoman	10	conduct;
TimesNewRoman	10	(c) examine the circumstances surrounding the antisemitic Bondi terrorist attack on 14 December
TimesNewRoman	10	2025, including:
TimesNewRoman	10	(i) lead up to and planning of the attack;
TimesNewRoman	10	(ii) the interaction and information sharing between Commonwealth agencies, between
TimesNewRoman	10	Commonwealth and State and Territory agencies, and between relevant
TimesNewRoman	10	Commonwealth and State agencies with the organisers of the Chanukah event at Bondi
TimesNewRoman	10	Beach on 14 December 2025;
TimesNewRoman	10	(iii) security arrangements for the Chanukah event and Bondi Beach on 14 December 2025;
TimesNewRoman	10	(iv) the attack;
TimesNewRoman	10	(v) emergency response to the attack;
TimesNewRoman	10	(vi) whether relevant Commonwealth, State and Territory intelligence and law enforcement
TimesNewRoman	10	agencies performed to maximum effectiveness, including whether they had adequate
TimesNewRoman	10	powers and the right systems, processes and procedures, and whether there was an
TimesNewRoman	10	appropriate authorising environment for information sharing with other
TimesNewRoman	10	Commonwealth, State and Territory agencies;
TimesNewRoman	10	(vii) whether relevant Commonwealth, State and Territory intelligence and law enforcement
TimesNewRoman	10	agencies were prevented from taking prohibitive actions by the current legislative
TimesNewRoman	10	framework and authorising environment;
TimesNewRoman	10	(viii) identifying any gaps in existing legal and regulatory frameworks that impede the ability
TimesNewRoman	10	for law enforcement, border control, immigration and security agencies to prevent and
TimesNewRoman	10	respond to attacks of this nature at both the state and federal levels;
TimesNewRoman	10	(ix) identifying any lessons for security and law enforcement agencies to prevent and
TimesNewRoman	10	respond to similar attacks in the future;
TimesNewRoman	10	(d) make any other recommendations arising out of your inquiry into the matters set out in
TimesNewRoman	10	paragraphs (a) to (c) that would contribute to strengthening social cohesion in Australia and
TimesNewRoman	10	countering the spread of ideologically and religiously motivated extremism in Australia;
TimesNewRoman	10	(e) any matter reasonably incidental to a matter referred to in paragraphs (a) to (d) or that you
TimesNewRoman	10	believe is reasonably relevant to your inquiry.
Calibri	9	124 Interim report: Royal Commission on Antisemitism and Social Cohesion
TimesNewRoman	10	AND We direct you to make any recommendations arising out of your inquiry that you consider
TimesNewRoman	10	appropriate, including recommendations about any policy, legislative, administrative or structural
TimesNewRoman	10	reforms.
TimesNewRoman	10	AND We further declare that you are not required by these Our Letters Patent to inquire, or to continue
TimesNewRoman	10	to inquire, into a particular matter to the extent that you are satisfied that the matter has been, is being,
TimesNewRoman	10	or will be, sufficiently and appropriately dealt with by another inquiry or investigation or a criminal or
TimesNewRoman	10	civil proceeding.
TimesNewRoman	10	AND, without limiting the scope of your inquiry or the scope of any recommendations arising out of
TimesNewRoman	10	your inquiry that you may consider appropriate, We direct you, for the purposes of your inquiry and
TimesNewRoman	10	recommendations, to consider the following matters, and We authorise you, as you consider
TimesNewRoman	10	appropriate, having regard to the date by which you are required to submit your final report, to take (or
TimesNewRoman	10	refrain from taking) any action arising out of your consideration:
TimesNewRoman	10	(f) the need to establish mechanisms to facilitate the timely communication of information, or the
TimesNewRoman	10	furnishing of evidence, documents or things, in accordance with section 12A of the Royal
TimesNewRoman	10	Commissions Act 1923 or any other relevant Jaw, including, for example, for the purpose of
TimesNewRoman	10	enabling the timely investigation and prosecution of offences;
TimesNewRoman	10	(g) the need to establish appropriate arrangements in relation to current and previous inquiries, in
TimesNewRoman	10	Australia and elsewhere, for evidence and information to be shared with you in ways consistent
TimesNewRoman	10	with relevant obligations so that the work of those inquiries, including, with any necessary
TimesNewRoman	10	consents, the testimony of witnesses, can be taken into account by you in a way that avoids
TimesNewRoman	10	unnecessary duplication, improves efficiency and avoids unnecessary trauma to witnesses;
TimesNewRoman	10	(h) the need to recognise and appropriately protect any intelligence information or operationally
TimesNewRoman	10	sensitive information obtained by you;
TimesNewRoman	10	(i) the need to establish appropriate arrangements with the heads of the relevant Australian
TimesNewRoman	10	intelligence entities for obtaining, storing, accessing, using, disclosing and returning
TimesNewRoman	10	intelligence information relating to an Australian intelligence entity.
TimesNewRoman	10	AND We declare that the provisions of Division 2 of Part 2 of the Royal Commissions Act 1923 are to
TimesNewRoman	10	have effect in relation to this Commission AND IT IS FURTHER declared that section 17 of the Royal
TimesNewRoman	10	Commissions Act 1923 shall apply to and with respect to your inquiry.
TimesNewRoman	10	AND We declare that you are authorised to conduct your inquiry into any matter under these Our Letters
TimesNewRoman	10	Patent in combination with any inquiry into the same matter, or a matter related to that matter, that you
TimesNewRoman	10	are directed or authorised to conduct by any Commission, or under any order or appointment, made by
TimesNewRoman	10	Our Governor-General of the Commonwealth of Australia, by any of Our Governors of the States or by
TimesNewRoman	10	the Government of any of Our Territories.
TimesNewRoman	10	AND We declare that in these Our Letters Patent:
TimesNewRoman	10	Australian Defence Force has the same meaning as in the Defence Act 1903.
TimesNewRoman,BoldItalic	10	Australian intelligence entity means:
TimesNewRoman	10	(a) the Australian Secret Intelligence Service; or
TimesNewRoman	10	(b) the Australian Security Intelligence Organisation; or
TimesNewRoman	10	(c) the Australian Geospatial-Intelligence Organisation; or
TimesNewRoman	10	(d) the Defence Intelligence Organisation; or
Calibri	8	Interim report: Royal Commission on Antisemitism and Social Cohesion 125
TimesNewRoman	10	(e) the Australian Signals Directorate; or
TimesNewRoman	10	(f) the Office of National Intelligence.
TimesNewRoman	10	Department of Defence means the Department administered by the Minister administering the
TimesNewRoman,Italic	10	Defence Force Discipline Act 1982.
TimesNewRoman	10	head, of an Australian intelligence entity, means:
TimesNewRoman	10	(a) in relation to the Australian Security Intelligence Organisation–the Director-General of
TimesNewRoman	10	Security; or
TimesNewRoman	10	(b) in relation to the Australian Secret Intelligence Service–the Director-General of the
TimesNewRoman	10	Australian Secret Intelligence Service; or
TimesNewRoman	10	(c) in relation to the Australian Signals Directorate–the Director-General of the Australian
TimesNewRoman	10	Signals Directorate; or
TimesNewRoman	10	(d) in relation to the part of the Department of Defence known as the Australian Geospatial-
TimesNewRoman	10	Intelligence Organisation–the Director of that part of the Department; or
TimesNewRoman	10	(e) in relation to the part of the Department of Defence known as the Defence Intelligence
TimesNewRoman	10	Organisation–the Director of that part of the Department; or
TimesNewRoman	10	(f) in relation to the Office of National Intelligence–the Director-General of National
TimesNewRoman	10	Intelligence.
TimesNewRoman,BoldItalic	10	intelligence information means information:
TimesNewRoman	10	(a) that was acquired or prepared by or on behalf of an Australian intelligence entity in
TimesNewRoman	10	connection with its functions; or
TimesNewRoman	10	(b) that relates to the performance by an Australian intelligence entity of its functions; or
TimesNewRoman	10	(c) that identifies a person as being, or having been, a staff member (within the meaning of
TimesNewRoman	10	the Intelligence Services Act 2001) or agent of the Australian Secret Intelligence Service
TimesNewRoman	10	or the Australian Security Intelligence Organisation.
TimesNewRoman,BoldItalic	10	law enforcement or security agency means any of the following agencies:
TimesNewRoman	10	(a) the Australian Defence Force;
TimesNewRoman	10	(b) the Australian Federal Police;
TimesNewRoman	10	(c) the Australian Criminal Intelligence Commission;
TimesNewRoman	10	(d) the Department administered by the Minister administering the Australian Border Force
TimesNewRoman,Italic	10	Act 2015;
TimesNewRoman	10	(e) the Office of the Special Investigator;
TimesNewRoman	10	(f) the police force of a State or Territory.
TimesNewRoman,BoldItalic	10	operationally sensitive information means:
TimesNewRoman	10	(a) information about information sources or operational activities or methods available to a
TimesNewRoman	10	law enforcement or security agency; or
TimesNewRoman	10	(b) information about particular operations that have been, are being or are proposed to be
TimesNewRoman	10	undertaken by a law enforcement or security agency, or about proceedings relating to those
TimesNewRoman	10	operations; or
TimesNewRoman	10	(c) information provided by a foreign government, or by an agency of a foreign government,
TimesNewRoman	10	where that government does not consent to the public disclosure of the information.
TimesNewRoman	10	AND We:
TimesNewRoman	10	(j) require you to begin your inquiry as soon as practicable; and
Calibri	9	126 Interim report: Royal Commission on Antisemitism and Social Cohesion
TimesNewRoman	10	(k) require you to make your inquiry as expeditiously as possible; and
TimesNewRoman	10	(l) require you to ensure the inquiry is conducted in a professional, impartial, respectful and
TimesNewRoman	10	courteous manner, including appropriately managing any actual or perceived conflicts of
TimesNewRoman	10	interest; and
TimesNewRoman	10	(m) require you to submit to Our Governor an interim report that you consider appropriate not later
TimesNewRoman	10	than 30 April 2026, focusing on:
TimesNewRoman	10	(i) the matters mentioned in paragraph (c); and
TimesNewRoman	10	(ii) any other issues requiring urgent or immediate action; and
TimesNewRoman	10	(n) require you to submit to Our Governor a report of the results of your inquiry, and your
TimesNewRoman	10	recommendations, not later than 14 December 2026.
TimesNewRoman	10	IN WITNESS, We have caused these Our Letters to be made Patent and the Public Seal of Our State to
TimesNewRoman	10	be hereunto affixed.
TimesNewRoman	10	WITNESS Her Excellency the Honourable Margaret Beazley, Companion of the Order of
TimesNewRoman	10	Australia, King's Counsel, Governor of the State of New South Wales in the Commonwealth of
TimesNewRoman	10	Australia.
TimesNewRoman	10	Dated this 21st January 2026.
TimesNewRoman	10	[signed]
TimesNewRoman	10	Margaret Beazley
TimesNewRoman	10	Governor
TimesNewRoman	10	By Her Excellency's Command,
TimesNewRoman	10	Premier [signed]
TimesNewRoman	10	Chris Minns
TimesNewRoman	10	ENTERED on the Record by me in Register of Patents No. 94 Page 40, this 21 January 2026.
TimesNewRoman	10	SECRETARY
TimesNewRoman	10	THE CABINET OFFICE
TimesNewRoman	10	Approved by the
TimesNewRoman	10	Executive Council
TimesNewRoman	10	Min No: -- 01 -- 21 JANUARY 2026
Calibri	8	Interim report: Royal Commission on Antisemitism and Social Cohesion 127
TimesNewRoman,Bold	10	CHARLES THE THIRD, BY THE GRACE OF GOD
TimesNewRoman,Bold	10	KING OF AUSTRALIA AND HIS OTHER REALMS AND TERRITORIES,
TimesNewRoman,Bold	10	HEAD OF THE COMMONWEALTH:
TimesNewRoman	10	TO
TimesNewRoman	10	The Honourable Virginia Bell AC
TimesNewRoman	10	GREETING
TimesNewRoman	10	WHEREAS the Governor-General of the Commonwealth of Australia, on the advice of the Federal
TimesNewRoman,Italic	10	Executive Council and under the Constitution of the Commonwealth of Australia, the Royal
TimesNewRoman	10	Commissions Act 1902 (Cth) and every other enabling power, has by Letters Patent appointed you to
TimesNewRoman	10	be a Commission of inquiry to inquire into, and report upon, certain matters relating to antisemitism in
TimesNewRoman	10	Australia, including tackling antisemitism, and the circumstances of the antisemitic terrorist attack that
TimesNewRoman	10	took place at Bondi Beach on 14 December 2025.
TimesNewRoman	10	AND the Governor-General has declared that you are authorised to conduct that inquiry in combination
TimesNewRoman	10	with any inquiry into the same matter, or a matter related to that matter, that you are directed or
TimesNewRoman	10	authorised to conduct by any Commission issued, or under any order or appointment made, by any of
TimesNewRoman	10	the Governors of the States or the Government of any Territory.
TimesNewRoman	10	AND WHEREAS the Governor of the State of Victoria, by and with the advice of the Premier, has
TimesNewRoman	10	deemed it expedient that a Commission should issue to you in the terms set out below.
TimesNewRoman	10	ACKNOWLEDGING the antisemitic terrorist attack on Jewish Australians that took place at Bondi
TimesNewRoman	10	Beach on 14 December 2025, and which resulted in the loss of 15 lives and the wounding of a further
TimesNewRoman	10	40 individuals.
TimesNewRoman	10	AND the determination of the Australian Government to respond to the attack, and the factors leading
TimesNewRoman	10	up to the attack, as a matter of urgency by addressing antisemitism within the Australian community,
TimesNewRoman	10	including since 7 October 2023.
TimesNewRoman	10	AND that the Australian Government has adopted the International Holocaust Remembrance Alliance's
TimesNewRoman	10	working definition of antisemitism.
TimesNewRoman	10	AND recognising that strengthening the national consensus in support of democracy, freedom and the
TimesNewRoman	10	rule of law (social cohesion) provides the strongest defence against antisemitism and other forms of
TimesNewRoman	10	religious and ideologically motivated extremism.
TimesNewRoman	10	AND that hearing from the Jewish Australian community will be important to informing the
TimesNewRoman	10	recommendations of your inquiry and recognising concerns relating to educational and cultural
TimesNewRoman	10	institutions; and other sectors of Australian society.
TimesNewRoman	10	AND the necessity for the inquiry to be conducted in a manner that does not occasion prejudice to
TimesNewRoman	10	current or future criminal proceedings or national security or undermine social cohesion.
TimesNewRoman	10	NOW THEREFORE the Governor of the State of Victoria, by and with the advice of the Premier and
TimesNewRoman	10	acting pursuant to section 5 of the Inquiries Act 2014 (Vic) and every other enabling power, appoints
TimesNewRoman	10	and constitutes you to be Our Commissioner, and requires and authorises you to inquire into the
TimesNewRoman	10	following matters:
Calibri	9	128 Interim report: Royal Commission on Antisemitism and Social Cohesion
TimesNewRoman	10	(a) tackling antisemitism by:
TimesNewRoman	10	(i) investigating the nature and prevalence of antisemitism in institutions and society, and
TimesNewRoman	10	examining its key drivers in Australia, including religious and ideologically motivated
TimesNewRoman	10	extremism and radicalisation, including in the lead up to the antisemitic Bondi terrorist
TimesNewRoman	10	attack on 14 December 2025;
TimesNewRoman	10	(ii) identifying any opportunities to enhance the responses of governments to antisemitism
TimesNewRoman	10	including, but not limited to, best practice approaches to deradicalisation and
TimesNewRoman	10	strengthening social cohesion;
TimesNewRoman	10	(iii) making recommendations to counteract and prevent manifestations of antisemitism;
TimesNewRoman	10	(iv) assessing the impact of antisemitism on the daily life of Jewish Australians including
TimesNewRoman	10	with respect to security, physical and mental health and wellbeing;
TimesNewRoman	10	(b) making any recommendations to assist law enforcement, border control, immigration and
TimesNewRoman	10	security agencies to tackle antisemitism, including by:
TimesNewRoman	10	(i) improvements to guidance and training within law enforcement, border control,
TimesNewRoman	10	immigration, and security agencies to respond to antisemitic conduct;
TimesNewRoman	10	(ii) having regard to existing security arrangements for the Jewish community,
TimesNewRoman	10	improvement of protective security for Jewish places of worship, major sites,
TimesNewRoman	10	educational and cultural facilities, public events and community leaders;
TimesNewRoman	10	(iii) whether these authorities have sufficient powers and resources to respond to antisemitic
TimesNewRoman	10	conduct;
TimesNewRoman	10	(c) examine the circumstances surrounding the antisemitic Bondi terrorist attack on 14 December
TimesNewRoman	10	2025, including:
TimesNewRoman	10	(i) lead up to and planning of the attack;
TimesNewRoman	10	(ii) the interaction and information sharing between Commonwealth agencies, between
TimesNewRoman	10	Commonwealth and State and Territory agencies, and between relevant
TimesNewRoman	10	Commonwealth and State agencies with the organisers of the Chanukah event at Bondi
TimesNewRoman	10	Beach on 14 December 2025;
TimesNewRoman	10	(iii) security arrangements for the Chanukah event and Bondi Beach on 14 December 2025;
TimesNewRoman	10	(iv) the attack;
TimesNewRoman	10	(v) emergency response to the attack;
TimesNewRoman	10	(vi) whether relevant Commonwealth, State and Territory intelligence and law enforcement
TimesNewRoman	10	agencies performed to maximum effectiveness, including whether they had adequate
TimesNewRoman	10	powers and the right systems, processes and procedures, and whether there was an
TimesNewRoman	10	appropriate authorising environment for information sharing with other
TimesNewRoman	10	Commonwealth, State and Territory agencies;
Calibri	8	Interim report: Royal Commission on Antisemitism and Social Cohesion 129
TimesNewRoman	10	(vii) whether relevant Commonwealth, State and Territory intelligence and law enforcement
TimesNewRoman	10	agencies were prevented from taking prohibitive actions by the current legislative
TimesNewRoman	10	framework and authorising environment;
TimesNewRoman	10	(viii) identifying any gaps in existing legal and regulatory frameworks that impede the ability
TimesNewRoman	10	for law enforcement, border control, immigration and security agencies to prevent and
TimesNewRoman	10	respond to attacks of this nature at. both the state and federal levels;
TimesNewRoman	10	(ix) identifying any lessons for security and law enforcement agencies to prevent and
TimesNewRoman	10	respond to similar attacks in the future;
TimesNewRoman	10	(d) make any other recommendations arising out of your inquiry into the matters set out in
TimesNewRoman	10	paragraphs (a) to (c) that would contribute to strengthening social cohesion in Australia and
TimesNewRoman	10	countering the spread of ideologically and religiously motivated extremism in Australia;
TimesNewRoman	10	(e) any matter reasonably incidental to a matter referred to in paragraphs (a) to (d) or that you
TimesNewRoman	10	believe is reasonably relevant to your inquiry.
TimesNewRoman	10	AND We direct you to make any recommendations arising out of your inquiry that you consider
TimesNewRoman	10	appropriate, including recommendations about any policy, legislative, administrative or structural
TimesNewRoman	10	reforms.
TimesNewRoman	10	AND We further declare that you are not required by these Our Letters Patent to inquire, or to continue
TimesNewRoman	10	to inquire, into a particular matter to the extent that you are satisfied that the matter has been, is being,
TimesNewRoman	10	or will be, sufficiently and appropriately dealt with by another inquiry or investigation or a criminal or
TimesNewRoman	10	civil proceeding.
TimesNewRoman	10	AND, without limiting the scope of your inquiry or the scope of any recommendations arising out of
TimesNewRoman	10	your inquiry that you may consider appropriate, We direct you, for the purposes of your inquiry and
TimesNewRoman	10	recommendations, to consider the following matters, and We authorise you, as you consider
TimesNewRoman	10	appropriate, having regard to the date by which you are required to submit your final report, to take (or
TimesNewRoman	10	refrain from taking) any action arising out of your consideration:
TimesNewRoman	10	(f) the need to provide or disclose information, or give any document or other thing, to any person
TimesNewRoman	10	or body, in accordance with section 44 of the Inquiries Act 2014 (Vic) or any other relevant
TimesNewRoman	10	law, including, for example, for the purpose of enabling the timely investigation and
TimesNewRoman	10	prosecution of offences;
TimesNewRoman	10	(g) the need to establish appropriate arrangements in relation to current and previous inquiries, in
TimesNewRoman	10	Australia and elsewhere, for evidence and information to be shared with you in ways consistent
TimesNewRoman	10	with relevant obligations so that the work of those inquiries, including, with any necessary
TimesNewRoman	10	consents, the testimony of witnesses, can be taken into account by you in a way that avoids
TimesNewRoman	10	unnecessary duplication, improves efficiency and avoids unnecessary trauma to witnesses;
TimesNewRoman	10	(h) the need to recognise and appropriately protect any intelligence information or operationally
TimesNewRoman	10	sensitive information obtained by you;
TimesNewRoman	10	(i) the need to establish appropriate arrangements with the heads of the relevant Australian
TimesNewRoman	10	intelligence entities for obtaining, storing, accessing, using, disclosing and returning
TimesNewRoman	10	intelligence information relating to an Australian intelligence entity.
TimesNewRoman	10	AND We appoint you, the Honourable Virginia Bell AC, to constitute the Commission.
TimesNewRoman	10	AND We direct that you, the Honourable Virginia Bell AC, be responsible for ensuring the effective,
TimesNewRoman	10	orderly and expeditious conduct of the inquiry in all its facets.
Calibri	9	130 Interim report: Royal Commission on Antisemitism and Social Cohesion
TimesNewRoman	10	AND We declare that you are a Royal Commission for the purposes 'of section 5 of the Inquiries Act
TimesNewRoman	10	2014 (Vic).
TimesNewRoman	10	AND We declare that you are authorised to conduct your inquiry into any matter under these Our Letters
TimesNewRoman	10	Patent in combination with any inquiry into the same matter, or a matter related to that matter, that you
TimesNewRoman	10	are directed or authorised to conduct by any Commission, or under any order or appointment, made by
TimesNewRoman	10	the Governor-General of the Commonwealth, or the Governor of Victoria, or the Governor of any other
TimesNewRoman	10	State or the Government of any Territory.
TimesNewRoman	10	AND We declare and specify that you may perform functions conferred on you under the law of the
TimesNewRoman	10	Commonwealth, another State or a Territory in conjunction with the performance of your functions
TimesNewRoman,Italic	10	under the Inquiries Act 2014 (Vic}.
TimesNewRoman	10	AND We declare that in these Our Letters Patent:
TimesNewRoman	10	Australian Defence Force has the same meaning as in the Defence Act 1903 (Cth).
TimesNewRoman,BoldItalic	10	Australian Intelligence entity means:
TimesNewRoman	10	(a) the Australian Secret Intelligence Service; or
TimesNewRoman	10	(b) the Australian Security Intelligence Organisation; or
TimesNewRoman	10	(c) the Australian Geospatial-Intelligence Organisation; or
TimesNewRoman	10	(d) the Defence Intelligence Organisation; or
TimesNewRoman	10	(e) the Australian Signals Directorate; or
TimesNewRoman	10	(f) the Office of National Intelligence.
TimesNewRoman	10	Department of Defence means the Department administered by the Minister administering
TimesNewRoman,Italic	10	the Defence Force Discipline Act 1982 (Cth).
TimesNewRoman	10	head, of an Australian intelligence entity means:
TimesNewRoman	10	(a) in relation to the Australian Security Intelligence Organisation—the Director-General
TimesNewRoman	10	of Security; or
TimesNewRoman	10	(b) in relation to the Australian Secret Intelligence Service—the Director-General of the
TimesNewRoman	10	Australian Secret Intelligence Service; or
TimesNewRoman	10	(c) in relation to the Australian Signals Directorate—he Director-General of the Australian
TimesNewRoman	10	Signals Directorate; or
TimesNewRoman	10	(d) in relation to the part of the Department of Defence known as the Australian Geospatial-
TimesNewRoman	10	Intelligence Organisation—the Director of that part of the Department; or
TimesNewRoman	10	(e) in relation to the part of the Department of Defence known as the Defence Intelligence
TimesNewRoman	10	Organisation—the Director of that part of the Department; or
TimesNewRoman	10	(f) in relation to the Office of National Intelligence—the Director-General of National
TimesNewRoman	10	Intelligence.
TimesNewRoman,BoldItalic	10	intelligence information means information:
TimesNewRoman	10	(a) that was acquired or prepared by or on behalf of an Australian intelligence entity in
TimesNewRoman	10	connection with its functions; or
TimesNewRoman	10	(b) that relates to the performance by an Australian intelligence entity of its functions; or
TimesNewRoman	10	(c) that identifies a person as being, or having been, a staff member (within the meaning
TimesNewRoman	10	of the Intelligence Services Act 2001 (Cth)) or agent of the Australian Secret
TimesNewRoman	10	Intelligence Service or the Australian Security Intelligence Organisation.
TimesNewRoman	10	law enforcement or security agency means any of the following agencies:
TimesNewRoman	10	(a) the Australian Defence Force;
Calibri	8	Interim report: Royal Commission on Antisemitism and Social Cohesion 131
TimesNewRoman	10	(b) the Australian Federal Police;
TimesNewRoman	10	(c) the Australian Criminal Intelligence Commission;
TimesNewRoman	10	(d) the Department administered by the Minister administering the Australian Border
TimesNewRoman,Italic	10	Force Act 2015 (Cth);
TimesNewRoman	10	(e) the Office of the Special Investigator;
TimesNewRoman	10	(f) the police force of a State or Territory.
TimesNewRoman,BoldItalic	10	operationally sensitive information means:
TimesNewRoman	10	(a) information about information sources or operational activities or methods available to
TimesNewRoman	10	a law enforcement or security agency; or
TimesNewRoman	10	(b) information about particular operations that have been, are being or are proposed to be
TimesNewRoman	10	undertaken by a law enforcement or security agency, or about proceedings relating to
TimesNewRoman	10	those operations; or
TimesNewRoman	10	(c) information provided by a foreign government, or by an agency of a foreign
TimesNewRoman	10	government, where that government does not consent to the public disclosure of the
TimesNewRoman	10	information.
TimesNewRoman	10	AND We:
TimesNewRoman	10	(j) require you to begin your inquiry as soon as practicable; and
TimesNewRoman	10	(k) require you to make your inquiry as expeditiously as possible; and
TimesNewRoman	10	(l) require you to ensure the inquiry is conducted in a professional, impartial, respectful and
TimesNewRoman	10	courteous manner, including appropriately managing any actual or perceived conflicts of
TimesNewRoman	10	interest; and
TimesNewRoman	10	(m) require you to submit to Our Governor an interim report that you consider appropriate not
TimesNewRoman	10	later than 30 April 2026, focusing on:
TimesNewRoman	10	(i) the matters mentioned in paragraph (c); and
TimesNewRoman	10	(ii) any other issues requiring urgent or immediate action; and
TimesNewRoman	10	(n) require you to submit to Our Governor a report of the results of your inquiry, and your
TimesNewRoman	10	recommendations, not later than 14 December 2026.
Calibri	9	132 Interim report: Royal Commission on Antisemitism and Social Cohesion
TimesNewRoman	10	IN WITNESS, We have caused these Our Letters to be made Patent and the Seal of the State to be
TimesNewRoman	10	hereunder affixed.
TimesNewRoman	10	WITNESS Her Excellency Professor the
TimesNewRoman	10	Honourable Margaret Gardner, Companion of the
TimesNewRoman	10	Order of Australia, Governor of the State of
TimesNewRoman	10	Victoria in the Commonwealth of Australia at
TimesNewRoman	10	Melbourne this 17th day of February two thousand
TimesNewRoman	10	and twenty-six.
TimesNewRoman	10	[signed]
TimesNewRoman	10	MARGARET GARDNER
TimesNewRoman	10	By Her Excellency's Command
TimesNewRoman	10	[signed]
TimesNewRoman	10	THE HON JACINTA MP
TimesNewRoman	10	Premier of Victoria
TimesNewRoman	10	Entered on the record by me in the Register of Patents Book No. 48 Page No. 182 on the 17th day of
TimesNewRoman	10	February 2026.
TimesNewRoman	10	[signed]
TimesNewRoman	10	JEREMI MOUL
TimesNewRoman	10	Secretary, Department of Premier and Cabinet
Calibri	8	Interim report: Royal Commission on Antisemitism and Social Cohesion 133
TimesNewRoman,Bold	10	LETTERS PATENT
TimesNewRoman	10	KING CHARLES THE THIRD, by the Grace of God King of Australia and His other Realms and
TimesNewRoman	10	Territories, Head of the Commonwealth:
TimesNewRoman	10	TO:
TimesNewRoman	10	The Honourable Virginia Bell AC
TimesNewRoman	10	GREETING:
TimesNewRoman	10	ACKNOWLEDGING the antisemitic terrorist attack on Jewish Australians that took place at Bondi
TimesNewRoman	10	Beach on 14 December 2025, and which resulted in the loss of 15 lives and the wounding of a further
TimesNewRoman	10	40 individuals.
TimesNewRoman	10	AND the determination of the Australian Government to respond to the attack, and the factors leading
TimesNewRoman	10	up to the attack, as a matter of urgency by addressing antisemitism within the Australian community,
TimesNewRoman	10	including since 7 October 2023.
TimesNewRoman	10	AND that the Australian Government has adopted the International Holocaust Remembrance Alliance’s
TimesNewRoman	10	working definition of antisemitism.
TimesNewRoman	10	AND recognising that strengthening the national consensus in support of democracy, freedom and the
TimesNewRoman	10	rule of law (social cohesion) provides the strongest defence against antisemitism and other forms of
TimesNewRoman	10	religious and ideologically motivated extremism.
TimesNewRoman	10	AND that hearing from the Jewish Australian community will be important to informing the
TimesNewRoman	10	recommendations of your inquiry and recognising concerns relating to educational and cultural
TimesNewRoman	10	institutions and other sectors of Australian society.
TimesNewRoman	10	AND the necessity for the inquiry to be conducted in a manner that does not occasion prejudice to
TimesNewRoman	10	current or future criminal proceedings or national security or undermine social cohesion.
TimesNewRoman	10	NOW THEREFORE We do, by these Our Letters Patent issued in Our name by Our Governor in and
TimesNewRoman	10	over Our State of Queensland acting by and with the advice of Our Executive Council of Our State of
TimesNewRoman	10	Queensland and in pursuance to the Commissions of Inquiry Act 1950 and all other powers her thereunto
TimesNewRoman	10	enabling HEREBY APPOINT YOU to be a Commission of Inquiry, and require and authorise you to
TimesNewRoman	10	inquire into the following matters:
TimesNewRoman	10	(a) tackling antisemitism by:
TimesNewRoman	10	(i) investigating the nature and prevalence of antisemitism in institutions and society, and
TimesNewRoman	10	examining its key drivers in Australia, including religious and ideologically motivated
TimesNewRoman	10	extremism and radicalisation, including in the lead up to the antisemitic Bondi terrorist
TimesNewRoman	10	attack on 14 December 2025;
TimesNewRoman	10	(ii) identifying any opportunities to enhance the responses of governments to antisemitism
TimesNewRoman	10	including, but not limited to, best practice approaches to de-radicalisation and
TimesNewRoman	10	strengthening social cohesion;
TimesNewRoman	10	(iii) making recommendations to counteract and prevent manifestations of antisemitism;
Calibri	9	134 Interim report: Royal Commission on Antisemitism and Social Cohesion
TimesNewRoman	10	(iv) assessing the impact of antisemitism on the daily life of Jewish Australians including
TimesNewRoman	10	with respect to security, physical and mental health and wellbeing;
TimesNewRoman	10	(b) making any recommendations to assist law enforcement, border control, immigration and
TimesNewRoman	10	security agencies to tackle antisemitism, including by:
TimesNewRoman	10	(i) improvements to guidance and training within law enforcement, border control,
TimesNewRoman	10	immigration, and security agencies to respond to antisemitic conduct;
TimesNewRoman	10	(ii) having regard to existing security arrangements for the Jewish community,
TimesNewRoman	10	improvement of protective security for Jewish places of worship, major sites,
TimesNewRoman	10	educational and cultural facilities, public events and community leaders;
TimesNewRoman	10	(iii) whether these authorities have sufficient powers and resources to respond to antisemitic
TimesNewRoman	10	conduct;
TimesNewRoman	10	(c) examine the circumstances surrounding the antisemitic Bondi terrorist attack on
TimesNewRoman	10	14 December 2025, including:
TimesNewRoman	10	(i) lead up to and planning of the attack;
TimesNewRoman	10	(ii) the interaction and information sharing between Commonwealth agencies, between
TimesNewRoman	10	Commonwealth and State and Territory agencies, and between relevant
TimesNewRoman	10	Commonwealth and State agencies with the organisers of the Chanukah event at Bondi
TimesNewRoman	10	Beach on 14 December 2025;
TimesNewRoman	10	(iii) security arrangements for the Chanukah event and Bondi Beach on 14 December 2025;
TimesNewRoman	10	(iv) the attack;
TimesNewRoman	10	(v) emergency response to the attack;
TimesNewRoman	10	(vi) whether relevant Commonwealth, State and Territory intelligence and law enforcement
TimesNewRoman	10	agencies performed to maximum effectiveness, including whether they had adequate
TimesNewRoman	10	powers and the right systems, processes and procedures, and whether there was an
TimesNewRoman	10	appropriate authorising environment for information sharing with other
TimesNewRoman	10	Commonwealth, State and Territory agencies;
TimesNewRoman	10	(vii) whether relevant Commonwealth, State and Territory intelligence and law enforcement
TimesNewRoman	10	agencies were prevented from taking prohibitive actions by the current legislative
TimesNewRoman	10	framework and authorising environment;
TimesNewRoman	10	(viii) identifying any gaps in existing legal and regulatory frameworks that impede the ability
TimesNewRoman	10	for law enforcement, border control, immigration and security agencies to prevent and
TimesNewRoman	10	respond to attacks of this nature at both the state and federal levels;
TimesNewRoman	10	(ix) identifying any lessons for security and law enforcement agencies to prevent and
TimesNewRoman	10	respond to similar attacks in the future;
TimesNewRoman	10	(d) make any other recommendations arising out of your inquiry into the matters set out in
TimesNewRoman	10	paragraphs (a) to (c) that would contribute to strengthening social cohesion in Australia and
TimesNewRoman	10	countering the spread of ideologically and religiously motivated extremism in Australia;
TimesNewRoman	10	(e) any matter reasonably incidental to a matter referred to in paragraphs (a) to (d) or that you
TimesNewRoman	10	believe is reasonably relevant to your inquiry.
Calibri	8	Interim report: Royal Commission on Antisemitism and Social Cohesion 135
TimesNewRoman	10	AND We direct you to make any recommendations arising out of your inquiry that you consider
TimesNewRoman	10	appropriate, including recommendations about any policy, legislative, administrative or structural
TimesNewRoman	10	reforms.
TimesNewRoman	10	AND We further declare that you are not required by these Our Letters Patent to inquire, or to continue
TimesNewRoman	10	to inquire, into a particular matter to the extent that you are satisfied that the matter has been, is being,
TimesNewRoman	10	or will be, sufficiently and appropriately dealt with by another inquiry or investigation or a criminal or
TimesNewRoman	10	civil proceeding.
TimesNewRoman	10	AND without limiting the scope of your inquiry or the scope of any recommendations arising out of
TimesNewRoman	10	your inquiry that you may consider appropriate, We direct you, for the purposes of your inquiry and
TimesNewRoman	10	recommendations, to consider the following matters, and We authorise you, as you consider
TimesNewRoman	10	appropriate, having regard to the date by which you are required to submit your final report, to take (or
TimesNewRoman	10	refrain from taking) any action arising out of your consideration:
TimesNewRoman	10	(f) the need to establish mechanisms to facilitate the timely communication of information, or the
TimesNewRoman	10	furnishing of evidence, documents or things, in accordance with any relevant law, including,
TimesNewRoman	10	for example, for the purpose of enabling the timely investigation and prosecution of offences;
TimesNewRoman	10	(g) the need to establish appropriate arrangements in relation to current and previous inquiries, in
TimesNewRoman	10	Australia and elsewhere, for evidence and information to be shared with you in ways consistent
TimesNewRoman	10	with relevant obligations so that the work of those inquiries, including, with any necessary
TimesNewRoman	10	consents, the testimony of witnesses, can be taken into account by you in a way that avoids
TimesNewRoman	10	unnecessary duplication, improves efficiency and avoids unnecessary trauma to witnesses;
TimesNewRoman	10	(h) the need to recognise and appropriately protect any intelligence information or operationally
TimesNewRoman	10	sensitive information obtained by you;
TimesNewRoman	10	(i) the need to establish appropriate arrangements with the heads of the relevant Australian
TimesNewRoman	10	intelligence entities for obtaining, storing, accessing, using, disclosing and returning
TimesNewRoman	10	intelligence information relating to an Australian intelligence entity.
TimesNewRoman	10	AND We declare that you are authorised to conduct your inquiry into any matter under these Our Letters
TimesNewRoman	10	Patent in combination with any inquiry into the same matter, or a matter related to that matter, that you
TimesNewRoman	10	are directed or authorised to conduct by any Commission, or under any order or appointment, made by
TimesNewRoman	10	Our Governor-General of the Commonwealth of Australia or any of Our Governors of the States or by
TimesNewRoman	10	the Government of any of Our Territories.
TimesNewRoman	10	AND We declare that in these Our Letters Patent:
TimesNewRoman	10	Australian Defence Force has the same meaning as in the Defence Act 1903.
TimesNewRoman,BoldItalic	10	Australian intelligence entity means:
TimesNewRoman	10	(a) the Australian Secret Intelligence Service; or
TimesNewRoman	10	(b) the Australian Security Intelligence Organisation; or
TimesNewRoman	10	(c) the Australian Geospatial-Intelligence Organisation; or
TimesNewRoman	10	(d) the Defence Intelligence Organisation; or
TimesNewRoman	10	(e) the Australian Signals Directorate; or
TimesNewRoman	10	(f) the Office of National Intelligence.
TimesNewRoman	10	Department of Defence means the Department administered by the Minister administering
TimesNewRoman,Italic	10	the Defence Force Discipline Act 1982.
Calibri	9	136 Interim report: Royal Commission on Antisemitism and Social Cohesion
TimesNewRoman	10	head, of an Australian intelligence entity, means:
TimesNewRoman	10	(a) in relation to the Australian Security Intelligence Organisation–the Director-General of
TimesNewRoman	10	Security; or
TimesNewRoman	10	(b) in relation to the Australian Secret Intelligence Service–the Director-General of the
TimesNewRoman	10	Australian Secret Intelligence Service; or
TimesNewRoman	10	(c) in relation to the Australian Signals Directorate–the Director-General of the Australian
TimesNewRoman	10	Signals Directorate; or
TimesNewRoman	10	(d) in relation to the part of the Department of Defence known as the Australian Geospatial-
TimesNewRoman	10	Intelligence Organisation–the Director of that part of the Department; or
TimesNewRoman	10	(e) in relation to the part of the Department of Defence known as the Defence Intelligence
TimesNewRoman	10	Organisation–the Director of that part of the Department; or
TimesNewRoman	10	(f) in relation to the Office of National Intelligence–the Director-General of National
TimesNewRoman	10	Intelligence.
TimesNewRoman,BoldItalic	10	intelligence information means information:
TimesNewRoman	10	(a) that was acquired or prepared by or on behalf of an Australian intelligence entity in
TimesNewRoman	10	connection with its functions; or
TimesNewRoman	10	(b) that relates to the performance by an Australian intelligence entity of its functions; or
TimesNewRoman	10	(c) that identifies a person as being, or having been, a staff member (within the meaning of
TimesNewRoman	10	the Intelligence Services Act 2001) or agent of the Australian Secret Intelligence Service
TimesNewRoman	10	or the Australian Security Intelligence Organisation.
TimesNewRoman	10	law enforcement or security agency means any of the following agencies:
TimesNewRoman	10	(a) the Australian Defence Force;
TimesNewRoman	10	(b) the Australian Federal Police;
TimesNewRoman	10	(c) the Australian Criminal Intelligence Commission;
TimesNewRoman	10	(d) the Department administered by the Minister administering the Australian Border
TimesNewRoman,Italic	10	Force Act 2015;
TimesNewRoman	10	(e) the Office of the Special Investigator;
TimesNewRoman	10	(f) the police force of a State or Territory.
TimesNewRoman,BoldItalic	10	operationally sensitive information means:
TimesNewRoman	10	(a) information about information sources or operational activities or methods available to a
TimesNewRoman	10	law enforcement or security agency; or
TimesNewRoman	10	(b) information about particular operations that have been, are being or are proposed be to
TimesNewRoman	10	undertaken by a law enforcement or security agency, or about proceedings relating to
TimesNewRoman	10	those operations; or
TimesNewRoman	10	(c) information provided by a foreign government, or by an agency of a foreign government,
TimesNewRoman	10	where that government does not consent to the public disclosure of the information.
TimesNewRoman	10	AND We:
TimesNewRoman	10	(j) require you to begin your inquiry as soon as practicable; and
TimesNewRoman	10	(k) require you to make your inquiry as expeditiously as possible; and
TimesNewRoman	10	(l) require you to ensure the inquiry is conducted in a professional, impartial, respectful and
TimesNewRoman	10	courteous manner, including appropriately managing any actual or perceived conflicts of
TimesNewRoman	10	interest; and
Calibri	8	Interim report: Royal Commission on Antisemitism and Social Cohesion 137
TimesNewRoman	10	(m) require you to submit to Our Governor an interim report that you consider appropriate not
TimesNewRoman	10	later than 30 April 2026, focusing on:
TimesNewRoman	10	(i) the matters mentioned in paragraph (c); and
TimesNewRoman	10	(ii) any other issues requiring urgent or immediate action; and
TimesNewRoman	10	(n) require you to submit to Our Governor a report of the results of your inquiry, and your
TimesNewRoman	10	recommendations, not later than 14 December 2026.
TimesNewRoman	10	IN TESTIMONY WHEREOF We have caused the Public Seal of Our said
TimesNewRoman	10	State to be hereunto affixed.
TimesNewRoman	10	[signed]
TimesNewRoman	10	WITNESS Our Trusty and Well-beloved Her Excellency the Honourable Doctor
TimesNewRoman	10	Jeannette Rosita Young, Companion of the Order of Australia, Public Service
TimesNewRoman	10	Medal, Governor in and over the State of Queensland and its Dependencies, in
TimesNewRoman	10	the Commonwealth of Australia, at Government House, Brisbane, this the
TimesNewRoman	10	nineteenth day of February, in the year, of Our Lord, Two thousand and twenty-
TimesNewRoman	10	six and in the fourth year of Our Reign.
TimesNewRoman	10	By Command,
TimesNewRoman	10	[signed]
TimesNewRoman	10	RECORDED in the Register of Patents, No. 54, page 62, on 19 February 2026.
TimesNewRoman	10	[signed]
TimesNewRoman	10	Clerk of the Executive Council
Calibri	9	138 Interim report: Royal Commission on Antisemitism and Social Cohesion
TimesNewRoman	10	Western Australia
OldEnglishTextMT	23	Commission
TimesNewRoman	10	appointing a Royal Commission to inquire into and report on
TimesNewRoman	10	antisemitism and social cohesion
TimesNewRoman,Bold	10	To: The Honourable Virginia Bell AC
TimesNewRoman	10	RECITALS
TimesNewRoman	10	1. The antisemitic terrorist attack on Jewish Australians that took place at Bondi Beach on 14
TimesNewRoman	10	December 2025, and which resulted in the loss of 15 lives and the wounding of a further 40
TimesNewRoman	10	individuals, is acknowledged.
TimesNewRoman	10	2. The Australian Government is determined to respond to the attack, and the factors leading up
TimesNewRoman	10	to the attack, as a matter of urgency by addressing antisemitism within the Australian
TimesNewRoman	10	community, including since 7 October 2023.
TimesNewRoman	10	3. The Australian Government has adopted the International Holocaust Remembrance Alliance's
TimesNewRoman	10	working definition of antisemitism.
TimesNewRoman	10	4. Strengthening the national consensus in support of democracy, freedom and the rule of law
TimesNewRoman	10	(social cohesion) provides the strongest defence against antisemitism and other forms of
TimesNewRoman	10	religious and ideologically motivated extremism.
TimesNewRoman	10	5. Hearing from the Jewish Australian community will be important to informing the
TimesNewRoman	10	recommendations of your inquiry and recognising concerns relating to educational and cultural
TimesNewRoman	10	institutions, and other sectors of Australian society.
TimesNewRoman	10	6. It is necessary for the inquiry to be conducted in a manner that does not occasion prejudice to
TimesNewRoman	10	current or future criminal proceedings or national security or undermine social cohesion.
TimesNewRoman	10	OPERATIVE PART
TimesNewRoman	10	By this commission under the Public Seal of the State, I, the Governor, acting under the Royal
TimesNewRoman	10	Commissions Act 1968 and all other enabling powers and with the advice and consent of the Executive
TimesNewRoman	10	Council -
TimesNewRoman	10	(a) appoint you to be a Royal Commission to inquire into the following matters ––
TimesNewRoman	10	(i) tackling antisemitism by ––
TimesNewRoman	10	(A) investigating the nature and prevalence of antisemitism in institutions and
TimesNewRoman	10	society, and examining its key drivers in Australia, including religious and
TimesNewRoman	10	ideologically motivated extremism and radicalisation, including in the lead up
TimesNewRoman	10	to the antisemitic Bondi terrorist attack on 14 December 2025; and
TimesNewRoman	10	(B) identifying any opportunities to enhance the responses of governments to
TimesNewRoman	10	antisemitism, including, but not limited to, best practice approaches to de-
TimesNewRoman	10	radicalisation and strengthening social cohesion; and
TimesNewRoman	10	(C) making recommendations to counteract and prevent manifestations of
TimesNewRoman	10	antisemitism; and
Calibri	8	Interim report: Royal Commission on Antisemitism and Social Cohesion 139
TimesNewRoman	10	(D) assessing the impact of antisemitism on the daily life of Jewish Australians,
TimesNewRoman	10	including with respect to security, physical and mental health and wellbeing;
TimesNewRoman	10	(ii) making any recommendations to assist law enforcement, border control, immigration
TimesNewRoman	10	and security agencies to tackle antisemitism, including by ––
TimesNewRoman	10	(A) improvements to guidance and training within law enforcement, border
TimesNewRoman	10	control, immigration, and security agencies to respond to antisemitic conduct;
TimesNewRoman	10	and
TimesNewRoman	10	(B) having regard to existing security arrangements for the Jewish community,
TimesNewRoman	10	improvement of protective security for Jewish places of worship, major sites,
TimesNewRoman	10	educational and cultural facilities, public events and community leaders; and
TimesNewRoman	10	(C) whether these authorities have sufficient powers and resources to respond to
TimesNewRoman	10	antisemitic conduct;
TimesNewRoman	10	(iii) examine the circumstances surrounding the antisemitic Bondi terrorist attack on 14
TimesNewRoman	10	December 2025, including ––
TimesNewRoman	10	(A) lead up to and planning of the attack; and
TimesNewRoman	10	(B) the interaction and information sharing between Commonwealth agencies,
TimesNewRoman	10	between Commonwealth and State and Territory agencies, and between
TimesNewRoman	10	relevant Commonwealth and State agencies with the organisers of the
TimesNewRoman	10	Chanukah event at Bondi Beach on 14 December 2025; and
TimesNewRoman	10	(C) security arrangements for the Chanukah event and Bondi Beach on 14
TimesNewRoman	10	December 2025; and
TimesNewRoman	10	(D) the attack; and
TimesNewRoman	10	(E) emergency response to the attack; and
TimesNewRoman	10	(F) whether relevant Commonwealth, State and Territory intelligence and law
TimesNewRoman	10	enforcement agencies performed to maximum effectiveness, including
TimesNewRoman	10	whether they had adequate powers and the right systems, processes and
TimesNewRoman	10	procedures, and whether there was an appropriate authorising environment for
TimesNewRoman	10	information sharing with other Commonwealth, State and Territory agencies;
TimesNewRoman	10	and
TimesNewRoman	10	(G) whether relevant Commonwealth, State and Territory intelligence and law
TimesNewRoman	10	enforcement agencies were prevented from taking prohibitive actions by the
TimesNewRoman	10	current legislative framework and authorising environment; and
TimesNewRoman	10	(H) identifying any gaps in existing legal and regulatory frameworks that impede
TimesNewRoman	10	the ability for law enforcement, border control, immigration and security
TimesNewRoman	10	agencies to prevent and respond to attacks of this nature at both the state and
TimesNewRoman	10	federal levels; and
TimesNewRoman	10	(I) identifying any lessons for security and law enforcement agencies to prevent
TimesNewRoman	10	and respond to similar attacks in the future;
TimesNewRoman	10	(iv) make any other recommendations arising out of your inquiry into the matters set out in
TimesNewRoman	10	subparagraphs (i) to (iii) that would contribute to strengthening social cohesion in
Calibri	9	140 Interim report: Royal Commission on Antisemitism and Social Cohesion
TimesNewRoman	10	Australia and countering the spread of ideologically and religiously motivated
TimesNewRoman	10	extremism in Australia;
TimesNewRoman	10	(v) any matter reasonably incidental to a matter referred to in subparagraphs (i) to (iv) or
TimesNewRoman	10	that you believe is reasonably relevant to your inquiry;
TimesNewRoman	10	and
TimesNewRoman	10	(b) direct you to make any recommendations arising out of your inquiry that you consider
TimesNewRoman	10	appropriate, including recommendations about any policy, legislative, administrative or
TimesNewRoman	10	structural reforms; and
TimesNewRoman	10	(c) declare that you are not required to inquire, or to continue to inquire, into a particular matter to
TimesNewRoman	10	the extent that you are satisfied that the matter has been, is being, or will be, sufficiently and
TimesNewRoman	10	appropriately dealt with by another inquiry or investigation or a criminal or civil proceeding;
TimesNewRoman	10	and
TimesNewRoman	10	(d) without limiting the scope of your inquiry or the scope of any recommendations arising out of
TimesNewRoman	10	your inquiry that you may consider appropriate, direct you, for the purposes of your inquiry
TimesNewRoman	10	and recommendations, to consider the following matters, and authorise you, as you consider
TimesNewRoman	10	appropriate, having regard to the date by which you are required to submit your final report, to
TimesNewRoman	10	take (or refrain from taking) any action arising out of your consideration ––
TimesNewRoman	10	(i) the need to establish mechanisms to facilitate, subject to any applicable law, the timely
TimesNewRoman	10	communication of information, or the furnishing of evidence, documents or things,
TimesNewRoman	10	including, for example, for the purpose of enabling the timely investigation and
TimesNewRoman	10	prosecution of offences;
TimesNewRoman	10	(ii) the need to establish appropriate arrangements in relation to current and previous
TimesNewRoman	10	inquiries, in Australia and elsewhere, for evidence and information to be shared with
TimesNewRoman	10	you in ways consistent with relevant obligations so that the work of those inquiries,
TimesNewRoman	10	including, with any necessary consents, the testimony of witnesses, can be taken into
TimesNewRoman	10	account by you in a way that avoids unnecessary duplication, improves efficiency and
TimesNewRoman	10	avoids unnecessary trauma to witnesses;
TimesNewRoman	10	(iii) the need to recognise and appropriately protect any intelligence information or
TimesNewRoman	10	operationally sensitive information obtained by you;
TimesNewRoman	10	(iv) the need to establish appropriate arrangements with the heads of the relevant Australian
TimesNewRoman	10	intelligence entities for obtaining, storing, accessing, using, disclosing and returning
TimesNewRoman	10	intelligence information relating to an Australian intelligence entity;
TimesNewRoman	10	and
TimesNewRoman	10	(e) declare that the Royal Commissions Act 1968 section 18 applies to the Royal Commission; and
TimesNewRoman	10	(f) declare that you are authorised to conduct your inquiry into any matter under this commission
TimesNewRoman	10	in combination with any inquiry into the same matter, or a matter related to that matter, that
TimesNewRoman	10	you are directed or authorised to conduct by any commission, letters patent, order or
TimesNewRoman	10	appointment issued or made by the Commonwealth, another State or a Territory; and
TimesNewRoman	10	(g) declare that in this commission ––
TimesNewRoman	10	Australian Defence Force has the same meaning as in the Defence Act 1903 (Cth);
Calibri	8	Interim report: Royal Commission on Antisemitism and Social Cohesion 141
TimesNewRoman,BoldItalic	10	Australian intelligence entity means ––
TimesNewRoman	10	(a) the Australian Secret Intelligence Service; or
TimesNewRoman	10	(b) the Australian Security Intelligence Organisation; or
TimesNewRoman	10	(c) the Australian Geospatial-Intelligence Organisation; or
TimesNewRoman	10	(d) the Defence Intelligence Organisation; or
TimesNewRoman	10	(e) the Australian Signals Directorate; or
TimesNewRoman	10	(f) the Office of National Intelligence;
TimesNewRoman	10	Department of Defence means the Department of the Commonwealth administered by the
TimesNewRoman	10	Minister administering the Defence Force Discipline Act 1982 (Cth);
TimesNewRoman	10	head, of an Australian intelligence entity means ––
TimesNewRoman	10	(a) in relation to the Australian Security Intelligence Organisation –– the Director-General
TimesNewRoman	10	of Security; or
TimesNewRoman	10	(b) in relation to the Australian Secret Intelligence Service –– the Director-General of the
TimesNewRoman	10	Australian Secret Intelligence Service; or
TimesNewRoman	10	(c) in relation to the Australian Signals Directorate –– the Director-General of the
TimesNewRoman	10	Australian Signals Directorate; or
TimesNewRoman	10	(d) in relation to the part of the Department of Defence known as the Australian Geospatial-
TimesNewRoman	10	Intelligence Organisation –– the Director of that part of the Department; or
TimesNewRoman	10	(e) in relation to the part of the Department of Defence known as the Defence Intelligence
TimesNewRoman	10	Organisation –– the Director of that part of the Department;
TimesNewRoman	10	or
TimesNewRoman	10	(f) in relation to the Office of National Intelligence –– the Director-General of National
TimesNewRoman	10	Intelligence;
TimesNewRoman,BoldItalic	10	intelligence information means information ––
TimesNewRoman	10	(a) that was acquired or prepared by or on behalf of an Australian intelligence entity in
TimesNewRoman	10	connection with its functions; or
TimesNewRoman	10	(b) that relates to the performance by an Australian intelligence entity of its functions; or
TimesNewRoman	10	(c) that identifies a person as being, or having been, a staff member (within the meaning
TimesNewRoman	10	of the Intelligence Services Act 2001 (Cth)) or agent of the Australian Secret
TimesNewRoman	10	Intelligence Service or the Australian Security Intelligence Organisation;
TimesNewRoman	10	law enforcement or security agency means any of the following agencies ––
TimesNewRoman	10	(a) the Australian Defence Force;
TimesNewRoman	10	(b) the Australian Federal Police;
TimesNewRoman	10	(c) the Australian Criminal Intelligence Commission;
TimesNewRoman	10	(d) the Department of the Commonwealth administered by the Minister administering
TimesNewRoman,Italic	10	the Australian Border Force Act 2015 (Cth);
Calibri	9	142 Interim report: Royal Commission on Antisemitism and Social Cohesion
TimesNewRoman	10	(e) the Office of the Special Investigator;
TimesNewRoman	10	(f) the police force of a State or Territory;
TimesNewRoman,BoldItalic	10	operationally sensitive information means ––
TimesNewRoman	10	(a) information about information sources or operational activities or methods available
TimesNewRoman	10	to a law enforcement or security agency; or
TimesNewRoman	10	(b) information about particular operations that have been, are being or are proposed to be
TimesNewRoman	10	undertaken by a law enforcement or security agency, or about proceedings relating to
TimesNewRoman	10	those operations; or
TimesNewRoman	10	(c) information provided by a foreign government, or by an agency of a foreign
TimesNewRoman	10	government, where that government does not consent to the public disclosure of the
TimesNewRoman	10	information;
TimesNewRoman	10	and
TimesNewRoman	10	(h) require you to begin your inquiry as soon as practicable; and
TimesNewRoman	10	(i) require you to make your inquiry as expeditiously as possible; and
TimesNewRoman	10	(j) require you to ensure the inquiry is conducted in a professional, impartial, respectful and
TimesNewRoman	10	courteous manner, including appropriately managing any actual or perceived conflicts of
TimesNewRoman	10	interest; and
TimesNewRoman	10	(k) require you to submit to me an interim report that you consider appropriate not later than 30
TimesNewRoman	10	April 2026, focusing on -
TimesNewRoman	10	(i) the matters mentioned in paragraph (a)(iii); and
TimesNewRoman	10	(ii) any other issues requiring urgent or immediate action; and
TimesNewRoman	10	(l) require you to submit to me a report of the results of your inquiry, and your recommendations,
TimesNewRoman	10	not later than 14 December 2026.
TimesNewRoman	10	Issued under the Public Seal of the State
TimesNewRoman	10	at Perth on 20 January 2026.
TimesNewRoman	10	[signed]
TimesNewRoman	10	Governor
TimesNewRoman	10	[signed]
TimesNewRoman	10	Premier
Calibri	8	Interim report: Royal Commission on Antisemitism and Social Cohesion 143
TimesNewRoman,Bold	10	HER EXCELLENCY THE HONOURABLE FRANCES JENNIFER ADAMSON, Companion
TimesNewRoman	10	of the Order of Australia, Governor in and over the State of South Australia:
TimesNewRoman,Bold	10	TO
TimesNewRoman,Bold	10	THE HONOURABLE VIRGINIA BELL AC
TimesNewRoman,Bold	10	Greeting:
TimesNewRoman	10	ACKNOWLEDGING the antisemitic terrorist attack on Jewish Australians that took place at Bondi
TimesNewRoman	10	Beach on 14 December 2025, and which resulted in the loss of 15 lives and the wounding of a further
TimesNewRoman	10	40 individuals.
TimesNewRoman	10	AND the determination of the Australian Government to respond to the attack, and the factors leading
TimesNewRoman	10	up to the attack, as a matter of urgency by addressing antisemitism within the Australian community,
TimesNewRoman	10	including since 7 October 2023.
TimesNewRoman	10	AND that the Australian Government has adopted the International Holocaust Remembrance
TimesNewRoman	10	Alliance's working definition of antisemitism.
TimesNewRoman	10	AND recognising that strengthening the national consensus in support of democracy, freedom and the
TimesNewRoman	10	rule of law (social cohesion) provides the strongest defence against antisemitism and other forms of
TimesNewRoman	10	religious and ideologically motivated extremism.
TimesNewRoman	10	AND that hearing from the Jewish Australian community will be important to informing the
TimesNewRoman	10	recommendations of your inquiry and recognising concerns relating to educational and cultural
TimesNewRoman	10	institutions, and other sectors of Australian society.
TimesNewRoman	10	AND the necessity for the inquiry to be conducted in a manner that does not occasion prejudice to
TimesNewRoman	10	current or future criminal proceedings or national security or undermine social cohesion.
TimesNewRoman	10	NOW THEREFORE I, the Governor, with the advice and consent of the Executive Council and under
TimesNewRoman	10	the Royal Commissions Act 1917, DO HEREBY APPOINT YOU to be a Commissioner and require
TimesNewRoman	10	and authorise you to inquire into the following matters:
TimesNewRoman	10	(b) tackling antisemitism by:
TimesNewRoman	10	(i) investigating the nature and prevalence of antisemitism in institutions and society,
TimesNewRoman	10	and examining its key drivers in Australia, including religious and ideologically
TimesNewRoman	10	motivated extremism and radicalisation, including in the lead up to the antisemitic
TimesNewRoman	10	Bondi terrorist attack on 14 December 2025;
Calibri	9	144 Interim report: Royal Commission on Antisemitism and Social Cohesion
TimesNewRoman	10	(ii) identifying any opportunities to enhance the responses of governments to
TimesNewRoman	10	antisemitism including, but not limited to, best practice approaches to de-
TimesNewRoman	10	radicalisation and strengthening social cohesion;
TimesNewRoman	10	(iii) making recommendations to counteract and prevent manifestations of antisemitism;
TimesNewRoman	10	(iv) assessing the impact of antisemitism on the daily life of Jewish Australians including
TimesNewRoman	10	with respect to security, physical and mental health and wellbeing;
TimesNewRoman	10	(c) making any recommendations to assist law enforcement, border control, immigration and
TimesNewRoman	10	security agencies to tackle antisemitism, including by:
TimesNewRoman	10	(i) improvements to guidance and training within law enforcement, border control,
TimesNewRoman	10	immigration, and security agencies to respond to antisemitic conduct;
TimesNewRoman	10	(ii) having regard to existing security arrangements for the Jewish community,
TimesNewRoman	10	improvement of protective security for Jewish places of worship, major sites,
TimesNewRoman	10	educational and cultural facilities, public events and community leaders;
TimesNewRoman	10	(iii) whether these authorities have sufficient powers and resources to respond to
TimesNewRoman	10	antisemitic conduct;
TimesNewRoman	10	(d) examine the circumstances surrounding the antisemitic Bondi terrorist attack on 14 December
TimesNewRoman	10	2025, including:
TimesNewRoman	10	(i) lead up to and planning of the attack;
TimesNewRoman	10	(ii) the interaction and information sharing between Commonwealth agencies, between
TimesNewRoman	10	Commonwealth and State and Territory agencies, and between relevant
TimesNewRoman	10	Commonwealth and State agencies with the organisers of the Chanukah event at
TimesNewRoman	10	Bondi Beach on 14 December 2025;
TimesNewRoman	10	(iii) security arrangements for the Chanukah event and Bondi Beach on 14 December
TimesNewRoman	10	2025;
TimesNewRoman	10	(iv) the attack;
TimesNewRoman	10	(v) emergency response to the attack;
TimesNewRoman	10	(vi) whether relevant Commonwealth, State and Territory intelligence and law
TimesNewRoman	10	enforcement agencies performed to maximum effectiveness, including whether they
TimesNewRoman	10	had adequate powers and the right systems, processes and procedures, and whether
TimesNewRoman	10	there was an appropriate authorising environment for information sharing with other
TimesNewRoman	10	Commonwealth, State and Territory agencies;
Calibri	8	Interim report: Royal Commission on Antisemitism and Social Cohesion 145
TimesNewRoman	10	(vii) whether relevant Commonwealth, State and Territory intelligence and law
TimesNewRoman	10	enforcement agencies were prevented from taking prohibitive actions by the current
TimesNewRoman	10	legislative framework and authorising environment;
TimesNewRoman	10	(viii) identifying any gaps in existing legal and regulatory frameworks that impede the
TimesNewRoman	10	ability for law enforcement, border control, immigration and security agencies to
TimesNewRoman	10	prevent and respond to attacks of this nature at both the state and federal levels;
TimesNewRoman	10	(ix) identifying any lessons for security and law enforcement agencies to prevent and
TimesNewRoman	10	respond to similar attacks in the future;
TimesNewRoman	10	(e) make any other recommendations arising out of your inquiry into the matters set out in
TimesNewRoman	10	paragraphs (a) to (c) that would contribute to strengthening social cohesion in Australia and
TimesNewRoman	10	countering the spread of ideologically and religiously motivated extremism in Australia;
TimesNewRoman	10	(f) any matter reasonably incidental to a matter referred to in paragraphs (a) to (d) or that you
TimesNewRoman	10	believe is reasonably relevant to your inquiry.
TimesNewRoman	10	AND I direct you to make any recommendations arising out of your inquiry that you consider
TimesNewRoman	10	appropriate, including recommendations about any policy, legislative, administrative or structural
TimesNewRoman	10	reforms.
TimesNewRoman	10	AND I further declare that you are not required by this Commission to inquire, or to continue to
TimesNewRoman	10	inquire, into a particular matter to the extent that you are satisfied that the matter has been, is being, or
TimesNewRoman	10	will be, sufficiently and appropriately dealt with by another inquiry or investigation or a criminal or
TimesNewRoman	10	civil proceeding.
TimesNewRoman	10	AND, without limiting the scope of your inquiry or the scope of any recommendations arising out of
TimesNewRoman	10	your inquiry that you may consider appropriate, I direct you, for the purposes of your inquiry and
TimesNewRoman	10	recommendations, to consider the following matters, and I authorise you, as you consider appropriate,
TimesNewRoman	10	having regard to the date by which you are required to submit your final report, to take (or refrain
TimesNewRoman	10	from taking) any action arising out of your consideration:
TimesNewRoman	10	(g) the need to establish mechanisms to facilitate the timely communication of information, or the
TimesNewRoman	10	furnishing of evidence, documents or things, in accordance with section 6P of the Royal
TimesNewRoman	10	Commissions Act 1902 (Cth) or any other relevant law, including, for example, for the
TimesNewRoman	10	purpose of enabling the timely investigation and prosecution of offences;
TimesNewRoman	10	(h) the need to establish appropriate arrangements in relation to current and previous inquiries, in
TimesNewRoman	10	Australia and elsewhere, for evidence and information to be shared with you in ways
TimesNewRoman	10	consistent with relevant obligations so that the work of those inquiries, including, with any
TimesNewRoman	10	necessary consents, the testimony of witnesses, can be taken into account by you in a way that
Calibri	9	146 Interim report: Royal Commission on Antisemitism and Social Cohesion
TimesNewRoman	10	avoids unnecessary duplication, improves efficiency and avoids unnecessary trauma to
TimesNewRoman	10	witnesses;
TimesNewRoman	10	(i) the need to recognise and appropriately protect any intelligence information or operationally
TimesNewRoman	10	sensitive information obtained by you;
TimesNewRoman	10	(j) the need to establish appropriate arrangements with the heads of the relevant Australian
TimesNewRoman	10	intelligence entities for obtaining, storing, accessing, using, disclosing and returning
TimesNewRoman	10	intelligence information relating to an Australian intelligence entity.
TimesNewRoman	10	AND I declare that you are authorised to conduct your inquiry into any matter under this Commission
TimesNewRoman	10	in combination with any inquiry into the same matter, or a matter related to that matter, that you are
TimesNewRoman	10	directed or authorised to conduct by any Commission, or under any order or appointment, made by
TimesNewRoman	10	the Governor-General, the Governors of the States or by the Government of any of the Territories.
TimesNewRoman	10	AND I declare that in this Commission:
TimesNewRoman	10	Australian Defence Force has the same meaning as in the Defence Act 1903 (Cth).
TimesNewRoman,BoldItalic	10	Australian intelligence entity means:
TimesNewRoman	10	(a) the Australian Secret Intelligence Service; or
TimesNewRoman	10	(b) the Australian Security Intelligence Organisation; or
TimesNewRoman	10	(c) the Australian Geospatial-lntelligence Organisation; or
TimesNewRoman	10	(d) the Defence Intelligence Organisation; or
TimesNewRoman	10	(e) the Australian Signals Directorate; or
TimesNewRoman	10	(f) the Office of National Intelligence.
TimesNewRoman	10	Department of Defence means the Department administered by the Minister administering
TimesNewRoman,Italic	10	the Defence Force Discipline Act 1982 (Cth).
TimesNewRoman	10	head, of an Australian intelligence entity means:
TimesNewRoman	10	(a) in relation to the Australian Security Intelligence Organisation–the Director-General
TimesNewRoman	10	of Security; or
TimesNewRoman	10	(b) in relation to the Australian Secret Intelligence Service–the Director-General of the
TimesNewRoman	10	Australian Secret Intelligence Service; or
TimesNewRoman	10	(c) in relation to the Australian Signals Directorate–the Director-General of the
TimesNewRoman	10	Australian Signals Directorate; or
Calibri	8	Interim report: Royal Commission on Antisemitism and Social Cohesion 147
TimesNewRoman	10	(d) in relation to the part of the Department of Defence known as the Australian
TimesNewRoman	10	Geospatial-lntelligence Organisation–the Director of that part of the Department; or
TimesNewRoman	10	(e) in relation to the part of the Department of Defence known as the Defence
TimesNewRoman	10	Intelligence Organisation–the Director of that part of the Department; or
TimesNewRoman	10	(f) in relation to the Office of National Intelligence–the Director-General of National
TimesNewRoman	10	Intelligence.
TimesNewRoman,BoldItalic	10	intelligence information means information:
TimesNewRoman	10	(a) that was acquired or prepared by or on behalf of an Australian intelligence entity in
TimesNewRoman	10	connection with its functions;
TimesNewRoman	10	(b) that relates to the performance by an Australian intelligence entity of its functions; or
TimesNewRoman	10	(c) that identifies a person as being, or having been, a staff member (within the meaning of
TimesNewRoman	10	the Intelligence Services Act 2001 (Cth)) or agent of the Australian Secret Intelligence
TimesNewRoman	10	Service or the Australian Security Intelligence Organisation.
TimesNewRoman	10	law enforcement or security agency means any of the following agencies:
TimesNewRoman	10	(a) the Australian Defence Force;
TimesNewRoman	10	(b) the Australian Federal Police;
TimesNewRoman	10	(c) the Australian Criminal Intelligence Commission;
TimesNewRoman	10	(d) the Department administered by the Minister administering the Australian Border
TimesNewRoman,Italic	10	Force Act 2015 (Cth);
TimesNewRoman	10	(e) the Office of the Special Investigator;
TimesNewRoman	10	(f) the police force of a State or Territory.
TimesNewRoman,BoldItalic	10	operationally sensitive information means:
TimesNewRoman	10	(a) information about information sources or operational activities or methods available
TimesNewRoman	10	to a law enforcement or security agency; or
TimesNewRoman	10	(b) information about particular operations that have been, are being or are proposed to
TimesNewRoman	10	be undertaken by a law enforcement or security agency, or about proceedings relating
TimesNewRoman	10	to those operations; or
TimesNewRoman	10	(c) information provided by a foreign government, or by an agency of a foreign
TimesNewRoman	10	government, where that government does not consent to the public disclosure of the
TimesNewRoman	10	information.
Calibri	9	148 Interim report: Royal Commission on Antisemitism and Social Cohesion
TimesNewRoman	10	AND I:
TimesNewRoman	10	(k) require you to begin your inquiry as soon as practicable; and
TimesNewRoman	10	(l) require you to make your inquiry as expeditiously as possible; and
TimesNewRoman	10	(m) require you to ensure the inquiry is conducted in a professional, impartial, respectful and
TimesNewRoman	10	courteous manner, including appropriately managing any actual or perceived conflicts of
TimesNewRoman	10	interest; and
TimesNewRoman	10	(n) require you to submit to me an interim report that you consider appropriate not later than 30
TimesNewRoman	10	April 2026, focusing on:
TimesNewRoman	10	(i) the matters mentioned in paragraph (c); and
TimesNewRoman	10	(ii) any other issues requiring urgent or immediate action; and
TimesNewRoman	10	(o) require you to submit to me a report of the results of your inquiry, and your
TimesNewRoman	10	recommendations, not later than 14 December 2026.
TimesNewRoman	10	Given under my hand and the Public Seal of South Australia, at Adelaide this 22nd day of January
TimesNewRoman	10	2026.
TimesNewRoman	10	By command,
TimesNewRoman	10	[signed]
TimesNewRoman,Italic	10	For Premier
TimesNewRoman	10	Recorded in Register of Commissions,
TimesNewRoman	10	Letters Patent, Etc., Vol. XXXI
TimesNewRoman	10	[signed]
TimesNewRoman,Italic	10	Clerk of Executive Council
TimesNewRoman	10	GOD SAVE THE KING!
Calibri	8	Interim report: Royal Commission on Antisemitism and Social Cohesion 149
TimesNewRoman,Bold	10	TASMANIA
TimesNewRoman,BoldItalic	10	Commissions of Inquiry Act 1995
TimesNewRoman,Bold	10	Section 4
TimesNewRoman,Bold	10	ORDER
TimesNewRoman	10	ACKNOWLEDGING the antisemitic terrorist attack on Jewish Australians that took place at Bondi
TimesNewRoman	10	Beach on 14 December 2025, and which resulted in the loss of 15 lives and the wounding of a further
TimesNewRoman	10	40 individuals.
TimesNewRoman	10	AND the determination of the Australian Government to respond to the attack, and the factors leading
TimesNewRoman	10	up to the attack, as a matter of urgency by addressing antisemitism within the Australian community,
TimesNewRoman	10	including since 7 October 2023.
TimesNewRoman	10	AND that the Australian Government has adopted the International Holocaust Remembrance
TimesNewRoman	10	Alliance’s working definition of antisemitism.
TimesNewRoman	10	AND recognising that strengthening the national consensus in support of democracy, freedom and the
TimesNewRoman	10	rule of law (social cohesion) provides the strongest defence against antisemitism and other forms of
TimesNewRoman	10	religious and ideologically motivated extremism.
TimesNewRoman	10	AND that hearing from the Jewish Australian community will be important to informing the
TimesNewRoman	10	recommendations of your inquiry and recognising concerns relating to educational and cultural
TimesNewRoman	10	institutions, and other sectors of Australian society.
TimesNewRoman	10	AND the necessity for the inquiry to be conducted in a manner that does not occasion prejudice to
TimesNewRoman	10	current or future criminal proceedings or national security or undermine social cohesion.
TimesNewRoman	10	NOW THEREFORE I, the Governor in and over the State of Tasmania and its Dependencies in the
TimesNewRoman	10	Commonwealth of Australia, acting with the advice of the Executive Council, being satisfied that it is
TimesNewRoman	10	in the public interest and expedient to do so, by this my order made under section 4 of
TimesNewRoman,Italic	10	the Commissions of Inquiry Act 1995 (Tas):
TimesNewRoman	10	1. direct that an inquiry be made into the attack on Jewish Australians that took place at Bondi
TimesNewRoman	10	Beach, antisemitism and social cohesion;
TimesNewRoman	10	2. establish a Commission to conduct and report on that inquiry, with such recommendations as
TimesNewRoman	10	it considers appropriate; and
TimesNewRoman	10	3. appoint the Hon Virgina Bell AC as the Commissioner.
TimesNewRoman	10	AND I require and authorise the Commission to inquire into the following matters:
TimesNewRoman,Bold	10	(a) tackling antisemitism by:
TimesNewRoman	10	(i) investigating the nature and prevalence of antisemitism in institutions and society,
TimesNewRoman	10	and examining its key drivers in Australia, including religious and ideologically
TimesNewRoman	10	motivated extremism and radicalisation, including in the lead up to the antisemitic
TimesNewRoman	10	Bondi terrorist attack on 14 December 2025;
TimesNewRoman	10	(ii) identifying any opportunities to enhance the responses of governments to
TimesNewRoman	10	antisemitism including, but not limited to, best practice approaches to de-
TimesNewRoman	10	radicalisation and strengthening social cohesion;
Calibri	9	150 Interim report: Royal Commission on Antisemitism and Social Cohesion
TimesNewRoman	10	(iii) making recommendations to counteract and prevent manifestations of antisemitism;
TimesNewRoman	10	(iv) assessing the impact of antisemitism on the daily life of Jewish Australians including
TimesNewRoman	10	with respect to security, physical and mental health and wellbeing;
TimesNewRoman,Bold	10	(b) making any recommendations to assist law enforcement, border control, immigration
TimesNewRoman,Bold	10	and security agencies to tackle antisemitism, including by:
TimesNewRoman	10	(i) improvements to guidance and training within law enforcement, border control,
TimesNewRoman	10	immigration, and security agencies to respond to antisemitic conduct;
TimesNewRoman	10	(ii) having regard to existing security arrangements for the Jewish community,
TimesNewRoman	10	improvement of protective security for Jewish places of worship, major sites,
TimesNewRoman	10	educational and cultural facilities, public events and community leaders;
TimesNewRoman	10	(iii) whether these authorities have sufficient powers and resources to respond to
TimesNewRoman	10	antisemitic conduct;
TimesNewRoman,Bold	10	(c) examining the circumstances surrounding the antisemitic Bondi terrorist attack on 14
TimesNewRoman,Bold	10	December 2025, including:
TimesNewRoman	10	(i) lead up to and planning of the attack;
TimesNewRoman	10	(ii) the interaction and information sharing between Commonwealth agencies, between
TimesNewRoman	10	Commonwealth and State and Territory agencies, and between relevant
TimesNewRoman	10	Commonwealth and State agencies with the organisers of the Chanukah event at
TimesNewRoman	10	Bondi Beach on 14 December 2025;
TimesNewRoman	10	(iii) security arrangements for the Chanukah event and Bondi Beach on 14 December
TimesNewRoman	10	2025;
TimesNewRoman	10	(iv) the attack;
TimesNewRoman	10	(v) emergency response to the attack;
TimesNewRoman	10	(vi) whether relevant Commonwealth, State and Territory intelligence and law
TimesNewRoman	10	enforcement agencies performed to maximum effectiveness, including whether they
TimesNewRoman	10	had adequate powers and the right systems, processes and procedures, and whether
TimesNewRoman	10	there was an appropriate authorising environment for information sharing with other
TimesNewRoman	10	Commonwealth, State and Territory agencies;
TimesNewRoman	10	(vii) whether relevant Commonwealth, State and Territory intelligence and law
TimesNewRoman	10	enforcement agencies were prevented from taking prohibitive actions by the current
TimesNewRoman	10	legislative framework and authorising environment;
TimesNewRoman	10	(viii) identifying any gaps in existing legal and regulatory frameworks that impede the
TimesNewRoman	10	ability for law enforcement, border control, immigration and security agencies to
TimesNewRoman	10	prevent and respond to attacks of this nature at both the state and federal levels;
TimesNewRoman	10	(ix) identifying any lessons for security and law enforcement agencies to prevent and
TimesNewRoman	10	respond to similar attacks in the future;
TimesNewRoman,Bold	10	(d) make any other recommendations arising out of the Commission’s inquiry into the
TimesNewRoman,Bold	10	matters set out in paragraphs (a) to (c) that would contribute to strengthening social
Calibri	8	Interim report: Royal Commission on Antisemitism and Social Cohesion 151
TimesNewRoman,Bold	10	cohesion in Australia and countering the spread of ideologically and religiously
TimesNewRoman,Bold	10	motivated extremism in Australia;
TimesNewRoman,Bold	10	(e) any matter reasonably incidental to a matter referred to in paragraphs (a) to (d) or that
TimesNewRoman,Bold	10	the Commission believes is reasonably relevant to your inquiry.
TimesNewRoman	10	AND I direct the Commission to take any recommendations arising out of the inquiry that it considers
TimesNewRoman	10	appropriate, including recommendations about any policy, legislative, administrative or structural
TimesNewRoman	10	reforms.
TimesNewRoman	10	AND I further declare that the Commission is not required by this Order to inquire, or to continue to
TimesNewRoman	10	inquire, into a particular matter to the extent that the Commission is satisfied that the matter has been,
TimesNewRoman	10	is being, or will be, sufficiently and appropriately dealt with by another inquiry or investigation or a
TimesNewRoman	10	criminal or civil proceeding.
TimesNewRoman	10	AND, without limiting the scope of the Commission’s inquiry or the scope of any recommendations
TimesNewRoman	10	arising out of the Commission’s inquiry that the Commission may consider appropriate, I direct the
TimesNewRoman	10	Commission, for the purposes of the inquiry and recommendations, to consider the following matters,
TimesNewRoman	10	and I authorise the Commission, as it considers appropriate, having regard to the date by which the
TimesNewRoman	10	Commission is required to submit its final report, to take (or refrain from taking) any action arising
TimesNewRoman	10	out of its consideration:
TimesNewRoman,Bold	10	(f) the need to establish mechanisms to facilitate the timely communication of information,
TimesNewRoman,Bold	10	or the furnishing of evidence, documents or things, in accordance with section 34A of
TimesNewRoman,Bold	10	the Commissions of Inquiry Act 1995 or any other relevant law, including, for example,
TimesNewRoman,Bold	10	for the purpose of enabling the timely investigation and prosecution of offences;
TimesNewRoman,Bold	10	(g) the need to establish appropriate arrangements in relation to current and previous
TimesNewRoman,Bold	10	inquiries, in Australia and elsewhere, for evidence and information to be shared with the
TimesNewRoman,Bold	10	Commission in ways consistent with relevant obligations so that the work of those
TimesNewRoman,Bold	10	inquiries, including, with any necessary consents, the testimony of witnesses, can be
TimesNewRoman,Bold	10	taken into account by the Commission in a way that avoids unnecessary duplication,
TimesNewRoman,Bold	10	improves efficiency and avoids unnecessary trauma to witnesses;
TimesNewRoman,Bold	10	(h) the need to recognise and appropriately protect any intelligence information or
TimesNewRoman,Bold	10	operationally sensitive information obtained by the Commission;
TimesNewRoman,Bold	10	(i) the need to establish appropriate arrangements with the heads of the relevant
TimesNewRoman,Bold	10	Australian intelligence entities for obtaining, storing, accessing, using, disclosing and
TimesNewRoman,Bold	10	returning intelligence information relating to an Australian intelligence entity.
TimesNewRoman	10	AND I declare that the Commission is authorised to conduct its inquiry into any matter under this
TimesNewRoman	10	Order in combination with any inquiry into the same matter, or a matter related to that matter, that the
TimesNewRoman	10	Commission is directed or authorised to conduct by any Commission, or under any order or
TimesNewRoman	10	appointment, made by the Governor-General of the Commonwealth of Australia or any of Our
TimesNewRoman	10	Governors of the States or by the Government of any of Our Territories.
TimesNewRoman	10	AND I declare that in this Order:
TimesNewRoman	10	Australian Defence Force has the same meaning as in the Defence Act 1903.
Calibri	9	152 Interim report: Royal Commission on Antisemitism and Social Cohesion
TimesNewRoman,Bold	10	Australian intelligence entity means:
TimesNewRoman	10	(a) the Australian Secret Intelligence Service; or
TimesNewRoman	10	(b) the Australian Security Intelligence Organisation; or
TimesNewRoman	10	(c) the Australian Geospatial-Intelligence Organisation; or
TimesNewRoman	10	(d) the Defence Intelligence Organisation; or
TimesNewRoman	10	(e) the Australian Signals Directorate; or
TimesNewRoman	10	(f) the Office of National Intelligence.
TimesNewRoman	10	Department of Defence means the Department administered by the Minister administering
TimesNewRoman,Italic	10	the Defence Force Discipline Act 1982.
TimesNewRoman	10	head, of an Australian intelligence entity, means:
TimesNewRoman	10	(a) in relation to the Australian Security Intelligence Organisation, the Director-General of
TimesNewRoman	10	Security; or
TimesNewRoman	10	(b) in relation to the Australian Secret Intelligence Service, the Director-General of the Australian
TimesNewRoman	10	Secret Intelligence Service; or
TimesNewRoman	10	(c) in relation to the Australian Signals Directorate, the Director-General of the Australian
TimesNewRoman	10	Signals Directorate; or
TimesNewRoman	10	(d) in relation to the part of the Department of Defence known as the Australian Geospatial-
TimesNewRoman	10	Intelligence Organisation, the Director of that part of the Department; or
TimesNewRoman	10	(e) in relation to the part of the Department of Defence known as the Defence Intelligence
TimesNewRoman	10	Organisation, the Director of that part of the Department; or
TimesNewRoman	10	(f) in relation to the Office of National Intelligence, the Director-General of National
TimesNewRoman	10	Intelligence.
TimesNewRoman,Bold	10	intelligence information means information:
TimesNewRoman	10	(a) that was acquired or prepared by or on behalf of an Australian intelligence entity in
TimesNewRoman	10	connection with its functions; or
TimesNewRoman	10	(b) that relates to the performance by an Australian intelligence entity of its functions; or
TimesNewRoman	10	(c) that identifies a person as being, or having been, a staff member (within the meaning of
TimesNewRoman	10	the Intelligence Services Act 2001) or agent of the Australian Secret Intelligence Service or
TimesNewRoman	10	the Australian Security Intelligence Organisation.
TimesNewRoman,Bold	10	law enforcement or security agency means any of the following agencies:
TimesNewRoman	10	(a) the Australian Defence Force;
TimesNewRoman	10	(b) the Australian Federal Police;
TimesNewRoman	10	(c) the Australian Criminal Intelligence Commission;
TimesNewRoman	10	(d) the Department administered by the Minister administering the Australian Border Force Act
TimesNewRoman,Italic	10	2015;
TimesNewRoman	10	(e) the Office of the Special Investigator;
TimesNewRoman	10	(f) the police force of a State or Territory.
Calibri	8	Interim report: Royal Commission on Antisemitism and Social Cohesion 153
TimesNewRoman,Bold	10	operationally sensitive information means:
TimesNewRoman	10	(a) information about information sources or operational activities or methods available to a law
TimesNewRoman	10	enforcement or security agency; or
TimesNewRoman	10	(b) information about particular operations that have been, are being or are proposed to be
TimesNewRoman	10	undertaken by a law enforcement or security agency, or about proceedings relating to those
TimesNewRoman	10	operations; or
TimesNewRoman	10	(c) information provided by a foreign government, or by an agency of a foreign government,
TimesNewRoman	10	where that government does not consent to the public disclosure of the information.
TimesNewRoman	10	AND I:
TimesNewRoman,Bold	10	(j) require the Commission to begin its inquiry as soon as practicable; and
TimesNewRoman,Bold	10	(k) require the Commission to make its inquiry as expeditiously as possible; and
TimesNewRoman,Bold	10	(l) require the Commission to ensure the inquiry is conducted in a professional, impartial,
TimesNewRoman,Bold	10	respectful and courteous manner, including appropriately managing any actual or
TimesNewRoman,Bold	10	perceived conflicts of interest; and
TimesNewRoman,Bold	10	(m) require the Commission to submit to me an interim report that the Commission
TimesNewRoman,Bold	10	considers appropriate not later than 30 April 2026, focusing on:
TimesNewRoman	10	(i) the matters mentioned in paragraph (c); and
TimesNewRoman	10	(ii) any other issues requiring urgent or immediate action; and
TimesNewRoman,Bold	10	(n) require Commission to submit to me a report of the results of its inquiry, and its
TimesNewRoman,Bold	10	recommendations, not later than 14 December 2026.
TimesNewRoman	10	IN WITNESS I cause this Order to be made.
TimesNewRoman	10	WITNESS the Honourable Barbara Baker AC, Governor of the State of Tasmania.
TimesNewRoman	10	Dated 03 FEB 2026
TimesNewRoman	10	(Signed) Barbara Baker
TimesNewRoman,Bold	10	Governor
TimesNewRoman	10	By Her Excellency’s Command
TimesNewRoman	10	(Signed)
TimesNewRoman	10	Guy Barnett
TimesNewRoman	10	Guy Barnett MP
TimesNewRoman,Bold	10	Attorney-General
Calibri	9	154 Interim report: Royal Commission on Antisemitism and Social Cohesion
