MinionPro-Regular	6	AAllll FFiinnaall RReeppoorrtt CCoovveerrss -- LLaaiidd OOuutt..iinndddd 11 1177//0088//22002233 66::1188::2288 PPMM
ArialMT	11	September 2023
ArialMT	11	ISBN 978-0-6457941-5-1 (print)
ArialMT	11	ISBN 978-0-6457941-6-8 (online)
ArialMT	11	© Commonwealth of Australia 2023
ArialMT	11	With the exception of the Coat of Arms and where otherwise
ArialMT	11	stated, all material presented in this publication is provided
ArialMT	11	under a Creative Commons Attribution 4.0 International licence
ArialMT	11	(www.creativecommons.org/licenses).
ArialMT	11	For the avoidance of doubt, this means this licence only applies
ArialMT	11	to material as set out in this document.
ArialMT	11	The details of the relevant licence conditions are available
ArialMT	11	on the Creative Commons website as is the full legal code for
ArialMT	11	the CC BY 4.0 licence (www.creativecommons.org/licenses).
ArialMT	11	Use of the Coat of Arms
ArialMT	11	The terms under which the Coat of Arms can be used are
ArialMT	11	detailed on the Department of the Prime Minister and Cabinet
ArialMT	11	website (www.pmc.gov.au/government/commonwealth-coat-arms).
DINPro-Medium	45	Final Report
DINPro-Medium	32	Executive Summary,
DINPro-Medium	33	Our vision for an
DINPro-Medium	32	inclusive Australia and
DINPro-Medium	32	Recommendations
ArialMT	9	Royal Commission into Violence, Abuse, Neglect and Exploitation of People with Disability: Final Report
ArialMT	11	28 September 2023
ArialMT	11	His Excellency General the Honourable David Hurley AC DSC (Retd)
ArialMT	11	Governor-General of the Commonwealth of Australia
ArialMT	11	Government House
ArialMT	11	CANBERRA ACT 2600
ArialMT	11	Your Excellency,
ArialMT	11	In accordance with the letters patent issued on 4 April 2019 and amended on 13 September
ArialMT	11	2019, 13 May 2021 and 24 June 2021, we have made inquiries and now submit to you the
ArialMT	11	Final report of the Royal Commission into Violence, Abuse, Neglect and Exploitation of People
ArialMT	11	with Disability.
ArialMT	11	We are also submitting this report to their Excellencies the Governors of New South Wales,
ArialMT	11	Queensland, South Australia, Tasmania, Victoria and Western Australia.
ArialMT	11	Yours sincerely,
ArialMT	11	The Honourable Ronald Sackville AO KC
ArialMT	11	Ms Barbara Bennett PSM Dr Rhonda Louise Galbally AC
ArialMT	11	Ms Andrea Jane Mason OAM Dr Alastair James McEwin AM
ArialMT	11	The Honourable John Francis Ryan AM
ArialMT	9	Executive Summary, Our vision for an inclusive Australia and Recommendations i
ArialMT	9	ii Royal Commission into Violence, Abuse, Neglect and Exploitation of People with Disability: Final Report
DINPro-Medium	25	Acknowledgement of Country
ArialMT	11	The Royal Commission into Violence, Abuse, Neglect and Exploitation of People with
ArialMT	11	Disability (the Royal Commission) acknowledges Australia’s First Nations peoples as
ArialMT	11	the Traditional Custodians of the lands, seas and waters of Australia, and pays respect
ArialMT	11	to all First Nations Elders past, present and emerging.
ArialMT	11	We recognise their care for people and country. In particular, we acknowledge the
ArialMT	11	Traditional Custodians of the lands on which our offices are based: the Gadigal people
ArialMT	11	of the Eora Nation where our Sydney office stands, the Jagera and Turrbal people as
ArialMT	11	Traditional Owners and Custodians of the lands on which the city of Brisbane is located
ArialMT	11	and the Ngunnawal and Ngambri peoples upon whose land the city of Canberra is located.
ArialMT	11	We pay our respects to all First Nations people with disability and recognise the distinct
ArialMT	11	contributions they make to Australian life and to the outcome of this inquiry.
DINPro-Medium	25	Acknowledgement of people
DINPro-Medium	25	with disability
ArialMT	11	The Royal Commission acknowledges people with disability who fought and campaigned
ArialMT	11	long and hard for the establishment of this Royal Commission.
ArialMT	11	We acknowledge the courage and generosity of people with lived experience of disability who
ArialMT	11	shared their knowledge and experiences of violence, abuse, neglect and exploitation with the
ArialMT	11	Royal Commission. Their contributions to the Royal Commission have been indispensable
ArialMT	11	in framing recommendations designed to achieve a more inclusive society that supports
ArialMT	11	the independence of people with disability and their right to live free from violence, abuse,
ArialMT	11	neglect and exploitation.
Arial-BoldMT	11	Content warnings
ArialMT	11	This report contains information about violence, abuse, neglect and exploitation that
ArialMT	11	may be distressing to readers.
ArialMT	11	The report contains first-hand accounts of violence, abuse, neglect and exploitation.
ArialMT	11	As a result, some direct quotes in the report may contain language that may be
ArialMT	11	offensive to some people.
ArialMT	11	First Nations readers should be aware that some information in this report may have
ArialMT	11	been provided by or refer to First Nations people who have passed away.
ArialMT	9	Executive Summary, Our vision for an inclusive Australia and Recommendations iii
ArialMT	9	Royal Commission into Violence, Abuse, Neglect and Exploitation of People with Disability: Final Report
DINPro-Medium	25	Table of contents
Arial-BoldMT	11	Chair’s foreword . . . . . . . . . . . . . . . . . . . . . . . . . . . . . . . . . . . . . . . . . . . . . . . . . . . . . . . . ix
ArialMT	11	Path to the Royal Commission . . . . . . . . . . . . . . . . . . . . . . . . . . . . . . . . . . . . . . . . . . . . . . . .x
ArialMT	11	Terms of reference . . . . . . . . . . . . . . . . . . . . . . . . . . . . . . . . . . . . . . . . . . . . . . . . . . . . . . . . .x
ArialMT	11	Scope of the inquiry . . . . . . . . . . . . . . . . . . . . . . . . . . . . . . . . . . . . . . . . . . . . . . . . . . . . . . . xi
ArialMT	11	People with disability at the heart of the inquiry . . . . . . . . . . . . . . . . . . . . . . . . . . . . . . . . . . xi
ArialMT	11	Human rights . . . . . . . . . . . . . . . . . . . . . . . . . . . . . . . . . . . . . . . . . . . . . . . . . . . . . . . . . . . .xii
ArialMT	11	Intersectionality . . . . . . . . . . . . . . . . . . . . . . . . . . . . . . . . . . . . . . . . . . . . . . . . . . . . . . . . . xiii
ArialMT	11	Commissioners’ views . . . . . . . . . . . . . . . . . . . . . . . . . . . . . . . . . . . . . . . . . . . . . . . . . . . . xiii
ArialMT	11	Acknowledgements . . . . . . . . . . . . . . . . . . . . . . . . . . . . . . . . . . . . . . . . . . . . . . . . . . . . . . xiii
ArialMT	11	The future . . . . . . . . . . . . . . . . . . . . . . . . . . . . . . . . . . . . . . . . . . . . . . . . . . . . . . . . . . . . . . xiv
Arial-BoldMT	11	Our vision for an inclusive Australia . . . . . . . . . . . . . . . . . . . . . . . . . . . . . . . . . . . . . . . . . 1
ArialMT	11	Introduction . . . . . . . . . . . . . . . . . . . . . . . . . . . . . . . . . . . . . . . . . . . . . . . . . . . . . . . . . . . . . .1
ArialMT	11	Visions for the future . . . . . . . . . . . . . . . . . . . . . . . . . . . . . . . . . . . . . . . . . . . . . . . . . . . . . . .1
ArialMT	11	Adopting a human rights approach . . . . . . . . . . . . . . . . . . . . . . . . . . . . . . . . . . . . . . . . . . .11
ArialMT	11	Promoting a more inclusive society . . . . . . . . . . . . . . . . . . . . . . . . . . . . . . . . . . . . . . . . . . .13
ArialMT	11	Conclusion . . . . . . . . . . . . . . . . . . . . . . . . . . . . . . . . . . . . . . . . . . . . . . . . . . . . . . . . . . . . . .26
Arial-BoldMT	11	Executive summary . . . . . . . . . . . . . . . . . . . . . . . . . . . . . . . . . . . . . . . . . . . . . . . . . . . . . . 37
ArialMT	11	Introduction . . . . . . . . . . . . . . . . . . . . . . . . . . . . . . . . . . . . . . . . . . . . . . . . . . . . . . . . . . . . .37
Arial-BoldMT	11	About the Royal Commission . . . . . . . . . . . . . . . . . . . . . . . . . . . . . . . . . . . . . . . . . . . . . 39
ArialMT	11	Establishing the Royal Commission . . . . . . . . . . . . . . . . . . . . . . . . . . . . . . . . . . . . . . . . . . .39
ArialMT	11	Conducting our inquiry . . . . . . . . . . . . . . . . . . . . . . . . . . . . . . . . . . . . . . . . . . . . . . . . . . . . .40
ArialMT	9	Executive Summary, Our vision for an inclusive Australia and Recommendations v
Arial-BoldMT	11	Nature and extent of violence, abuse, neglect and exploitation . . . . . . . . . . . . . . . . . . 43
ArialMT	11	People with disability in Australia . . . . . . . . . . . . . . . . . . . . . . . . . . . . . . . . . . . . . . . . . . . . .44
ArialMT	11	Interpersonal violence, abuse, neglect and exploitation . . . . . . . . . . . . . . . . . . . . . . . . . . .46
Arial-BoldMT	11	Realising the human rights of people with disability . . . . . . . . . . . . . . . . . . . . . . . . . . . 53
ArialMT	11	Australia’s international human rights obligations . . . . . . . . . . . . . . . . . . . . . . . . . . . . . . . .54
ArialMT	11	Australia’s implementation of disability rights . . . . . . . . . . . . . . . . . . . . . . . . . . . . . . . . . . . .55
ArialMT	11	Enacting an Australian Disability Rights Act . . . . . . . . . . . . . . . . . . . . . . . . . . . . . . . . . . . . .57
ArialMT	11	Strengthening the Disability Discrimination Act . . . . . . . . . . . . . . . . . . . . . . . . . . . . . . . . . .61
Arial-BoldMT	11	Enabling autonomy and access . . . . . . . . . . . . . . . . . . . . . . . . . . . . . . . . . . . . . . . . . . . . 67
ArialMT	11	Autonomy and access of people with disability . . . . . . . . . . . . . . . . . . . . . . . . . . . . . . . . . .67
ArialMT	11	Accessible information and communications . . . . . . . . . . . . . . . . . . . . . . . . . . . . . . . . . . . .68
ArialMT	11	Support for decision-making . . . . . . . . . . . . . . . . . . . . . . . . . . . . . . . . . . . . . . . . . . . . . . . .70
ArialMT	11	Improving advocacy and informal supports . . . . . . . . . . . . . . . . . . . . . . . . . . . . . . . . . . . . .75
ArialMT	11	Overcoming barriers to health care and treatment . . . . . . . . . . . . . . . . . . . . . . . . . . . . . . .77
ArialMT	11	Reducing and eliminating restrictive practices . . . . . . . . . . . . . . . . . . . . . . . . . . . . . . . . . . .81
ArialMT	11	Prohibiting non-therapeutic involuntary sterilisation . . . . . . . . . . . . . . . . . . . . . . . . . . . . . . .86
Arial-BoldMT	11	Inclusive education, employment and housing . . . . . . . . . . . . . . . . . . . . . . . . . . . . . . . 89
ArialMT	11	Achieving inclusive education, employment and housing . . . . . . . . . . . . . . . . . . . . . . . . . .89
ArialMT	11	Achieving inclusive education . . . . . . . . . . . . . . . . . . . . . . . . . . . . . . . . . . . . . . . . . . . . . . .95
ArialMT	11	Achieving inclusive employment . . . . . . . . . . . . . . . . . . . . . . . . . . . . . . . . . . . . . . . . . . . .107
ArialMT	11	Achieving inclusive homes and living . . . . . . . . . . . . . . . . . . . . . . . . . . . . . . . . . . . . . . . . .115
ArialMT	11	The future of group homes . . . . . . . . . . . . . . . . . . . . . . . . . . . . . . . . . . . . . . . . . . . . . . . . .120
ArialMT	9	vi Royal Commission into Violence, Abuse, Neglect and Exploitation of People with Disability: Final Report
Arial-BoldMT	11	Criminal justice and people with disability . . . . . . . . . . . . . . . . . . . . . . . . . . . . . . . . . . 123
ArialMT	11	Over-representation in the criminal justice system . . . . . . . . . . . . . . . . . . . . . . . . . . . . . .124
ArialMT	11	Criminalisation of disability . . . . . . . . . . . . . . . . . . . . . . . . . . . . . . . . . . . . . . . . . . . . . . . . .124
ArialMT	11	The right to humane treatment in criminal justice settings . . . . . . . . . . . . . . . . . . . . . . . . .125
ArialMT	11	Youth detention . . . . . . . . . . . . . . . . . . . . . . . . . . . . . . . . . . . . . . . . . . . . . . . . . . . . . . . . .126
ArialMT	11	The rights of people found unfit to be tried . . . . . . . . . . . . . . . . . . . . . . . . . . . . . . . . . . . .129
ArialMT	11	Screening, assessing and identifying disability . . . . . . . . . . . . . . . . . . . . . . . . . . . . . . . . .131
ArialMT	11	The NDIS and criminal justice . . . . . . . . . . . . . . . . . . . . . . . . . . . . . . . . . . . . . . . . . . . . . .132
ArialMT	11	Improving data collection . . . . . . . . . . . . . . . . . . . . . . . . . . . . . . . . . . . . . . . . . . . . . . . . . .133
ArialMT	11	Police responses to people with disability . . . . . . . . . . . . . . . . . . . . . . . . . . . . . . . . . . . . .134
ArialMT	11	Diversion from the criminal justice system . . . . . . . . . . . . . . . . . . . . . . . . . . . . . . . . . . . . .135
ArialMT	11	Disability and family violence law and policy . . . . . . . . . . . . . . . . . . . . . . . . . . . . . . . . . . .137
Arial-BoldMT	11	First Nations people with disability . . . . . . . . . . . . . . . . . . . . . . . . . . . . . . . . . . . . . . . . 141
ArialMT	11	The experiences of First Nations people with disability . . . . . . . . . . . . . . . . . . . . . . . . . . .141
Arial-BoldMT	11	Disability services . . . . . . . . . . . . . . . . . . . . . . . . . . . . . . . . . . . . . . . . . . . . . . . . . . . . . . 153
ArialMT	11	Disability service providers. . . . . . . . . . . . . . . . . . . . . . . . . . . . . . . . . . . . . . . . . . . . . . . . .154
ArialMT	11	NDIS Quality and Safeguards Commission . . . . . . . . . . . . . . . . . . . . . . . . . . . . . . . . . . . .163
Arial-BoldMT	11	Independent oversight and complaint mechanisms . . . . . . . . . . . . . . . . . . . . . . . . . . 171
ArialMT	11	Addressing gaps and barriers . . . . . . . . . . . . . . . . . . . . . . . . . . . . . . . . . . . . . . . . . . . . . .172
Arial-BoldMT	11	Governing for inclusion . . . . . . . . . . . . . . . . . . . . . . . . . . . . . . . . . . . . . . . . . . . . . . . . . 177
ArialMT	11	Strengthening national disability policy and strategy . . . . . . . . . . . . . . . . . . . . . . . . . . . . .178
ArialMT	11	Reforming national disability governance . . . . . . . . . . . . . . . . . . . . . . . . . . . . . . . . . . . . .181
ArialMT	9	Executive Summary, Our vision for an inclusive Australia and Recommendations vii
Arial-BoldMT	11	Beyond the Royal Commission . . . . . . . . . . . . . . . . . . . . . . . . . . . . . . . . . . . . . . . . . . . 183
ArialMT	11	Delivering change . . . . . . . . . . . . . . . . . . . . . . . . . . . . . . . . . . . . . . . . . . . . . . . . . . . . . . .184
ArialMT	11	Building the policy evidence . . . . . . . . . . . . . . . . . . . . . . . . . . . . . . . . . . . . . . . . . . . . . . . .185
ArialMT	11	Our impact . . . . . . . . . . . . . . . . . . . . . . . . . . . . . . . . . . . . . . . . . . . . . . . . . . . . . . . . . . . . .186
Arial-BoldMT	11	Recommendations . . . . . . . . . . . . . . . . . . . . . . . . . . . . . . . . . . . . . . . . . . . . . . . . . . . . . 193
ArialMT	11	Volume 4, Realising the human rights of people with disability . . . . . . . . . . . . . . . . . . . . .193
ArialMT	11	Volume 5, Governing for inclusion . . . . . . . . . . . . . . . . . . . . . . . . . . . . . . . . . . . . . . . . . . .209
ArialMT	11	Volume 6, Enabling autonomy and access . . . . . . . . . . . . . . . . . . . . . . . . . . . . . . . . . . . .213
ArialMT	11	Volume 7, Inclusive education, employment and housing . . . . . . . . . . . . . . . . . . . . . . . . .239
ArialMT	11	Volume 8, Criminal justice and people with disability . . . . . . . . . . . . . . . . . . . . . . . . . . . . .270
ArialMT	11	Volume 9, First Nations people with disability . . . . . . . . . . . . . . . . . . . . . . . . . . . . . . . . . .279
ArialMT	11	Volume 10, Disability services . . . . . . . . . . . . . . . . . . . . . . . . . . . . . . . . . . . . . . . . . . . . . .285
ArialMT	11	Volume 11, Independent oversight and complaint mechanisms . . . . . . . . . . . . . . . . . . . .301
ArialMT	11	Volume 12, Beyond the Royal Commission . . . . . . . . . . . . . . . . . . . . . . . . . . . . . . . . . . . .309
Arial-BoldMT	11	Glossary . . . . . . . . . . . . . . . . . . . . . . . . . . . . . . . . . . . . . . . . . . . . . . . . . . . . . . . . . . . . . . 313
ArialMT	11	Key terms . . . . . . . . . . . . . . . . . . . . . . . . . . . . . . . . . . . . . . . . . . . . . . . . . . . . . . . . . . . . . .313
Arial-BoldMT	11	Acronyms and abbreviations . . . . . . . . . . . . . . . . . . . . . . . . . . . . . . . . . . . . . . . . . . . . . 331
ArialMT	9	viii Royal Commission into Violence, Abuse, Neglect and Exploitation of People with Disability: Final Report
DINPro-Medium	25	Chair’s foreword
DINPro-Bold	11	The Honourable Ronald Sackville AO KC
ArialMT	11	In the words of our terms of reference, we intend our Final report to be the means by which
ArialMT	11	Australia can be transformed into:
ArialMT	11	a more inclusive society that supports the independence of people with disability
ArialMT	11	and their right to live free from violence, abuse, neglect and exploitation.1
ArialMT	11	As I recorded in my opening remarks at the Ceremonial Opening Sitting held on 16 September
ArialMT	11	2019, the Royal Commission is the product of tireless and persistent efforts by disability
ArialMT	11	advocates, who had long recognised people with disability are routinely subjected to violence,
ArialMT	11	abuse, neglect and exploitation.2 Completion of our Final report therefore marks the culmination
ArialMT	11	of many years of advocacy by people with disability and their representative organisations.
ArialMT	11	Yet completion of the Final report also marks the beginning of a new stage in the reform process.
ArialMT	11	As many people with disability told us – at public hearings, in submissions, private sessions
ArialMT	11	and responses to issues papers, and at community engagements – there is not much point to
ArialMT	11	a lengthy Royal Commission if its recommendations do not lead to transformational change.
ArialMT	11	Advocacy by people with disability and disability representative organisations, so often referred
ArialMT	11	to in this report, will have a crucial role to play in ensuring our recommendations are accepted
ArialMT	11	and implemented, thereby bringing about the far-reaching changes in laws, policies and
ArialMT	11	practices so badly needed.
ArialMT	9	Executive Summary, Our vision for an inclusive Australia and Recommendations ix
DINPro-Medium	18	Path to the Royal Commission
ArialMT	11	The path to the Royal Commission opened up in the 1970s and 1980s, when disability theorists
ArialMT	11	rejected the medical model of disability in favour of the social model.3 The medical model saw
ArialMT	11	disability as an individual defect to be eliminated, cured, or hidden away.4 The social model
ArialMT	11	focuses on the environment in which a person with disability lives.5 This model sees people
ArialMT	11	being disabled by social barriers, including discriminatory attitudes, inaccessible physical
ArialMT	11	environments and forms of communication, and failures to provide adjustments needed to
ArialMT	11	enable people with disability to participate in education, workplaces and the wider community.6
ArialMT	11	The emergence of the social model of disability contributed to the enactment of the Disability
ArialMT	11	Discrimination Act 1992 (Cth),7 which renders unlawful direct or indirect discrimination on the
ArialMT	11	ground of disability in defined settings, such as employment, education, the provision of goods
ArialMT	11	and services, and accommodation. At an international level, the social model contributed to
ArialMT	11	the drafting and adoption of the signal achievement of the disability rights movement, the
Arial-ItalicMT	11	Convention on the Rights of Persons with Disabilities (CRPD), which entered into force on
ArialMT	11	3 May 2008.8 Australia ratified the CRPD on 17 July 2008.
ArialMT	11	The key event leading to this Royal Commission, following repeated calls for a royal commission
ArialMT	11	over many years by disability advocacy groups, was the inquiry conducted by the Senate
ArialMT	11	Community Affairs References Committee (Senate Committee) in 2015, concerning violence,
ArialMT	11	abuse and neglect against people with disability in institutional and residential settings.9
ArialMT	11	The Senate Committee’s very first recommendation was to establish a royal commission
ArialMT	11	to inquire into violence against, and abuse and neglect of, people with disability.10
ArialMT	11	Three and half years later, the Australian Government supported the establishment of this
ArialMT	11	Royal Commission and engaged in extensive consultations to settle the terms of reference.11
ArialMT	11	On 5 April 2019, the Prime Minister announced the establishment of the Royal Commission.12
DINPro-Medium	18	Terms of reference
ArialMT	11	Our terms of reference are lengthy, but as we have pointed out during the life of the Royal
ArialMT	11	Commission, the key features include:
ArialMT	11	• the very broad scope of the inquiry, which directs us to examine and expose violence
ArialMT	11	against, and abuse, neglect and exploitation of, people with disability in all settings
ArialMT	11	and contexts13
ArialMT	11	• the requirement we examine these issues through the sharing of individual experiences
ArialMT	11	by people with disability, their families and carers14
ArialMT	11	• the explicit recognition that Australia has international obligations to promote the human
ArialMT	11	rights of people with disability, including the protection of people with disability from all
ArialMT	11	forms of exploitation, violence and abuse under the CRPD15
ArialMT	9	x Royal Commission into Violence, Abuse, Neglect and Exploitation of People with Disability: Final Report
ArialMT	11	• the acknowledgement that specific experiences of violence against, and abuse, neglect
ArialMT	11	and exploitation of, people with disability are multi-layered and influenced by experiences
ArialMT	11	associated with gender, gender identity, sexual orientation, intersex status, and ethnic
ArialMT	11	origin or race, including the particular situation of First Nations people and culturally and
ArialMT	11	linguistically diverse people with disability.16
DINPro-Medium	18	Scope of the inquiry
ArialMT	11	The twelve volumes of our Final report (including one volume recording anonymised summaries
ArialMT	11	of accounts given by participants in private sessions) cover a very wide range of subjects.
ArialMT	11	They incorporate the conclusions and recommendations we have reached, primarily from
ArialMT	11	evidence given at 32 meticulously planned and conducted public hearings.17 Our conclusions
ArialMT	11	and recommendations also incorporate what we have learnt from other important sources
ArialMT	11	available to us, such as submissions, responses to issues papers, research projects and
ArialMT	11	private sessions.
ArialMT	11	The Final report contains a total of 222 recommendations. This may seem to be a large number,
ArialMT	11	but it reflects the very many settings and contexts in which violence against, and abuse, neglect
ArialMT	11	and exploitation of, people with disability take place. These settings and contexts are identified
Arial-ItalicMT	11	throughout the Final report, but particularly in Volume 3, Nature and extent of violence, abuse,
ArialMT	11	neglect and exploitation. We have identified numerous policy issues that must be addressed
ArialMT	11	by governments, institutions and the community as a whole if the aspirations expressed in the
ArialMT	11	terms of reference are to be achieved.
ArialMT	11	Compiling the Final report and indeed carrying out the Royal Commission’s extensive program
ArialMT	11	of public hearings and engagement activities has been a formidable undertaking. It has not
ArialMT	11	been made any easier by the extensive interruptions to our public hearings and other activities
ArialMT	11	associated with the COVID-19 pandemic. That we have completed our work within the allotted
ArialMT	11	time frame18 is a tribute to all those who have worked so diligently and with such dedication over
ArialMT	11	the life of the Royal Commission.
DINPro-Medium	18	People with disability at the heart of the inquiry
ArialMT	11	People with disability have been at the heart of our inquiry. We took very seriously the
ArialMT	11	direction in the terms of reference to consider the need to establish accessible and appropriate
ArialMT	11	arrangements for people with disability and their families and carers to engage with the inquiry,
ArialMT	11	give evidence and share information about their experiences.19
ArialMT	11	We adopted a trauma-informed approach to communicating with people with disability who
ArialMT	11	wished to engage with us, whether by giving evidence, making submissions, participating in
ArialMT	11	private sessions or in other ways. We set out to ensure the physical, social, emotional and
ArialMT	11	cultural safety of everyone who wished to recount their experiences. Volume 2, About the Royal
ArialMT	11	Commission, explains in more detail the steps we took, including the preparations for and
ArialMT	11	conduct of public hearings.
ArialMT	9	Executive Summary, Our vision for an inclusive Australia and Recommendations xi
ArialMT	11	We made strenuous efforts to contact as many people with disability as possible to inform
ArialMT	11	them of our work and encourage them to tell us about their experiences. These efforts had to
ArialMT	11	counter the COVID-19 restrictions in force for a significant period of the Royal Commission’s
ArialMT	11	life. By adapting our practices and making liberal use of technology, we were able to achieve
ArialMT	11	our objectives.
ArialMT	11	As Volume 2 records, we took evidence at 32 public hearings from 837 witnesses, of whom 209
ArialMT	11	were people with disability. Commissioners held private sessions with 1,785 participants, 61 per
ArialMT	11	cent of whom were people with disability speaking about their own experiences.20 Of the 7,944
ArialMT	11	submissions we received in various formats, 55 per cent were from people with disability and a
ArialMT	11	further 29 per cent from family members of people with disability. Despite the disruptions caused
ArialMT	11	by the COVID-19 pandemic, we conducted over 700 community engagements, providing further
ArialMT	11	opportunities for people with disability, their families and supporters to engage with us.21
ArialMT	11	The voices and experiences of people with disability have guided our approach to the policy
ArialMT	11	questions, influenced the subject matter of hearings and informed the conclusions and
ArialMT	11	recommendations in our Final report. We are immensely grateful to each and every person
ArialMT	11	who has been prepared to share with us their experiences, aspirations and ideas.
DINPro-Medium	18	Human rights
ArialMT	11	In addition to referring to Australia’s obligations under the CRPD, our terms of reference
ArialMT	11	recognise that people with disability have the right to the full and equal enjoyment of all human
ArialMT	11	rights and fundamental freedoms, including respect for their inherent dignity and individual
ArialMT	11	autonomy. We have been committed to developing and implementing an approach to our
ArialMT	11	work informed by human rights. We have aimed ‘to translate human rights into practical and
ArialMT	11	sustainable policies and practices that change the values and standards the community expects
ArialMT	11	to be upheld for people with disability’.22
ArialMT	11	We have sought to make good our commitment to a human rights approach, particularly in
ArialMT	11	public hearings (including Public hearing 18, ‘The human rights of people with disability and
Arial-ItalicMT	11	making the Convention on the Rights of Persons with Disabilities a reality in Australian law,
ArialMT	11	policies and practices’) and in this Final report. The recommendations in Volume 4, Realising
ArialMT	11	the human rights of people with disability, proposing a national Disability Rights Act and
ArialMT	11	amendments to the Disability Discrimination Act 1992 (Cth) are of fundamental importance.
ArialMT	11	They address the challenge of translating principles expressed and rights recognised in the
ArialMT	11	CRPD into enforceable obligations under Australian domestic law.
ArialMT	11	As important as the recommendations in Volume 4 are, the human rights of people with
ArialMT	11	disability have informed all our work and underpin a great many of our recommendations.
ArialMT	11	The Australian community’s acceptance of, and respect for, the human rights of people with
ArialMT	11	disability are essential elements in realising the aspirations that led to the establishment of
ArialMT	11	the Royal Commission.
ArialMT	9	xii Royal Commission into Violence, Abuse, Neglect and Exploitation of People with Disability: Final Report
DINPro-Medium	18	Intersectionality
ArialMT	11	The multi-layered experiences of many people with disability are often described as
ArialMT	11	‘intersectionality’. Our Final report addresses at many points the concept of intersectionality
ArialMT	11	by reference to the experiences of groups specifically mentioned in the terms of reference.
ArialMT	11	With the guidance of Commissioner Andrea Mason OAM, we have paid particular attention to
ArialMT	11	the multi-layered experiences of First Nations people with disability. Three public hearings were
ArialMT	11	exclusively concerned with issues of great significance to First Nations people with disability.23
ArialMT	11	Other public hearings, although not necessarily exclusively concerned with the experiences
ArialMT	11	of First Nations people with disability, gave prominence to those intersectional experiences.24
Arial-ItalicMT	11	Volume 9 of our Final report, First Nations people with disability, brings together the evidence
ArialMT	11	and information we received demonstrating how First Nations people with disability are
ArialMT	11	especially at risk of violence, abuse, neglect and exploitation.
ArialMT	11	We examine the diverse experiences of culturally and linguistically diverse people with disability
ArialMT	11	in a number of volumes. Our analysis draws particularly on evidence given at Public hearing 29,
ArialMT	11	‘The experience of violence against, abuse, neglect and exploitation of people with disability
ArialMT	11	from culturally and linguistically diverse communities’. It also takes account of information
ArialMT	11	provided by people with disability from those communities and organisations representing them.
ArialMT	11	The analysis in Volume 8, Criminal justice and people with disability, addresses the high levels
ArialMT	11	of family, domestic and sexual violence experienced by women and girls with disability, drawing
ArialMT	11	on evidence given at Public hearing 17, ‘The experience of women and girls with disability with
ArialMT	11	a particular focus on family, domestic and sexual violence’, as well as a considerable volume of
ArialMT	11	other material.
DINPro-Medium	18	Commissioners’ views
ArialMT	11	Commissioners, after careful consideration, have formed a common appreciation of the policy
ArialMT	11	issues that should be addressed. They agree on the vast majority of recommendations. While the
ArialMT	11	Commissioners’ views differ on a small number of issues, they are unanimous as to the critical
ArialMT	11	measures needed to bring about a more inclusive society that supports the independence of
ArialMT	11	people with disability and their right to live free from violence, abuse, neglect and exploitation.
DINPro-Medium	18	Acknowledgements
ArialMT	11	A very large number of people have contributed to the work of the Royal Commission.
ArialMT	11	In particular, the staff of the Royal Commission – in the Office of Solicitor Assisting, the Policy,
ArialMT	11	Data and Research Branch and the Engagement and Corporate Branches – have demonstrated
ArialMT	11	great dedication, expertise and resilience in enabling us to fulfil our responsibilities under the
ArialMT	11	terms of reference. The willingness of so many of our staff to work uncomplainingly under
ArialMT	11	the unrelenting pressures of time and high expectations made it possible to achieve what
ArialMT	11	sometimes seemed to be beyond our grasp.
ArialMT	9	Executive Summary, Our vision for an inclusive Australia and Recommendations xiii
ArialMT	11	Special mention should be made of the contributions of Ms Neva Frecheville, Ms Mary Ann
ArialMT	11	O’Loughlin AM, Mr Andras Markus, Ms Louise Amundsen, Ms Sally Crawshaw and Ms Emma
ArialMT	11	Appleton. All did a superb job. The Official Secretary, Mr Paul Cronan AM, managed a large and
ArialMT	11	complex organisation with consummate tact, resolve and an abundance of common sense and
ArialMT	11	sound judgment.
ArialMT	11	We owe a substantial debt of gratitude to Ms Kate Eastman AM SC, Senior Counsel Assisting
ArialMT	11	the Royal Commission. Ms Eastman was the architect of our wide-ranging and powerful
ArialMT	11	program of public hearings. She was also responsible for preparing and conducting the majority
ArialMT	11	of the public hearings. She did so with great skill, thoroughness and careful attention to ensuring
ArialMT	11	witnesses with disability felt safe and supported.
ArialMT	11	I express our deep appreciation to other counsel who appeared at public hearings. These included
ArialMT	11	Mr Pat Griffin SC, Dr Kerri Mellifont QC,25 Mr Lincoln Crowley QC,26 and Ms Elizabeth Bennett
ArialMT	11	SC, each of whom was responsible for conducting particular hearings.
ArialMT	11	I wish to acknowledge the very substantial contributions made over four and a half years by my
ArialMT	11	colleagues: Commissioners Barbara Bennett PSM, Rhonda Galbally AC, Andrea Mason OAM,
ArialMT	11	Alastair McEwin AM and the Honourable John Ryan AM. In particular I thank them for their
ArialMT	11	willingness to conduct our program of private sessions, which constituted such an important and
ArialMT	11	in many respects demanding aspect of our work. I also thank them for responding so promptly
ArialMT	11	within the extremely stringent time limits imposed for comments on successive drafts of volumes
Arial-ItalicMT	11	of the Final report.
ArialMT	11	We are fortunate to have had the benefit of the knowledge and experience of Commissioners
ArialMT	11	Galbally and McEwin, who have been leaders in the disability community for many years
ArialMT	11	and who have long argued for reforms to address the experiences of people with disability
ArialMT	11	of violence, abuse, neglect and exploitation. We are also fortunate to have had the benefit
ArialMT	11	of Commissioner Mason’s understanding of the disadvantages experienced by First Nations
ArialMT	11	people with disability and her commitment to improving their lives.
DINPro-Medium	18	The future
ArialMT	11	We have received Letters Patent from all six states, mirroring the terms of reference contained
ArialMT	11	in the Letters Patent issued by the Governor-General.27 While most of our recommendations are
ArialMT	11	directed to the Australian Government, some are directed to states and territories. Others are
ArialMT	11	directed to non-government agencies, such as service providers and professional associations
ArialMT	11	responsible for training of health practitioners.
ArialMT	11	The Australian Government is primarily responsible for implementing our recommendations,
ArialMT	11	but it is not exclusively responsible. A co-ordinated strategy is required, involving governments
ArialMT	11	and non-government agencies. Indeed the responsibility for reforms is shared by the entire
ArialMT	11	Australian community. Transformational reforms cannot occur without fundamental changes
ArialMT	11	in community attitudes towards people with disability.
ArialMT	9	xiv Royal Commission into Violence, Abuse, Neglect and Exploitation of People with Disability: Final Report
DINPro-Medium	18	Endnotes
ArialMT	10	1 Letters Patent (Cth), 4 April 2019, as amended, (c).
ArialMT	10	2 Transcript, Ronald Sackville AO QC (Chair), Public hearing 1, 16 September 2019, P-8 [10–13].
ArialMT	10	3 Royal Commission into Violence, Abuse, Neglect and Exploitation of People with Disability,
ArialMT	10	Interim report, October 2020, pp 55, 345.
ArialMT	10	4 Royal Commission into Violence, Abuse, Neglect and Exploitation of People with Disability,
ArialMT	10	Interim report, October 2020, p 345.
ArialMT	10	5 Royal Commission into Violence, Abuse, Neglect and Exploitation of People with Disability,
ArialMT	10	Interim report, October 2020, p 346.
ArialMT	10	6 Royal Commission into Violence, Abuse, Neglect and Exploitation of People with Disability,
ArialMT	10	Interim report, October 2020, p 346.
ArialMT	10	7 Royal Commission into Violence, Abuse, Neglect and Exploitation of People with Disability,
ArialMT	10	Interim report, October 2020, p 55.
Arial-ItalicMT	10	8 Convention on the Rights of Persons with Disabilities, opened for signature 30 March 2007,
ArialMT	10	2515 UNTS 3 (entered into force 3 May 2008); Royal Commission into Violence, Abuse,
ArialMT	10	Neglect and Exploitation of People with Disability, Interim report, October 2020, p 346.
ArialMT	10	9 Senate Community Affairs References Committee, Parliament of Australia, Violence, abuse
Arial-ItalicMT	10	and neglect against people with disability in institutional and residential settings, including the
Arial-ItalicMT	10	gender and age related dimensions, and the particular situation of Aboriginal and Torres Strait
Arial-ItalicMT	10	Islander people with disability, and culturally and linguistically diverse people with disability,
ArialMT	10	November 2015.
ArialMT	10	10 Senate Community Affairs References Committee, Parliament of Australia, Violence, abuse
Arial-ItalicMT	10	and neglect against people with disability in institutional and residential settings, including the
Arial-ItalicMT	10	gender and age related dimensions, and the particular situation of Aboriginal and Torres Strait
Arial-ItalicMT	10	Islander people with disability, and culturally and linguistically diverse people with disability,
ArialMT	10	November 2015, pp xv, 268 [10.10].
Arial-ItalicMT	10	11 Department of Social Services, Consultation report: Terms of reference for a Royal Commission
Arial-ItalicMT	10	into violence, abuse, neglect and exploitation of people with disability, 2019, pp 3–4.
Arial-ItalicMT	10	12 Prime Minister Scott Morrison, Establishment of the Royal Commission into Violence, Abuse,
Arial-ItalicMT	10	Neglect and Exploitation of People with Disability, media release, Canberra, 5 April 2019.
ArialMT	10	13 Letters Patent (Cth), 4 April 2019, as amended, recitals, (a).
ArialMT	10	14 Letters Patent (Cth), 4 April 2019, as amended, recitals, (k).
ArialMT	10	15 Letters Patent (Cth), 4 April 2019, as amended, recitals.
ArialMT	10	16 Letters Patent (Cth), 4 April 2019, as amended, (g).
ArialMT	10	17 The Opening Sitting was followed by 32 public hearings.
ArialMT	10	18 On 13 May 2021, the Australian Government extended the timeframe for the delivery of this
ArialMT	10	Final report from 20 April 2022 to 29 September 2023: Letters Patent (Cth), 4 April 2019
ArialMT	10	amended 13 May 2021.
ArialMT	10	19 See Letters Patent (Cth), 4 April 2019, as amended, (k).
ArialMT	10	20 Volume 2 records the number of private sessions held at time of printing for that volume.
ArialMT	10	21 For further information, see Volume 2, About the Royal Commission.
ArialMT	10	22 Royal Commission into Violence, Abuse, Neglect and Exploitation of People with Disability,
ArialMT	10	Interim report, October 2020, p 343.
ArialMT	10	23 Public hearing 8, ‘The experiences of First Nations people with disability and their families in
ArialMT	10	contact with child protection systems’; Public hearing 16, ‘First Nations children with disability
ArialMT	10	in out-of-home care’; Public hearing 25, ‘The operation of the NDIS for First Nations people
ArialMT	10	with disability in remote and very remote communities’.
ArialMT	10	24 See, for example, Public hearing 27, ‘Conditions in detention in the criminal justice system’.
ArialMT	10	25 Now Justice Mellifont of the Supreme Court of Queensland.
ArialMT	10	26 Now Justice Crowley of the Supreme Court of Queensland.
ArialMT	10	27 Letters Patent (NSW), 17 April 2019, as amended; Letters Patent (Qld), 27 June 2019, as
ArialMT	10	amended; Letters Patent (SA), 20 June 2019, as amended; Letters Patent (Tas), 20 May 2019,
ArialMT	10	as amended; Letters Patent (Vic), 4 June 2019, as amended; Letters Patent (WA),
ArialMT	10	20 August 2019, as amended.
ArialMT	9	Executive Summary, Our vision for an inclusive Australia and Recommendations xv
ArialMT	9	xvi Royal Commission into Violence, Abuse, Neglect and Exploitation of People with Disability: Final Report
DINPro-Medium	25	Our vision for an inclusive Australia
DINPro-Medium	18	Introduction
ArialMT	11	In this Royal Commission, people with disability, their families and a range of other people
ArialMT	11	shared their dreams and aspirations for an inclusive Australia. These visions were diverse but
ArialMT	11	rested on a common foundation: a future where people with disability live free from violence,
ArialMT	11	abuse, neglect and exploitation; human rights are protected; and individuals live with dignity,
ArialMT	11	equality and respect, can take risks, and develop and fulfil their potential. We heard about
ArialMT	11	these dreams and aspirations in Public hearings, including Public hearing 31, ‘Vision for an
ArialMT	11	inclusive Australia’, as well as from submissions, responses to issues papers, private sessions,
ArialMT	11	community engagements and research projects.1
ArialMT	11	This vision summarises what we learnt from people with disability, their families and supporters
ArialMT	11	about their hopes for the future. Our public hearings, and the information we gathered from other
ArialMT	11	sources, have necessarily focused on violence, abuse, neglect and exploitation. But people
ArialMT	11	with disability have also told us about positive changes that have made their lives better, and
ArialMT	11	their confidence that together we can shape a society which recognises, empowers and values
ArialMT	11	disability as part of human diversity. They rightly insist an inclusive society is better for everyone.
ArialMT	11	What follows is a sample of what we have heard from people with disability and their families
ArialMT	11	about their visions for the future, drawing out themes that help us to understand what inclusion
ArialMT	11	is all about. We then explore the foundational significance of a human rights approach to
ArialMT	11	preventing and responding to violence, abuse, neglect and exploitation. Finally, we set out
ArialMT	11	critical aspects of an inclusive society, highlighting the importance of listening to the voices,
ArialMT	11	and recognising the leadership, of people with disability.
DINPro-Medium	18	Visions for the future
DINPro-Medium	16	To be safe and have your human rights respected
ArialMT	11	An inclusive future free from violence, abuse, neglect and exploitation was the central theme
ArialMT	11	of the Royal Commission. Ms Peta Stamell, a woman of short stature, told us:
ArialMT	11	I would like to simply be able to walk down the street without fear of harassment.
ArialMT	11	I do not know if that will ever be possible, but I hope that there can be changes to laws,
ArialMT	11	in education, and through the media and entertainment that go some way towards
ArialMT	11	allowing people of short stature, and other people with disability, to feel safe in the
ArialMT	11	community. I hope my evidence to this Royal Commission will help with that.2
ArialMT	11	Ms Natalie Wade is a lawyer with disability. She emphasised the importance of upholding
ArialMT	11	the human rights of people with disability:
ArialMT	9	Executive Summary, Our vision for an inclusive Australia and Recommendations 1
ArialMT	11	there are people with disabilities who are currently facing significant, substantial
ArialMT	11	and grave human rights violations and we must … afford them with legal protection
ArialMT	11	to ensure that they can bring forward actions against those who violate their
ArialMT	11	human rights.
ArialMT	11	… my vision for Australia into the future … is that we have a society that promotes
ArialMT	11	and celebrates disability, that we no longer advise pregnant women that they should
ArialMT	11	have abortions when they receive the news that their child may have a disability, that
ArialMT	11	we don’t remove children out of disabled families, one where people with disabilities
ArialMT	11	go to work with everyone else and are paid fairly, where children are educated on an
ArialMT	11	equal basis with others.3
ArialMT	11	‘Gracelyn’ lives with a disability, has worked in the disability sector and is the parent of a
ArialMT	11	child with a disability. She dreams of a safe future that respects the human rights of Australians
ArialMT	11	with disability. She told us:
ArialMT	11	I believe that different is not less than. Any and all Australian citizens inherently
ArialMT	11	deserve to have equal human rights. A right to safety, a right to equal access, to be
ArialMT	11	free from abuse, neglect or exploitation of any type. Whether able bodied, or being
ArialMT	11	a person with disability or being a person with any other health impairment.4
ArialMT	11	Dr Samarra Toby is a General Practitioner and locum emergency doctor in regional and remote
ArialMT	11	areas. Her husband, Mr Massey Ruatara, is a full-time carer for their children Arty and Evelyn.
ArialMT	11	They spoke about their vision for an inclusive Australia and aspirations for Arty, a young First
ArialMT	11	Nations person who lives with cognitive disability, to be independent, safe, creative and happy:
ArialMT	11	We absolutely would want him to have independence, be able to function, you know,
ArialMT	11	be able to do just normal activities of daily living, as we call them in medicine, so
ArialMT	11	shopping and, you know being able to have safe accommodations. When we leave
ArialMT	11	this earth, we really don’t know what will happen with our son. We have a massive
ArialMT	11	family network in our First Nations community [who] will look after him and having
ArialMT	11	other family in the same situation, we are currently planning for what that might
ArialMT	11	look like.
ArialMT	11	We do worry about Arty’s vulnerability. He has been assaulted on a number of
ArialMT	11	occasions and, you know, we can’t always be there to be there with him because
ArialMT	11	we will leave this earth one day. And so we just – our vision for him and for, you
ArialMT	11	know, all the other little kids like him is to basically be able to be safe and creative
ArialMT	11	and happy. And some of our most amazing things we have in society come from
ArialMT	11	people with Autism, from music, from lawyers, from the surgeon that operates on
ArialMT	11	that brain tumour.5
ArialMT	9	2 Royal Commission into Violence, Abuse, Neglect and Exploitation of People with Disability: Final Report
DINPro-Medium	16	To have disability treated as part of human diversity
ArialMT	11	An inclusive Australia is one that treats disability as a part of human diversity and understands
ArialMT	11	disability itself as a diverse category.6 Ms Margherita Coppolino is a woman of short stature,
ArialMT	11	a lesbian and a first generation Australian, an advocate, and a disability and intersectionality
ArialMT	11	consultant. She said inclusion occurs when ‘the differences of our bodies and minds is
ArialMT	11	understood, embraced and accommodated and celebrated as being completely normal
ArialMT	11	and part of the human condition’.7
ArialMT	11	Summer Farrelly is a 15-year-old disability advocate. She said:
ArialMT	11	Inclusion looks different to everybody because we’re all different. Inclusion means
ArialMT	11	that everybody can contribute and participate in society as their authentic self without
ArialMT	11	having to change who they are … Inclusion means that we don’t look at a person
ArialMT	11	based on the risk factors which exist. We look at a person based on the value they
ArialMT	11	provide and the right they have to be their authentic self autonomously.8
ArialMT	11	‘Ashleigh’, an artist with a brain injury, said Australians need to recognise disability as ‘just
ArialMT	11	another part of being human’:9
ArialMT	11	I would love to be recognised as an artist and member of the community first, and a
ArialMT	11	person with disability second. I would also like the meaningful, significant contributions
ArialMT	11	that all people with disability make to society to be better recognised.10
ArialMT	11	‘Priya’ lives with invisible disability, including Myalgic Encephalomyelitis / Chronic Fatigue
ArialMT	11	Syndrome (ME/CFS) and other conditions. She said:
ArialMT	11	I want everyday Australians to know about people with disabilities that are not
ArialMT	11	visible and that you can be disabled and not use a wheelchair. I want the public to
ArialMT	11	know about the stigma and struggles people with disabilities that are not visible face.
ArialMT	11	I believe that when implemented, Australia offers some of the best support for health
ArialMT	11	and disability in the world. However, we need to do better. As Australians we have
ArialMT	11	the power to be world-class leaders in how we treat our most vulnerable people.
ArialMT	11	Let us rise up to the challenge.11
DINPro-Medium	16	To live, learn, work, play, create and engage in
DINPro-Medium	16	inclusive communities
ArialMT	11	A critical element of inclusion is the opportunity and entitlement to equality and for people with
ArialMT	11	disability to live, learn, work, play, create and engage alongside people without disability.12
ArialMT	11	‘Claudia’, a gay woman with physical disability, gave an impassioned plea for a safe and secure
ArialMT	11	future in accessible community housing:
ArialMT	9	Executive Summary, Our vision for an inclusive Australia and Recommendations 3
ArialMT	11	What I really want is to never again feel like an inconvenience, to never have to say
ArialMT	11	sorry for being disabled, to never stick out like a sore thumb because the venue
ArialMT	11	I’m visiting is inaccessible … I never want to feel jealous – jealous – when another
ArialMT	11	disadvantaged person is lucky enough to get a place of their own. I don’t want it to
ArialMT	11	be a competition for scarce resources, a survival of the fittest, where the winners are
ArialMT	11	able-bodied young people who can climb a flight of stairs without needing to rest for
ArialMT	11	an hour, or step over the lip of a bathtub without the risk of face planting onto the tiles.
ArialMT	11	…
ArialMT	11	Most of all, I want my little brother to hear this in 20 years and be horrified at all of the
ArialMT	11	things I’ve mentioned, that the discrimination, and marginalisation and invisibilisation
ArialMT	11	of disabled people just seem like a relic from the past, something that would never
ArialMT	11	happen in contemporary Australia, for abuse and neglect and exploitation and violence
ArialMT	11	to be the exception instead of the rule.13
ArialMT	11	The mother of a girl with Down syndrome told us about her vision for her daughter’s inclusion
ArialMT	11	in school. She hoped her daughter would have:
ArialMT	11	the opportunity to do what all other students are doing … Education’s the start. If we
ArialMT	11	don’t include kids in the education system, how can we include them in the community,
ArialMT	11	in the workplace. Kids need to be with their – their peers who are then going to
ArialMT	11	be, you know, their workmates or their university colleagues or TAFE colleagues
ArialMT	11	or apprenticeship colleagues. It’s really important that my daughter’s known in her
ArialMT	11	community and sits alongside her peers in her community.14
ArialMT	11	‘Isabel’ has an intellectual disability and feels frustrated when others express low expectations
ArialMT	11	about her ability to contribute to the community. Her parents, ‘Callie’ and ‘Dominic’, told us they
ArialMT	11	hope for a future where she ‘is known and belongs’ in the community:
ArialMT	11	Our vision for our daughter is to have all the typical life experiences as that of her
ArialMT	11	peers or siblings. She continues to inspire and educate us about the richness different
ArialMT	11	perspectives can bring to benefit us all. She has much to contribute but is often
ArialMT	11	condemned by low social expectations. The rites of passage assumed to be typical
ArialMT	11	for most children have to be fought for and pursued on a daily basis … Diversity in
ArialMT	11	all its forms makes Australia intrinsically rich in skills and culture. We all need to be
ArialMT	11	responsible for building an Inclusive Society.15
ArialMT	11	Ms Mary Sayers from Children and Young People with Disability Australia said every school
ArialMT	11	should be inclusive and use principles of universal design in shaping curricula and culture.
ArialMT	11	Ms Sayers emphasised the need for families of children both with and without disability to
ArialMT	11	understand all students do better in inclusive schools. She said we could expect all students
ArialMT	11	to flourish if we provide them with appropriate adjustments and support.16
ArialMT	9	4 Royal Commission into Violence, Abuse, Neglect and Exploitation of People with Disability: Final Report
ArialMT	11	Ms Natalie Daoud, Ms Andie Dalziell and Ms Liz Gearing gave evidence about the ‘Just Like
ArialMT	11	You’ program operated by Variety – The Children’s Charity NSW/ACT. The program involves
ArialMT	11	guest speakers with disability visiting primary schools to discuss living with a disability and
ArialMT	11	inclusion with students. They described their vision for a future where schools offer inclusive
ArialMT	11	education to all students:
ArialMT	11	An inclusive education system provides opportunities for learning, friendship and
ArialMT	11	growth within a diverse society which fosters respect, tolerance, understanding and
ArialMT	11	celebrates diversity.17
ArialMT	11	Mr Dylan Alcott AO, 2022 Australian of the Year, told us his vision for an inclusive Australia,
ArialMT	11	where governments and people in positions of power make Australia a safer place for people
ArialMT	11	with disability.18 He challenged Australia ‘to create and build capacity so that people with
ArialMT	11	disability cannot just survive but thrive in their lives and do whatever they want to do’.19 Mr Alcott
ArialMT	11	discussed the rights of people with disability to choose financially secure work that creates
ArialMT	11	social networks and gives a sense of meaning and purpose.20 He challenged the unconscious
ArialMT	11	bias of employers who presume people with disability ‘can’t do the role’. 21 He advocates for a
ArialMT	11	future where workplaces are accessible, provide reasonable supports, and employ people with
ArialMT	11	disability not because they’re disabled, but ‘because they’re good’.22
ArialMT	11	Mr Oliver Collins gave evidence on barriers to open employment for people with disability.
ArialMT	11	He sadly passed away in 2021. Mr Collins was a lawyer, had a physical disability and
ArialMT	11	sometimes used a wheelchair. He was also a founding member of the Diverse Abilities Network.
ArialMT	11	In his evidence, Mr Collins shared his vision for a future where people with disability can aim
ArialMT	11	high and achieve ‘more’:
ArialMT	11	Throughout my life, I have felt that there is a certain pressure that people with disability
ArialMT	11	often grow up with in that we are not supposed to aim for the same things … In order
ArialMT	11	for this to get better, people’s attitudes towards disability need to start modifying so
ArialMT	11	that people with disability won’t always hear ‘no’ – they will hear ‘yes’ or ‘yes, let’s
ArialMT	11	just do it a bit differently’. This will hopefully happen if more people with disability are
ArialMT	11	encouraged to enter the workforce, in whatever capacity they can. As a consequence,
ArialMT	11	there might be more positive stories around and so:
ArialMT	11	• more people with disability may find that it is possible for them to aim higher
ArialMT	11	and achieve more, with the right attitude; and
ArialMT	11	• more potential employers of people with disabilities will see the unique
ArialMT	11	and valuable contribution that employees with disabilities can bring to
ArialMT	11	a workforce.23
ArialMT	9	Executive Summary, Our vision for an inclusive Australia and Recommendations 5
ArialMT	11	Mr Ian Waller is a person with epilepsy who is legally blind and has a guide dog. He told us:
ArialMT	11	My greatest hope is for a world where people with disability can be treated equally.
ArialMT	11	For me this would mean that I would hear people in my government speaking
ArialMT	11	respectfully about people with disability; I would see people with disability being
ArialMT	11	represented in workplaces, in government, in the NDIS, in all of society; I would feel
ArialMT	11	a part of conversations with people in the community, instead of hearing people talk
ArialMT	11	to my support workers and behaving as if I am invisible; and I would have easy and
ArialMT	11	respectful access to the supports I need that would allow me to participate in, and
ArialMT	11	contribute to, my community in a meaningful way.24
ArialMT	11	A foster father of two children with fetal alcohol spectrum disorder said his family has
ArialMT	11	experienced the sadness, disappointment and frustration of being excluded from community
ArialMT	11	events. Yet they have also experienced the joy of inclusion. He is ‘amazed by the positivity,
ArialMT	11	enjoyment and satisfaction others have been able to derive from the success of inclusion’.25
ArialMT	11	He emphasised the importance of the presence of people with disability in the community.
ArialMT	11	He also said inclusive education is key to addressing negative attitudes and a lack of
ArialMT	11	understanding about disability.26
ArialMT	11	Ms Julia Hales is an actor, writer, advocate and woman with Down syndrome. Ms Hales
ArialMT	11	encouraged Australians to open their mind to accept people with disabilities and engage
ArialMT	11	with them in the community.27
DINPro-Medium	16	To be empowered to have choices and independence
ArialMT	11	Another key theme in the vision for an inclusive Australia was about people with disability
ArialMT	11	having the support they need to exercise choice and maximise their independence. Inclusion
ArialMT	11	empowers people with disability to be actively involved in and make the decisions that
ArialMT	11	impact them.
ArialMT	11	Evie Atkins, a student of Bus Stop Films’ Accessible Film Studies Program, said their vision
ArialMT	11	is for a future without barriers that prevent people with disability accessing their needs and
ArialMT	11	wants.28 They said:
ArialMT	11	despite that fact I’m 20, I still feel like a kid. So … my vision for an inclusive Australia
ArialMT	11	would be basically like a kid … at a carnival where there’s so many options to choose
ArialMT	11	from, like rides and, like, food and stuff, and just simply just going up there, like, doing
ArialMT	11	a simple little process by, like, giving out a ticket and simple, and then – and then
ArialMT	11	getting the experience.29
ArialMT	11	Historically, families and social systems have afforded people with disability little opportunity
ArialMT	11	to choose the course of their own lives and take risks.30 Today, social and legal systems
ArialMT	11	often continue to perceive people with disability as unable to make decisions and as needing
ArialMT	11	protection from violence, abuse, neglect and exploitation.31 The concept of dignity of risk means
ArialMT	11	giving people the right and dignity to take risks they consider reasonable.32 Like everyone else,
ArialMT	9	6 Royal Commission into Violence, Abuse, Neglect and Exploitation of People with Disability: Final Report
ArialMT	11	people with disability need the opportunity to develop decision-making skills, including the
ArialMT	11	chance to make mistakes and learn from them.33
ArialMT	11	Mr John O’Donnell is a proud gender-fluid gay Aboriginal man from the Winda-Mara community
ArialMT	11	with cerebral palsy and an intellectual disability. He gave evidence about parental and state
ArialMT	11	trustee control over his life while under an administration order.34 In describing his vision for
ArialMT	11	the future, he said:
ArialMT	11	I’ve lived so much of my life with other people making decisions for me and without
ArialMT	11	any say in those decisions. l would love the opportunity to be more independent and
ArialMT	11	make my own decisions, both big and small.35
ArialMT	11	Mr O’Donnell hopes for a future where he and others with disability can choose who their friends
ArialMT	11	are, who they have relationships with, where they live and how they spend their money.36
ArialMT	11	Choice and independence hinge on access to necessary supports and reasonable
ArialMT	11	accommodations, such as interpreters and information in Easy English and languages other
ArialMT	11	than English. Mr O’Donnell also told us people with disability should be supported to build
ArialMT	11	on their skills to become more independent.37
ArialMT	11	Ms Sherrie Beaver from Expression Australia said she believes an inclusive Australia is one
ArialMT	11	in which Deaf and hard of hearing people, including those who identify as LGBTIQA+, have
ArialMT	11	access to the same information at the same time in both Auslan and English. Accessible
ArialMT	11	information empowers Deaf and hard-of-hearing people to make informed choices.38
ArialMT	11	We heard that parents and service providers can be risk averse when it comes to the sexuality
ArialMT	11	and intimate relationships of people with intellectual and other disabilities.39 People with
ArialMT	11	disability are capable of, and have a right to, positive sexual experiences. ‘Sophie’ is a woman
ArialMT	11	with cerebral palsy and left-sided hemiplegia. She gave evidence about restrictions on her
ArialMT	11	choices about dating and sexual relationships while living in a group home. She told us that
ArialMT	11	in the future:
ArialMT	11	I would love to be able to have people around to my house without having to think
ArialMT	11	or worry about it. And maybe one day my boyfriend and I can live together. I will think
ArialMT	11	about having kids if I meet the right person.40
ArialMT	11	Choice and independence are not only about individual decision-making. They also involve
ArialMT	11	the contribution and leadership of people with disability to the systems and settings that shape
ArialMT	11	their lives.
ArialMT	11	Ms Coppolino and Dr Paul Harpur, a person with disability and Associate Professor at the T.C.
ArialMT	11	Beirne School of Law, University of Queensland, emphasised the importance of having people
ArialMT	11	with disability in leadership roles and involved in decision-making on boards, in organisations
ArialMT	11	and in all levels of government.41
ArialMT	9	Executive Summary, Our vision for an inclusive Australia and Recommendations 7
ArialMT	11	Similarly, Ms Mary O’Hagan, Executive Director of the Lived Experience Branch in the Victorian
ArialMT	11	Department of Health, spoke of the importance of people with disability being leaders in their
ArialMT	11	own lives and active agents at all levels of service, agency and bureaucracy.42
ArialMT	11	The consequences of the loss of choice and control are particularly apparent for First Nations
ArialMT	11	people with disability. Ms Catherine Liddle is the CEO of the Secretariat of National Aboriginal
ArialMT	11	and Islander Child Care (SNAICC). Speaking about First Nations people with disability in
ArialMT	11	out-of-home care, Ms Liddle told us that a key principle for inclusion:
ArialMT	11	revolves around ensuring that Aboriginal and Torres Strait Islander people and
ArialMT	11	organisations participate in and have control over the decisions that affect their
ArialMT	11	children. That is really critical because it is something that we hear right across
ArialMT	11	the nation, that a lot of decisions are made for our families and for our children
ArialMT	11	without us even being in the room.43
DINPro-Medium	16	To belong and be respected, valued and able to contribute
ArialMT	11	People with disability often confront dehumanising attitudes and are treated as ‘different’,
ArialMT	11	‘other’ and ‘less than’.44 Low expectations about what people with disability can do and achieve
ArialMT	11	also shape their experiences in schools, workplaces, the community and other settings. An
ArialMT	11	overarching theme of the evidence and submissions to the Royal Commission is that an
ArialMT	11	inclusive Australia is one where people with disability know that they belong and are respected,
ArialMT	11	valued and able to contribute.
ArialMT	11	Ricki Spencer, a transgender and First Nations woman with disability, told us:
ArialMT	11	I would love to be able to leave my home one day without fear of attack or abuse …
ArialMT	11	Ultimately, I would love to live in a society where everyone is safe, heard, seen
ArialMT	11	and given a seat at the table. I hope one day that Australian society can grow to
ArialMT	11	understand that our community is made up of all sorts of people. Further, that this
ArialMT	11	understanding leads to a greater degree of respect being given to people who might
ArialMT	11	fall outside of what is considered ‘normal’.45
ArialMT	11	Many contributors to the Royal Commission emphasised the importance of visibility and public
ArialMT	11	representation for enhancing respect and inclusion. For example, Ms Fiona Strahan, a woman
ArialMT	11	of short stature, told us:
ArialMT	11	Based on all my experiences, as a woman of short stature and as a person who has
ArialMT	11	worked with and got to know many people with disability, I believe that a major factor
ArialMT	11	which contributes to violence and abuse against people with disability is that we do
ArialMT	11	not have sustained, positive public visibility, meaning that our visibility isn’t everywhere,
ArialMT	11	in ordinary and skilled ways … Increased visibility of people with disability in film,
ArialMT	11	television and in the media is also especially important.46
ArialMT	9	8 Royal Commission into Violence, Abuse, Neglect and Exploitation of People with Disability: Final Report
ArialMT	11	People with disability can feel isolated and excluded when they are not represented
ArialMT	11	appropriately in the media, entertainment and public life. For example, Ms Hales told us that
ArialMT	11	when she was a child watching Home and Away, she wondered why no one looked like her.47
ArialMT	11	As an actor and writer, Ms Hales wants to continue to hear and share the stories of other people
ArialMT	11	with disability through her work.48
ArialMT	11	Ms Chloé Hayden is autistic and a disability advocate, motivational speaker, actor, performer,
ArialMT	11	author, influencer and content creator. Her vision for an inclusive Australia is one where we
ArialMT	11	see people with disability in all aspects of society. This visibility includes roles within film and
ArialMT	11	television where disability is not the central or focal part of a character.49
ArialMT	11	Ms Breanna Rae, a student of Bus Stop Films’ Accessible Film Studies Program, said her vision
ArialMT	11	for an inclusive Australia ‘is disabled people being represented and learning more’.50 She wants
ArialMT	11	to be represented in the media along with all her friends, who include First Nations autistic
ArialMT	11	people and transgender autistic people. Ms Rae said it is vital we see people with disability
ArialMT	11	from all walks of life on screen and behind the camera, in roles such as directing and writing.
ArialMT	11	She spoke about the power of representation to change negative attitudes to disability:
ArialMT	11	We are sitting on top of a gold mine of enriching stories that can change perspectives,
ArialMT	11	and we’re scraping away at it with a tooth pick, and there’s so much to [be] done.51
ArialMT	11	As CEO of Bus Stop Films, Ms Tracey Corbin-Matchett also described her vision of an inclusive
ArialMT	11	Australia as one where we see more people with disability in front of and behind the camera.52
ArialMT	11	Ms Corbin-Matchett has bilateral sensorineural hearing loss, Spina Bifida Occulta and scoliosis.
ArialMT	11	She said there ought to be an understanding that disability is just another way of being. This
ArialMT	11	would prevent people with disability needing to explain their support needs and fight for access
ArialMT	11	and inclusion.53 In her view, an inclusive future is one where ‘people with disability will have the
ArialMT	11	rights, capacities and experiences of everyone in the community’.54
ArialMT	11	Respect and inclusion depend on shaping a society where people belong and can contribute.
ArialMT	11	Speak Out Advocacy Tasmania, an advocacy service for people with intellectual and cognitive
ArialMT	11	disability, told us what inclusion means to its members:
ArialMT	11	Inclusion is
ArialMT	11	Feeling accepted
ArialMT	11	Being respected
ArialMT	11	Being heard in different situations
ArialMT	11	Having a voice
ArialMT	11	When you are included
ArialMT	11	People care about you
ArialMT	9	Executive Summary, Our vision for an inclusive Australia and Recommendations 9
ArialMT	11	You belong
ArialMT	11	You are wanted
ArialMT	11	You fit in
ArialMT	11	You are a part of decisions that are about YOU
ArialMT	11	Your rights and choices are respected
ArialMT	11	You feel Empowered
ArialMT	11	You are safe and feel safe
ArialMT	11	When the community is inclusive
ArialMT	11	It is not us and them
ArialMT	11	We live in the community
ArialMT	11	We work in the community
ArialMT	11	We are the community.55
ArialMT	11	Speak Out Tasmania’s reference to belonging was a common thread in contributions to the
ArialMT	11	Royal Commission about inclusion. Participants in a research project we commissioned told
ArialMT	11	researchers that belonging and empowerment go together: ‘A big thing in belonging is feeling
ArialMT	11	like you’ve got a voice. Because if you’re not heard how can you feel like you belong or are
ArialMT	11	accepted or valued?’56
DINPro-Medium	16	To be culturally safe
ArialMT	11	Cultural safety is a key theme for the development of an inclusive Australia. It is especially
ArialMT	11	important for First Nations people with disability.57
ArialMT	11	Dr Scott Avery describes the whole-of-life view of disability taken by First Nations communities.
ArialMT	11	It is a view that incorporates the centrality of family, community and connectedness through
ArialMT	11	culture.58 He describes this as a ‘culture of inclusion’, which mitigates the impacts of
ArialMT	11	intersectional inequality.
ArialMT	11	Ms Cheryl Axleby said cultural safety has many facets. While there is no definitive list, they include:
ArialMT	11	feeling heard, believed and understood, including in your own language; feeling
ArialMT	11	confident to share your story; being able to seek service without fear of mistreatment,
ArialMT	11	repercussions or misunderstanding of cultural needs; not having to defend your
ArialMT	11	experience of systemic or cultural barriers or discrimination.59
ArialMT	9	10 Royal Commission into Violence, Abuse, Neglect and Exploitation of People with Disability: Final Report
ArialMT	11	Ms Catherine Liddle described the significance of culture and cultural safety for First Nations
ArialMT	11	people with disability to thrive:
ArialMT	11	So that’s our right to our communities, our right to be … proud of who we are, and
ArialMT	11	a reminder that it is an awesome culture to belong to, and one that has incredible
ArialMT	11	features that enable our families and our children to be strong and proud.60
ArialMT	11	Ms Kathleen O’Kelly-Kennedy and Ms Nikaiya Payne gave evidence about Red Dust Heelers.
ArialMT	11	This grassroots community engagement program supports First Nations communities to
ArialMT	11	increase the participation of young people with disability in sports. The Red Dust Heelers’ vision
ArialMT	11	is for all Australians to understand and value First Nations cultures, and for First Nations people
ArialMT	11	with disability to feel they belong in their communities and have access to cultural experiences,
ArialMT	11	education, employment and business.61
ArialMT	11	Ms Payne, a First Nations woman from Kakadu and Arnhem Land, who lives with a disability,
ArialMT	11	said her vision for an inclusive Australia is ‘we’re all treated the same, like despite having a
ArialMT	11	disability, your colour, race, whatever, all the same’.62
ArialMT	11	Ms O’Kelly-Kennedy is a Paralympian whose vision is to ‘see more people feeling like they
ArialMT	11	belong’.63 Ms O’Kelly-Kennedy believes inclusion ‘must consider the intersection of many
ArialMT	11	impacts of marginalisation such as cultural background, gender, disability and socio-economic
ArialMT	11	disadvantage’.64
ArialMT	11	The significance of cultural safety for inclusion extends to people with disability from culturally
ArialMT	11	and linguistically diverse backgrounds. ‘Trevor’ is a gay disabled man with Hong Kong heritage.
ArialMT	11	He described his feelings of separateness and isolation that came from being bullied at school.65
ArialMT	11	Trevor emphasised how it was important for him to belong to a community where he feels
ArialMT	11	accepted for who he is.66 Describing his hopes for the future, he said:
ArialMT	11	I’m a person of-colour who has grown up in a white-dominated society; I’m a person
ArialMT	11	with a disability growing up in an ableist world; I’m a same-sex attracted person who
ArialMT	11	lives in a heteronormative world. I’m also from a low socio-economic background.
ArialMT	11	For me, it has been really important to find my people who accept all the parts of
ArialMT	11	my multi-dimensional identity.67
DINPro-Medium	18	Adopting a human rights approach
ArialMT	11	The Royal Commission has used a human rights approach in all our work. We emphasise
Arial-ItalicMT	11	the rights recognised by the Convention on the Rights of Persons with Disabilities (CRPD),
ArialMT	11	ratified by Australia in 2008.68 The CRPD articulates rights, values and standards that
ArialMT	11	should inform and guide our laws and policies to support the equal treatment of people with
ArialMT	11	disability with others. This Final report seeks to translate these human rights into practical and
ArialMT	11	sustainable policies that promote the rights of people with disability to live free from violence,
ArialMT	11	abuse, neglect and exploitation.
ArialMT	9	Executive Summary, Our vision for an inclusive Australia and Recommendations 11
ArialMT	11	Ms Catalina Devandas Aguilar, the former United Nations Special Rapporteur on the rights
ArialMT	11	of persons with disabilities, said:
Arial-ItalicMT	11	we need to look deeply at the Convention on the Rights of Persons with Disabilities.
ArialMT	11	The Convention brings a complete paradigm shift in the way in which we should
ArialMT	11	address the rights of persons with disabilities, the needs of persons with disabilities.
ArialMT	11	We need to make sure that whatever is being done at the level of public policy, it is
ArialMT	11	done under a human rights framework. That is the only way in which the efforts are
ArialMT	11	going to be sustainable, the efforts are going to be adequate and, more importantly,
ArialMT	11	the efforts are not going to discriminate against persons with disabilities.69
ArialMT	11	The United Nations Special Rapporteur at the time of Public hearing 31, Mr Gerard Quinn,
ArialMT	11	gave evidence that the goal of realising human rights and inclusion is ‘a defining theme
ArialMT	11	of the entire UN CRPD. Every right, every obligation, is attuned to the achievement
ArialMT	11	of inclusion’.70
DINPro-Medium	16	The CRPD, diversity, personhood and choice
ArialMT	11	Disability is part of human diversity. Mr Quinn explained the CRPD reframes how we think of
ArialMT	11	disability ‘away from excluding someone who does not conform to the norm’ to a society that
ArialMT	11	enables the participation of every person and respect all aspects of their diversity.71 He said
ArialMT	11	the CRPD opens a ‘new default’ way of thinking and behaving. Rather than excluding and
ArialMT	11	alienating people who are disabled and different, it emphasises ‘what we hope and expect
ArialMT	11	from each other, from every citizen, and to get the best from every citizen and to give the
ArialMT	11	best opportunities to every citizen’.72
ArialMT	11	Mr Quinn stressed the CRPD outlines ‘a form of inclusion that takes personhood and choice
ArialMT	11	seriously’.73 This rejects negative and dehumanising attitudes about disability that drive
ArialMT	11	violence, abuse, neglect and exploitation. To emphasise personhood is also to elevate the
ArialMT	11	right and capacity of people with disability to exercise autonomy and choose how they wish
ArialMT	11	to live. It changes the way we approach disability services, which should be less about
ArialMT	11	maintenance, care and protection, and more about ‘autonomy, voice, choice and control
ArialMT	11	– social inclusion’.74
ArialMT	11	Mr Quinn described articles 12 and 19 as ‘bedrock provisions’ of the CRPD.75 Article 12
ArialMT	11	is the right to equal recognition before the law, in which people with disabilities enjoy legal
ArialMT	11	capacity on an equal basis with others in all aspects of life.76 Article 19 is the equal right
ArialMT	11	of all persons with disabilities to full inclusion and participation in the community.77
DINPro-Medium	16	The CRPD and equality
ArialMT	11	As reflected in the CRPD, people with disability have the right to be treated equally to people
ArialMT	11	without disability. To think about equality from a human rights-based approach is to ask, what
ArialMT	11	does a person need to live a life of dignity and respect and achieve inclusion?
ArialMT	9	12 Royal Commission into Violence, Abuse, Neglect and Exploitation of People with Disability: Final Report
ArialMT	11	Sometimes equality means treating everybody the same way, regardless of their different
ArialMT	11	characteristics, backgrounds and needs.78 While ‘equality as sameness’ (or formal equality)
ArialMT	11	may be fair for people with similar characteristics and opportunities, it can result in unequal
ArialMT	11	outcomes for people with disability. Mr Quinn said ‘equality as sameness’ has been used to
ArialMT	11	defend, and even demand, the separate, segregated and discriminatory treatment of people
ArialMT	11	who are different.79
ArialMT	11	The concept of substantive equality appreciates some people may need different treatment
ArialMT	11	to achieve equitable outcomes and protect their human rights. This approach is central to
ArialMT	11	the CRPD. Substantive equality openly acknowledges and positively values human
ArialMT	11	difference and takes steps to accommodate it.80 It might entail changes to support and
ArialMT	11	empower people in particular circumstances, places and times through the provision of
ArialMT	11	adjustments and supports.
ArialMT	11	Inclusive equality, another approach developed through the CRPD, looks to reshape the way
ArialMT	11	society is structured to ensure people with disability are included and treated with dignity and
ArialMT	11	respect. Rather than focus on the individual, inclusive equality requires major transformation
ArialMT	11	of institutions, organisations and governments. In addition to individual adjustments and
ArialMT	11	supports, inclusive equality seeks widespread social change to address the ‘multi-dimensional
ArialMT	11	disadvantage’ experienced by many people with disability.81
ArialMT	11	Critically, inclusive equality cannot be achieved by ‘fixing people with disability’ or forcing
ArialMT	11	a person with disability to accept inaccessible and inadequate environments or services.
ArialMT	11	Further, people with disability should not have to bear the onus of proving or persuading
ArialMT	11	the community, institutions, organisations and governments to include them.82
ArialMT	11	When people with disability and advocates must ‘make the case’ over and over again for
ArialMT	11	equality – to be included, to have support, to have adjustments, to be accepted as rights
ArialMT	11	holders – it raises the question of whether all Australians are listening and understanding
ArialMT	11	what inclusion and equality mean.
DINPro-Medium	18	Promoting a more inclusive society
ArialMT	11	The social transformation needed to make Australia truly inclusive requires us to take
ArialMT	11	account of the history of exclusion that has shaped the settings, systems and daily lives of
Arial-ItalicMT	11	people with disability through to today. In Disability in Australia: Shadows, struggles and
ArialMT	11	successes, Associate Professor Lorna Hallahan traced the history of people with disability,
ArialMT	11	particularly the history of excluding and segregating people with disability from the broader
ArialMT	11	community.83 While noting Australia has undergone changes, Professor Hallahan says too
ArialMT	11	many Australians still experience exclusion and segregation:
ArialMT	9	Executive Summary, Our vision for an inclusive Australia and Recommendations 13
ArialMT	11	People with disability and their close allies can rightly ask of their fellow Australians:
ArialMT	11	do you truly value us as members of this society? The record of exclusion, discrimination
ArialMT	11	and maltreatment, evident across time and into the present, suggests that this
ArialMT	11	question cannot receive an unequivocal ‘yes’. Until that time, the history reliably
ArialMT	11	informs us, the struggle for recognition, rights and decent, valued lives by those with
ArialMT	11	disability and their close allies will confront the long exclusionary shadow and its
ArialMT	11	contemporary manifestations.84
ArialMT	11	An inclusive society engages in a continuous process of relationship building, inquiry,
ArialMT	11	consultation, action and re-evaluation to realise the vision of inclusion. As Mr Quinn said,
ArialMT	11	the path to inclusive equality is based on:
ArialMT	11	stock-taking of where things are at, a clear statement of the end-goals and an
ArialMT	11	understanding of the means, tools, timelines and resources needed to move the dial
ArialMT	11	and an institutional architecture designed to oversee the change.85
DINPro-Medium	16	Working together towards inclusion
ArialMT	11	Inclusion involves social transformation that enables people with disability to live, learn, work,
ArialMT	11	play, create and engage alongside people without disability. In this respect, as Mr Quinn said,
ArialMT	11	‘there is no room for a segregationist ethic’.86 While all Commissioners share this sentiment,
ArialMT	11	they have reached different conclusions on the way in which contemporary Australia realises
ArialMT	11	an inclusive society for people with disability. This is discussed further below.
ArialMT	11	Inclusion should be everyone’s business. Mr Alcott said Australia has demonstrated a ‘real thirst’
ArialMT	11	to listen to people with disability and make important social changes, such as implementing the
ArialMT	11	National Disability Insurance Scheme (NDIS).87 But while we have made a good start, Mr Alcott
ArialMT	11	said, ‘it’s time for corporate Australia, government, education departments, big employers, health
ArialMT	11	… to really commit and invest in getting better’.88 He said it is time for people in power ‘to really
ArialMT	11	get cracking’ and build a safe and inclusive society so ‘people with disability cannot just survive
ArialMT	11	but thrive in their lives and do whatever they want to do’.89
ArialMT	11	People with disability told us they have had to become advocates for themselves and others.
ArialMT	11	In multiple forums and situations (including this Royal Commission), they put themselves in the
ArialMT	11	public domain, sharing their personal experiences, to teach, persuade or prove that Australia
ArialMT	11	needs to change to include people with disability.90
ArialMT	11	Advocacy for inclusion can be explicit and implicit. Ms Chloé Hayden told us people with
ArialMT	11	disability are engaging in advocacy when they are in roles or doing things that challenge
ArialMT	11	society’s expectations or understanding of disability.91
ArialMT	11	It is also crucial that people with disability are empowered to speak publicly about their
ArialMT	11	experiences and perspectives. Responding to evidence from another witness with disability
ArialMT	11	who said she had felt silenced, Evie said that it is ‘very, very, very, very, very important’ for the
ArialMT	11	community to empower people with autism and other disabilities to speak up.92 Evie said when
ArialMT	11	they speak up, they feel like they matter and their views are heard and taken seriously.93
ArialMT	9	14 Royal Commission into Violence, Abuse, Neglect and Exploitation of People with Disability: Final Report
ArialMT	11	The responsibility to speak up and advocate for change can be tiring. Ms Hayden spoke
ArialMT	11	about advocacy fatigue and the challenge of fighting for change.94 People with disability
ArialMT	11	need everyone in Australia to take a more proactive and systemic approach to realising
ArialMT	11	an inclusive society.
DINPro-Medium	16	Promoting disability leadership
ArialMT	11	‘Nothing About Us Without Us’ is the rallying cry of the disability rights movement. It critiques
ArialMT	11	a welfare-based approach to services that treat people with disability as passive and incapable.
ArialMT	11	The welfare approach makes people dependent and vulnerable to the power of others.95
ArialMT	11	The insistence by people with disability that governments and organisations should do ‘nothing
ArialMT	11	about us without us’ highlights the importance of their inclusion in every aspect of political,
ArialMT	11	social, economic and cultural life.96
ArialMT	11	This was a repeated theme in our public hearings: governments, disability service providers,
ArialMT	11	businesses and community organisations often ignore the expertise of people with disability.97
ArialMT	11	Organisations often assume people with disability do not have leadership capacity, knowledge
ArialMT	11	and skills.98 Ms Christina Ryan, CEO of the Disability Leadership Institute, said:
ArialMT	11	Disabled people have simply not been considered as leaders. We seem to have
ArialMT	11	been left by the wayside when it comes to being considered as people who are
ArialMT	11	able to do leadership.99
ArialMT	11	Ms Ryan observed there are ‘very few openly disabled people in positions of leadership,
ArialMT	11	decision-making [and] positions of authority’:100
ArialMT	11	we only have … four openly disabled parliamentarians. Most disability service
ArialMT	11	providers … have few or no disabled people on their boards. These are people
ArialMT	11	in multi-million dollar industries, servicing disabled people, yet they have no one
ArialMT	11	in the boardroom or in the decision-making management teams who are disabled.
ArialMT	11	It’s just incredible.101
ArialMT	11	Ms Angel Dixon OAM, a disability advocate, reminded us ‘leadership is a skill [that] not just
ArialMT	11	people in power have’.102 While the expertise of people with disability is often unrecognised,
ArialMT	11	their leadership can influence all levels of an organisation. Ms Dixon said anyone can
ArialMT	11	be a leader and focused on the importance of people with disability leading ‘initiatives
ArialMT	11	and organisations and content and research and anything about us’.103 She promoted
ArialMT	11	self-determination and co-design as integral to this process.104
ArialMT	11	First Nations people with disability told us about the importance of self-determination, cultural
ArialMT	11	safety and disability expertise in delivering services to First Nations people with disability.105
ArialMT	11	Similarly, the best way to design safe and effective services for all people with disability
ArialMT	11	is to provide them with the skills, levers and power needed to determine their own future.
ArialMT	11	We have heard that it is critical to empower people with disability to take up leadership
ArialMT	11	positions, especially in disability services, placing decision-making in the hands of people
ArialMT	11	most affected by the decision.106
ArialMT	9	Executive Summary, Our vision for an inclusive Australia and Recommendations 15
ArialMT	11	The experiences of people with disability differ based on type of impairment, age, sex,
ArialMT	11	gender, sexual orientation, intersex status, race and ethnicity, and First Nations status.
ArialMT	11	It is critical to recognise the lived expertise of people often excluded from power and
ArialMT	11	decision-making processes.107
ArialMT	11	For example, we heard many disability service providers do not include people with intellectual
ArialMT	11	disability in their governance and leadership structures.108 This failure means governing bodies
ArialMT	11	lack vital insights and perspectives from people with disability. The leadership of people with
ArialMT	11	disability would not alone eliminate violence, abuse, neglect and exploitation. But it can focus
ArialMT	11	attention on ‘ensuring that the needs of clients are being met to the highest standards’.109
DINPro-Medium	16	Promoting co-design and co-production
ArialMT	11	Co-design is the term used to describe the sharing of decision-making power and
ArialMT	11	responsibility.110 A true co-design process involves partnering with people with disability
ArialMT	11	and a commitment to sharing systems of power.111 Embedding this approach requires a
ArialMT	11	shift in the mindset of decision-makers and governments.112 A co-design process involves
ArialMT	11	partnering and collaborating with people with disability and, where relevant, family members
ArialMT	11	and support workers. It draws especially on the active involvement of representative
ArialMT	11	organisations of people with disability.113 Co-design includes each aspect of the design of
ArialMT	11	services, systems, policies, laws and research, and entails developing proposed approaches
ArialMT	11	and alternatives and identifying preferred solutions.114
ArialMT	11	Co-production is a related term where people with lived experience have the power to influence
ArialMT	11	recommendations and design, and are part of delivery and evaluation.115 In co-design and
ArialMT	11	co-production, people with lived expertise strongly influence and ideally share decision-making
ArialMT	11	and leadership roles in implementation.116
ArialMT	11	Principles of co-design and co-production can occur on smaller and larger scales. In the
ArialMT	11	context of health care, we heard about the value of collaborative care planning between a
ArialMT	11	person with cognitive disability, their support persons and medical practitioners.117 This enables
ArialMT	11	the person with disability and their family and support persons to be ‘active partners’, to ‘think
ArialMT	11	outside the square’, and exercise greater choice and control over their care and treatment.118
ArialMT	11	This reflects the principle of subsidiarity, a well-known concept in governance. This principle
ArialMT	11	says decision-making authority should rest at the closest level possible to the people or
ArialMT	11	organisations the decision or action is designed to serve.119
ArialMT	11	The Victorian Government has applied co-design principles in response to the Royal
ArialMT	11	Commission into Victoria’s Mental Health System.120 Reforms included reshaping Victoria’s
ArialMT	11	mental health and well-being system so that people with lived experience of mental illness
ArialMT	11	or psychological distress are central to its design and delivery.121
ArialMT	9	16 Royal Commission into Violence, Abuse, Neglect and Exploitation of People with Disability: Final Report
DINPro-Medium	16	Addressing ableism
DINPro-Medium	14	What is ableism?
ArialMT	11	People with disability encounter negative attitudes and behaviours throughout their lives.
ArialMT	11	Ableism is the word most commonly used to describe attitudes that motivate harmful or
ArialMT	11	discriminatory behaviour toward people with disability.122 Like sexism and racism, ableism is
ArialMT	11	a broad term.123 It is used to describe the experience of people with disability of segregation,
ArialMT	11	isolation, discrimination, prejudice, systemic bias and oppression. Ableism is more than just
ArialMT	11	negative and prejudiced attitudes about people with disability. It occurs when prejudice is
ArialMT	11	accompanied by the power to discriminate against, repress or limit the rights of others.124
ArialMT	11	Ableism identifies attitudes and behaviours that class people with disability as different, less
ArialMT	11	than or inferior to people without disability, incapable of exercising choice and control, and a
ArialMT	11	burden on society.125 Thus, while there are multiple complex causes behind the violence, abuse,
ArialMT	11	neglect and exploitation experienced by people with disability, ableism is a fundamental driver.126
DINPro-Medium	14	Ableism and the medical model of disability
ArialMT	11	Ableist attitudes toward disability are deeply connected to cultural beliefs and practices that
ArialMT	11	see disability as a deficit or departure from a ‘norm’ or as a health or medical problem requiring
ArialMT	11	treatment or cure. This is commonly referred to as the ‘medical model’ of disability. The medical
ArialMT	11	model continues to influence how Australia responds to people with disability, particularly seeing
ArialMT	11	people with disability as vulnerable, in need of protection, or different.127
ArialMT	11	In Public hearing 31, Mr Quinn addressed the medical model of disability and its origins:
ArialMT	11	The medical mission … is, at its heart, profoundly humane. It is all about measuring
ArialMT	11	deviations from a norm (how our species typically function) and intervening to ‘fix’ the
ArialMT	11	deviation. The sins of the medical model in the purely medical field were bad enough
ArialMT	11	especially as they were overlayered on top of massive power imbalances. But the
ArialMT	11	real sin of the ‘medical model’ was the export of these default positions (disability as
ArialMT	11	deviation from a norm, a focus on ‘fixing’ the person and a resulting objectification of
ArialMT	11	the person) to a wide array of unrelated policy areas such as employment, education,
ArialMT	11	housing, social support, etc. While this wasn’t directly the ‘fault’ of the medical
ArialMT	11	profession, it encoded a similar default position in these outlying policy domains.
ArialMT	11	Impairment thus defined the person – not the other way around. And our lifeworld
ArialMT	11	(employment, education, transport, etc.) was designed to admit those who conformed
ArialMT	11	most to ‘species typical functioning.’ The default for others was to be excluded or
ArialMT	11	segregated. And any resulting exclusion or segregation could then be framed as
ArialMT	11	a ‘natural outcome’ of the reality of the disability – just something that followed
ArialMT	11	ineluctably from your own condition. A very subtle way of ’problematising’
ArialMT	11	the person.128
ArialMT	9	Executive Summary, Our vision for an inclusive Australia and Recommendations 17
ArialMT	11	Mr Quinn told us that under the medical model, traditional concepts of formal equality
ArialMT	11	and ableism together cement the ‘naturalness’ of the exclusion and segregation of people
ArialMT	11	with disability.129
ArialMT	11	The social model of disability is the response to, and rejection of, the medical model.
ArialMT	11	The social model rejects the assumption people with disability are a problem to be fixed
ArialMT	11	or excluded. It insists that the problem is the environments and circumstances in which
ArialMT	11	people find themselves.130
ArialMT	11	As Mr Quinn explained, the social model does not mean impairment is irrelevant – but it is not
ArialMT	11	the primary thing that defines a person with disability. It also means impairment should not
ArialMT	11	define the ‘posture of public policy’.131 That is, impairment does not justify policies that exclude,
ArialMT	11	segregate and normalise poor life outcomes for people with disability. Mr Quinn suggested
ArialMT	11	asking, ‘how do we create space for you to flourish as a human being and to give back to
ArialMT	11	your community as a human being?’132
ArialMT	11	Seventeen-year-old Issy Orosz, who identifies as disabled and queer, said:
ArialMT	11	Inclusion goes hand-in-hand with the social model of disability. If the world understood
ArialMT	11	the social model of disability, which essentially says, I’m not disabled because of my
ArialMT	11	conditions, I’m disabled because the world doesn’t give me the supports that I need,
ArialMT	11	and said, okay, we are going to provide the supports that people need, then it would
ArialMT	11	be inclusion by default.133
ArialMT	11	While the social model of disability rightly shifts attention away from the individual ‘problem’
ArialMT	11	of impairment to the problem created by society, it provides little detail on what change is
ArialMT	11	needed to laws and policies to realise inclusion. A human rights approach, which is informed
ArialMT	11	by the social model, provides a ‘roadmap for social transformation’.134 This human rights model
ArialMT	11	of disability pushes States Parties to the CRPD, such as Australia, toward inclusive equality,
ArialMT	11	by identifying the key structural, legal and policy changes needed.135
DINPro-Medium	14	The impact of ableism
ArialMT	11	Ableism influences how individuals, communities and society view, value and treat people
ArialMT	11	with disability, including:136
ArialMT	11	• the internalised beliefs a person holds about themselves or others
ArialMT	11	• in interpersonal relationships and the treatment of people with disability with whom we live,
ArialMT	11	socialise and engage
ArialMT	11	• the social and cultural norms that implicitly or explicitly condone ableism
ArialMT	11	• institutional or organisational policies and practices that exclude people with disability from
ArialMT	11	particular settings, such as schools or workplaces
ArialMT	11	• political and legal structures, the delivery of government services, laws and regulation,
ArialMT	11	design of buildings, products, transport and public infrastructure, and access to public
ArialMT	11	places and technology.
ArialMT	9	18 Royal Commission into Violence, Abuse, Neglect and Exploitation of People with Disability: Final Report
ArialMT	11	To promote a more inclusive society, Australia must address ableism across all levels.
ArialMT	11	Australia also needs to acknowledge people with disability are not a homogenous group.
ArialMT	11	We have addressed the concept of ‘intersectionality’ in our work. We recognise intersectional
ArialMT	11	experiences as the complex, cumulative ways multiple forms of discrimination and
ArialMT	11	oppression are experienced by people with disability based on their gender, sex, race,
ArialMT	11	ethnicity, religion, age, LGBTIQA+ status, or other identities.137
ArialMT	11	We heard how women and girls with disability, particularly those who are First Nations,
ArialMT	11	can experience ‘a complete lack of respect … recognition of who they are … their inherent
ArialMT	11	worth and what they bring to society’.138
ArialMT	11	A lack of awareness of the human rights of people with disability can also feed in to negative
ArialMT	11	attitudes toward disability. In April 2020, we released an issues paper on rights and attitudes to:
ArialMT	11	understand what laws, policies, practices and supports are needed to reduce the risk
ArialMT	11	of violence, abuse, neglect and exploitation. A lack of rights awareness among people,
ArialMT	11	organisations and governments and negative attitudes can shape laws, policies and
ArialMT	11	practices that stigmatise and discriminate against people with disability. We want to
ArialMT	11	understand how better rights awareness and positive attitudes towards people with
ArialMT	11	disability can influence laws, policies and practices that reduce risk of exposure to
ArialMT	11	violence, abuse, neglect and exploitation, and lead to more inclusive societies.139
ArialMT	11	Responses to the issues paper made it clear few organisations know, understand or enforce
ArialMT	11	disability rights and relevant laws, or appreciate how ableism impacts behaviours and systems.
ArialMT	11	This lack of rights awareness reinforces ableism and exposes people with disability to increased
ArialMT	11	risk of discrimination, exclusion, isolation and violence, abuse, neglect and exploitation.140
ArialMT	11	Even disability service providers can lack rights awareness and a human rights-based
ArialMT	11	understanding of disability.141 Leaders, managers and staff working in service providers may
ArialMT	11	fail to grasp the complexity of issues facing people with disability, especially those from First
ArialMT	11	Nations communities and those with other intersectional identities.142 People with disability may
ArialMT	11	lack an understanding of their own rights. They usually have a strong desire to know how and
ArialMT	11	where to report on the violence, abuse, neglect and exploitation that they have experienced.143
ArialMT	11	Ableism may also cause, permit or be used to justify treatment that drives violence against, and
ArialMT	11	abuse, neglect or exploitation of, people with disability. Some ableist behaviours are deliberate
ArialMT	11	and intended to exclude, demean or abuse people with disability. Ms Carly Findlay OAM is a
ArialMT	11	writer, public speaker and activist born with a rare skin condition called Ichthyosis. Ms Findlay
ArialMT	11	told us that when she is out in public strangers stare at her.144 Some people ridicule, demean,
ArialMT	11	taunt and laugh at her.145 Ms Findlay gave a detailed account of online threats and insults
ArialMT	11	targeting her appearance.146 Strangers who are often anonymous post comments about her
ArialMT	11	on articles, images and videos, social media platforms, discussion forums and other websites.147
ArialMT	11	For example, in 2017, a man tagged Ms Findlay on Twitter, saying ‘Jesus Christ what happened
ArialMT	11	to your face?’ He then sent her an image of someone with a gun to their head with the
ArialMT	11	comment ‘How to cure it really fast’.148 The abusive comments she receives are often graphic
ArialMT	11	and sexualised.149
ArialMT	9	Executive Summary, Our vision for an inclusive Australia and Recommendations 19
ArialMT	11	Some behaviours may not be intentionally ableist but lack awareness of the impact on the
ArialMT	11	person with disability. Some treatment may mean to protect a person with disability but has
ArialMT	11	the consequence of denying a person’s choice and control, dignity of risk and autonomy.150
ArialMT	11	Examples include restrictions on the relational, sexual and reproductive freedoms of people
ArialMT	11	with disability supposedly intended to keep them ‘safe’ but which diminish their human dignity.151
DINPro-Medium	14	Changing negative attitudes toward disability
ArialMT	11	The CRPD includes an obligation to raise awareness and combat negative attitudes towards
ArialMT	11	disability through:152
ArialMT	11	• initiating and maintaining effective public awareness campaigns designed to respect the
ArialMT	11	rights and increase positive perception, awareness and skills of all people with disability
ArialMT	11	• fostering an attitude of respect for the rights of people with disability at all levels of the
ArialMT	11	education system
ArialMT	11	• encouraging the participation and positive portrayal of people with disability in the media
ArialMT	11	• promoting awareness-training programmes about the rights of people with disability.
ArialMT	11	Research we commissioned by the Social Policy Research Centre at the University of New
Arial-ItalicMT	11	South Wales on Changing community attitudes to improve inclusion of people with disability
ArialMT	11	identified two approaches to changing attitudes:153
ArialMT	11	• directly targeting attitude change
ArialMT	11	• seeking to change behaviour, with attitude change as a secondary outcome.
ArialMT	11	The research identified five facilitators of attitudinal change:154
ArialMT	11	1. the active presence of diverse people with disability across all life domains, such as
ArialMT	11	inclusive schooling, employment and communities
ArialMT	11	2. leadership by people with disability at the centre, and leadership by organisations and
ArialMT	11	government that highlights the diverse contribution of people with disability
ArialMT	11	3. targeting multiple levels and multiple types of policy and intervention in a holistic approach
ArialMT	11	to system change
ArialMT	11	4. long-term approaches with adequate resourcing
ArialMT	11	5. measuring, monitoring and research to inform decision-making and accountability.
ArialMT	11	The research suggested the most important interventions are those that create visibility of
ArialMT	11	people with disability and contact between people with and without disability.155 Seeing people
ArialMT	11	with disability in day-to-day environments can challenge expectations of where people with
ArialMT	11	disability belong. This can ‘debunk’ prejudices, prompting reflection and challenging the
ArialMT	11	underlying feelings and beliefs. Over time, non-disabled people change their expectations of
ArialMT	11	people with disability, reducing their negative attitudes and behaviours.156 Ms O’Kelly-Kennedy,
ArialMT	11	Paralympian and co-founder of Red Dust Heelers, told us:
ArialMT	9	20 Royal Commission into Violence, Abuse, Neglect and Exploitation of People with Disability: Final Report
ArialMT	11	Community attitudes can and do change when there is greater understanding about
ArialMT	11	disability itself, real relationships on-the-ground, and a focus on possibility and
ArialMT	11	opportunity as opposed to deficit or ‘problem’. The challenge is to do this while not
ArialMT	11	ignoring the realities of the barriers and challenges that can be faced by people
ArialMT	11	with disability.157
DINPro-Medium	16	Promoting pride, belonging and connection
DINPro-Medium	14	Disability pride
ArialMT	11	People with disability can internalise ableism. Several witnesses at public hearings spoke
ArialMT	11	about the importance of how they perceived themselves. They told us learning to be proud
ArialMT	11	of themselves and the disability community helped dissolve feelings of shame, enabled them
ArialMT	11	to live authentically and led to a sense of belonging and inclusion.158
ArialMT	11	Ms Chloé Hayden described the impact of her diagnosis of autism at the age of 13 on her
ArialMT	11	sense of self. She and her family were fearful when she received her diagnosis. She said when
ArialMT	11	she ‘googled’ autism, there was not one positive story about autism on the internet. Ms Hayden
ArialMT	11	said autism was consistently represented as something wrong with the person that should be
ArialMT	11	cured if it could be. She criticised the way characters in films such as Rain Man and What’s
ArialMT	11	Eating Gilbert Grape, as well as Sheldon Cooper (a character in the television show The Big
ArialMT	11	Bang Theory), reinforce negative stereotypes about autism.159
ArialMT	11	Ms Hayden said her disability is now something she celebrates as an integral part of her
ArialMT	11	identity. If she had a genie who would grant her wishes, she would not ask for her autism
ArialMT	11	to be taken away.160 Ms Hayden said:
ArialMT	11	Disability pride and pride in who you are is so important. And it is so important that
ArialMT	11	young people grow up seeing themselves as disabled and not wishing that they could
ArialMT	11	change, but simply existing and understanding that they are supposed to exist.161
ArialMT	11	Mr Alcott described how he used to hate himself and hate his disability, but is now a proud person
ArialMT	11	with disability. He said disability pride can give people the opportunity to be themselves across
ArialMT	11	different areas of their lives such as education, employment and their social relationships.162
ArialMT	11	Some people with disability use identity-first language (‘disabled person’) as an expression
ArialMT	11	of disability pride.163 Other people with disability prefer not to use identity-first language, but
ArialMT	11	express pride in other ways. Children and Young People with Disability Australia told us:
ArialMT	11	Disability pride is about being proud of ourselves. It’s about learning our history.
ArialMT	11	It’s about knowing that strength and creativity and courage that exists in disabled
ArialMT	11	communities. It’s about knowing that there are disabled communities. That disability
ArialMT	11	is not just an individual experience or just an interaction between the individual and
ArialMT	11	a broader society. There are disabled communities, there is disability culture, there
ArialMT	11	are disabled arts groups, disabled activist groups, disabled people living and creating
ArialMT	9	Executive Summary, Our vision for an inclusive Australia and Recommendations 21
ArialMT	11	spaces together as disabled people, not in spite of disability, but actively, openly and
ArialMT	11	proudly as disabled people.164
ArialMT	11	Disability pride may also overlap with other aspects of a person’s identity. Ms Sherrie Beaver
ArialMT	11	told us about the work of Expression Australia’s Rainbow Project in promoting inclusive events
ArialMT	11	for Deaf queer people within the LGBTIQA+ community.165 Ms Beaver said ensuring LGBTIQA+
ArialMT	11	Pride events are inclusive enables Deaf queer people to ‘feel a strong sense of pride and
ArialMT	11	identity, to feel empowered and confident to be able to be their authentic selves’.166
ArialMT	11	Earlier, we referred to the work of the Red Dust Heelers, who use sport to promote disability
ArialMT	11	awareness and eradicate feelings of shame within First Nations communities.167 This program
ArialMT	11	brings together volunteers ‘united … in our pride of being people with disabilities’.168 Ms O’Kelly-
ArialMT	11	Kennedy, one of the co-founders, described the program’s impact:
ArialMT	11	When we worked with Roelands Village, we supported the community to host a
ArialMT	11	wheelchair basketball event that included young people with disability and community
ArialMT	11	members. The local police were invited along with their speed guns and at half time
ArialMT	11	we held a wheelchair race. The community and the local police had a good interaction;
ArialMT	11	the young people who had felt shame about their disability were celebrated; and sport
ArialMT	11	was the vehicle for young people with and without disability to connect and realise
ArialMT	11	‘you are just like me, except you play sport sitting down’.169
DINPro-Medium	14	Interpersonal relationships, belonging and connection
ArialMT	11	Enabling and supporting safe and healthy interpersonal relationships is an integral component
ArialMT	11	to building an inclusive Australia. These may be relationships within families and kinship
ArialMT	11	connections, or with colleagues, peer groups, friendships and intimate partners.
ArialMT	11	In addition to disability and queer pride, Ms Beaver told us about the importance of social
ArialMT	11	connections for Deaf queer people for building self-identity, peer support and a sense
ArialMT	11	of community. Ms Beaver said creating social connections and relationships can help
ArialMT	11	recognise intersectionality in the Deaf community, and provides access to role models
ArialMT	11	and information sharing.170
ArialMT	11	Mr Ruatara and Dr Toby spoke about the importance of family and having cultural connections
ArialMT	11	in Māori and First Nations cultures for their son Arty.171 Mr Ruatara spoke about the close
ArialMT	11	relationships their son Arty has with family members and how those relationships make him
ArialMT	11	feel included.172
ArialMT	11	Peer-based organisations can provide people with similar and diverse impairments opportunities
ArialMT	11	to make friends, learn from each other, develop knowledge and skills, challenge self-stigma,
ArialMT	11	and develop confidence and pride. They also facilitate self and collective advocacy to protect
ArialMT	11	and promote human rights and prevent discrimination.173
ArialMT	9	22 Royal Commission into Violence, Abuse, Neglect and Exploitation of People with Disability: Final Report
ArialMT	11	Mr Bill Cooper and Mr Kyran O’Donnell are a social media duo known as the Brother Boys.
ArialMT	11	Mr Cooper, a talented dancer and self-described prankster who has Down syndrome, and his
ArialMT	11	brother-in-law Mr O’Donnell, a First Nations man, share videos on TikTok which showcase their
ArialMT	11	relationship. Mr O’Donnell said their close relationship has always been normal to them.174
ArialMT	11	It wasn’t until they gained popularity on TikTok and received comments from people looking
ArialMT	11	in from the outside that they understood they have a unique bond which is ‘different, and
ArialMT	11	accepting’. Mr O’Donnell and Mr Cooper wish more people could have connections like theirs.175
ArialMT	11	They said ‘everyone deserves love’.176
DINPro-Medium	16	Reducing and ending segregation
ArialMT	11	Australia’s commitment to a more inclusive community is documented in Australia’s Disability
ArialMT	11	Strategy 2021–2031.177 But many people with disability and their supporters told us we still
ArialMT	11	have a long way to go.178
ArialMT	11	There is widespread agreement about the importance of creating an inclusive society,
ArialMT	11	where people with disability live free from violence, abuse, neglect and exploitation; where
ArialMT	11	human rights are protected; and individuals live with dignity, equality and respect and can
ArialMT	11	fulfil their potential.179
ArialMT	11	There is general agreement that people with disability have the right to equality and that an
ArialMT	11	inclusive society empowers people with disability to live, learn, work, play, create and engage
ArialMT	11	alongside people without disability.180 There is also agreement that segregation – in the sense
ArialMT	11	of people with disability being compelled, directly or indirectly, to live, learn, work and socialise
ArialMT	11	in isolation from their non-disabled peers and the community generally – is unacceptable and
ArialMT	11	must cease.
ArialMT	11	Evidence and information received by the Royal Commission make it clear, however, that
ArialMT	11	perspectives differ as to the meaning of ‘segregation’ and whether all forms of separation based
ArialMT	11	on disability should necessarily be regarded as segregation and incompatible with the inclusion
ArialMT	11	of people with disability.
DINPro-Medium	14	What is segregation?
ArialMT	11	Segregation occurs when people with disability are separated and excluded from places where
ArialMT	11	there are members of the broader community.
ArialMT	11	However, separation on the basis of disability can take many different forms and have
ArialMT	11	many different objectives. Segregation does not occur in spaces where people with disability
ArialMT	11	choose to come together, share culture and values, seek peer support, or are encouraged
ArialMT	11	and supported to engage with the broader community. These are the same choices available
ArialMT	11	to people without disability.
ArialMT	9	Executive Summary, Our vision for an inclusive Australia and Recommendations 23
DINPro-Medium	14	Redirecting the trajectory toward inclusion
ArialMT	11	There is a long history, both in Australia and in other countries around the world, of excluding
ArialMT	11	people with disability from mainstream environments and placing them in segregated settings.181
ArialMT	11	In many of these institutions, people with disability lived as ‘captives of care’, with little choice
ArialMT	11	or control over their life or interaction with the outside world.182
ArialMT	11	The emergence of the disability rights movement in the 1970s and 80s, and the enactment
ArialMT	11	of disability discrimination legislation across Australia, led to efforts to close large residential
ArialMT	11	institutions and make mainstream settings more accessible.183 But despite these efforts, many
ArialMT	11	people with disability still spend large portions of their lives in group homes, special segregated
ArialMT	11	education units, Australian Disability Enterprises and day programs.184
ArialMT	11	In talking about the medical model of disability, Mr Quinn said segregation is seen as a ‘natural
ArialMT	11	outcome’ when disability is perceived as a ‘deviation from a norm’.185 Negative and ableist
ArialMT	11	attitudes – which treat people with disability as different to and less than people without
ArialMT	11	disability – steer people toward segregated settings. The impetus for segregation is reinforced
ArialMT	11	by barriers to inclusion and the poor experiences of many people with disability in mainstream
ArialMT	11	environments and organisations.
ArialMT	11	Mr Quinn described the importance of changing systems and structures that exclude people
ArialMT	11	with disability:
ArialMT	11	What I’m basically saying is that the huge ship that we’ve constructed over the
ArialMT	11	past 50, 60, 70 years, that’s the ship that’s going to take time to turn around.
ArialMT	11	We’ve got to start because if you don’t start, that ship of services, the paradigm
ArialMT	11	that it encapsulates, encodes an old way of thinking, particularly an exclusionary
ArialMT	11	way of thinking. So, turning that ship around is not going to be easy, but that’s the
ArialMT	11	challenge for every single country in the world, and we can learn from each other
ArialMT	11	how we do this. We can share our experiences. And I think the attitude for the
ArialMT	11	Australian Government, for any government, should be how can I set the standards
ArialMT	11	here and not simply follow them and accelerate the process of change?186
DINPro-Medium	14	Making mainstream settings more inclusive
ArialMT	11	To turn the ‘ship’ around, Australians must begin by changing how we think about disability.
ArialMT	11	We must address the ableism that gives people with disability no choice and results in people
ArialMT	11	entering and remaining in settings where they are isolated from their peers and the general
ArialMT	11	community. There is also a need to make mainstream environments more inclusive.
ArialMT	11	In submissions following Public hearing 24, ‘The experience of children and young people with
ArialMT	11	disability in different education settings’, Counsel Assisting addressed the long-term impact of
ArialMT	11	making the mainstream more inclusive:
ArialMT	9	24 Royal Commission into Violence, Abuse, Neglect and Exploitation of People with Disability: Final Report
ArialMT	11	The practical application of a progressive realisation of the right to education means
ArialMT	11	building and embedding inclusive practices in all educational settings. If segregation
ArialMT	11	is incompatible with the principle of inclusive education, then it follows that as inclusive
ArialMT	11	practices are implemented, the utility and purpose of segregated settings will diminish
ArialMT	11	and should over time, end. We stress this is not an exercise of fitting students into
ArialMT	11	mainstream educational settings, rather it is changing the mainstream settings to
ArialMT	11	include all students.187
ArialMT	11	For some people with disability, their families, service providers and scholars, the goal of
ArialMT	11	making mainstream environments more inclusive is compatible with the ongoing existence
ArialMT	11	of specialised services. This community argues specialist settings are required to maximise
ArialMT	11	well-being for some people with complex needs. Some people described positive experiences
ArialMT	11	in special/segregated school settings, in contrast with experiences of violence, abuse, and
ArialMT	11	neglect in mainstream schools.188 They said recognition that people with disability may require
ArialMT	11	or wish to have special services is consistent with principles of substantive equality.189
DINPro-Medium	14	Ending segregation
ArialMT	11	Some people with disability, disabled people’s organisations (DPOs), disabled representative
ArialMT	11	organisations (DROs), families, family organisations, service providers and researchers have
ArialMT	11	told us that fixing the mainstream is not enough. They argue segregated settings, in the sense
ArialMT	11	referred to above, are inherently unequal, discriminatory and a breach of human rights.190
ArialMT	11	They say ‘full and effective participation and inclusion in society for people with disability is
ArialMT	11	dependent on the end of segregation’.191
ArialMT	11	This community argues segregation is driven by ableism and justified by claims it is in
ArialMT	11	the ‘best interests’ of both people with and without disability.192 This perspective sees
ArialMT	11	segregation as sustaining negative attitudes to disability and attitudinal change as depending
ArialMT	11	on ending segregation so that people with disability are present and visible in the community
ArialMT	11	and society.193
ArialMT	11	People coming from this perspective understand violence, abuse, neglect and exploitation
ArialMT	11	occurs in both mainstream and segregated settings. They argue, however, that the
ArialMT	11	mainstream should be made safe and inclusive, enabling people with and without disability
ArialMT	11	to thrive together.194
DINPro-Medium	14	The views of our Commissioners
ArialMT	11	There are diverse views about what it means to make Australia more inclusive. After examining
ArialMT	11	the evidence, our Commissioners have arrived at different conclusions. These reflect the range
ArialMT	11	of views held by the disability community and others.
ArialMT	11	The Chair and Commissioner Ryan consider separation on the basis of disability for certain
ArialMT	11	purposes need not and should not involve people with disability being isolated from their
ArialMT	11	peers or from the general community. They do not see all separation on the basis of disability,
ArialMT	9	Executive Summary, Our vision for an inclusive Australia and Recommendations 25
ArialMT	11	depending on the nature and purpose of the separation and the degree of interaction with the
ArialMT	11	broader community, as warranting the term ‘segregated’. They consider that the separation of
ArialMT	11	people with disability for particular purposes may be consistent with those people interacting
ArialMT	11	with their peers and the broader community on a regular basis.
ArialMT	11	In her approach, Commissioner Mason has taken into consideration the United Nations
Arial-ItalicMT	11	Declaration on the Rights of Indigenous Peoples and the incompatibility of segregation with
ArialMT	11	inclusion on a case-by-case basis.
ArialMT	11	Commissioners Bennett, Galbally and McEwin take the view the deliberate and systemic
ArialMT	11	separation of people based on disability constitutes segregation. From their perspective,
ArialMT	11	segregation describes situations where people with disability live, learn, work or socialise in
ArialMT	11	environments designed specifically for people with disability, separate from people without
ArialMT	11	disability. They consider segregating people based on disability to be incompatible with inclusion
ArialMT	11	and believe it is unconscionable that segregation on the basis of disability remains a policy
ArialMT	11	default in Australia in the 21st century. They note Mr Quinn, and legal academics Ms Rosemary
ArialMT	11	Kayess and Ms Therese Sands, said ending segregation was core to the development of the
ArialMT	11	CRPD.195 They note Australia’s Disability Strategy 2021–2031 does not directly address the
ArialMT	11	issue of segregation.
ArialMT	11	All Commissioners regard respect for the inherent dignity, individual autonomy and
ArialMT	11	independence of all people with disability as fundamental to Australia becoming a more
ArialMT	11	inclusive society.
ArialMT	11	We outline the different perspectives held by Commissioners in Volume 7, Inclusive education,
Arial-ItalicMT	11	employment and housing.
DINPro-Medium	18	Conclusion
ArialMT	11	Throughout our work, people with disability clearly, persuasively and passionately described
ArialMT	11	their vision for a more inclusive Australia.196 While they had varied impairments, backgrounds
ArialMT	11	and perspectives, they share a vision where people with disability live free from violence, abuse,
ArialMT	11	neglect and exploitation; where human rights are protected; and individuals live with dignity,
ArialMT	11	equality and respect and can fulfil their potential. This is a vision of a future where people with
ArialMT	11	and without disability:
ArialMT	11	• live, learn, work, play, create and engage together in safe and diverse communities
ArialMT	11	• have the power of choice, independence and the dignity to take risks
ArialMT	11	• make significant contributions to communities that value their presence and treat
ArialMT	11	them with respect
ArialMT	11	• are culturally safe and belong in families, communities and peer networks.
ArialMT	9	26 Royal Commission into Violence, Abuse, Neglect and Exploitation of People with Disability: Final Report
ArialMT	11	Realising an inclusive society is the responsibility of the whole of Australia. Witnesses in
ArialMT	11	public hearings and others who engaged with us emphasised the importance of all Australians
ArialMT	11	hearing the voices of people with disability, learning from their experiences and expertise, and
ArialMT	11	recognising their capacity to be leaders of change.
ArialMT	11	Attitudinal change is critical in shifting towards a more inclusive society. Everyone in Australia
ArialMT	11	needs to understand people with disability are not a problem to be fixed, managed or hidden
ArialMT	11	away. People with disability are not less than people without disability, incapable or a burden.
ArialMT	11	On the contrary, people with disability are strong, creative, talented and determined. They have
ArialMT	11	fought long and hard to make Australia a more inclusive society where everyone can flourish.
ArialMT	11	People with disability are a vital part of our diverse society. When that society is shaped to
ArialMT	11	include them, they will thrive.
ArialMT	9	Executive Summary, Our vision for an inclusive Australia and Recommendations 27
DINPro-Medium	18	Endnotes
ArialMT	10	1 The people who shared their experiences with us in private sessions, community engagements,
ArialMT	10	workshops and submissions were not witnesses in the technical sense. They did not take
ArialMT	10	an oath or give an affirmation to contribute formal evidence to this inquiry. The first-hand
ArialMT	10	accounts included in this volume do not represent findings of this Royal Commission.
ArialMT	10	Rather, we acknowledge these personal experiences and the importance of the voices
ArialMT	10	of people with disability being heard.
ArialMT	10	2 Exhibit 28-006, Statement of Peta Stamell, 16 September 2022, at [69].
ArialMT	10	3 Transcript of Natalia Wade, Public hearing 18, 8 November 2021, P-50 [4–7]; P-50
ArialMT	10	[45–47]–P-51 [1–3].
ArialMT	10	4 Name changed, private session, ‘Gracelyn’.
ArialMT	10	5 Transcript, Samarra Toby, Public hearing 31, 12 December 2022, P-31 [24–37].
Arial-ItalicMT	10	6 Shane Clifton, Hierarchies of power: theories and models of disability and their implications
Arial-ItalicMT	10	for violence, abuse, neglect, and exploitation of people with disability, Report prepared for the
ArialMT	10	Royal Commission into Violence, Abuse, Neglect and Exploitation of People with Disability,
ArialMT	10	October 2020, p 33.
ArialMT	10	7 Transcript, Margherita Coppolino, Public Hearing 31, 14 December 2022, P-190 [11–13].
ArialMT	10	8 Transcript, Summer Farrelly, Public Hearing 31, 12 December 2022, P-19 [17–19] –P-20 [11–14].
ArialMT	10	9 Exhibit 28-011, ‘Statement of Ashleigh’, 7 September 2022, at [43].
ArialMT	10	10 Exhibit 28-011, ‘Statement of Ashleigh’, 7 September 2022, at [46].
ArialMT	10	11 Name changed, private session, ‘Priya’.
ArialMT	10	12 Submissions of Counsel Assisting the Royal Commission following Public hearing 31,
ArialMT	10	3 February 2023, p 11 [23].
ArialMT	10	13 Transcript, Claudia, Public hearing 26, 30 August 2022, P-157–158.
ArialMT	10	14 Transcript, AAA XN, Public hearing 2, 4 November 2019, P-35 [25–40].
ArialMT	10	15 Name withheld, Submission, 31 July 2020.
ArialMT	10	16 Submissions of Counsel Assisting the Royal Commission following Public hearing 24,
ArialMT	10	21 October 2022, p 135 [363].
ArialMT	10	17 Exhibit 31-007, ‘Joint statement of Liz Gearing, Andie Dalziell and Natalie Daoud’,
ArialMT	10	25 November 2022, at [75].
ArialMT	10	18 Transcript, Dylan Alcott, Public hearing 31, 13 December 2022, P-76 [13–19].
ArialMT	10	19 Transcript, Dylan Alcott, Public hearing 31, 13 December 2022, P-76 [21–22].
ArialMT	10	20 Transcript, Dylan Alcott, Public hearing 31, 13 December 2022, P-64 [14–16].
ArialMT	10	21 Transcript, Dylan Alcott, Public hearing 31, 13 December 2022, P-64 [23–26].
ArialMT	10	22 Transcript, Dylan Alcott, Public hearing 31, 13 December 2022, P-65 [9–10].
ArialMT	10	23 Exhibit 9-01, ‘Statement of Oliver Collins’, 18 November 2020, at [46].
ArialMT	10	24 Ian Waller, Submission, 24 March 2022.
ArialMT	10	25 ‘Personal submission 11’ received as part of the National Organisation for Fetal Alcohol Spectrum
ArialMT	10	Disorders, Submission, 17 February 2021, SUB.001.00845, p 22.
ArialMT	10	26 ‘Personal submission 11’ received as part of the National Organisation for Fetal Alcohol Spectrum
ArialMT	10	Disorders, Submission, 17 February 2021, SUB.001.00845, p 22.
ArialMT	10	27 Transcript, Julia Hales, Public hearing 31, 16 December 2022, P-340 [34–36].
ArialMT	10	28 Transcript, Evelyn Atkins, Public hearing 31, 13 December 2022, P-85 [1–17].
ArialMT	10	29 Transcript, Evelyn Atkins, Public hearing 31, 13 December 2022, P-84 [50]–P-85 [4].
ArialMT	10	30 Christine Bigby, Terry Carney, Shih-Ning Then, Ilan Wiesel, Craig Sinclair, Jacinta Douglas and
Arial-ItalicMT	10	Julia Duffy, Diversity, dignity, equity and best practice: a framework for supported decision-making,
ArialMT	10	Report prepared for the Royal Commission into Violence, Abuse, Neglect and Exploitation of
ArialMT	10	People with Disability, January 2023, p 175.
ArialMT	10	31 Submissions of Counsel Assisting the Royal Commission following Public hearing 30,
ArialMT	10	25 January 2023, p 11 [18].
ArialMT	10	32 Submissions of Counsel Assisting the Royal Commission following Public hearing 30,
ArialMT	10	25 January 2023, p 10 [12].
ArialMT	10	33 Independent Advisory Council to the NDIS, Submission in response to Safeguards and quality
ArialMT	10	issues paper, 25 March 2021, ISS.001.006000, p 8.
ArialMT	10	34 Exhibit 30-073, ‘Statement of John O’Donnell’, 1 December 2022, at [20].
ArialMT	9	28 Royal Commission into Violence, Abuse, Neglect and Exploitation of People with Disability: Final Report
ArialMT	10	35 Exhibit 30-073, ‘Statement of John O’Donnell’, 1 December 2022, at [68–69].
ArialMT	10	36 Exhibit 30-073, ‘Statement of John O’Donnell’, 1 December 2022, at [20–67].
ArialMT	10	37 Submissions of Counsel Assisting the Royal Commission following Public hearing 30,
ArialMT	10	25 January 2023, p 90 [241]; Transcript, John O’Donnell, Public hearing 30, 23 November 2022,
ArialMT	10	P-283 [23–40].
ArialMT	10	38 Exhibit 31-010, ‘Statement of Sherrie Beaver’, 1 December 2022, at [4].
ArialMT	10	39 Transcript, Jodi Rodgers, Public Hearing 20, 8 December 2021, P-134 [126–146]; Exhibit 20-5,
ArialMT	10	’Statement of Jodi Rodgers’, 16 November 2021 at [76–78].
ArialMT	10	40 Exhibit 20-001, ‘Statement of Sophie’, 7 December 2021, at [97].
ArialMT	10	41 Transcript, Margherita Coppolino, Public hearing 31, 14 December 2022, P-198 [38–43], P-199
ArialMT	10	[6–14]; Transcript, Paul Harpur, Public hearing 31, 14 December 2022, P-185 [34–45].
ArialMT	10	42 Transcript, Mary O’Hagan, Public hearing 31, 15 December 2022, P-235 [50]–P-236 [3].
ArialMT	10	43 Transcript, Catherine Liddle, Public hearing 16, 24 September 2021, P-98 [461].
Arial-ItalicMT	10	44 Shane Clifton, Hierarchies of power: theories and models of disability and their implications
Arial-ItalicMT	10	for violence, abuse, neglect, and exploitation of people with disability, Report prepared for the
ArialMT	10	Royal Commission into Violence, Abuse, Neglect and Exploitation of People with Disability,
ArialMT	10	October 2020, pp 15–16.
ArialMT	10	45 Exhibit 28-015, ‘Statement of Ricki Spencer’, 14 October 2022, at [52–53].
ArialMT	10	46 Exhibit 28-004, ‘Statement of Fiona Strahan’, 12 September 2022, at [41], [45].
ArialMT	10	47 Transcript, Julia Hales, Public hearing 31, 16 December 2022, P-338 [49]–P-339 [3].
ArialMT	10	48 Transcript, Julia Hales, Public hearing 31, 16 December 2022, P-339 [38–43].
ArialMT	10	49 Transcript, Chloé Hayden, Public hearing 31, 12 December 2022, P-42 [1–30].
ArialMT	10	50 Transcript, Breanna Rae, Public hearing 31, 13 December 2022, P-84 [16–17].
ArialMT	10	51 Transcript, Breanna Rae, Public hearing 31, 13 December 2022, P-83 [17–19].
ArialMT	10	52 Transcript, Tracey Corbin-Matchett, Public hearing 31, 13 December 2022, P-98 [26–34].
ArialMT	10	53 Transcript, Tracey Corbin-Matchett, Public hearing 31, 13 December 2022, P-98 [36–39].
ArialMT	10	54 Transcript, Tracey Corbin-Matchett, Public hearing 31, 13 December 2022, P-98 [27–29].
ArialMT	10	55 Speak Out Advocacy Tasmania, Submission in response to Promoting Inclusion Issues Paper,
ArialMT	10	4 June 2021, ISS.001.00668, p 10.
Arial-ItalicMT	10	56 JFA Purple Orange, Examining language and vocabulary used by people living with disability,
ArialMT	10	Report prepared for the Royal Commission into Violence, Abuse, Neglect and Exploitation of
ArialMT	10	People with Disability, October, 2020, p 53.
ArialMT	10	57 Submissions of Counsel Assisting the Royal Commission following Public hearing 31,
ArialMT	10	3 February 2023, p 15 [41].
Arial-ItalicMT	10	58 Scott Avery, Culture is inclusion: A narrative of Aboriginal and Torres Strait Islander people
ArialMT	10	with disability, First Peoples Disability Network Australia, 2018, p 139.
ArialMT	10	59 Exhibit 11.24.1, Written Statement of Cheryl Axleby, 5 February 2021, STAT.0309.0001.0001, [15].
ArialMT	10	60 Transcript, Catherine Liddle, Public hearing 16, 24 September 2021, P-46 [42–45].
ArialMT	10	61 Exhibit 31-009, ‘Statement of Kathleen O’Kelly-Kennedy (Co-founder)’, 30 November 2022, at [4],
ArialMT	10	[10]; Transcript, Kathleen O’Kelly-Kennedy, Public hearing 31, 14 December 2022, P-158 [42–47].
ArialMT	10	62 Transcript, Nikaiya Payne, Public hearing 31, 14 December 2022, P-158 [22–23].
ArialMT	10	63 Transcript, Kathleen O’Kelly-Kennedy, Public hearing 31, 14 December 2022, P-158 [42].
ArialMT	10	64 Exhibit 31-009, ‘Statement of Kathleen O’Kelly-Kennedy’, 30 November 2022, at [9].
ArialMT	10	65 Exhibit 29-014, ‘Statement of Trevor’, 6 October 2022, at [24], [28–32].
ArialMT	10	66 Exhibit 29-014, ‘Statement of Trevor’, 6 October 2022, at [63]; Transcript, ‘Trevor’ and Kate
ArialMT	10	Eastman (Counsel Assisting), Public hearing 29, 26 October 2022, P-230 [17] – 231 [9].
ArialMT	10	67 Exhibit 29-014, ‘Statement of Trevor’, 6 October 2022, at [63].
Arial-ItalicMT	10	68 Convention on the Rights of Persons with Disabilities, opened for signature 30 March 2007, 2515
ArialMT	10	UNTS 3 (entered into force 3 May 2008).
ArialMT	10	69 Transcript, Catalina Devandas Aguilar, Public hearing 5, 19 August 2020, P-189 [16–23].
ArialMT	10	70 Exhibit 31-003, ‘Statement of Mr Gerard Quinn’, 12 December 2022, p 7.
ArialMT	10	71 Exhibit 31-003, ‘Statement of Mr Gerard Quinn’, 12 December 2022, p 4.
ArialMT	10	72 Transcript, Gerard Quinn, Public hearing 31, 12 December 2022, P-56 [45–47].
ArialMT	10	73 Exhibit 31-003, ‘Statement of Mr Gerard Quinn’, 12 December 2022, p 7.
Arial-ItalicMT	10	74 Gerard Quinn, Transformation of services for persons with disabilities: report of the special
Arial-ItalicMT	10	rapporteur on the rights of Persons with disabilities, A/HRC/52/32, 52 sess, Agenda Item 3, [21].
ArialMT	10	75 Exhibit 31-003, ‘Statement of Mr Gerard Quinn’, 12 December 2022, p 7.
ArialMT	9	Executive Summary, Our vision for an inclusive Australia and Recommendations 29
Arial-ItalicMT	10	76 Convention on the Rights of Persons with Disabilities, opened for signature 30 March 2007,
ArialMT	10	2515 UNTS 3 (entered into force 3 May 2008), art 12.
Arial-ItalicMT	10	77 Convention on the Rights of Persons with Disabilities, opened for signature 30 March 2007,
ArialMT	10	2515 UNTS 3 (entered into force 3 May 2008), art 19.
ArialMT	10	78 Transcript, Gerard Quinn, Public hearing 31, 12 December 2022, P-50 [22] – P-51 [11].
ArialMT	10	79 Exhibit 31-003, ‘Statement of Mr Gerard Quinn’, 12 December 2022, p 5.
ArialMT	10	80 Exhibit 31-003, ‘Statement of Mr Gerard Quinn’, 12 December 2022, p 5.
ArialMT	10	81 Exhibit 31-003, ‘Statement of Mr Gerard Quinn’, 12 December 2022, p 5.
ArialMT	10	82 Submissions of Counsel Assisting the Royal Commission following Public hearing 31,
ArialMT	10	3 February 2023, p 28 [86].
ArialMT	10	83 Associate Professor Lorna Hallahan, Disability in Australia: Shadows, struggles and successes,
ArialMT	10	Report prepared for the Royal Commission into Violence, Abuse, Neglect and Exploitation
ArialMT	10	of People with Disability, November 2021.
Arial-ItalicMT	10	84 Associate Professor Lorna Hallahan, Disability in Australia: Shadows, struggles and successes,
ArialMT	10	Report prepared for the Royal Commission into Violence, Abuse, Neglect and Exploitation
ArialMT	10	of People with Disability, November 2021, p 105.
ArialMT	10	85 Exhibit 31-003, ‘Statement of Mr Gerard Quinn’, 12 December 2022, p 10.
ArialMT	10	86 Transcript, Gerard Quinn, Public hearing 31, 12 December 2022, P-52 [23].
ArialMT	10	87 Transcript, Dylan Alcott, Public hearing 31, 13 December 2022, P-63 [27–28].
ArialMT	10	88 Transcript, Dylan Alcott, Public hearing 31, 13 December 2022, P-63 [29–32], P-76 [13–19].
ArialMT	10	89 Transcript, Dylan Alcott, Public hearing 31, 13 December 2022, P-76 [13–23].
ArialMT	10	90 For example, Transcript, Chloé Hayden and Simone Fraser (Counsel Assisting), Public hearing
ArialMT	10	31, 12 December 2022, P-44 [1–14]; Transcript, Evie, Public hearing 31, 13 December 2022,
ArialMT	10	P-82 [40–43]; Transcript, Margherita Coppolino, Public hearing 31, 14 December 20222, P-192
ArialMT	10	[43–47], P-193 [6–7].
ArialMT	10	91 Transcript, Chloé Hayden and Simone Fraser (Counsel Assisting), Public hearing 31,
ArialMT	10	12 December 2022, P-44 [1–14].
ArialMT	10	92 Transcript, Evie and Simone Fraser (Counsel Assisting), Public hearing 31, 13 December 2022,
ArialMT	10	P-82 [27–32].
ArialMT	10	93 Transcript, Evie, Public hearing 31, 13 December 2022, P-82 [40–43].
ArialMT	10	94 Transcript, Chloé Hayden, Public hearing 31, 12 December 2022, P-43 [37–43].
Arial-ItalicMT	10	95 Shane Clifton, Hierarchies of power: theories and models of disability and their implications
Arial-ItalicMT	10	for violence, abuse, neglect, and exploitation of people with disability, Report prepared for the
ArialMT	10	Royal Commission into Violence, Abuse, Neglect and Exploitation of People with Disability,
ArialMT	10	October 2020, p 7.
ArialMT	10	96 Royal Commission into Violence, Abuse, Neglect and Exploitation of People with Disability, Report
Arial-ItalicMT	10	of Public hearing 13: Preventing and responding to violence, abuse, neglect and exploitation in
ArialMT	10	disability services (a case study), 5 April 2022, [392]; Transcript, Quan Farrant, Public Hearing
ArialMT	10	18, Sydney, 9 November 2021, P-71 [18]; Transcript, Adam Fennesy Ryan, Public Hearing 19,
ArialMT	10	Sydney, 22 November 2021, P-327 [28–34]; People with Disabilities Western Australia (PWdWA),
ArialMT	10	Submission in response to Promoting inclusion issues paper, 4 June 2021, ISS.001.00659, p 22.
ArialMT	10	97 Royal Commission into Violence, Abuse, Neglect and Exploitation of People with Disability, Report
Arial-ItalicMT	10	of Public hearing 13: Preventing and responding to violence, abuse, neglect and exploitation
ArialMT	10	in disability services (a case study), 5 April 2022, [404–408]; Royal Commission into Violence,
ArialMT	10	Abuse, Neglect and Exploitation of People with Disability, Report of Public hearing 5: Experiences
Arial-ItalicMT	10	of people with disability during the ongoing COVID-19 pandemic, August 2020; Royal Commission
ArialMT	10	into Violence, Abuse, Neglect and Exploitation of People With Disability, Report of Public hearing
Arial-ItalicMT	10	12: The experiences of people with disability, in the context of the Australian Government’s
ArialMT	10	approach to the COVID-19 vaccine rollout, 29 October 2021; Transcript, Christina Ryan, Public
ArialMT	10	Hearing 18, Sydney, 9 November 2021, P-137 [1–38].
ArialMT	10	98 For example see Transcript, Caroline Cuddihy, Public hearing 13, 26 May 2021, P-203 [40–44].
ArialMT	10	99 Transcript, Christina Ryan, Public Hearing 18, Sydney, 9 November 2021, P-137 [38–40].
ArialMT	10	100 Transcript, Christina Ryan, Public hearing 18, Sydney, 9 November 2021, P-138 [3–4].
ArialMT	10	101 Transcript, Christina Ryan, Public hearing 18, 9 November 2021, P-145 [39–44].
ArialMT	10	102 Transcript, Angel Dixon, Public hearing 31, 14 December 2022, P-180 [45–46].
ArialMT	10	103 Transcript, Angel Dixon, Public hearing 31, 14 December 2022, P-180 [49–50].
ArialMT	10	104 Transcript, Angel Dixon, Public hearing 31, 14 December 2022, P-181 [25–27].
ArialMT	9	30 Royal Commission into Violence, Abuse, Neglect and Exploitation of People with Disability: Final Report
ArialMT	10	105 Transcript, Patricia Turner, Public hearing 25, 14 July 2022, P-319 [27–40]; Exhibit 8-18,
ArialMT	10	‘Statement of Commissioner April Lawrie’, 19 November 2020, at [34]; Exhibit 31-17.7,
ArialMT	10	CTD.5000.0010.0517, p 10.
ArialMT	10	106 Exhibit 31-013, ‘Statement of Mary O’Hagan’, 2 December 2022 at [58]; Transcript, Christina
ArialMT	10	Ryan, Public Hearing 18, Sydney, 9 November 2021, P-137 [38–40]; Autism Spectrum Australia
ArialMT	10	(Aspect), Submission in response to Promoting Inclusion, 24 May 2021, ISS.001.00638, p 5.
ArialMT	10	107 Transcript, Margherita Coppolino, Public hearing 31, 14 December 2022, P-196 [47–48], P-199
ArialMT	10	[5–10], [22–31]; Transcript, Sherrie Beaver, Public Hearing 31, 14 December 2022, P-170
ArialMT	10	[44–48]; Disability Leadership Institute, Submission, 10 October 2020, SUB.100.00976.
ArialMT	10	108 Royal Commission into Violence, Abuse, Neglect and Exploitation of People with Disability,
Arial-ItalicMT	10	Report of Public hearing 13: Preventing and responding to violence, abuse, neglect and
Arial-ItalicMT	10	exploitation in disability services (a case study), 5 April 2022, [414]; Submissions of Counsel
ArialMT	10	Assisting the Royal Commission following Public hearing 23, 26 August 2022, p 87 [289];
ArialMT	10	Transcript, Dee-Anne Kapene, Public hearing 32, 15 February 2023, P-239 [2–27];
ArialMT	10	Disability Leadership Institute, Submission, 10 October 2020, SUB.100.00976.
ArialMT	10	109 Royal Commission into Violence, Abuse, Neglect and Exploitation of People with Disability,
Arial-ItalicMT	10	Report of Public hearing 13: Preventing and responding to violence, abuse, neglect and
Arial-ItalicMT	10	exploitation in disability services (a case study), 5 April 2022, [405]; Transcript, Carol Berry,
ArialMT	10	Public hearing 32, 15 February 2023, P-241 [17–30].
ArialMT	10	110 Jakob Trischler, Timo Dietrich & Sharyn Rundle-Thiele, ‘Co-design: from expert- to user-driven
ArialMT	10	ideas in public service design’, Public Management Review, (2019), 21(11), 1595–1619; Exhibit
ArialMT	10	31-013, ‘Statement of Mary O’Hagan’, 2 December 2022, at [55]; People with Disabilities Western
ArialMT	10	Australia (PWdWA), Submission in response to Promoting inclusion issues paper, 4 June 2021,
ArialMT	10	ISS.001.00659, p 22; Spinal Cord Injuries Australia (SCIA), Submission in response to Promoting
ArialMT	10	inclusion issues paper, 4 June 2021, ISS.001.00663, p 12.
ArialMT	10	111 Victorian Government, Submission, 10 October 2022, SUB.100.02450, p 30.
ArialMT	10	112 Victorian Government, Submission, 10 October 2022, SUB.100.02450, p 30.
Arial-ItalicMT	10	113 United Nations, General comment no. 7 (2018) on the participation of persons with disabilities,
Arial-ItalicMT	10	including children with disabilities, through their representative organisations, in the
Arial-ItalicMT	10	implementation and montiroing of the Convention, CRPD/C/GC/7, 20th sess.
ArialMT	10	114 Exhibit 31-013, ‘Statement of Mary O’Hagan’, 2 December 2022, at [55].
ArialMT	10	115 Drummond Street Services, Submission in response to Promoting inclusion issues paper,
ArialMT	10	3 May 2021, ISS.001.00631, p 6-7; Shane Clifton, Nicola Fortune, Gwynnyth Llewellyn,
ArialMT	10	Roger J. Stancliffe & Paul Williamson, ‘Lived Expertise and the Development of a Framework
ArialMT	10	for Tracking the Social Determinants, Health, and Wellbeing of Australians with Disability’, (2020),
Arial-ItalicMT	10	vol 22 (1), Scandinavian journal of disability research: SJDR, pp 137–138.
ArialMT	10	116 Transcript, Gerard Quinn, Public hearing 31, 12 December 2022, P-49 [28–30]; Exhibit 31-013,
ArialMT	10	‘Statement of Mary O’Hagan’, 2 December 2022, at [58–59]; People with Disabilities Western
ArialMT	10	Australia (PWdWA), Submission in response to Promoting inclusion issues paper, 4 June 2021,
ArialMT	10	ISS.001.00659, p 22; Spinal Cord Injuries Australia (SCIA), Submission in response to Promoting
ArialMT	10	inclusion issues paper, 4 June 2021, ISS.001.00663, p 12; Drummond Street Services,
ArialMT	10	Submission in response to Promoting inclusion issues paper, 3 May 2021, ISS.001.00631, pp 6–7.
ArialMT	10	117 Exhibit 4-25, ‘Statement of Jayne Ann Lehmann’, 13 February 2020 at [39–43]; Transcript,
ArialMT	10	Jaqueline Mills, Public Hearing 4, 25 February 2020, P-504 [28–34].
ArialMT	10	118 Exhibit 4-25, ‘Statement of Jayne Ann Lehmann’, 13 February 2020 at [39–43].
ArialMT	10	119 Wunan Foundation, Empowered communities: Empowered peoples, Design report, 2015, p 22.
ArialMT	10	120 Royal Commission into Victoria’s Mental Health System, State of Victoria, Royal Commission into
ArialMT	10	Victoria’s Mental Health System, Final Report, Final Report, February 2021, recommendation 20.
ArialMT	10	121 Recommendation 28 of the Mental Health Royal Commission’s Final Report recommended
ArialMT	10	that system-wide roles for the full and effective participation of people with lived experience of
ArialMT	10	mental illness and psychological distress be developed. See <finalreport.rcvmhs.vic.gov.au/
ArialMT	10	recommendations/>
ArialMT	10	122 Transcript, Ronald Sackville (Chair), Public Hearing 28, 10 October 2022, P-4 [30–40]; Transcript,
ArialMT	10	Natalie Wade, Public Hearing 18, 8 November 2021, P-45 [16–18]; Shane Clifton, Hierarchies of
Arial-ItalicMT	10	power: theories and models of disability and their implications for violence, abuse, neglect, and
ArialMT	10	exploitation of people with disability, Report prepared for the Royal Commission into Violence,
ArialMT	10	Abuse, Neglect and Exploitation of People with Disability, October 2020, pp 15–16.
ArialMT	9	Executive Summary, Our vision for an inclusive Australia and Recommendations 31
ArialMT	10	123 Fiona Campbell, ‘Inciting Legal Fictions: “Disability’s” Date with Ontology and the Ableist Body of
ArialMT	10	the Law’, (2001), 10(1), Griffith Law Review 42, p 45 at footnote 5; Paul Harpur, ‘Sexism and
ArialMT	10	racism, why not ableism? Calling for a cultural shift in the approach to disability discrimination’,
ArialMT	10	(2009), 34(3) Alternative Law Journal, p 163.
ArialMT	10	124 See the similar definition of racism in the Racism. It Stops with Me campaign of the Australian
ArialMT	10	human rights commission. <itstopswithme.humanrights.gov.au/commit-to-learning>
Arial-ItalicMT	10	125 Shane Clifton, Hierarchies of power: theories and models of disability and their implications for
Arial-ItalicMT	10	violence, abuse, neglect, and exploitation of people with disability, Report prepared for the Royal
ArialMT	10	Commission into Violence, Abuse, Neglect and Exploitation of People with Disability, October
ArialMT	10	2020, pp 15–16; Transcript, Natalie Wade, Public Hearing 18, 8 November 2021, P-45 [16–18];
ArialMT	10	People with Disability Australia (PWDA), We Belong Here: Our Nation Must End Exclusionary
ArialMT	10	Systems that Harm People with Disability, Submission in response to Promoting Inclusion Issues
ArialMT	10	Paper, 27 July 2021, ISS.001.00700, pp 7–8, 16; Children and Young People with Disability
Arial-ItalicMT	10	Australia, Education of children and young people with disability: Submission No 1, Submission,
ArialMT	10	28 October 2019, SUB.100.00115, pp 8, 17–18, 35–36.
ArialMT	10	126 Submissions of Counsel Assisting the Royal Commission following Public hearing 31,
ArialMT	10	3 February 2023, p 7 [4].
ArialMT	10	127 Exhibit 31-003, ‘Statement of Mr Gerard Quinn’, 12 December 2022, p 4.
ArialMT	10	128 Exhibit 31-003, ‘Statement of Mr Gerard Quinn’, 12 December 2022, p 4.
ArialMT	10	129 Exhibit 31-003, ‘Statement of Mr Gerard Quinn’, 12 December 2022, p 5.
ArialMT	10	130 Transcript, Gerard Quinn, Public hearing 31, 12 December 2022, P-49 [20–27]; Shane Clifton,
Arial-ItalicMT	10	Hierarchies of power: theories and models of disability and their implications for violence, abuse,
Arial-ItalicMT	10	neglect, and exploitation of people with disability, Report prepared for the Royal Commission
ArialMT	10	into Violence, Abuse, Neglect and Exploitation of People with Disability, October 2020, pp 10–12.
ArialMT	10	131 Transcript, Gerard Quinn, Public hearing 31, 12 December 2022, P-49 [29–30].
ArialMT	10	132 Transcript, Gerard Quinn, Public hearing 31, 12 December 2022, P-49 [30–33].
ArialMT	10	133 Issy Orosz, What inclusion means to me - Perspectives of people with disability, Victorian Council
ArialMT	10	of Social Service, Submission in response to Promoting inclusion issues paper, 1 June 2021,
ArialMT	10	ISS.001.00645. See audiovisual submission <www.youtube.com/watch?v=e9aweqCusRw>
Arial-ItalicMT	10	134 Rosemary Kayess & Therese Sands, Convention on the Rights of Persons with Disabilities:
ArialMT	10	Shining a light on social transformation, Report prepared for the Royal Commission into Violence,
ArialMT	10	Abuse, Neglect and Exploitation of People with Disability, September 2020, p 2.
ArialMT	10	135 Transcript, Theresa Sands, Public hearing 18, 8 November 2021, P-26 [14-24].
ArialMT	10	136 Submissions of Counsel Assisting the Royal Commission following Public hearing 31,
ArialMT	10	3 February 2023, p 7 [4].
ArialMT	10	137 Exhibit 31-009, ‘Statement of Kathleen O’Kelly-Kennedy’, 30 November 2022, at [9]; Exhibit
ArialMT	10	31-010, ‘Statement of Sherrie Beaver’, 1 December 2022, at [26–27]; Transcript, Margherita
ArialMT	10	Coppolino, Public Hearing 31, 14 December 2022, P-190 [33–44].
ArialMT	10	138 Transcript, Thelma Schwartz, Public hearing 17 (Part 1), 13 October 2021, P-22 [20–23].
ArialMT	10	139 Royal Commission into Violence, Abuse, Neglect and Exploitation of People with Disability,
Arial-ItalicMT	10	Rights and Attitudes Issues Paper, April 2020, p 2.
ArialMT	10	140 Royal Commission into Violence, Abuse, Neglect and Exploitation of People with Disability,
Arial-ItalicMT	10	Overview of responses to the Rights and attitudes issues paper, April 2021, p 3.
ArialMT	10	141 Royal Commission into Violence, Abuse, Neglect and Exploitation of People with Disability,
Arial-ItalicMT	10	Overview of responses to the Rights and attitudes issues paper, April 2021, p 3.
ArialMT	10	142 National Aboriginal Community Controlled Health Organisation (NACCHO), Submission in
ArialMT	10	response to Rights and Attitudes Issues Paper, 11 September 2021, ISS.001.00443, p 5.
ArialMT	10	143 Royal Commission into Violence, Abuse, Neglect and Exploitation of People with Disability,
Arial-ItalicMT	10	Overview of responses to the Rights and attitudes issues paper, April 2021, p 4; Down Syndrome
ArialMT	10	Australia, Submission in response to Rights and Attitudes Issues paper, 24 August 2020,
ArialMT	10	ISS.001.00390, p 4.
ArialMT	10	144 Exhibit 28-36, ‘Statement of Carly Findlay’, 28 September 2022, at [65–66].
ArialMT	10	145 Exhibit 28-36, ‘Statement of Carly Findlay’, 28 September 2022, at [65–66].
ArialMT	10	146 Exhibit 28-36, ‘Statement of Carly Findlay’, 28 September 2022, at [23–51]; Transcript,
ArialMT	10	Carly Findlay, Public hearing 28, 14 October 2022, P-322–326.
ArialMT	10	147 Exhibit 28-36, ‘Statement of Carly Findlay’, 28 September 2022, at [24], [26–36], [41],
ArialMT	10	[44–46], [49].
ArialMT	9	32 Royal Commission into Violence, Abuse, Neglect and Exploitation of People with Disability: Final Report
ArialMT	10	148 Exhibit 28-36, ‘Statement of Carly Findlay’, 28 September 2022, at [41].
ArialMT	10	149 Exhibit 28-36, ‘Statement of Carly Findlay’, 28 September 2022, at [29], [42].
ArialMT	10	150 Submissions of Counsel Assisting the Royal Commission following Public hearing 31,
ArialMT	10	3 February 2023, p 46 [149].
ArialMT	10	151 Transcript, Carolyn Frohmader, Public hearing 17, 14 October 2021, P-82–83.
Arial-ItalicMT	10	152 Convention on the Rights of Persons with Disabilities, opened for signature 30 March 2007,
ArialMT	10	2515 UNTS 3 (entered into force 3 May 2008), art 8.
ArialMT	10	153 Karen Fisher, Sally Robinson, Christiane Purcal, Gianfranco Giuntoli, Jan Idle, Rosemary Kayess,
ArialMT	10	BJ Newton, Christy Newman, Qian Fang, Mitchell Beadman, Yasmin Edwards, Kathleen Reedy &
Arial-ItalicMT	10	Rosie Pether, Changing community attitudes to improve inclusion of people with disability, Report
ArialMT	10	prepared for the Royal Commission into Violence, Abuse, Neglect and Exploitation of People with
ArialMT	10	Disability, April 2022, p ix.
ArialMT	10	154 Karen Fisher, Sally Robinson, Christiane Purcal, Gianfranco Giuntoli, Jan Idle, Rosemary Kayess,
ArialMT	10	BJ Newton, Christy Newman, Qian Fang, Mitchell Beadman, Yasmin Edwards, Kathleen Reedy &
Arial-ItalicMT	10	Rosie Pether, Changing community attitudes to improve inclusion of people with disability, Report
ArialMT	10	prepared for the Royal Commission into Violence, Abuse, Neglect and Exploitation of People with
ArialMT	10	Disability, April 2022, p 1.
ArialMT	10	155 Karen Fisher, Sally Robinson, Christiane Purcal, Gianfranco Giuntoli, Jan Idle, Rosemary Kayess,
ArialMT	10	BJ Newton, Christy Newman, Qian Fang, Mitchell Beadman, Yasmin Edwards, Kathleen Reedy &
Arial-ItalicMT	10	Rosie Pether, Changing community attitudes to improve inclusion of people with disability, Report
ArialMT	10	prepared for the Royal Commission into Violence, Abuse, Neglect and Exploitation of People with
ArialMT	10	Disability, April 2022, p 54.
ArialMT	10	156 Karen Fisher, Sally Robinson, Christiane Purcal, Gianfranco Giuntoli, Jan Idle, Rosemary Kayess,
ArialMT	10	BJ Newton, Christy Newman, Qian Fang, Mitchell Beadman, Yasmin Edwards, Kathleen Reedy &
Arial-ItalicMT	10	Rosie Pether, Changing community attitudes to improve inclusion of people with disability, Report
ArialMT	10	prepared for the Royal Commission into Violence, Abuse, Neglect and Exploitation of People with
ArialMT	10	Disability, April 2022, p 53.
ArialMT	10	157 Exhibit 31-009, ‘Statement of Kathleen O’Kelly-Kennedy’, 30 November 2022, at [12].
ArialMT	10	158 Submissions of Counsel Assisting the Royal Commission following Public hearing 31,
ArialMT	10	3 February 2023, p 30–31 [97].
ArialMT	10	159 Transcript, Chloé Hayden, Public hearing 31, 12 December 2022, P-40 [30–38], P-41 [44].
ArialMT	10	160 Transcript, Chloé Hayden, Public hearing 31, 12 December 2022, P-44 [29–31].
ArialMT	10	161 Transcript, Chloé Hayden, Public hearing 31, 12 December 2022, P-44 [33–36].
ArialMT	10	162 Transcript, Dylan Alcott, Public hearing 31, 13 December 2022, P-68 [35–37].
ArialMT	10	163 Exhibit 28-036, ‘Statement of Carly Findlay’, 28 September 2022 at [18], [105]; Transcript, Chloé
ArialMT	10	Hayden, Public hearing 31, 12 December 2022, P-37 [4–7]; Stella Young, ‘Stella Young: A letter to
ArialMT	10	her 80-year-old self’, The Drum, Abc News, 8 December 2014. <www.abc.net.au/news/2014-12-
ArialMT	10	08/young-stella-young:-a-letter-to-her-80-year-old-self/5950832>
ArialMT	10	164 Children and Young People with Disability Australia, What young people with disability said:
ArialMT	10	Access Awareness + Inclusion, Submission, 8 February 2021, SUB.100.01208, p 4.
ArialMT	10	165 Transcript, Sherrie Beaver, Public hearing 31, 14 December 2022, P-161–169; Exhibit 31-010,
ArialMT	10	‘Statement of Sherrie Beaver’, 1 December 2022 at [7–31].
ArialMT	10	166 Transcript, Sherrie Beaver, Public hearing 31, 14 December 2022, P-165 [40–41].
ArialMT	10	167 Transcript, Kathleen O’Kelly-Kennedy, Public Hearing 31, 14 December 2022, P-151 [16–19],
ArialMT	10	[30–48].
ArialMT	10	168 Transcript, Kathleen O’Kelly-Kennedy, Public hearing 31, 14 December 2022, P-151 [41].
ArialMT	10	169 Exhibit 31-009, ‘Statement of Kathleen O’Kelly-Kennedy’, 30 November 2022, at [66].
ArialMT	10	170 Exhibit 31-010, ‘Statement of Sherrie Beaver’, 1 December 2022, at [26–27].
ArialMT	10	171 Transcript, Massey Ruatara, Public hearing 31, 12 December 2022, P-27 [20–35].
ArialMT	10	172 Transcript, Massey Ruatara, Public hearing 31, 12 December 2022, P-27 [30–35].
ArialMT	10	173 Karen Fisher, Sally Robinson, Christiane Purcal, Gianfranco Giuntoli, Jan Idle, Rosemary Kayess,
ArialMT	10	BJ Newton, Christy Newman, Qian Fang, Mitchell Beadman, Yasmin Edwards, Kathleen Reedy &
Arial-ItalicMT	10	Rosie Pether, Changing community attitudes to improve inclusion of people with disability, Report
ArialMT	10	prepared for the Royal Commission into Violence, Abuse, Neglect and Exploitation of People with
ArialMT	10	Disability, April 2022, p 23; Transcript, Sherrie Beaver, Public hearing 31, 14 December 2022,
ArialMT	10	P-168 [48–49], P-169 [1–19]; Victorian Advocacy League for Individuals with Disability (VALID),
ArialMT	10	Submission in response to Promoting inclusion issues paper, 7 June 2021, ISS.001.00666, p 4–5.
ArialMT	9	Executive Summary, Our vision for an inclusive Australia and Recommendations 33
ArialMT	10	174 Transcript, Kyran O’Donnell, Public hearing 31, 13 December 2022, P-121 [7–8].
ArialMT	10	175 Transcript, Kyran O’Donnell, Public hearing 31, 13 December 2022, P-121 [7–13].
ArialMT	10	176 Transcript, Kyran O’Donnell, Public hearing 31, 13 December 2022, P-120 [23].
ArialMT	10	177 Commonwealth of Australia (Department of Social Services), Australia’s Disability Strategy
ArialMT	10	2021–2031, December 2021, p 4.
ArialMT	10	178 For example, responses to our Promoting inclusion issues paper; Joseph Naimo, Submission in
ArialMT	10	response to Promoting Inclusion, 30 March 2021, ISS.001.00602, p 12; Blind Citizens Australia,
ArialMT	10	Promoting Inclusion: Civic Participation, Submission in response to Promoting inclusion issues
ArialMT	10	paper, 20 May 2021, ISS.001.00639, p 3; Access all Abilities, Submission in response to
ArialMT	10	Promoting inclusion issues paper, 4 June 2021, ISS.001.00653, p 2; Autism Aspergers Advocacy
ArialMT	10	Australia (A4), Submission in response to Promoting inclusion issues paper,
ArialMT	10	4 June 2021, ISS.001.00660, p 7; Have a Say Bendigo, Submission in response to Promoting
ArialMT	10	inclusion issues paper, 4 June 2021, ISS.001.00662, p 2; Victorian Advocacy League for
ArialMT	10	Individuals with Disability (VALID), Submission in response to Promoting inclusion issues paper,
ArialMT	10	7 June 2021, ISS.001.00666, p 3; National Aboriginal Community Controlled Health Organisation
ArialMT	10	(NACCHO), Submission in response to Promoting inclusion issues paper, 28 June 2021,
ArialMT	10	ISS.001.00683, p 5.
ArialMT	10	179 See for example, Transcript, Angel Dixon, Public hearing 31, 14 December 2022, P-178 [12–14];
ArialMT	10	Exhibit 31-005, ‘Joint statement of Mark Gates and Harry Sillett’, 6 December 2022, at [12], [43];
ArialMT	10	Transcript, Fiona Rillotta, Public hearing 31, 14 December 2022, P-137 [33–36]; Exhibit 31-007,
ArialMT	10	‘Joint statement of Liz Gearing, Andie DalzielI and Natalie Daoud’, 25 November 2022, at [75].
ArialMT	10	180 See for example: Transcript, Julia Hales, Public hearing 31, 16 December 2022, P-338 [36–41],
ArialMT	10	P-339 [30–33]; Transcript, Fiona Rillotta, Public hearing 31, 14 December 2022, P-137 [33–36];
ArialMT	10	Exhibit 31-007, ‘Joint statement of Liz Gearing, Andie DalzielI and Natalie Daoud’, 25 November
ArialMT	10	2022, at [75]; Exhibit 31-012, ‘Statement of Dr Manisha Amin’, 22 November 2022, at [18];
ArialMT	10	Transcript, Dylan Alcott, Public hearing 31, 13 December 2022, P-76 [21–22].
Arial-ItalicMT	10	181 Lorna Hallahan, Disability in Australia: Shadows, struggles and successes, Report prepared for
ArialMT	10	the Royal Commission into Violence, Abuse, Neglect and Exploitation of People with Disability,
ArialMT	10	October 2021, p 105.
ArialMT	10	182 John Roarty, Captives of care, Hodder & Stoughton, 1981.
Arial-ItalicMT	10	183 Lorna Hallahan, Disability in Australia: Shadows, struggles and successes, Report prepared for
ArialMT	10	the Royal Commission into Violence, Abuse, Neglect and Exploitation of People with Disability,
ArialMT	10	October 2021, ch 3.
ArialMT	10	184 Numbers of people with disability who live, study and work in segregated settings are set out in
Arial-ItalicMT	10	Volume 3, Nature and extent of violence, abuse, neglect and exploitation, and Volume 7,
Arial-ItalicMT	10	Inclusive education, employment and housing.
ArialMT	10	185 Exhibit 31-003, ‘Statement of Mr Gerard Quinn’, 12 December 2022, p 4.
ArialMT	10	186 Transcript, Gerard Quinn, Public hearing 31, 12 December 2022, P-57 [19–26].
ArialMT	10	187 Submissions of Counsel Assisting the Royal Commission following Public hearing 24,
ArialMT	10	21 October 2022, p 105 [279].
ArialMT	10	188 For example: Transcript of ‘Alexa’, Public hearing 24, 10 June 2022, P-370 [10–11], [36–37],
ArialMT	10	P-371 [33–34], P-372 [21], P-376 [46–47].
ArialMT	10	189 Submissions of Counsel Assisting the Royal Commission following Public hearing 24,
ArialMT	10	21 October 2022, p 206 [592–593].
ArialMT	10	190 See for example, Children and Young People with Disability Australia, Women with Disabilities
ArialMT	10	Australia, First Peoples Disability Network, People with Disability Australia, National Ethnic
ArialMT	10	Disability Alliance, Disability Advocacy Network Australia, Australian Federation of Disability
Arial-ItalicMT	10	Organisations & Inclusion Australia, Segregation of people with disability is discrimination and
ArialMT	10	must end: position paper, Submission, September 2020, SUB.100.01566, pp 3, 5–6; Transcript,
ArialMT	10	Paul Harper and Kate Eastman (Senior Counsel), Public hearing 31, 14 December 2022, P-180
ArialMT	10	[7–19]; Exhibit 31-003, ‘Statement of Mr Gerard Quinn’, 12 December 2022, pp 10, 12.
ArialMT	10	191 Children and Young People with Disability Australia, Women with Disabilities Australia,
ArialMT	10	First Peoples Disability Network, People with Disability Australia, National Ethnic Disability
ArialMT	10	Alliance, Disability Advocacy Network Australia, Australian Federation of Disability Organisations
Arial-ItalicMT	10	& Inclusion Australia, Segregation of people with disability is discrimination and must end:
ArialMT	10	position paper, Submission, September 2020, SUB.100.01566, p 11.
ArialMT	9	34 Royal Commission into Violence, Abuse, Neglect and Exploitation of People with Disability: Final Report
ArialMT	10	192 Children and Young People with Disability Australia, Women with Disabilities Australia,
ArialMT	10	First Peoples Disability Network, People with Disability Australia, National Ethnic Disability
ArialMT	10	Alliance, Disability Advocacy Network Australia, Australian Federation of Disability Organisations
Arial-ItalicMT	10	& Inclusion Australia, Segregation of people with disability is discrimination and must end:
ArialMT	10	position paper, Submission, September 2020, SUB.100.01566, p 8.
ArialMT	10	193 See for example, Children and Young People with Disability Australia, Women with Disabilities
ArialMT	10	Australia, First Peoples Disability Network, People with Disability Australia, National Ethnic
ArialMT	10	Disability Alliance, Disability Advocacy Network Australia, Australian Federation of Disability
Arial-ItalicMT	10	Organisations & Inclusion Australia, Segregation of people with disability is discrimination
ArialMT	10	and must end: position paper, Submission, September 2020, SUB.100.01566, p 10; Transcript,
ArialMT	10	Angel Dixon, Public hearing 31, 14 December 2022, P-175 [36–45], P-180 [3–5].
ArialMT	10	194 Transcript, Mary Sayers, Public hearing 24, 8 June 2022, P-226 [29–47], P-229 [22–27],
ArialMT	10	P-230 [39] – P-231 [2].
ArialMT	10	195 Transcript, Gerard Quinn, Public hearing 31, 12 December 2022, P-51 [13–20]; Rosemary Kayess
Arial-ItalicMT	10	& Therese Sands, Convention on the Rights of Persons with Disabilities: Shining a light on social
ArialMT	10	transformation, Report prepared for the Royal Commission into Violence, Abuse, Neglect and
ArialMT	10	Exploitation of People with Disability, September 2020, p 21.
ArialMT	10	196 Submissions of Counsel Assisting the Royal Commission following Public hearing 31,
ArialMT	10	3 February 2023, p 99 [342].
ArialMT	9	Executive Summary, Our vision for an inclusive Australia and Recommendations 35
ArialMT	9	36 Royal Commission into Violence, Abuse, Neglect and Exploitation of People with Disability: Final Report
DINPro-Medium	25	Executive summary
DINPro-Medium	18	Introduction
ArialMT	11	Our vision for an inclusive Australia envisages people with disability living free from violence,
ArialMT	11	abuse, neglect and exploitation in a more inclusive society in which human rights are protected
ArialMT	11	and respected. For people with disability in Australia today, this remains a vision rather than
ArialMT	11	a reality.
ArialMT	11	Our inquiry has shown people with disability continue to experience high rates of violence
ArialMT	11	and abuse, multiple forms of neglect, and sexual and financial exploitation. Violence, abuse,
ArialMT	11	neglect and exploitation are occurring across settings and contexts and throughout different
ArialMT	11	stages of people’s lives. Based on their disability, people with disability continue to be
ArialMT	11	excluded from participating in many areas of life.
ArialMT	11	Significant change is required. This Final report provides our recommendations for preventing
ArialMT	11	and responding to violence, abuse, neglect and exploitation and for building a more inclusive
ArialMT	11	society in which the rights of people with disability are respected, protected and fulfilled
ArialMT	11	and respect for their inherent dignity and individual autonomy ensured.
ArialMT	11	This is the society in which people with disability told us they want to live – it is also the
ArialMT	11	society in which they have a right to live and that all Australians have a role in creating.
DINPro-Medium	16	Strong focus on human rights
ArialMT	11	Our inquiry has been framed by the human rights of people with disability. Our strong focus
ArialMT	11	on human rights stemmed from our terms of reference, which expressly recognise people
ArialMT	11	with disability have the ‘right to the full and equal enjoyment of all human rights and
ArialMT	11	fundamental freedoms’.1
ArialMT	11	The terms of reference specifically refer to the Convention on the Rights of Persons with
ArialMT	11	Disabilities (CRPD), which is the most important human rights treaty for people with disability.
ArialMT	11	The treaty’s purpose is to ‘promote, protect and ensure the full and equal enjoyment of all
ArialMT	11	human rights and fundamental freedoms by all persons with disabilities and to promote
ArialMT	11	respect for their inherent dignity’.2
ArialMT	11	Unique among human rights treaties, article 3 of the CRPD contains a set of ‘general principles’.
ArialMT	11	These principles, which have informed our work, are:3
ArialMT	11	• respect for inherent dignity, individual autonomy (including the freedom to make one’s
ArialMT	11	own choices), and independence of persons
ArialMT	11	• non-discrimination
ArialMT	9	Executive Summary, Our vision for an inclusive Australia and Recommendations 37
ArialMT	11	• full and effective participation and inclusion in society
ArialMT	11	• respect for difference and acceptance of persons with disabilities as part of human diversity
ArialMT	11	and humanity
ArialMT	11	• equality of opportunity
ArialMT	11	• accessibility
ArialMT	11	• equality between men and women
ArialMT	11	• respect for the evolving capacities of children with disabilities and respect for the right of
ArialMT	11	children with disabilities to preserve their identities.
ArialMT	11	The work of this inquiry and our recommendations for change are set out in Volumes 2 to 12 of
ArialMT	11	our Final report. This Executive summary summarises the contents of these 11 volumes, which
ArialMT	11	constitute the authoritative version of the Final report.
ArialMT	9	38 Royal Commission into Violence, Abuse, Neglect and Exploitation of People with Disability: Final Report
DINPro-Medium	25	About the Royal Commission
DINPro-Medium	13	Key points
ArialMT	11	• The Royal Commission was established on 4 April 2019. This marked the
ArialMT	11	culmination of many years of campaigning and advocacy by people with disability
ArialMT	11	and their supporters and advocates. Six Commissioners with diverse backgrounds
ArialMT	11	and experiences were appointed to conduct the inquiry.
ArialMT	11	• Our terms of reference require us to inquire into what governments, institutions
ArialMT	11	and the community should do to prevent and better protect people with disability
ArialMT	11	from experiencing all forms of violence, abuse, neglect and exploitation across all
ArialMT	11	settings and contexts.
ArialMT	11	• They also require us to inquire into what should be done to promote a more
ArialMT	11	inclusive society that supports the independence of people with disability and
ArialMT	11	their right to live free from violence, abuse, neglect and exploitation. Our terms of
ArialMT	11	reference expressly recognise people with disability have the ‘right to the full and
ArialMT	11	equal enjoyment of all human rights and fundamental freedoms’.
ArialMT	11	• During our inquiry, we held 32 public hearings and two ceremonial sittings;
ArialMT	11	conducted more than 700 engagement activities; received 7,944 submissions
ArialMT	11	and held 1,785 private sessions.
ArialMT	11	• We adopted a trauma-informed approach to our work. We aimed to safeguard
ArialMT	11	and promote the physical, social, emotional and cultural safety of everyone who
ArialMT	11	engaged with us.
DINPro-Medium	18	Establishing the Royal Commission
DINPro-Medium	14	This Royal Commission is the product of tireless and persistent
DINPro-Medium	14	efforts by disability advocates and many others who have long
DINPro-Medium	14	recognised that people with disability in this country are routinely
DINPro-Medium	14	subjected to violence, abuse, neglect and exploitation.4
ArialMT	9	Executive Summary, Our vision for an inclusive Australia and Recommendations 39
ArialMT	11	The Royal Commission into Violence, Abuse, Neglect and Exploitation of People with Disability
ArialMT	11	was established on 4 April 2019. On that date, the Governor-General of the Commonwealth
ArialMT	11	of Australia issued letters patent under the Royal Commissions Act 1902 (Cth). Each of the
ArialMT	11	six Australian states subsequently issued letters patent or the equivalent in substantially the
ArialMT	11	same terms. The Royal Commission was therefore conducted, in effect, as seven concurrent
ArialMT	11	commissions of inquiry.
ArialMT	11	Six Commissioners with diverse backgrounds and experiences were appointed at the beginning
ArialMT	11	of the Royal Commission: the Honourable Ronald Sackville AO QC (Chair); Ms Barbara Bennett
ArialMT	11	PSM; Dr Rhonda Louise Galbally AC; Ms Andrea Jane Mason OAM; Mr Alastair James McEwin;
ArialMT	11	and the Honourable John Francis Ryan AM.
ArialMT	11	The Royal Commission’s establishment marked the culmination of years of campaigning and
ArialMT	11	advocacy by people with disability and disability advocacy organisations. Their campaigns
ArialMT	11	reflected the struggles, values and expectations of many Australians with disability.
DINPro-Medium	16	Terms of reference
ArialMT	11	The Royal Commission’s terms of reference are extremely broad. They require us to inquire
ArialMT	11	into what governments, institutions and the community should do to prevent and better protect
ArialMT	11	people with disability from experiencing all forms of violence, abuse, neglect and exploitation,
ArialMT	11	across all settings and contexts.
ArialMT	11	Our terms of reference also require us to inquire into what should be done to promote a more
ArialMT	11	inclusive society that supports the independence of people with disability and their right to live
ArialMT	11	free from violence, abuse, neglect and exploitation.
ArialMT	11	As noted, they recognise that people with disability have the right to the full and equal
ArialMT	11	enjoyment of all human rights and fundamental freedoms, and specifically refer to the CRPD.
ArialMT	11	The terms of reference also emphasise the importance of ensuring people with disability are
ArialMT	11	front and centre of our inquiry. They commit us to consider the multi-layered experiences of
ArialMT	11	people with disability associated with age, sex, gender, gender identity, sexual orientation,
ArialMT	11	intersex status, ethnic origin or race. They also commit us to consider the particular situations
ArialMT	11	of Aboriginal and Torres Strait Islander and culturally and linguistically diverse people
ArialMT	11	with disability.
DINPro-Medium	18	Conducting our inquiry
ArialMT	11	To build a comprehensive understanding of the violence, abuse, neglect and exploitation
ArialMT	11	experienced by people with disability, we gathered information through public hearings,
ArialMT	11	community engagements, submissions, responses to issues papers, private sessions, policy
ArialMT	11	work, research and data analysis. We:
ArialMT	9	40 Royal Commission into Violence, Abuse, Neglect and Exploitation of People with Disability: Final Report
ArialMT	11	• held 32 public hearings and two ceremonial sittings, in which we heard from 837 witnesses,
ArialMT	11	of whom 209 were people with disability
ArialMT	11	• conducted more than 700 activities to engage with people with disability, their families,
ArialMT	11	supporters and representative organisations
ArialMT	11	• received 7,944 submissions (as at 17 February 2023) from individuals, research
ArialMT	11	organisations, disability advocacy organisations, peak bodies, government departments
ArialMT	11	and agencies, and professional organisations
ArialMT	11	• held 1,785 private sessions.5 (A private session is a confidential meeting between an
ArialMT	11	individual and a Commissioner held at the individual’s request, in a less formal environment
ArialMT	11	than a public hearing.)
DINPro-Medium	16	Supporting people who engaged with us
ArialMT	11	From the outset, we committed to adopting a trauma-informed approach to our work. We aimed
ArialMT	11	to safeguard and promote the physical, social, emotional and cultural safety of everyone who
ArialMT	11	engaged with us. In particular, we sought to ensure people with disability, their families and
ArialMT	11	supporters felt comfortable sharing their experiences with us.
ArialMT	11	We used various methods and formats to ensure we provided information that was accessible
ArialMT	11	and clear. We referred people who engaged with us, or who were affected by our inquiry, to free,
ArialMT	11	external service providers for independent advocacy, counselling and legal support funded by
ArialMT	11	the Australian Government.
ArialMT	11	Volume 2, About the Royal Commission, describes in detail how we conducted our inquiry.
ArialMT	9	Executive Summary, Our vision for an inclusive Australia and Recommendations 41
ArialMT	9	42 Royal Commission into Violence, Abuse, Neglect and Exploitation of People with Disability: Final Report
DINPro-Medium	25	Nature and extent of violence, abuse,
DINPro-Medium	25	neglect and exploitation
DINPro-Medium	13	Key points
ArialMT	11	• There are around 4.4 million people with disability in Australia, or 18 per cent
ArialMT	11	of the total population. Reflecting that disability increases with age, the number
ArialMT	11	of people with disability falls to 2.4 million when we look at people aged under
ArialMT	11	65 years. This is 12 per cent of this age category.
ArialMT	11	• Around 35 per cent of First Nations people under 65 had disability in 2018–19,
ArialMT	11	which is nearly three times higher than the general population. Children accounted
ArialMT	11	for almost one-quarter (24 per cent) of all First Nations people with disability.
ArialMT	11	• As at 31 December 2022, there were 573,342 participants in the NDIS.
ArialMT	11	• Across all age groups, people with disability experience considerably higher
ArialMT	11	rates of violence than people without disability. People with disability also
ArialMT	11	experience violence more frequently. This is unacceptable.
ArialMT	11	• Rates of violence are particularly high for:
ArialMT	11	◦ women with psychological or intellectual disability
ArialMT	11	◦ First Nations women with disability
ArialMT	11	◦ young women with disability.
ArialMT	11	• Neglect of people with disability occurs in multiple forms and across different
ArialMT	11	stages of their lives. We heard of many instances of people being deprived of
ArialMT	11	necessities of life and assistance with daily activities. We also heard of systemic
ArialMT	11	failures to provide an environment for each person to maximise their potential.
ArialMT	11	• The data on exploitation of people with disability is limited. However, people
ArialMT	11	with disability shared with us experiences of both sexual and financial exploitation
ArialMT	11	by other individuals.
ArialMT	9	Executive Summary, Our vision for an inclusive Australia and Recommendations 43
DINPro-Medium	18	People with disability in Australia
DINPro-Medium	14	I just want to live a life without harassment and to be treated with
DINPro-Medium	14	respect and dignity.6
ArialMT	11	People with disability are a diverse community. They vary in age, gender, gender identity,
ArialMT	11	race or cultural background, family environment, socioeconomic circumstance, geographic
ArialMT	11	location and the nature of their disability. While many common experiences emerged from this
ArialMT	11	inquiry, people’s exposure to and experiences of violence, abuse, neglect and exploitation are
ArialMT	11	influenced by a range of factors and social characteristics. Understanding the experiences of
ArialMT	11	individuals and groups of people with disability, and the settings in which they occur, is critical
ArialMT	11	when making recommendations to prevent and respond to maltreatment and deliver appropriate
ArialMT	11	and targeted services and supports.
ArialMT	11	In this inquiry, the Royal Commission adopted the same approach to ‘disability’ and ‘people
ArialMT	11	with disability’ as the CRPD. The CRPD describes people with disability as including:
ArialMT	11	those who have long-term physical, mental, intellectual or sensory impairments
ArialMT	11	which in interaction with various barriers may hinder their full and effective participation
ArialMT	11	in society on an equal basis with others.7
DINPro-Medium	16	Number of people with disability in Australia
ArialMT	11	The best source of data on the number of people with disability in Australia is the Australian
Arial-ItalicMT	11	Bureau of Statistics 2018 Survey of Disability, Ageing and Carers (SDAC).8
ArialMT	11	According to the SDAC, there are around 4.4 million people with disability in Australia,
ArialMT	11	comprising 18 per cent of the total population, or nearly one in five people. Because the Royal
ArialMT	11	Commission into Aged Care Quality and Safety was recently conducted, our inquiry generally
ArialMT	11	focused on people with disability under 65 years of age. There are around 2.4 million people
ArialMT	11	with disability in this age group, comprising 12 per cent of the population under 65 years.
ArialMT	11	The data we present is for people with disability under 65 years of age, unless otherwise stated.
ArialMT	11	It should be noted the Australian Bureau of Statistics and some other sources we have drawn
ArialMT	11	from define disability differently than the Royal Commission. For example, in the SDAC, the
ArialMT	11	Australian Bureau of Statistics defines disability as ‘any limitation, restriction or impairment
ArialMT	11	which restricts everyday activities and has lasted, or is likely to last, for at least six months’.9
ArialMT	9	44 Royal Commission into Violence, Abuse, Neglect and Exploitation of People with Disability: Final Report
DINPro-Medium	14	Age and disability
ArialMT	11	The SDAC shows that the older a person the more likely they will have disability:
ArialMT	11	• 8.2 per cent of children (aged under 18) have disability (approximately 450,000 children)
ArialMT	11	• 13 per cent of adults aged 18 to 64 have disability (2.0 million adults)
ArialMT	11	• almost 50 per cent of adults aged 65 and over have disability (1.9 million adults).
ArialMT	11	Among children with disability:
ArialMT	11	• there are more boys (61 per cent) than girls (39 per cent)
ArialMT	11	• more than half have an intellectual disability (56 per cent)
ArialMT	11	• 56 per cent have what the Australian Bureau of Statistics calls ‘profound’ or ‘severe’ disability.
ArialMT	11	Adults aged 18 to 64 years with disability are more likely to have a physical disability (65 per
ArialMT	11	cent) than another type of disability. Twenty-four per cent of people with disability in this age
ArialMT	11	group have profound or severe disability.
DINPro-Medium	14	First Nations, culturally and linguistically diverse and LGBTIQA+ people
DINPro-Medium	14	with disability
ArialMT	11	Of the individual groups we paid particular attention to:
ArialMT	11	• According to the Australian Bureau of Statistics National Aboriginal and Torres Strait
ArialMT	11	Islander Health Survey (NATSIHS), around 35 per cent of First Nations people aged under
ArialMT	11	65 had disability in 2018–19, which is three times higher than the percentage of people
ArialMT	11	with disability in the general population. Children (those aged under 18) accounted for
ArialMT	11	almost one-quarter (24 per cent) of all First Nations people with disability. Among First
ArialMT	11	Nations adults aged 18 to 64, nearly half (45 per cent) had disability.
ArialMT	11	• SDAC data shows 6.6 per cent of people from culturally and linguistically diverse
ArialMT	11	backgrounds under 65 years of age had disability in 2018, according to the limited
ArialMT	11	data available. This is likely to be an underestimate.
ArialMT	11	• Little information is available on the number of LGBTIQA+ people with disability.
ArialMT	11	The Australian Bureau of Statistics 2014 General Social Survey indicates, as at 2014,
ArialMT	11	30 per cent of people aged 18 and over who identify as gay, lesbian, bisexual or ‘other’
ArialMT	11	sexual identity had disability.
DINPro-Medium	14	National Disability Insurance Scheme participants
ArialMT	11	People have to be under 65 years of age to apply to participate in the National Disability
ArialMT	11	Insurance Scheme (NDIS). The eligibility criteria for the NDIS require a person to have, among
ArialMT	11	other things, a permanent disability resulting in substantially reduced functional capacity and
ArialMT	11	be likely to require support under the NDIS for their lifetime. To qualify for the NDIS, people
ArialMT	11	are therefore likely to have relatively high and complex support needs.
ArialMT	9	Executive Summary, Our vision for an inclusive Australia and Recommendations 45
ArialMT	11	As at 31 December 2022, there were 573,342 participants in the NDIS of whom:
ArialMT	11	• half were aged 18 years or under
ArialMT	11	• 61 per cent were male
ArialMT	11	• 35 per cent had autism
ArialMT	11	• 17 per cent had intellectual disability.
ArialMT	11	The diversity of people with disability is examined in detail in Volume 3, Nature and extent
Arial-ItalicMT	11	of violence, abuse, neglect and exploitation.
DINPro-Medium	18	Interpersonal violence, abuse, neglect and exploitation
DINPro-Medium	14	I just need people to understand that I’m speaking up because, you
DINPro-Medium	14	know, it’s not right. It’s not right to do what happened – you know,
DINPro-Medium	14	what he did to me.10
DINPro-Medium	16	Interpersonal violence and abuse
DINPro-Medium	14	Rates of violence and abuse
ArialMT	11	Across all age groups, a greater proportion of people with disability experience violence than
ArialMT	11	people without disability. People with disability also experience violence more frequently.
ArialMT	11	Rates of violence are particularly high for:
ArialMT	11	• women with psychological or intellectual disability
ArialMT	11	• First Nations women with disability
ArialMT	11	• young women with disability.
ArialMT	11	The Australian Bureau of Statistics 2016 Personal Safety Survey (PSS) is a national survey
ArialMT	11	about people’s experiences of violence and abuse. According to the PSS, since the age of 15:
ArialMT	11	• More than half of people with disability aged 18 to 64 (55 per cent) have experienced
ArialMT	11	physical or sexual violence, compared with 38 per cent of people without disability in
ArialMT	11	this age group.
ArialMT	11	• Physical assault is the most common type of violence or abuse (experienced by
ArialMT	11	45 per cent of people with disability and 29 per cent of people without disability).
ArialMT	9	46 Royal Commission into Violence, Abuse, Neglect and Exploitation of People with Disability: Final Report
ArialMT	11	• The rate of violence by a domestic partner is much higher for people with disability
ArialMT	11	(21 per cent) than people without disability (9.8 per cent).
ArialMT	11	• The rate of sexual assault of people with disability is double that of people without
ArialMT	11	disability (18 per cent compared with 9.1 per cent).
ArialMT	11	Of people who have experienced violence since age 15, people with disability are more likely
ArialMT	11	than people without disability:
ArialMT	11	• to experience multiple incidents (76 per cent compared with 62 per cent)
ArialMT	11	• to know the perpetrator (81 per cent compared with 69 per cent).
DINPro-Medium	13	People with head injury and psychological or intellectual disability
ArialMT	11	People with some types of disability experience even higher rates of violence.
ArialMT	11	These groups include:
ArialMT	11	• people with head injury, stroke and brain damage (73 per cent have experienced
ArialMT	11	violence since age 15)
ArialMT	11	• people with intellectual disability (67 per cent)
ArialMT	11	• people with psychological disability (66 per cent).
ArialMT	11	This compares with 60 per cent of people with sight, hearing or speech impairment and
ArialMT	11	57 per cent of people with physical disability.
DINPro-Medium	13	Young adults and children
ArialMT	11	As noted, a higher proportion of people with disability experience violence than people without
ArialMT	11	disability across all age groups. However, rates for younger adults with disability are much
ArialMT	11	higher than for older adults with disability. Fifteen per cent of young adults aged 18 to 35
ArialMT	11	experienced violence in the 12 months prior to being surveyed, compared with 5.5 per cent
ArialMT	11	of adults aged 36 to 64.
ArialMT	11	People with disability are more than twice as likely as people without disability to experience
ArialMT	11	physical or sexual abuse before the age of 15 (23 per cent and 11 per cent respectively).
DINPro-Medium	13	Women and girls
ArialMT	11	Women with disability experience all forms of interpersonal violence at higher rates than women
ArialMT	11	without disability. They are:
ArialMT	11	• more than twice as likely to have experienced sexual abuse before the age of 15
ArialMT	11	• more likely to have experienced violence by a previous intimate partner since the age of 15.
ArialMT	9	Executive Summary, Our vision for an inclusive Australia and Recommendations 47
ArialMT	11	Compared with men with disability, women with disability are more likely to experience sexual
ArialMT	11	assault, violence and emotional abuse by a domestic partner, as well as stalking. For example,
ArialMT	11	women with disability aged 18 to 64 are more than three times as likely to have experienced
ArialMT	11	sexual assault than men with disability in that age group (29 per cent compared with 7.7 per
ArialMT	11	cent). Women with disability are also more likely to know the perpetrator of violence against
ArialMT	11	them (93 per cent of women with disability compared with 69 per cent of men with disability).
ArialMT	11	Violence against and abuse of women and girls predominantly occur within family and domestic
ArialMT	11	contexts. Women and girls with disability can be exposed to family and domestic violence
ArialMT	11	outside of relationships with intimate partners, parents, siblings and extended family members
ArialMT	11	in private homes. For example, they can be exposed to violence and abuse by support workers
ArialMT	11	and co-residents in supported accommodation and institutional settings.
DINPro-Medium	13	Women with psychological or intellectual disability
ArialMT	11	Women with psychological11 or intellectual disability experience even higher rates of violence:
ArialMT	11	• 72 per cent of women with psychological or intellectual disability have experienced violence
ArialMT	11	since the age of 15, compared with 54 per cent of women with disability of any type
ArialMT	11	• 45 per cent of women with psychological or intellectual disability have been sexually
ArialMT	11	assaulted compared with 29 per cent of women with any type of disability.
ArialMT	11	Women with psychological or intellectual disability are also at particularly high risk of violence
ArialMT	11	perpetrated by domestic partners.
DINPro-Medium	13	First Nations people with disability
ArialMT	11	First Nations people with disability experience higher rates of violence and abuse than First
ArialMT	11	Nations people without disability. The Australian Bureau of Statistics NATSIHS shows First
ArialMT	11	Nations people with disability are more likely to have experienced physical harm or threats
ArialMT	11	of harm in the previous 12 months than First Nations people without disability (22 per cent
ArialMT	11	compared with 12 per cent).
ArialMT	11	First Nations women with disability:
ArialMT	11	• are more likely to be injured by their most recent experience of deliberate physical harm
ArialMT	11	(78 per cent) than First Nations women without disability (63 per cent) and First Nations
ArialMT	11	men with disability (68 per cent)
ArialMT	11	• are more than twice as likely (53 per cent) than First Nations men with disability (25 per
ArialMT	11	cent) to report that a current or previous intimate partner was the perpetrator of physical
ArialMT	11	harm against them in the previous 12 months.
ArialMT	11	According to the NATSIHS, the most common perpetrator of physical harm against First Nations
ArialMT	11	women with disability is a current or previous intimate partner (53 per cent). For First Nations
ArialMT	11	men with disability, the most common perpetrator is another family member (39 per cent).
ArialMT	9	48 Royal Commission into Violence, Abuse, Neglect and Exploitation of People with Disability: Final Report
DINPro-Medium	13	Culturally and linguistically diverse people with disability
ArialMT	11	Limited data is available on the experiences of people with disability from culturally and
ArialMT	11	linguistically diverse backgrounds. The data that is available must be interpreted with caution,
ArialMT	11	given the diversity of this group of people. The limited data suggests:
ArialMT	11	• culturally and linguistically diverse people with disability aged 18 to 64 experience more
ArialMT	11	violence than those without disability (33 per cent compared with 23 per cent)
ArialMT	11	• during the first wave of the COVID-19 pandemic, culturally and linguistically diverse women
ArialMT	11	with disability reported higher rates of domestic partner violence including physical or
ArialMT	11	sexual violence (21 per cent) and coercive control (26 per cent) than people from English-
ArialMT	11	speaking backgrounds (16 per cent and 18 per cent, respectively).
DINPro-Medium	13	LGBTQA+ people with disability
ArialMT	11	Data from 2014–15 shows people with disability aged 18 to 64 who identify as gay, lesbian,
ArialMT	11	bisexual or another sexual orientation other than heterosexual are almost twice as likely to
ArialMT	11	have experienced physical or threatened violence than those who identify as heterosexual
ArialMT	11	(20 per cent compared with 12 per cent).
ArialMT	11	In 2019, among LGBTQA+ people with disability (this does not include intersex people due
ArialMT	11	to limited sample size) aged 18 and over, rates of violence and abuse:
ArialMT	11	• were higher among those with ‘severe’ disability than those with ‘moderate’ or
ArialMT	11	‘mild’ disability
ArialMT	11	• varied based on both sexual identity and gender identity.
ArialMT	11	People with disability who identify as LGBTQA+ reported higher levels of violence and abuse
ArialMT	11	by family members than LGBTQA+ people without disability. These risks are even higher for
ArialMT	11	LGBTQA+ people with ‘severe’ disability (81 per cent reported violence inflicted by family
ArialMT	11	members compared with 55 per cent of LGBTQA+ people without disability).
DINPro-Medium	13	Violence and abuse in public places
ArialMT	11	Limited data is available on the extent of violence and abuse people with disability experience
ArialMT	11	when going about their everyday lives in public places. However, it is clear from Public hearing
ArialMT	11	28, ‘Violence against and abuse of people with disability in public places’, that it can be
ArialMT	11	persistent and pervasive.
ArialMT	11	In Public hearing 28, people with disability described:
ArialMT	11	• physical and sexual violence and verbal abuse
ArialMT	11	• threatening or intimidating behaviour, including being physically blocked and followed
ArialMT	9	Executive Summary, Our vision for an inclusive Australia and Recommendations 49
ArialMT	11	• microaggressions – that is, apparently minor incidents that cumulatively amount to abuse,
ArialMT	11	including non-consensual filming
ArialMT	11	• verbal and sexual abuse and harassment in online forums, including social media, public
ArialMT	11	and private forums and dating sites.
ArialMT	11	Violent and abusive treatment in public places has a material impact on the health and
ArialMT	11	wellbeing of people with disability. It can cause individuals to modify their behaviours, such
ArialMT	11	as by not going out in public alone and avoiding particular places, activities and people.
ArialMT	11	This includes avoiding travelling on public transport, going to places where alcohol is consumed,
ArialMT	11	and avoiding groups of teenagers and young adults. This has the overall effect of limiting
ArialMT	11	people’s lives and reducing their participation in the community.
DINPro-Medium	16	Interpersonal neglect and exploitation
DINPro-Medium	14	Neglect
ArialMT	11	Neglect of people with disability occurs in multiple forms and across different stages of their
ArialMT	11	lives. We heard distressing accounts of severe deprivation, including from a very young age,
ArialMT	11	and of people with disability dying as a result of gross neglect.
ArialMT	11	The forms of interpersonal neglect we have identified are often connected to or enabled
ArialMT	11	by systemic or service delivery issues and include:
ArialMT	11	• depriving people of necessities of life
ArialMT	11	• failing to assist people with daily activities
ArialMT	11	• preventing or limiting the opportunity for people to develop personal relationships
ArialMT	11	or friendships, or to engage in community activities
ArialMT	11	• developmental neglect, such as failing to provide an environment for each person
ArialMT	11	to maximise their potential
ArialMT	11	• failing to prevent people being exposed to the risk of violence, abuse, neglect
ArialMT	11	or exploitation.
ArialMT	11	There is no nationally representative data source on neglect of people with disability.
DINPro-Medium	14	Exploitation
ArialMT	11	People with disability have shared experiences of both sexual and financial exploitation by other
ArialMT	11	individuals with the Royal Commission. However, the data on the interpersonal exploitation of
ArialMT	11	people with disability is also limited.
ArialMT	11	The Australian Competition and Consumer Commission (ACCC) provided the Royal
ArialMT	11	Commission data under notice on all scams reported to its Scamwatch program between
ArialMT	11	January 2016 and May 2020. The ACCC data shows the average number of people with
ArialMT	9	50 Royal Commission into Violence, Abuse, Neglect and Exploitation of People with Disability: Final Report
ArialMT	11	disability reporting scams increased each year, from 263 reports per month in 2016 to around
ArialMT	11	419 per month in 2019. People with disability aged 55 to 64 were most at risk, with 30 per cent
ArialMT	11	of reports of scams from people in that age group.
ArialMT	11	The types of scams reported by people with and without disability were largely similar but scams
ArialMT	11	against people with disability were more likely to have a serious financial impact.
Arial-ItalicMT	11	Volume 3, Nature and extent of violence, abuse, neglect and exploitation sets out the interpersonal
ArialMT	11	and other forms of violence, abuse, neglect and exploitation people with disability experience
ArialMT	11	across settings and contexts and over different life stages, and what it costs them and Australian
ArialMT	11	society more broadly. This includes the maltreatment resulting from systemic and structural
ArialMT	11	barriers, practices and failures.
ArialMT	9	Executive Summary, Our vision for an inclusive Australia and Recommendations 51
ArialMT	9	52 Royal Commission into Violence, Abuse, Neglect and Exploitation of People with Disability: Final Report
DINPro-Medium	25	Realising the human rights of people
DINPro-Medium	25	with disability
DINPro-Medium	13	Key points
ArialMT	11	• Australia is party to the seven ‘core’ international human rights treaties, including
Arial-ItalicMT	11	the Convention on the Rights of Persons with Disabilities (CRPD). However,
ArialMT	11	existing measures do not give sufficient effect to Australia’s obligations under
ArialMT	11	the CRPD and people with disability are not adequately protected against
ArialMT	11	violence, abuse, neglect and exploitation.
ArialMT	11	• To translate the international human rights of people with disability into Australian
ArialMT	11	domestic law, the Australian Government should commit to the enactment of
ArialMT	11	an Australian Disability Rights Act (DRA). The DRA should clearly articulate
ArialMT	11	the human rights of people with disability, create appropriate enforcement
ArialMT	11	mechanisms, and provide access to effective remedies when rights are breached.
ArialMT	11	• The Australian Government should consult closely with people with disability,
ArialMT	11	disability representative organisations and other key stakeholders about the
ArialMT	11	proposed DRA. It should introduce legislation into parliament as soon as
ArialMT	11	possible following this consultation.
ArialMT	11	• The DRA should include guiding principles designed to promote and advance
ArialMT	11	the human rights of people with disability in Australia. The DRA should impose
ArialMT	11	enforceable duties to give life to the rights it articulates.
ArialMT	11	• The Commonwealth public sector should be the primary duty-holder under the
ArialMT	11	DRA, with a mechanism for other entities to opt in. Their duties would include
ArialMT	11	to consider and act consistently with disability rights; consult with people with
ArialMT	11	disability; and promote disability equality and inclusion.
ArialMT	11	• The Disability Discrimination Act 1992 (Cth) creates little incentive for employers,
ArialMT	11	schools, service providers and other duty-holders to take active measures
ArialMT	11	to prevent disability discrimination. It should be amended to more effectively
ArialMT	11	promote equality and enhance the right of people with disability to live free
ArialMT	11	from discrimination. These reforms would be complementary to the DRA.
ArialMT	9	Executive Summary, Our vision for an inclusive Australia and Recommendations 53
DINPro-Medium	18	Australia’s international human rights obligations
DINPro-Medium	14	I believe that different is not less than. Any and all Australian
DINPro-Medium	14	citizens inherently deserve to have equal human rights.
DINPro-Medium	14	A right to safety, a right to equal access, to be free from abuse,
DINPro-Medium	14	neglect or exploitation of any type. Whether able bodied, or
DINPro-Medium	14	being a person with disability or being a person with any other
DINPro-Medium	14	health impairment.12
ArialMT	11	Australia is party to the seven core international human rights treaties, including the CRPD.13
ArialMT	11	These treaties set out obligations regarding different groups of rights-holders and relate to
ArialMT	11	particular thematic areas. The treaties operate together, reflecting the inter-related, indivisible
ArialMT	11	and interdependent nature of all human rights.
ArialMT	11	Australia’s ratification of these human rights treaties, especially the CRPD, is very important
ArialMT	11	for people with disability and wider Australian society. However, expansive domestic legislation
ArialMT	11	giving effect to Australia’s obligations under international law has not been enacted, and existing
ArialMT	11	measures have not adequately protected people with disability against violence, abuse, neglect
ArialMT	11	and exploitation.
DINPro-MediumItalic	16	Convention on the Rights of Persons with Disabilities
ArialMT	11	As noted, the CRPD is the main treaty that sets out Australia’s international obligations to take
ArialMT	11	legislative, administrative and other measures to respect, protect and fulfil the human rights of
ArialMT	11	people with disability. It is a hybrid treaty, recognising a range of civil and political rights and
ArialMT	11	economic, social and cultural rights. The CRPD includes important principles that have informed
ArialMT	11	our work, as listed in the ‘Introduction’.
ArialMT	11	In Public hearing 31, ‘Vision for an inclusive Australia’, Mr Gerard Quinn, UN Special Rapporteur
ArialMT	11	on the rights of persons with disabilities, described the paradigm shift represented by the CRPD.
ArialMT	11	It reflects the fundamental shift from a medical model of disability (defining people by their
ArialMT	11	impairments) to a social model and human rights model (treating people with disability as
ArialMT	11	rights holders).
DINPro-Medium	14	Equality
ArialMT	11	Equality is a bedrock concept of the CRPD. The international expert body that oversees the
ArialMT	11	convention, the Committee on the Rights of Persons with Disabilities (CRPD Committee),
ArialMT	11	explains three concepts of equality:
ArialMT	9	54 Royal Commission into Violence, Abuse, Neglect and Exploitation of People with Disability: Final Report
ArialMT	11	• ‘formal equality’, which ‘seeks to combat direct discrimination by treating persons in a
ArialMT	11	similar situation similarly’14
ArialMT	11	• ‘substantive equality’, which ‘also seeks to address structural and indirect discrimination
ArialMT	11	and takes into account power relations’15
ArialMT	11	• ‘inclusive equality’, which is a ‘new model of equality developed throughout the Convention’.16
ArialMT	11	In Australia, anti-discrimination laws such as the Disability Discrimination Act 1992 (Cth) (DDA)
ArialMT	11	are essentially concerned with formal equality, where the focus is generally on treating people
ArialMT	11	the ‘same’ way or achieving the ‘same’ outcomes. However, in practice, taking an approach
ArialMT	11	based on formal equality may entrench inequality because the same treatment is not focused
ArialMT	11	on achieving equal outcomes or providing equal opportunities. In contrast, substantive equality
ArialMT	11	requires particular individuals or groups to be treated differently to achieve equal outcomes or
ArialMT	11	have access to equal opportunities.
ArialMT	11	The CRPD takes this one step further, being fundamentally based on inclusive equality.
ArialMT	11	As outlined in Our vision for an inclusive Australia, inclusive equality requires positive action
ArialMT	11	to provide support or make structural changes to create or maintain inclusive settings for people
ArialMT	11	with disability.
DINPro-Medium	16	The human rights of First Nations people with disability
ArialMT	11	Although the creation of the CRPD was a significant development for people with disability,
ArialMT	11	it does not specifically address the rights of First Nations people with disability. Our work has
Arial-ItalicMT	11	also been guided by the United Nations Declaration on the Rights of Indigenous Peoples
ArialMT	11	(UNDRIP). The rights recognised in the UNDRIP include the rights to self-determination,
ArialMT	11	health, respect for and protection of culture, equality and non-discrimination. The UNDRIP
ArialMT	11	requires ‘particular attention’ be paid to the ‘rights and special needs’ of indigenous people
ArialMT	11	with disability.17 This references the issue of intersectionality, which describes how society
ArialMT	11	can respond to a person’s different social characteristics, exposing them to multi-layered or
ArialMT	11	‘intersecting’ forms of discrimination or disadvantage.
ArialMT	11	According to the UN Permanent Forum on Indigenous Issues, implementing the CRPD in a way
ArialMT	11	that also respects the UNDRIP means the measures in the CRPD need to be applied:
ArialMT	11	in a way that is sensitive to the culture and world vision of indigenous peoples in order
ArialMT	11	to best protect the rights of indigenous persons with disabilities.18
DINPro-Medium	18	Australia’s implementation of disability rights
ArialMT	11	Over time, Australian governments have adopted many positive measures to realise the human
ArialMT	11	rights of people with disability, including amending the DDA (which was enacted before the
ArialMT	11	CRPD was ratified). Implementing the rights recognised in the CRPD is not a simple matter of
ArialMT	11	transcribing its articles into domestic legislation. Even so, domestic laws, policies and practices
ArialMT	11	have not given effect to rights recognised in the CRPD that are capable of being implemented.
ArialMT	11	For example:
ArialMT	9	Executive Summary, Our vision for an inclusive Australia and Recommendations 55
ArialMT	11	• Current Commonwealth, state and territory laws give limited legal protection to the
ArialMT	11	rights recognised in the CRPD and do not provide effective remedies when CRPD rights
ArialMT	11	are breached.
ArialMT	11	• While some mechanisms are designed to assess Australia’s laws against our international
ArialMT	11	obligations, there is no mechanism to ensure all Australian laws are consistent with
ArialMT	11	the CRPD.
ArialMT	11	• CRPD rights are not sufficiently incorporated into government policies and practices.
ArialMT	11	There are limited requirements for governments and parliaments to consider the rights
ArialMT	11	of people with disability.
ArialMT	11	• Contrary to the CRPD, people with disability are not sufficiently involved in government
ArialMT	11	decision-making processes and the development of law and policy affecting their rights.
ArialMT	11	There is also limited awareness and understanding of the rights of people with disability, which
ArialMT	11	contributes to violence, abuse, neglect and exploitation.
ArialMT	11	In a report prepared for the Royal Commission, The United Nations Convention on the Rights of
Arial-ItalicMT	11	Persons with Disabilities: An assessment of Australia’s level of compliance, Emeritus Professor
ArialMT	11	Ron McCallum AO concluded:
ArialMT	11	there are many rights in the CRPD that have not been incorporated into Australian law,
ArialMT	11	and there are still too many Australians with disability who experience discrimination,
ArialMT	11	disadvantage and human rights violations, especially among First Nations peoples.19
ArialMT	11	Following Public hearing 18, ‘The human rights of people with disability and making the
Arial-ItalicMT	11	Convention on the Rights of Persons with Disabilities a reality in Australian law, policies and
ArialMT	11	practices’, Counsel Assisting proposed a finding that:
ArialMT	11	the Australian Government has not fully implemented the CRPD into relevant laws,
ArialMT	11	policies and practices. There presently remains gaps in the implementation of the
ArialMT	11	CRPD to protect, promote and ensure the CRPD rights to prevent violence, abuse,
ArialMT	11	neglect and exploitation of people with disability in Australia.20
ArialMT	11	In response, the Australian Government did not accept that Australia had failed to fully
ArialMT	11	implement the CRPD, but acknowledged it is:
ArialMT	11	plainly open to the Royal Commission to find, in the opinion of the Commissioners that
ArialMT	11	there are opportunities for the Australian Government to improve upon the ways in
ArialMT	11	which the CRPD has been implemented in Australia, but … it would be inappropriate
ArialMT	11	to go further and make a finding to the effect of the Proposed Finding.21
ArialMT	11	We regard this as an important acknowledgement that Australia has the opportunity to
ArialMT	11	strengthen implementation of CRPD rights.
ArialMT	9	56 Royal Commission into Violence, Abuse, Neglect and Exploitation of People with Disability: Final Report
ArialMT	11	In our view, the critical question is not whether there are ‘gaps’ in implementing the CRPD.
ArialMT	11	A stronger, more comprehensive and transformative legal framework is required to achieve
ArialMT	11	equality and inclusion and advance the human rights of people with disability, including their
ArialMT	11	right to live free from violence, abuse, neglect and exploitation.
DINPro-Medium	18	Enacting an Australian Disability Rights Act
ArialMT	11	We recommend the Australian Government commit to the enactment of a Disability Rights
ArialMT	11	Act (DRA) to translate the international human rights of people with disability into domestic
ArialMT	11	Australian law. We propose the Australian Government introduce legislation into parliament as
ArialMT	11	soon as possible, following close consultation with people with disability, disability representative
ArialMT	11	organisations and other key stakeholders.
ArialMT	11	The objective of the DRA should be to respect, protect and fulfil all rights in the CRPD, as
ArialMT	11	well as the rights of First Nations people with disability not specifically articulated in the CRPD.
ArialMT	11	These rights should be adapted to be appropriate for the Australian legal context and to ensure
ArialMT	11	they are enforceable in practice.
ArialMT	11	A key aim of the proposed DRA is to take a preventative approach, so people with disability
ArialMT	11	do not experience violence, abuse, neglect and exploitation – or other breaches of their human
ArialMT	11	rights – in the first place.
Arial-ItalicMT	11	(See Volume 4, Realising the human rights of people with disability for the definitions of the key
ArialMT	11	terms used when discussing the proposed DRA.)
DINPro-Medium	16	Objects and principles of the DRA
ArialMT	11	The DRA should have a clear statement of its objects and purpose. It should include guiding
ArialMT	11	principles designed to promote and advance the human rights of people with disability in
ArialMT	11	Australia, based on the general principles set out in the CRPD. The principles should express
ArialMT	11	the key ideas underpinning the DRA in a way that is easy to understand and communicate.
ArialMT	11	The principles should be taken into account by decision-makers applying the DRA’s
ArialMT	11	substantive provisions.
DINPro-Medium	16	Protecting disability rights through the DRA
ArialMT	11	The DRA should clearly articulate the human rights of people with disability. The rights and
ArialMT	11	duties we propose for inclusion are designed to implement rights and obligations the CRPD
ArialMT	11	recognises, in a way that is practical, workable and capable of effective enforcement in the
ArialMT	11	Australian legal context.
ArialMT	9	Executive Summary, Our vision for an inclusive Australia and Recommendations 57
ArialMT	11	We recommend the DRA protect the rights of people with disability to:
ArialMT	11	• non-discrimination and equality before the law
ArialMT	11	• recognition as a person before the law – including the right to access and use supports,
ArialMT	11	such as advocacy services, in making and participating in decisions that affect them,
ArialMT	11	communicating their will and preferences, and developing their decision-making ability
ArialMT	11	• live free from all forms of exploitation, violence and abuse
ArialMT	11	• liberty and security
ArialMT	11	• equitable access to health services.
ArialMT	11	Through consultation with people with disability and others, the Australian Government may
ArialMT	11	decide to include additional human rights of people with disability in the DRA.
DINPro-Medium	16	Duties under the DRA
ArialMT	11	We recommend the following duties be imposed on primary duty-holders under the DRA to give
ArialMT	11	life to the rights articulated in the Act:
ArialMT	11	• an obligation on ‘public authorities’ to act compatibly with the rights set out in the DRA and
ArialMT	11	to give proper consideration to ‘human rights’ (as defined) when making decisions
ArialMT	11	• a requirement that ‘Commonwealth entities’ (as defined) consult with people with disability
ArialMT	11	when developing and evaluating policies, laws and programs and planning new initiatives
ArialMT	11	or making major changes to services provided to the public, or have a significant impact
ArialMT	11	on the public
ArialMT	11	• a duty on Commonwealth entities to promote disability equality and inclusion
ArialMT	11	• a duty on Commonwealth entities to provide an appropriately trained and credentialed
ArialMT	11	interpreter when required by a person with disability who is accessing or using their
ArialMT	11	services or engaging with their statutory functions
ArialMT	11	• a duty on Commonwealth entities to ensure their communications are provided in at least
ArialMT	11	two formats accessible to people with disability when publishing public information or
ArialMT	11	consulting or engaging with people with disability
ArialMT	11	• duties on Commonwealth entities to support implementation of, and compliance with, the
ArialMT	11	DRA, including through disability impact assessments, self-assessment audits on disability
ArialMT	11	inclusion, and transparent reporting.
ArialMT	11	The primary duty-holder under the DRA is to be the Commonwealth public sector. We also
ArialMT	11	recommend the DRA provide a mechanism for private and community sector entities to
ArialMT	11	voluntarily opt in to having obligations under the Act. This is an initial list of duty-holders,
ArialMT	11	with further expansion to be considered in future.
ArialMT	9	58 Royal Commission into Violence, Abuse, Neglect and Exploitation of People with Disability: Final Report
DINPro-Medium	16	Future review
ArialMT	11	The DRA should be reviewed in consultation with people with disability within five years
ArialMT	11	of commencement. The review should consider:
ArialMT	11	• how the Act should be improved
ArialMT	11	• the effectiveness of compliance mechanisms
ArialMT	11	• the availability of appropriate remedies meeting the needs of people with disability.
ArialMT	11	The review should also consider whether and how duties in the DRA should be extended or
ArialMT	11	applied to additional persons or entities, including private sector providers under the NDIS.
ArialMT	11	The Chair and Commissioners Mason and Ryan who hold this view point out that the issues
ArialMT	11	are complex and cannot be resolved quickly.
ArialMT	11	Commissioners Bennett, Galbally and McEwin alternatively recommend that this question
ArialMT	11	should not wait for the five-year review. They recommend that, from the outset, the Australian
ArialMT	11	Government should examine, as a priority, how to expand the duty-holders under the DRA to
ArialMT	11	include private sector providers delivering services through the NDIS.
ArialMT	11	Commissioners Bennett, Galbally and McEwin also consider the DRA should extend to ‘neglect’
ArialMT	11	as well as violence, abuse and exploitation. The Chair and Commissioners Mason and Ryan
ArialMT	11	take the view that extending the DRA to include neglect raises complex questions requiring
ArialMT	11	further consideration and consultation.
DINPro-Medium	16	Remedies and enforcement
ArialMT	11	Articulating rights and setting standards alone are insufficient to effect real change.
ArialMT	11	The provisions of the DRA need to be capable of being applied and enforced in practice.
ArialMT	11	The mechanisms we recommend are designed to deliver the key features of an effective system
ArialMT	11	for the enforcement of disability rights:
ArialMT	11	• Complaint pathways must be clear, accessible, inclusive, efficient and responsive.
ArialMT	11	• Compliance mechanisms must be expert, timely, strategic and accountable.
ArialMT	11	• Remedies must be effective and enforceable.
DINPro-Medium	14	The statutory role of an independent oversight body
ArialMT	11	First, we recommend an independent oversight body be given statutory functions to support
ArialMT	11	compliance with the DRA. In Volume 5, Governing for inclusion, we recommend establishing a
ArialMT	11	new National Disability Commission as an independent statutory authority (also see ‘Governing
ArialMT	11	for inclusion’ later in this Executive summary).
ArialMT	9	Executive Summary, Our vision for an inclusive Australia and Recommendations 59
ArialMT	11	We recommend the National Disability Commission be given:
ArialMT	11	• capacity-building functions under the DRA, including conducting research, publishing
ArialMT	11	guidelines, providing advice through voluntary compliance reviews, handling complaints
ArialMT	11	and being able to intervene in appropriate court proceedings
ArialMT	11	• powers to address non-compliance with the DRA, including conducting inquiries, entering
ArialMT	11	into enforceable undertakings, issuing compliance notices and seeking injunctions to stop
ArialMT	11	or prevent breaches of the DRA.
DINPro-Medium	14	Access to remedies when disability rights are breached
ArialMT	11	Second, we recommend that individuals and representative bodies be able to make complaints
ArialMT	11	about breaches of the DRA to the National Disability Commission. The Commission should
ArialMT	11	co-design its complaints mechanism with people with disability. It should:
ArialMT	11	• draw on the national guideline for accessible and responsive complaint handling
ArialMT	11	and investigative practice, which is to be co-designed with people with disability
Arial-ItalicMT	11	(as recommended in Volume 11, Independent oversight and complaint mechanisms,
ArialMT	11	and discussed later in this Executive summary)
ArialMT	11	• at a minimum, offer information about the DRA, dispute resolution and referrals to police
ArialMT	11	and other regulatory or oversight bodies.
ArialMT	11	We also recommend that individuals and representative bodies have standing to bring claims
ArialMT	11	to the Federal Court of Australia or the Federal Circuit and Family Court of Australia about
ArialMT	11	certain contraventions of the DRA by duty-holders. Where the court finds that a person or entity
ArialMT	11	has acted incompatibly with the DRA, it should have the power to grant any relief or remedy
ArialMT	11	it considers just and appropriate, including damages.
DINPro-Medium	16	Strengthening awareness and understanding of disability rights
ArialMT	11	Guidance and education about disability rights is an investment in better decision-making
ArialMT	11	by duty-holders and, ultimately, in promoting and protecting the human rights of people with
ArialMT	11	disability in Australia. The best human rights outcomes are achieved when human rights are
ArialMT	11	built into the everyday work of policy making, law making and service delivery, and harm is
ArialMT	11	prevented from occurring in the first place. Providing accessible information, guidance and
ArialMT	11	training about disability rights is an important part of making rights a reality.
ArialMT	11	We recommend the National Disability Commission have functions to:
ArialMT	11	• promote understanding and acceptance of the rights of people with disability under
ArialMT	11	the DRA
ArialMT	11	• develop and provide guidance and educational and training programs on the rights
ArialMT	11	and duties under the DRA
ArialMT	9	60 Royal Commission into Violence, Abuse, Neglect and Exploitation of People with Disability: Final Report
ArialMT	11	• co-design and co-deliver training programs and resources with people with disability and
ArialMT	11	with the Australian Human Rights Commission (AHRC), to provide a complete picture of
ArialMT	11	protections under the DRA and the DDA.
DINPro-Medium	16	Protecting disability rights in state and territory laws
ArialMT	11	Within Australia’s federal system of government it is the Australian Government that enters into
ArialMT	11	and ratifies international human rights treaties, including the CRPD. Although the states and
ArialMT	11	territories are not parties to the CRPD, the provisions of the CRPD extend to ‘all parts of federal
ArialMT	11	States without any limitations or exceptions’.22 In any event, as a practical matter, implementing
ArialMT	11	Australia’s obligations under the CRPD requires the participation of state and territory
ArialMT	11	governments. Recognition of disability rights in sectors including public health, public education,
ArialMT	11	public housing, child protection, and corrections requires state and territory legislation, policies
ArialMT	11	and practices to be effective.
ArialMT	11	We recommend each state and territory establish protections corresponding to those recognised
ArialMT	11	in the DRA within their jurisdiction. We acknowledge the complexity and diversity of the existing
ArialMT	11	legal frameworks and the various oversight mechanisms that exist at the state and territory
ArialMT	11	level. For that reason, we recommend states and territories protect a consistent range of rights
ArialMT	11	similar to those in the DRA, but they adapt the duties and compliance mechanisms to their own
ArialMT	11	legal context and institutional structures.
DINPro-MediumItalic	18	Strengthening the Disability Discrimination Act
ArialMT	11	When the DDA was enacted in 1992, people with disability and their advocates held high
ArialMT	11	expectations it would result in significant change. The Disability Discrimination Bill 1992 (Cth)
ArialMT	11	was described in parliament as:
ArialMT	11	the vision [for] a fairer Australia where people with disabilities are regarded as equals,
ArialMT	11	with the same rights as all other citizens, with recourse to systems that redress any
ArialMT	11	infringements of their rights.23
ArialMT	11	These expectations have not been realised. We recommend amendments to make the DDA
ArialMT	11	more effective in promoting equality and enhancing the right of people with disability to live free
ArialMT	11	from discrimination. These reforms would be complementary to the DRA.
DINPro-Medium	16	Direct and indirect discrimination
ArialMT	11	The DDA applies nationally and operates concurrently with state and territory anti-discrimination
ArialMT	11	laws. Its objects include the elimination of discrimination on the ground of disability and
ArialMT	11	ensuring people with disability have the same rights to equality before the law as the rest
ArialMT	11	of the community.
ArialMT	11	The DDA prohibits unlawful discrimination in certain areas including employment; education;
ArialMT	11	access to premises; provision of goods, services and facilities; provision of accommodation;
ArialMT	9	Executive Summary, Our vision for an inclusive Australia and Recommendations 61
ArialMT	11	and administration of Commonwealth laws and programs. The DDA prohibits direct
ArialMT	11	discrimination and indirect discrimination on the ground of disability in these areas.
ArialMT	11	It also includes an obligation to make ‘reasonable adjustments’ to avoid direct and
ArialMT	11	indirect discrimination.24
ArialMT	11	In addition, the DDA establishes the office of the Disability Discrimination Commissioner.
ArialMT	11	If a person believes they have experienced disability discrimination, they can lodge a complaint
ArialMT	11	with the AHRC, which will inquire into and attempt to conciliate the complaint. If conciliation is
ArialMT	11	unsuccessful, the President of the AHRC terminates the complaint and the complainant may
ArialMT	11	commence proceedings in the Federal Court of Australia or the Federal Circuit and Family
ArialMT	11	Court of Australia. If the claim is successful, the court may make a variety of orders, including
ArialMT	11	an order that the discrimination stop and an order for compensation.
DINPro-Medium	16	Effectiveness and coverage of the DDA
ArialMT	11	The Australian Government’s combined second and third periodic report to the CRPD
ArialMT	11	Committee contended that the DDA and other Commonwealth and state legislation give effect
ArialMT	11	to its obligations under international law to recognise and protect the human rights of people
ArialMT	11	with disability. The Australian Government points out the DDA is not the only legislation that
ArialMT	11	gives effect to Australia’s obligations under the CRPD.
ArialMT	11	We accept the DDA incorporates elements of the CRPD into domestic Australian legislation.
ArialMT	11	We also accept that giving effect to the rights recognised in the CRPD is not a simple matter
ArialMT	11	of transcribing its articles into domestic legislation. However, we think more can and should
ArialMT	11	be done.
ArialMT	11	Amendments are needed to address one of the principal deficiencies of the DDA: the protection
ArialMT	11	of a person’s rights depends on that person being prepared to make and pursue a complaint
ArialMT	11	of discrimination. This requires the complainant to have the knowledge and personal resources
ArialMT	11	to pursue the claim, including the risk of an adverse costs order should the matter reach court.
ArialMT	11	As presently drafted, the DDA creates little incentive for employers, schools, service providers
ArialMT	11	and other duty-holders to take active measures to prevent disability discrimination.
DINPro-Medium	16	Defining discrimination
ArialMT	11	We recommend simplifying the definitions of direct and indirect discrimination in the DDA.
DINPro-Medium	14	Direct discrimination
ArialMT	11	Under section 5(1) of the DDA, direct discrimination occurs if a person with disability is treated
ArialMT	11	less favourably compared with a person without disability in similar circumstances, and a reason
ArialMT	11	for the treatment is the person’s disability.
ArialMT	9	62 Royal Commission into Violence, Abuse, Neglect and Exploitation of People with Disability: Final Report
ArialMT	11	Establishing discrimination under section 5(1) requires two steps:
ArialMT	11	• a comparison of the way a person with disability and a person without disability in similar
ArialMT	11	circumstances were or would be treated, and then
ArialMT	11	• an inquiry into why the different treatment occurred.
ArialMT	11	This is known as the ‘comparator test’. The burden lies on the complainant to prove they were
ArialMT	11	treated less favourably than a person without the same disability in similar circumstances, and
ArialMT	11	to prove the different treatment occurred because of the complainant’s disability. We consider
ArialMT	11	the comparator test to be complex and a barrier to people with disability proving they have
ArialMT	11	experienced discrimination.
ArialMT	11	It should be enough for a person with disability to show they have been treated unfavourably or
ArialMT	11	unfairly, without having to prove a person without the same disability would have been treated
ArialMT	11	more favourably in similar circumstances.
ArialMT	11	We recommend two changes to the legal test for direct discrimination:
ArialMT	11	• first, removing the need to prove comparative less favourable treatment
ArialMT	11	• second, placing the onus on the respondent (the alleged discriminator) to prove on the
ArialMT	11	balance of probabilities that the reason for the treatment was not disability.
DINPro-Medium	14	Indirect discrimination
ArialMT	11	Section 6(1) of the DDA provides that indirect discrimination occurs when a person with
ArialMT	11	disability is required to comply with a condition or requirement, which they cannot comply
ArialMT	11	with because of their disability, and the condition or requirement disadvantages a person with
ArialMT	11	disability. Indirect discrimination also occurs under section 6(2) when a person fails to provide
ArialMT	11	reasonable adjustments that would enable the person with disability to comply with the condition
ArialMT	11	or requirement.
ArialMT	11	To avoid a finding of indirect discrimination under the DDA, the respondent (the alleged
ArialMT	11	discriminator) must prove the requirement or condition was reasonable in all the circumstances.
ArialMT	11	Even if a condition or requirement is found to be unreasonable, the respondent may still avoid a
ArialMT	11	finding of indirect discrimination by demonstrating that avoiding the discrimination would impose
ArialMT	11	an unjustifiable hardship on the respondent.
ArialMT	11	We recommend the removal of the reasonableness exemption. This means respondents would
ArialMT	11	only be able to rely on the defence of unjustifiable hardship.
ArialMT	9	Executive Summary, Our vision for an inclusive Australia and Recommendations 63
DINPro-Medium	16	Reasonable adjustments
ArialMT	11	In its review of the DDA in 2004, the Productivity Commission concluded:
ArialMT	11	the task of eliminating discrimination cannot be adequately addressed in the absence
ArialMT	11	of a duty to make reasonable adjustments. If disability discrimination legislation only
ArialMT	11	went as far as formal equality, it would entrench existing disadvantages.25
ArialMT	11	The term ‘reasonable adjustment’ itself has been criticised because it suggests the adjustment
ArialMT	11	must be considered ‘reasonable’ or that the respondent must act reasonably when considering
ArialMT	11	whether to make an adjustment. This is not the way the expression has been interpreted by the
ArialMT	11	courts. We recommend removing the word ‘reasonable’ from the DDA in every instance where
ArialMT	11	‘reasonable adjustment’ occurs to better reflect the law and to avoid confusion.
ArialMT	11	We also recommend the DDA impose a stand-alone duty to make adjustments. It should be
ArialMT	11	unlawful for a person to fail or refuse to make an adjustment for a person or group of people
ArialMT	11	with disability, unless making the adjustment would impose an unjustifiable hardship on the
ArialMT	11	person asked to make the adjustment.
DINPro-Medium	16	Positive duty to eliminate discrimination
ArialMT	11	Achieving substantive equality requires more than making adjustments for one person. Positive
ArialMT	11	action is required to remove systemic barriers. It means shifting the focus from a reactive model
ArialMT	11	to one of preventing and eliminating systemic barriers for people with disability more broadly.
ArialMT	11	In its 2004 review, the Productivity Commission described the DDA as ‘a largely reactive Act
ArialMT	11	that relies on complaints and conciliation’.26
ArialMT	11	In its response to the Royal Commission’s Employment issues paper, the AHRC recommended
ArialMT	11	the Australian Parliament amend the DDA to introduce a positive duty to promote substantive
ArialMT	11	equality and eliminate discrimination.
ArialMT	11	We recommend the creation of a new positive duty under the DDA to take reasonable and
ArialMT	11	proportionate measures to eliminate all forms of discrimination, including harassment and
ArialMT	11	victimisation, on the ground of disability. The duty should apply to all current duty holders under
ArialMT	11	the DDA, including public and private sector entities. This recommendation is based on the
ArialMT	11	December 2022 amendments to the Sex Discrimination Act 1984 (Cth).
DINPro-Medium	16	Harassment under the DDA
ArialMT	11	The DDA makes harassment of a person with disability and their associates unlawful in only
ArialMT	11	three areas: employment or work; the provision of goods, services and facilities; and education.
ArialMT	11	We consider the DDA to be ineffective in addressing the harassment experienced by people
ArialMT	11	with disability. Since April 2000, no case involving a claim of harassment in relation to disability
ArialMT	11	has succeeded under the DDA.
ArialMT	9	64 Royal Commission into Violence, Abuse, Neglect and Exploitation of People with Disability: Final Report
ArialMT	11	There are two reasons for this. First, the existing provisions have been interpreted narrowly.
ArialMT	11	The conduct must be ‘both persistent and harrying’27 or be ‘a series of actions causing vexation
ArialMT	11	and worry’.28 One-off or isolated incidents of harassment do not meet this threshold.
ArialMT	11	Second, the DDA is limited in its application. As noted, it confines protection against harassment
ArialMT	11	to particular contexts. The evidence shows many people with disability experience harassment
ArialMT	11	in a range of places and circumstances not covered by the DDA, including public places.
ArialMT	11	We recommend the DDA be amended to make harassment on the ground of disability unlawful.
ArialMT	11	We propose the amendment should be modelled on the current section 18C of the Racial
Arial-ItalicMT	11	Discrimination Act 1975 (Cth).
DINPro-Medium	16	Vilification
ArialMT	11	Except to the extent the DDA addresses discrimination in the form of harassment, it affords
ArialMT	11	no protection to people against vilification based on their disability.
ArialMT	11	We recommend the DDA be amended to prohibit vilification of a person or group of people with
ArialMT	11	disability on the ground of their disability or perceived disability. Vilification should be defined
ArialMT	11	to include behaviour that incites hatred for or threatens violence or serious abuse towards a
ArialMT	11	person or group of people with disability.
Arial-ItalicMT	11	Volume 4, Realising the human rights of people with disability examines Australia’s human
ArialMT	11	rights obligations and illustrates how a more comprehensive and transformative legal
ArialMT	11	amework is required to achieve equality and inclusion and advance the human rights
ArialMT	11	of people with disability. It includes our recommendations for enacting a Disability Rights
ArialMT	11	Act and strengthening the DDA.
ArialMT	9	Executive Summary, Our vision for an inclusive Australia and Recommendations 65
ArialMT	9	66 Royal Commission into Violence, Abuse, Neglect and Exploitation of People with Disability: Final Report
DINPro-Medium	25	Enabling autonomy and access
DINPro-Medium	13	Key points
ArialMT	11	• Autonomy is a person’s right and freedom to make decisions, control their life and
ArialMT	11	exercise choice. Access means being able to use and interact with information,
ArialMT	11	environments, services and products in a way that suits a person’s needs.
ArialMT	11	• Reform across settings is needed to better enable the autonomy of, and access
ArialMT	11	for, people with disability.
ArialMT	11	• This includes promoting accessible information and communications, and
ArialMT	11	increasing the number, skills and accessibility of interpreters.
ArialMT	11	• Supported decision-making should be embedded in guardianship and
ArialMT	11	administration law and practice, and other systems over time, to ensure substitute
ArialMT	11	decision-making only happens as a last resort and in the least restrictive manner.
ArialMT	11	• Disability advocacy must be funded to meet demand, taking measures to improve
ArialMT	11	the cultural safety of disability advocacy, and enhancing informal supports.
ArialMT	11	• People with disability face a range of barriers to accessing quality health care.
ArialMT	11	These must be removed by building the capability of the health care workforce,
ArialMT	11	and identifying adaptations and supports required for a person-centred approach.
ArialMT	11	• All states and territories should have legal frameworks to reduce the use
ArialMT	11	of restrictive practices, with the aim of elimination. This must include taking
ArialMT	11	immediate action to prohibit some practices, including the seclusion of children.
ArialMT	11	• Non-therapeutic sterilisation of people with disability must be prohibited, unless
ArialMT	11	the person has given their voluntary and informed consent, with support for
ArialMT	11	decision-making if required.
DINPro-Medium	18	Autonomy and access of people with disability
DINPro-Medium	14	Support people’s ability. Believe their decision-making capability
DINPro-Medium	14	can be grown and developed over time.29
ArialMT	11	Autonomy is a person’s right and freedom to make decisions, control their life and exercise
ArialMT	11	choice. Our terms of reference recognise that people with disability have the right to ‘respect
ArialMT	11	for their inherent dignity and individual autonomy’.30
ArialMT	9	Executive Summary, Our vision for an inclusive Australia and Recommendations 67
ArialMT	11	Autonomy is closely related to the concept of ‘access’. People with disability can access
ArialMT	11	environments, facilities, services, products and information if they are able to use and interact
ArialMT	11	with them in a way that responds to their needs.
DINPro-Medium	18	Accessible information and communications
ArialMT	11	Despite obligations under international and domestic law, many people with disability in
ArialMT	11	Australia still cannot access information and communications on an equal basis to people
ArialMT	11	without disability. This can mean not being able to understand information from government
ArialMT	11	agencies and service providers and to communicate their views and preferences.
ArialMT	11	A failure to provide information in accessible formats and to facilitate communication with people
ArialMT	11	with disability can lead to poor health, education and justice outcomes; reduce employment
ArialMT	11	opportunities; and increase the risk of harm during emergencies and natural disasters.
ArialMT	11	People with disability who may face barriers accessing information and communications include
ArialMT	11	people who are blind or have low vision, people who are d/Deaf or hard of hearing, people
ArialMT	11	who are Deafblind, and people with cognitive disability. First Nations people with disability and
ArialMT	11	people with disability from culturally and linguistically diverse backgrounds may face additional
ArialMT	11	barriers to accessing information and communications.
DINPro-Medium	16	National plan for accessible information and communications
ArialMT	11	Australia’s Disability Strategy 2021–2031 (ADS) is the current national disability policy
ArialMT	11	framework (see ‘Governing for inclusion’ later in this Executive summary). It includes a
ArialMT	11	policy priority focused on ensuring ‘information and communication systems are accessible,
ArialMT	11	reliable and responsive’.31 But there is no targeted action plan associated with this policy
ArialMT	11	priority. Governments have committed to providing more accessible information and
ArialMT	11	communications through actions associated with other targeted action plans. State and
ArialMT	11	territory disability strategies and inclusion plans also include broad commitments
ArialMT	11	to improving information accessibility.
ArialMT	11	In 2023, the Australian Government made a commitment the Minister for Communications
ArialMT	11	would develop an Associated Plan under the ADS that will be ‘the vehicle for addressing
ArialMT	11	access to communications technologies’.32 We welcome this commitment. However, we
ArialMT	11	recommend the scope of the Associated Plan be expanded.
ArialMT	11	The Associated Plan should consider information and communications across a range of
ArialMT	11	contexts and settings, and encompass a broad range of modes of communication, including
ArialMT	11	Easy Read, Easy English, Auslan, live and closed captioning, braille and audio description.
ArialMT	11	It should take into account the needs of particular population groups and include targeted
ArialMT	11	actions to reach people with disability in closed settings, including people in the criminal justice
ArialMT	11	system, supported accommodation, Australian Disability Enterprises (ADEs) and day programs.
ArialMT	11	The Associated Plan should focus, in the first instance, on information and communications
ArialMT	11	about public health and emergencies and natural disasters.
ArialMT	9	68 Royal Commission into Violence, Abuse, Neglect and Exploitation of People with Disability: Final Report
DINPro-Medium	16	Improving access to interpreters
ArialMT	11	People with disability may require interpreters to access services and participate in community
ArialMT	11	life. They may miss out on critical supports and services if they are not provided with an
ArialMT	11	appropriately skilled and qualified interpreter when they need one.
ArialMT	11	People with disability who may need interpreters include members of the Deaf and Deafblind
ArialMT	11	community, First Nations sign language users, and people from culturally and linguistically
ArialMT	11	diverse backgrounds.
DINPro-Medium	14	Auslan interpreters
ArialMT	11	Auslan interpreters (including Deafblind interpreters, First Nations sign language interpreters
ArialMT	11	and Deaf interpreters) play an essential role in ensuring accurate information is provided in
ArialMT	11	a range of situations, including in medical, legal, educational and employment settings.
ArialMT	11	The shortage of appropriately qualified and skilled Auslan interpreters results in many Deaf and
ArialMT	11	Deafblind people not being able to access essential systems, services and supports. We heard
ArialMT	11	about poorer educational and health outcomes resulting from a lack of interpreters, as well as
ArialMT	11	implications for people in the justice system.
ArialMT	11	We recommend the Australian Government and state and territory governments, through the
ArialMT	11	Disability Reform Ministerial Council, commission the development of a workforce strategy to
ArialMT	11	increase the number of skilled Auslan interpreters. The strategy should be based on a robust
ArialMT	11	demand-supply analysis to quantify the current gaps and shortages in interpreting services.
DINPro-Medium	14	Spoken language interpreters
ArialMT	11	Some people with disability require spoken language interpreters to access services, including
ArialMT	11	the NDIS. We recommend ways to increase the understanding, skills and accessibility of
ArialMT	11	spoken language interpreters.
DINPro-Medium	13	Disability awareness training
ArialMT	11	Some services support people with disability who require spoken language interpreters.
ArialMT	11	However, spoken language interpreters are not required to complete disability awareness
ArialMT	11	training. Therefore they may not have a full understanding of disability, and may be unfamiliar
ArialMT	11	with disability-specific terminology.
ArialMT	11	The National Accreditation Authority for Translators and Interpreters (NAATI) sets and maintains
ArialMT	11	national standards for the translating and interpreting sector. We recommend NAATI should
ArialMT	11	require interpreters to complete training in disability awareness before receiving accreditation
ArialMT	11	and as part of their professional development to maintain accreditation.
ArialMT	9	Executive Summary, Our vision for an inclusive Australia and Recommendations 69
DINPro-Medium	13	Access to disability services
ArialMT	11	Many people with disability from First Nations and culturally and linguistically diverse
ArialMT	11	communities and their families need additional, practical support to access and navigate
ArialMT	11	the NDIS. However, they can find it difficult to access spoken language interpreters to assist.
ArialMT	11	The National Disability Insurance Agency’s (NDIA) Practice Guide – Accessible Communication
ArialMT	11	states all ‘participants must be supported to communicate in their preferred method in all their
ArialMT	11	dealings’ with the NDIA.33 The NDIA also has a Practice Guide for Aboriginal and Torres Strait
ArialMT	11	Islander planning support. Both practice guides address arranging and working with interpreters.
ArialMT	11	We consider further work is needed to ensure the aims of these practice guides are realised.
ArialMT	11	We recommend the NDIA ensure staff are aware of both practice guides as they relate to
ArialMT	11	interpreters. We also recommend the NDIA provide training for staff on how to arrange
ArialMT	11	and work with an interpreter.
ArialMT	11	Change is needed to ensure registered disability service providers improve access to and
ArialMT	11	use of interpreters for people with disability. We recommend amendments to the National
Arial-ItalicMT	11	Disability Insurance Scheme (Provider Registration and Practice Standards) Rules 2018
Arial-ItalicMT	11	(Cth) and National Disability Insurance Scheme (Quality Indicators for the NDIS Practice
ArialMT	11	Standards) Guidelines 2018 (Cth) to include standards and indicators on working effectively
ArialMT	11	with interpreters. The NDIS Quality and Safeguards Commission (NDIS Commission) should
ArialMT	11	also update the NDIS Workforce Capability Framework to explicitly include the skills and
ArialMT	11	understanding needed for working with interpreters.
DINPro-Medium	18	Support for decision-making
DINPro-Medium	16	Substitute and supported decision-making
ArialMT	11	Some people with disability are denied the right to make big or even everyday decisions about
ArialMT	11	their lives. What is referred to as ‘substitute decision-making’ can prevent people with disability
ArialMT	11	from exercising their autonomy. Substitute decision-making is decision-making by someone
ArialMT	11	on behalf of another person. It takes place because a person is considered to lack capacity to
ArialMT	11	make decisions themselves. Substitute decisions can be made on personal, financial, property
ArialMT	11	and health matters. People with cognitive or psychosocial disability are disproportionately
ArialMT	11	affected by substitute decision-making.
ArialMT	11	‘Supported decision-making’ is decision-making with the support of others. It starts from the
ArialMT	11	premise everyone is able to make decisions and should be supported to do so. Article 12
ArialMT	11	of the CRPD recognises the right to support for decision making.
ArialMT	11	In Australia there is no uniform understanding of or approach to supported decision-making.
ArialMT	11	Under a ‘principled’ approach, which we adopt, a person is supported to maximise their
ArialMT	11	autonomy in making decisions and a ‘representative’ decision-maker can only be appointed
ArialMT	11	as a last resort. Where this happens, a person’s will and preferences must remain central
ArialMT	11	and be reflected in the representative’s decision.
ArialMT	9	70 Royal Commission into Violence, Abuse, Neglect and Exploitation of People with Disability: Final Report
ArialMT	11	If a person cannot actively participate in decision-making or communicate their will and
ArialMT	11	preferences, the representative makes decisions based on their best interpretation of the
ArialMT	11	person’s will and preferences. A person’s will and preferences can be over-ridden only when
ArialMT	11	necessary to prevent serious harm. In these very limited circumstances, a representative’s
ArialMT	11	decision-making may be guided by the standard of promoting ‘personal and social wellbeing’.
DINPro-Medium	14	Substitute decision-making and guardianship
ArialMT	11	Public hearing 30, ‘Guardianship, substituted and supported decision-making’, examined
ArialMT	11	experiences of substitute decision-making and guardianship and administration systems.
ArialMT	11	We heard about the impact substitute decision-making can have on a person’s life, including
ArialMT	11	on their freedoms, privacy, right to speak out about their experiences, and connection with
ArialMT	11	family, friends and community.
ArialMT	11	Guardianship and administration orders are formal orders made by a court or tribunal
ArialMT	11	authorising a person or organisation to make decisions for, act on, and give consent on
ArialMT	11	another person’s behalf. Guardians and administrators are generally appointed when a
ArialMT	11	tribunal or court has determined a person does not have the ‘capacity’ to make a decision
ArialMT	11	and a substitute decision-maker is needed to make that decision on their behalf.
ArialMT	11	In recent years, the number of orders for guardianship and administration has increased,
ArialMT	11	suggesting they may not always be used as a last resort. Evidence indicates the rollout of
ArialMT	11	the NDIS has increased the number of people under guardianship and administration.
ArialMT	11	Witnesses said the complexity of the NDIS has led to an increased reliance on guardianship.
DINPro-Medium	14	A new supported decision-making framework
ArialMT	11	We consider state and territory guardianship and administration legislation should be reformed
ArialMT	11	to recognise and encourage supported decision-making.
ArialMT	11	The key aspects of the supported decision-making framework we recommend are:
ArialMT	11	• use of modern language, including the terms ‘supporter’ and ‘representative’
ArialMT	11	• inclusion of the CRPD in the objects of legislation
ArialMT	11	• a focus on decision-making ability
ArialMT	11	• introduction of a formal supporter model
ArialMT	11	• ensuring representatives are appointed only as a last resort
ArialMT	11	• a new decision-making process for supporters and representatives.
ArialMT	11	Incorporating key elements of a supported decision-making framework in all guardianship and
ArialMT	11	administration legislation will bring about greater uniformity and consistency in practice across
ArialMT	11	states and territories.
ArialMT	9	Executive Summary, Our vision for an inclusive Australia and Recommendations 71
DINPro-Medium	13	Supported decision-making general principles
ArialMT	11	We also recommend the Australian Government and state and territory governments adopt
ArialMT	11	uniform national decision-making principles. They are:
ArialMT	11	• Principle 1 – Recognition of the equal right to make decisions
ArialMT	11	• Principle 2 – Presumption of decision-making ability
ArialMT	11	• Principle 3 – Respect for dignity and the right to dignity of risk
ArialMT	11	• Principle 4 – Recognition of the role of informal supporters and advocates
ArialMT	11	• Principle 5 – Access to support necessary to communicate and participate in decisions
ArialMT	11	• Principle 6 – Decisions should be directed by a person’s own will and preferences
ArialMT	11	and rights
ArialMT	11	• Principle 7 – Inclusion of appropriate and effective safeguards against violence,
ArialMT	11	abuse, neglect and exploitation
ArialMT	11	• Principle 8 – Co-design, co-production and peer-led design processes
ArialMT	11	• Principle 9 – Recognition of diverse experiences, identities and needs
ArialMT	11	• Principle 10 – Entitlement to culturally safe, sensitive and responsive
ArialMT	11	decision-making support.
ArialMT	11	State and territory guardianship and administration legislation should require anyone exercising
ArialMT	11	powers, carrying out functions or performing duties under the legislation to have regard to the
ArialMT	11	principles. Governments should take steps to review and reform other laws concerning decision-
ArialMT	11	making using the supported decision-making principles as the basis for this reform.
DINPro-Medium	14	Tribunal proceedings and processes
DINPro-Medium	13	Maximising participation
ArialMT	11	It is important for a new supported decision-making framework in guardianship and
ArialMT	11	administration legislation to be complemented by robust tribunal practices and processes
ArialMT	11	that maximise the participation of people with disability in tribunal proceedings.
ArialMT	11	In June 2019, the Australian Guardianship and Administration Council (AGAC) released
ArialMT	11	‘Maximising the participation of the person in guardianship proceedings: Guidelines for
ArialMT	11	Australian tribunals’ (Guidelines for tribunals). We recommend AGAC update the Guidelines
ArialMT	11	for tribunals to align with our recommendations on guardianship and supported decision-
ArialMT	11	making. We also recommend state and territory tribunals consider adopting the Guidelines
ArialMT	11	for tribunals so people with disability can participate in tribunal proceedings to the fullest extent.
ArialMT	9	72 Royal Commission into Violence, Abuse, Neglect and Exploitation of People with Disability: Final Report
DINPro-Medium	13	Public disclosure and confidentiality
ArialMT	11	Guardianship and administration legislation in all states and territories except the Australian
ArialMT	11	Capital Territory restrict the disclosure or publishing of personal information about people with
ArialMT	11	disability subject to guardianship and administration applications or orders.
ArialMT	11	Witnesses gave evidence these provisions effectively prevent a person with disability from
ArialMT	11	talking publicly about this aspect of their lives. The provisions create a risk institutions such as
ArialMT	11	hospitals, disability service providers and public guardians and public trustees will be shielded
ArialMT	11	from transparency and accountability because people cannot recount their experiences of
ArialMT	11	tribunal proceedings.
ArialMT	11	We consider a prohibition on publishing information related to tribunal proceedings should
ArialMT	11	not be the default position. We recommend states and territories amend legislation to allow
ArialMT	11	publication of material related to tribunal proceedings, unless the tribunal makes an order
ArialMT	11	preventing public identification, taking into account the will and preferences of the party
ArialMT	11	in the proceedings.
DINPro-Medium	14	Education and capacity building
ArialMT	11	States and territories should ensure the functions of public advocates and public guardians
ArialMT	11	include providing information, education and training on supported decision-making.
ArialMT	11	To complement these efforts, we recommend every state and territory have a statutory
ArialMT	11	body to undertake systemic advocacy to promote supported decision-making.
DINPro-Medium	13	National standards for public advocates, public guardians and public trustees
ArialMT	11	The National Standards of Public Guardianship and National Standards for Financial Managers,
ArialMT	11	developed by AGAC, provide guidance on supported decision-making to public advocates,
ArialMT	11	public guardians and public trustees. These national standards do not have any legal basis or
ArialMT	11	binding effect. However, they set out the ‘minimum expectations of staff when acting as legal
ArialMT	11	decision-makers on behalf of people with decision-making disabilities’.34
ArialMT	11	We recommend updating the national standards including to align with our recommended
ArialMT	11	supported decision-making principles and the new supported decision-making framework.
ArialMT	11	The standards should also recognise the importance of ensuring all engagement with
ArialMT	11	First Nations and culturally and linguistically diverse people is culturally safe.
DINPro-Medium	14	Financial decision-making
DINPro-Medium	13	Financial independence programs
ArialMT	11	Evidence to this inquiry suggested a lack of opportunities to develop financial skills is linked
ArialMT	11	with violence against, and abuse, neglect and exploitation of, people under administration
ArialMT	11	order. It can also reduce the likelihood guardianship or administration orders will be revoked.
ArialMT	9	Executive Summary, Our vision for an inclusive Australia and Recommendations 73
ArialMT	11	We also heard how people can enhance their financial management skills by making their
ArialMT	11	own decisions about money, with support as necessary.
ArialMT	11	People with disability should be given the opportunity to build on their skills so they can be
ArialMT	11	more independent with their money. We recommend establishing or improving financial skills
ArialMT	11	development programs so they are available to all people under orders appointing the public
ArialMT	11	trustee. Improved financial skills can be a pathway out of administration orders.
DINPro-Medium	13	Public trustee fees and charges
ArialMT	11	People who have the public trustee appointed through administration orders may be required
ArialMT	11	to pay fees and charges, even though they did not choose the services of the public trustee.
ArialMT	11	These fees can be substantial. A person under an administration order may not be aware they
ArialMT	11	are required to pay, or are paying, these fees and charges. Even after they become aware,
ArialMT	11	they may be unsure of the amounts they are liable for.
ArialMT	11	Public trustees have discretion to reduce or waive fees for people under certain circumstances,
ArialMT	11	including financial hardship. The extent to which fee relief occurs varies across jurisdictions
ArialMT	11	and is not always readily apparent from publicly available material, such as annual reports.
ArialMT	11	To improve transparency, we recommend public trustees in each state and territory publish
ArialMT	11	accessible information about the services they provide to people under administration orders
ArialMT	11	and the fees and charges for those services.
ArialMT	11	We also recommend state and territory governments that have not recently done so arrange a
ArialMT	11	comprehensive review of the fees and charges payable by people under administration orders.
DINPro-Medium	14	Australia’s interpretative declaration
ArialMT	11	Article 12 of the CRPD recognises everyone has the right to make decisions about their life,
ArialMT	11	and should have the necessary support to do so. Australia has made an interpretative
ArialMT	11	declaration outlining its understanding that article 12 allows for:
ArialMT	11	fully supported or substituted decision-making arrangements, which provide for
ArialMT	11	decisions to be made on behalf of a person, only where such arrangements are
ArialMT	11	necessary, as a last resort and subject to safeguards.35
ArialMT	11	All Commissioners agree that if the Royal Commission’s recommendations are implemented,
ArialMT	11	Australia will be moving towards compliance with article 12 of the CRPD. Commissioners take
ArialMT	11	different views on whether the interpretative declaration needs to be withdrawn. The Chair and
ArialMT	11	Commissioner Ryan’s view is the interpretative declaration is consistent with both the language
ArialMT	11	of article 12 and our proposed principles and recommendations. Commissioners McEwin,
ArialMT	11	Bennett, Galbally and Mason recommend the Australian Government withdraw the interpretative
ArialMT	11	declaration. They consider doing so will promote legal, policy and practice reform by focusing
ArialMT	11	attention on a principled approach to supported decision-making and the need to centre the
ArialMT	11	human rights of people with disability.
ArialMT	9	74 Royal Commission into Violence, Abuse, Neglect and Exploitation of People with Disability: Final Report
DINPro-Medium	18	Improving advocacy and informal supports
ArialMT	11	Disability advocacy means acting, speaking or writing to promote, protect and defend
ArialMT	11	the human rights of people with disability. There are several forms of disability advocacy:
ArialMT	11	• Self-advocacy is where someone with disability speaks up and represents themselves,
ArialMT	11	sometimes with support and training from community-based groups.
ArialMT	11	• Individual advocacy is a one-on-one approach, undertaken by a professional advocate,
ArialMT	11	relative, friend or volunteer.
ArialMT	11	• Systemic advocacy involves working for long-term social change to ensure the
ArialMT	11	collective rights and interests of people with disability are met through legislation,
ArialMT	11	policies and practices.
DINPro-Medium	16	The role and value of advocacy
ArialMT	11	The National Disability Advocacy Framework (NDAF) recognises the critical role of advocacy.
ArialMT	11	Under the 2023–2025 NDAF, the Australian Government and state and territory governments
ArialMT	11	have committed to the following objective:
ArialMT	11	People with disability have access to effective disability advocacy that promotes,
ArialMT	11	protects and ensures their full and equal enjoyment of all human rights, enabling
ArialMT	11	full community participation and inclusion.36
ArialMT	11	In many public hearings, we heard about the importance of self-advocacy in preventing violence
ArialMT	11	against, and abuse, neglect and exploitation of, people with disability. However, some people
ArialMT	11	with disability may have limited capability to self-advocate. Their personal circumstances or
ArialMT	11	high support needs may mean they require independent advocacy support.
ArialMT	11	Independent advocacy is an essential complement to self-advocacy and family advocacy.
ArialMT	11	It may be required in a range of circumstances – for example, when a specific skill set is
ArialMT	11	needed, in closed settings, or where a person with disability lacks informal supports.
DINPro-Medium	14	Barriers to advocacy in supported accommodation and other settings
ArialMT	11	People with disability face unique barriers to accessing disability advocacy if they live in
ArialMT	11	supported accommodation. Group homes, which generally accommodate between four and
ArialMT	11	six long-term residents with disability, can be isolating and can prevent residents from
ArialMT	11	participating in their local communities. Opportunities for building informal support networks
ArialMT	11	can be limited or non-existent, but many people in group homes do not have access to
ArialMT	11	independent advocates. At Public hearing 3, ‘The experience of living in a group home
ArialMT	11	for people with disability’, we heard it can be difficult for group home residents to contact
ArialMT	11	advocacy services, and that staff in group homes can limit residents’ access to information
ArialMT	11	about advocacy. We address this in Volume 10, Disability services, and in ‘Disability service
ArialMT	11	providers’ later in this Executive summary.
ArialMT	9	Executive Summary, Our vision for an inclusive Australia and Recommendations 75
DINPro-Medium	16	Advocacy funding
ArialMT	11	The Australian Government funds disability advocacy organisations through two main programs.
ArialMT	11	Under the National Disability Advocacy Program, the government funds disability advocacy
ArialMT	11	providers to deliver advocacy support across Australia. The program provides ‘people with
ArialMT	11	disability with access to effective disability advocacy that promotes, protects and ensures
ArialMT	11	their full and equal enjoyment of all human rights enabling community participation’.37 It funds
ArialMT	11	organisations to deliver individual and systemic advocacy. In 2021–22, the program received
ArialMT	11	funding of $24.8 million.
ArialMT	11	The NDIS Appeals Program is for people with disability and other people affected by NDIA
ArialMT	11	reviewable decisions. It provides support to people seeking review of these decisions in the
ArialMT	11	Administrative Appeals Tribunal or through other dispute resolution avenues. In 2021–22 it
ArialMT	11	received funding of $15.4 million.
ArialMT	11	Many of the issues for which people with disability require advocacy support relate to service
ArialMT	11	systems that are the responsibility of state and territory governments. These include housing,
ArialMT	11	transport, education, child protection and health. States and territories have a critical role in
ArialMT	11	funding advocacy services. However, the certainty and amount of advocacy funding states
ArialMT	11	and territories provide has fluctuated over the past decade.
DINPro-Medium	14	Additional funding required
ArialMT	11	In many public hearings, the Royal Commission heard the lack of adequate or consistent
ArialMT	11	funding is a major factor contributing to the unmet demand for disability advocacy. Submissions
ArialMT	11	to the Royal Commission support this evidence.
ArialMT	11	We commissioned Taylor Fry to estimate the additional funding needed to meet unmet demand
ArialMT	11	for independent advocacy. Based on this independent analysis, we recommend the Australian
ArialMT	11	Government commit additional funding for 2024–25 and 2025–26 of:
ArialMT	11	• $16.6 million a year for the National Disability Advocacy Program
ArialMT	11	• $20.3 million a year for the NDIS Appeals Program.
ArialMT	11	Taylor Fry’s analysis notes estimates of future demand for disability advocacy are uncertain due
ArialMT	11	to a lack of data. We therefore also recommend all governments collect and publish data on met
ArialMT	11	and unmet demand for disability advocacy programs to inform future funding allocations.
DINPro-Medium	16	Cultural safety
ArialMT	11	The Disability Advocacy Work Plan associated with the 2023–2025 NDAF has a priority work
ArialMT	11	area of ‘increasing culturally appropriate and accessible advocacy services for First Nations
ArialMT	11	people with disability’.38 We welcome this development.
ArialMT	9	76 Royal Commission into Violence, Abuse, Neglect and Exploitation of People with Disability: Final Report
ArialMT	11	We recommend the work plan be amended to make similar provision for people from culturally
ArialMT	11	and linguistically diverse backgrounds with disability and LGBTIQA+ people with disability.
DINPro-Medium	16	Informal supports
ArialMT	11	Informal supports, also known as informal safeguards or natural safeguards, are the social
ArialMT	11	support networks that provide protection for people with disability by increasing connections,
ArialMT	11	relationships and visibility in the wider community. Peer support brings people with disability
ArialMT	11	together to support each other, share experiences and develop skills.
ArialMT	11	We heard about the critical role of informal supports for people with disability who are
ArialMT	11	experiencing social isolation. Informal supports are particularly important for people in
ArialMT	11	supported accommodation, living alone or experiencing homelessness.
ArialMT	11	Informal supports are an important part of advocacy. They can build the capacity of a person
ArialMT	11	with disability to self-advocate, while informal supporters can also advocate on behalf of
ArialMT	11	a person with disability. We make recommendations throughout this Final report to better
ArialMT	11	recognise and enhance informal supports for people with disability.
DINPro-Medium	18	Overcoming barriers to health care and treatment
ArialMT	11	Quality health care is an essential service and a human right in itself. The CRPD recognises
ArialMT	11	people with disability have the right to ‘the enjoyment of the highest attainable standard of health
ArialMT	11	without discrimination on the basis of disability’.39 However, our inquiry revealed many people
ArialMT	11	with disability are denied access to health care on an equal basis to people without disability.
ArialMT	11	Data shows people with disability have worse health outcomes and lower life expectancy than
ArialMT	11	people without disability. For example, an estimated 400 deaths each year of people with
ArialMT	11	intellectual disability aged 20 years and above are considered potentially avoidable.40
ArialMT	11	Attitudes and practices that deny or limit people with disability’s access to quality health
ArialMT	11	care include:
ArialMT	11	• devaluing of their lives and unconscious bias
ArialMT	11	• attributing symptoms or behaviours to a person’s disability rather than considering
ArialMT	11	them as signs of health problems or conditions unrelated to disability
ArialMT	11	• failing to listen to people with disability and their families
ArialMT	11	• failing to provide necessary adaptations and supports.
DINPro-Medium	16	People with cognitive disability and access to health care
ArialMT	11	The evidence in Public hearing 4, ‘Health care and services for people with cognitive disability’,
ArialMT	11	demonstrated people with cognitive disability do not enjoy the right to health recognised by
ArialMT	11	the CRPD. We found ‘people with cognitive disability have been and continue to be subject
ArialMT	11	to systemic neglect in the Australian health system’.41
ArialMT	9	Executive Summary, Our vision for an inclusive Australia and Recommendations 77
DINPro-Medium	14	Education and training of health professionals
ArialMT	11	In Public hearing 4, witnesses proposed further education and training for health professionals
ArialMT	11	as one measure to address the problems we identified. We heard this was important to ensure
ArialMT	11	diagnosis and treatment decisions avoid preconceptions about people with cognitive disability.
ArialMT	11	Training was also needed to improve communication with people with cognitive disability and
ArialMT	11	their families and supporters.
DINPro-Medium	13	Cognitive disability health capability framework
Arial-ItalicMT	11	Our Report of Public hearing 10: Education and training of health professionals in relation
ArialMT	11	to people with cognitive disability, recommended the development and implementation of a
ArialMT	11	cognitive disability health capability framework. The capability framework should specify the
ArialMT	11	core knowledge, skills and attributes required to provide quality health care to people with
ArialMT	11	cognitive disability.
ArialMT	11	The Australian Government Department of Health and Aged Care has confirmed it will
ArialMT	11	address the matters we examined at Public hearing 10 as it implements its National
ArialMT	11	Roadmap for Improving the Health of People with Intellectual Disability (National Roadmap).
ArialMT	11	In our inquiry, we heard about barriers to health care experienced by people with different
ArialMT	11	types of cognitive disability. This includes people with intellectual disability, acquired brain
ArialMT	11	injury, dementia and some people with autism. However, the National Roadmap has a
ArialMT	11	narrower scope and is limited to intellectual disability.
ArialMT	11	The National Roadmap also focuses on undergraduate education. We consider the cognitive
ArialMT	11	disability health capability framework should apply to all health practitioner curricula across
ArialMT	11	all training stages, including entry-level and post-graduate programs, in-service training and
ArialMT	11	continuing professional development (CPD).
ArialMT	11	We recommend the Australian Government Department of Health and Aged Care immediately
ArialMT	11	expand the scope of the work on an intellectual disability health capability framework to
ArialMT	11	address all forms of cognitive disability, to apply at all stages of education and training.
DINPro-Medium	13	Review of accreditation standards and curriculum
ArialMT	11	The accreditation standard for a health profession is a standard used to assess whether a
ArialMT	11	program of study provides those who complete it with the knowledge, skills and professional
ArialMT	11	attributes necessary to practice the profession in Australia. In our Report of Public hearing 10,
ArialMT	11	we found that unless accreditation standards are revised, there is unlikely to be substantive
ArialMT	11	change to educational curricula to incorporate enhanced training on cognitive disability health.
ArialMT	11	Since Public hearing 10, some health professional bodies are taking steps to amend
ArialMT	11	accreditation standards and associated professional competencies and curriculum content.
ArialMT	11	To encourage further progress, we reiterate our recommendations from the public hearing that
ArialMT	9	78 Royal Commission into Violence, Abuse, Neglect and Exploitation of People with Disability: Final Report
ArialMT	11	accreditation authorities for health professions review and amend accreditation standards
ArialMT	11	where necessary to ensure cognitive disability health is sufficiently covered. They should
ArialMT	11	also encourage or mandate education providers to develop specific cognitive disability
ArialMT	11	health curriculum content.
DINPro-Medium	13	Clinical placements for students and trainees
ArialMT	11	We heard while student clinical placements are important to prepare graduates to care for
ArialMT	11	people with cognitive disability, there are limited opportunities. Education providers and other
ArialMT	11	experts supported increasing clinical placements.
ArialMT	11	We recommend the Australian Government Department of Health and Aged Care improve
ArialMT	11	access to clinical placements in disability health services as a priority.
DINPro-Medium	13	Post-graduate training and continuing professional development
ArialMT	11	In Public hearing 10, we examined the education and training medical colleges provide relating
ArialMT	11	to specialist qualifications for psychiatrists, physicians, anaesthetists, general practitioners,
ArialMT	11	rural and remote medicine specialists and emergency physicians. Each college provides some
ArialMT	11	training on cognitive disability health. However, the evidence indicated it does not systematically
ArialMT	11	cover the core aptitudes in cognitive disability health.
ArialMT	11	We also considered training pathways in each medical specialty to become a specialist
ArialMT	11	or develop advanced skills in intellectual or cognitive disability. Better career pathways are
ArialMT	11	needed for aspiring disability specialists.
ArialMT	11	Public hearing 10 also examined CPD opportunities for health professionals in six professions:
ArialMT	11	medicine, nursing, dentistry and oral health, speech pathology, pharmacy and psychology.
ArialMT	11	The evidence clearly indicated a lack of CPD opportunities in cognitive disability health.
ArialMT	11	In our Report of Public hearing 10, we recommended the development of specialised training
ArialMT	11	content in cognitive disability health and the review of CPD programs. The Royal Australasian
ArialMT	11	College of Physicians, Royal Australian and New Zealand College of Psychiatrists and the
ArialMT	11	Royal Australian College of General Practitioners advised they were reviewing and enhancing
ArialMT	11	curricula and learning resources for specialist trainee and CPD programs to include education
ArialMT	11	on cognitive disability health. Other colleges acknowledged they had more work to do.
DINPro-Medium	14	Role for specialised disability health and mental health services
ArialMT	11	Access to specialised intellectual disability health services in Australia varies substantially
ArialMT	11	across jurisdictions. We heard they are most developed in New South Wales. The NSW
ArialMT	11	Intellectual Disability Health Service offers comprehensive health assessment and
ArialMT	11	recommendations for people with intellectual disability who have unresolved complex
ArialMT	11	or chronic health needs that cannot be met through the usual care pathways.
ArialMT	9	Executive Summary, Our vision for an inclusive Australia and Recommendations 79
ArialMT	11	We recommend state and territory governments fund, establish and evaluate specialised health
ArialMT	11	and mental health services for people with cognitive disability to provide specialist assessment
ArialMT	11	and clinical services.
DINPro-Medium	14	Care coordination
ArialMT	11	Expert witnesses described how the complexity and fragmentation of the health system
ArialMT	11	disproportionally impacts people with cognitive disability. Continuity of care for people
ArialMT	11	with cognitive disability is often absent at times of transition, such as from paediatric to
ArialMT	11	adult services.
ArialMT	11	A more coordinated approach is needed to improve access to health care for people with
ArialMT	11	disability. We recommend introducing ‘disability health navigators’ to assist people with
ArialMT	11	cognitive disability and complex health issues to find their way through the health system.
DINPro-Medium	16	Adaptations and supports
ArialMT	11	‘Adaptations’ and ‘supports’ refer to the changes and supports people with disability may
ArialMT	11	need to access health care. For example, these could include extra time to process a new
ArialMT	11	environment, or the use of visual aids to overcome communication difficulties.
ArialMT	11	The National Roadmap recognises ‘when health professionals listen to the needs of people
ArialMT	11	with intellectual disability and make reasonable adjustments when delivering health care,
ArialMT	11	patient experiences and healthcare outcomes are greatly improved’.42
ArialMT	11	We recommend the Australian Government and state and territory governments, in consultation
ArialMT	11	with people with disability, identify and publish a list of frequently needed adaptations and
ArialMT	11	supports to enable all people with disability to receive high-quality health care.
DINPro-Medium	16	National health standards, charter and policies
ArialMT	11	In Volume 4, we recommend the Australian Government legislate a right of people with disability
ArialMT	11	to equitable access to health services as part of our proposed Australian Disability Rights Act.
ArialMT	11	To complement this reform, we recommend the right to equitable access to health services be
ArialMT	11	embedded in key policy instruments of the health system – that is, the national health standards
ArialMT	11	and the charter of rights.
DINPro-Medium	14	National health standards
ArialMT	11	The Australian Commission on Safety and Quality in Health Care (ACSQHC) has developed
ArialMT	11	the National Safety and Quality Health Service Standards and the National Safety and Quality
ArialMT	11	Primary and Community Healthcare Standards.
ArialMT	9	80 Royal Commission into Violence, Abuse, Neglect and Exploitation of People with Disability: Final Report
ArialMT	11	The ACSQHC standards are a key vehicle to drive change in the health sector. They are
ArialMT	11	nationally consistent, informed by extensive consultation and linked to existing regulatory
ArialMT	11	and commissioning frameworks, including health service accreditation. We recommend the
ArialMT	11	ACSQHC revise the standards to provide for the delivery of safe and high-quality health care
ArialMT	11	for people with disability and align them with the proposed right to equitable access to health
ArialMT	11	services in the Disability Rights Act as recommended in Volume 4.
DINPro-Medium	14	Australian Charter of Healthcare Rights
ArialMT	11	The Australian Charter of Healthcare Rights describes seven rights of people using the
ArialMT	11	health system: access, safety, respect, information, partnership, privacy, and giving feedback.
ArialMT	11	These rights are significant, but not equivalent to the proposed right to equitable access
ArialMT	11	to health services under the Disability Rights Act.
ArialMT	11	We recommend the ACSQHC amend the Australian Charter of Healthcare Rights to incorporate
ArialMT	11	the right to equitable access to health services for people with disability and align it with the
ArialMT	11	proposed right in the Disability Rights Act recommended in Volume 4.
DINPro-Medium	18	Reducing and eliminating restrictive practices
DINPro-Medium	16	Restrictive practices used on people with disability
ArialMT	11	This inquiry has shown how people with disability are solely or disproportionately subjected
ArialMT	11	to a number of practices that deny them their autonomy and can affect their health, safety
ArialMT	11	and wellbeing. These include ‘restrictive practices’, such as seclusion and physical, chemical,
ArialMT	11	mechanical and environmental restraints. People with disability are subjected to restrictive
ArialMT	11	practices in multiple settings.
ArialMT	11	The use of restrictive practices is regulated at national, state and territory levels in a range of
ArialMT	11	contexts, including disability service provision and health, education and justice settings. There
ArialMT	11	is no single national law on the use of restrictive practices and no nationally agreed definition of
ArialMT	11	a restrictive practice. States and territories regulate different categories of such practices.
ArialMT	11	For the purposes of this Final report, we have defined a ‘restrictive practice’ as ‘any practice or
ArialMT	11	intervention that has the effect of restricting the rights or freedom of movement of a person with
ArialMT	11	disability’. This is the definition adopted in the National Disability Insurance Scheme Act 2013
ArialMT	11	(Cth) (NDIS Act).43
DINPro-Medium	14	Behaviour and restrictive practices
ArialMT	11	Restrictive practices are often used as a response to behaviour perceived as difficult to control.
ArialMT	11	We use the term ‘behaviours of concern’ to describe this conduct, but this should not be
ArialMT	11	understood as implying the behaviour is the fault of the person. It is critical to recognise that
ArialMT	11	behaviour is an important way to communicate for people with cognitive disability in particular.
ArialMT	9	Executive Summary, Our vision for an inclusive Australia and Recommendations 81
DINPro-Medium	16	Rates and drivers of use of restrictive practices
ArialMT	11	People with disability, particularly people with cognitive disability, can be subjected to restrictive
ArialMT	11	practices by NDIS providers, by health care providers, and in settings such as schools, prisons
ArialMT	11	and juvenile detention.
DINPro-Medium	14	Prevalence of restrictive practices
ArialMT	11	Data collection and reporting on the use of restrictive practices on people with disability in
ArialMT	11	Australia are poor. This means the use of restrictive practices cannot be properly assessed,
ArialMT	11	monitored over time or compared across settings or jurisdictions.
ArialMT	11	The NDIS Commission collects data on the use of restrictive practices on NDIS participants
ArialMT	11	by NDIS providers. An ‘unauthorised use’ of a restrictive practice is where use has not been
ArialMT	11	approved under state or territory regulatory frameworks and does not occur in accordance with
ArialMT	11	a behaviour support plan. An ‘authorised use’ is where the relevant state or territory authority
ArialMT	11	has approved use in accordance with a behaviour support plan.
ArialMT	11	In the 2021–22 reporting period, the NDIS Commission reported:
ArialMT	11	• 1.4 million unauthorised uses of restrictive practices against 8,830 NDIS participants
ArialMT	11	• 5.58 million uses of authorised restrictive practices against 8,685 NDIS participants.
ArialMT	11	Chemical restraints were used more than other forms of unauthorised and authorised
ArialMT	11	restrictive practices.
DINPro-Medium	14	Systemic drivers of restrictive practices
ArialMT	11	Systemic drivers of restrictive practices often depend on the settings in which they occur.
ArialMT	11	Several factors contribute to the regular use of restrictive practices in some group homes. These
ArialMT	11	include a lack of person-centred approaches; incompatibility of residents, who do not choose
ArialMT	11	their co-residents; and workforce issues, such as a lack of resources and inadequate training.
Arial-ItalicMT	11	In our Report of Public hearing 6: Psychotropic medication, behaviour support and behaviours
ArialMT	11	of concern, we found environmental factors, including lack of choice in accommodation,
ArialMT	11	unsuitable living arrangements and social isolation increased the incidence of behaviours
ArialMT	11	of concern. Living in these conditions can have long-term effects on the health and wellbeing
ArialMT	11	of people with cognitive disability.
ArialMT	11	In health settings, the sensory environment and past experiences of trauma can lead
ArialMT	11	to ‘increased challenging behaviours or distress’ for some people with disability.44
ArialMT	11	In education settings, behaviours of students with disability can be mischaracterised
ArialMT	11	as wilfully disruptive or naughty. Educators might then respond punitively, rather than
ArialMT	11	attempt to understand or address the underlying cause of the behaviours.
ArialMT	9	82 Royal Commission into Violence, Abuse, Neglect and Exploitation of People with Disability: Final Report
ArialMT	11	The use of seclusion in detention and forensic mental health settings can become entrenched.
ArialMT	11	People with complex support needs in correctional and forensic facilities may be regularly
ArialMT	11	subjected to seclusion, even when its harmful effects are recognised.
DINPro-Medium	16	Stronger legal frameworks
DINPro-Medium	14	Towards consistency of authorisation, review and oversight
ArialMT	11	Reform is needed to improve the processes for authorising, reviewing and overseeing restrictive
ArialMT	11	practices. We recommend state and territory governments ensure appropriate legal frameworks
ArialMT	11	are in place in disability, health, education and justice settings. The frameworks should provide
ArialMT	11	that a person with disability should not be subjected to restrictive practices, except in accordance
ArialMT	11	with procedures for authorisation, review and oversight established by law.
ArialMT	11	We further recommend the use of restrictive practices be independently overseen and
ArialMT	11	monitored, and that authorisation decisions be subject to independent review.
ArialMT	11	The legal framework in each state and territory should reflect that restrictive practices only
ArialMT	11	be authorised and used:
ArialMT	11	• as a last resort and in response to the risk of harm to the person with disability or others,
ArialMT	11	and only after other strategies, including supported decision-making, have been explored
ArialMT	11	and applied
ArialMT	11	• as the least restrictive response possible to ensure the safety of the person with disability
ArialMT	11	or others
ArialMT	11	• to reduce the risk of harm and be proportionate to the potential negative consequence
ArialMT	11	or risk of harm
ArialMT	11	• for the shortest time possible.
DINPro-Medium	14	Reducing and eliminating restrictive practices through a
DINPro-Medium	14	Senior Practitioner
ArialMT	11	A number of states and territories have a Senior Practitioner or Senior Authorising Officer
ArialMT	11	responsible for authorising and monitoring the use of restrictive practices in disability service
ArialMT	11	settings. In its report on the experience of students with disability in Victorian schools, the
ArialMT	11	Victorian Equal Opportunity and Human Rights Commission said:
ArialMT	11	The role of the Senior Practitioner to monitor the use of restrictive interventions
ArialMT	11	in disability services has made a measurable contribution to the reduction in the
ArialMT	11	use of seclusion and restraint in disability services. This has delivered significant
ArialMT	11	improvements for the human rights and dignity of people with disabilities …45
ArialMT	11	We recommend states and territories introduce or clarify the role of a Senior Practitioner.
ArialMT	11	The powers and functions of a Senior Practitioner for restrictive practices in disability service
ArialMT	11	provision should include:
ArialMT	9	Executive Summary, Our vision for an inclusive Australia and Recommendations 83
ArialMT	11	• promoting the reduction and elimination of the use of restrictive practices
ArialMT	11	• protecting and promoting the rights of people with disability subjected to restrictive practices
ArialMT	11	• developing and providing information, education and advice on restrictive practices
ArialMT	11	• considering applications to use restrictive practices in disability service settings and
ArialMT	11	authorising their use
ArialMT	11	• developing guidelines and standards on restrictive practices
ArialMT	11	• receiving complaints about the use of restrictive practices
ArialMT	11	• investigating the use of restrictive practices.
DINPro-Medium	16	Prohibiting certain restrictive practices
ArialMT	11	We consider states and territories should take immediate action to prevent the use of certain
ArialMT	11	restrictive practices in disability, health, mental health and education settings:
ArialMT	11	• In all settings, the seclusion of children should be prohibited.
ArialMT	11	• For disability services, all states and territories should immediately adopt the Disability
ArialMT	11	Reform Council’s agreed list of prohibited practices for NDIS settings.
ArialMT	11	• In health and education settings, we identify the strongest existing prohibitions on the use
ArialMT	11	of restrictive practices that already exist in each state and territory. We recommend that
ArialMT	11	these should apply in all health and education settings nationwide.
ArialMT	11	Our recommendations aim to create more consistent protections for people with disability
ArialMT	11	in various settings, no matter where they live in Australia.
DINPro-Medium	16	Psychotropic medication
ArialMT	11	Psychotropic medication is the administration of any drug capable of affecting the mind,
ArialMT	11	emotions or behaviour. This category of medication includes antipsychotics, anti-depressants
ArialMT	11	and mood stabilisers. We acknowledge, when prescribed appropriately, psychotropic medication
ArialMT	11	can improve health outcomes. However, it can be difficult to determine whether psychotropic
ArialMT	11	medications have been prescribed to treat mental health conditions or as a chemical restraint
ArialMT	11	to control behaviour. Following Public hearing 6, we found psychotropic medication is
ArialMT	11	overprescribed to people with cognitive disability, particularly as a response to behaviours
ArialMT	11	of concern.
ArialMT	11	We consider regulation of the prescription of psychotropic medication is failing to adequately
ArialMT	11	protect people with disability. The regulatory regimes seem to assume the distinction between
ArialMT	11	using psychotropic drugs to treat a diagnosed mental health condition and using them
ArialMT	11	as a chemical restraint to address behaviours of concern is clearer than it is in practice.
ArialMT	11	Many medical practitioners do not have the training or experience to make this distinction.
ArialMT	11	Some medical practitioners reject the distinction as impracticable.
ArialMT	9	84 Royal Commission into Violence, Abuse, Neglect and Exploitation of People with Disability: Final Report
ArialMT	11	In March 2022, the NDIS Commissioner, the CEO of the ACSQHC and the Commissioner of
ArialMT	11	the Aged Care Quality and Safety Commission (ACQSC) released the Joint Statement on the
ArialMT	11	inappropriate use of psychotropic medicines to manage the behaviours of people with disability
ArialMT	11	and older people (Joint Statement). The Joint Statement acknowledged psychotropic medicines
ArialMT	11	are being overprescribed and overused – in particular for older people and people with disability.
ArialMT	11	The NDIS Commission, ACSQHC and the ACQSC have committed to work together to reduce
ArialMT	11	the inappropriate use of psychotropic medicines by:
ArialMT	11	• raising awareness of the risks associated with inappropriate use of psychotropic medicines
ArialMT	11	among health care, aged care and disability workforces
ArialMT	11	• supporting improvements to the availability and quality of behaviour support planning,
ArialMT	11	and preventative and de-escalation strategies
ArialMT	11	• strengthening understanding about and capacity to consent to, prescribe, dispense,
ArialMT	11	administer and cease the use of psychotropic medicines.
ArialMT	11	Ongoing data collection and reporting on the use of psychotropic medication against people
ArialMT	11	with disability, particularly cognitive disability, is also essential. We recommend the NDIS
ArialMT	11	Commission, ACSQHC and ACQSC:
ArialMT	11	• publish joint annual progress reports on implementation of measures under the
ArialMT	11	Joint Statement
ArialMT	11	• commission an independent evaluation of these measures to determine whether they
ArialMT	11	have reduced the use of psychotropic medicines against people with cognitive disability.
DINPro-Medium	16	Improving the evidence base
DINPro-Medium	14	Research
ArialMT	11	There is limited empirical research on restrictive practices and the experiences of people with
ArialMT	11	disability subjected to them. There is also a need for high-quality research on what works to
ArialMT	11	reduce and eliminate restrictive practices.
ArialMT	11	We recommend the National Disability Research Partnership (NDRP) commission a longitudinal
ArialMT	11	study of behaviour support planning and other practices aimed at reducing and eliminating
ArialMT	11	restrictive practices. The study should focus on the use of restrictive practices in a range of
ArialMT	11	settings, including disability service provision, health, education and justice settings.
DINPro-Medium	14	Data collection
ArialMT	11	To address the limitations and inconsistencies in publicly available data, we recommend the
ArialMT	11	Australian Institute of Health and Welfare work with state and territory governments to develop
ArialMT	11	consistent data definitions and collection methods on restrictive practices across all jurisdictions.
ArialMT	11	Using consistent definitions and collection methods, state and territory governments should
ArialMT	11	collect and publish data on the use of restrictive practices in health, education and justice settings.
ArialMT	9	Executive Summary, Our vision for an inclusive Australia and Recommendations 85
DINPro-Medium	14	Targets and performance indicators
ArialMT	11	The collection and reporting of data will improve transparency and accountability concerning
ArialMT	11	the use of restrictive practices but will not be enough to effect real change.
ArialMT	11	Mental health is the only sector with agreed targets and performance indicators to accompany
ArialMT	11	a commitment to reduce and eliminate restrictive practices. However, data on the use of
ArialMT	11	restraint and seclusion in mental health settings is not disaggregated by disability status.
ArialMT	11	There are no similar targets or performance indicators on reducing and eliminating restrictive
ArialMT	11	practices in education, justice or disability services for people with disability. The collection and
ArialMT	11	publication of better data on the use of restrictive practices must be accompanied by indicators
ArialMT	11	and targets to measure sector-specific performance and drive practice change.
ArialMT	11	We recommend the Australian Government and state and territory governments establish
ArialMT	11	sector-specific targets and performance indicators to drive the reduction and elimination
ArialMT	11	of restrictive practices over time. This should be at both the national and state and territory
ArialMT	11	level for disability, health, education and justice settings.
DINPro-Medium	18	Prohibiting non-therapeutic involuntary sterilisation
ArialMT	11	Our inquiry was told about women and girls with disability being subjected to involuntary
ArialMT	11	sterilisation – that is, irreversible surgery that permanently prevents reproduction, performed
ArialMT	11	without full, free and informed consent.
ArialMT	11	Reproductive rights are protected under multiple articles of the CRPD. As noted, Professor
ArialMT	11	McCallum assessed Australia’s compliance with the CRPD and concluded:
ArialMT	11	as a matter of some urgency, the Australian, State and Territory governments [should]
ArialMT	11	amend their laws to forbid non-therapeutic sterilization procedures on girls and boys
ArialMT	11	and on adults with disabilities without their full and free consent.46
DINPro-Medium	16	The legal position in Australia
ArialMT	11	Involuntary sterilisation of people with disability is legal in Australia in certain circumstances.
ArialMT	11	If the person cannot give consent, the procedure can be performed if authorised by a court or
ArialMT	11	tribunal with appropriate jurisdiction. Following a decision known as Marion’s case, parents
ArialMT	11	or guardians of a child can only authorise the sterilisation of the child where it is ‘therapeutic’.
ArialMT	11	This means infertility is ‘a by-product of surgery appropriately carried out’ to treat a disease
ArialMT	11	or condition. Sterilisation is non-therapeutic when performed, for example, to manage
ArialMT	11	menstruation or prevent the risk of conception.47
ArialMT	9	86 Royal Commission into Violence, Abuse, Neglect and Exploitation of People with Disability: Final Report
DINPro-Medium	16	Available data and experiences
ArialMT	11	Data on sterilisation procedures in Australia is limited. AGAC reports on sterilisation, but this
ArialMT	11	is limited to tribunal and board-approved medical procedures on adults with cognitive disability.
ArialMT	11	Between 1 July 2021 and 30 June 2022, 14 adult sterilisations were approved.
DINPro-Medium	16	Prohibition on sterilisation of people with disability
ArialMT	11	We recommend the Australian Government and state and territory governments amend
ArialMT	11	or enact laws to prohibit non-therapeutic sterilisation of people with disability, except:
ArialMT	11	• where there is a threat to the life of the person with disability were the procedure not
ArialMT	11	performed or
ArialMT	11	• when the person with disability is an adult and has given voluntary and informed consent
ArialMT	11	to the procedure, with support for decision-making if required.
ArialMT	11	We recommend five-yearly reviews of legislation prohibiting the sterilisation of people
ArialMT	11	with disability. Reviews should include recommendations as appropriate with the aim of
ArialMT	11	strengthening human rights protections for people with disability.
ArialMT	11	Volume 6, Enabling autonomy and access examines and makes recommendations to address
ArialMT	11	inaccessible information and communications; substitute decision-making; barriers to accessing
ArialMT	11	disability advocacy; barriers to health care and treatment; use of restrictive practices; and non-
ArialMT	11	therapeutic involuntary sterilisation.
ArialMT	9	Executive Summary, Our vision for an inclusive Australia and Recommendations 87
ArialMT	9	88 Royal Commission into Violence, Abuse, Neglect and Exploitation of People with Disability: Final Report
DINPro-Medium	25	Inclusive education, employment
DINPro-Medium	25	and housing
DINPro-Medium	13	Key points
ArialMT	11	• As for all people, education, employment and housing are of profound importance
ArialMT	11	to people with disability. They are also areas with both ‘mainstream’ settings
ArialMT	11	and services, designed for both people with and without disability, and disability-
ArialMT	11	specific settings and services.
ArialMT	11	• Mainstream systems must be significantly reformed to remove barriers to
ArialMT	11	people with disability accessing education, employment and housing, to improve
ArialMT	11	outcomes and to enable meaningful inclusion.
ArialMT	11	• Commissioners have differing views about whether settings exclusively for
ArialMT	11	people with disability should be phased out over time.
ArialMT	11	• Some Commissioners regard the separation of people with disability from their
ArialMT	11	peers and the community at large as ‘segregation’, and incompatible with an
ArialMT	11	inclusive society and inconsistent with the Convention on the Rights of Persons
ArialMT	11	with Disabilities. They consider special/segregated schools, ADEs and group
ArialMT	11	homes and similar accommodation should be phased out over a period of time.
ArialMT	11	• Other Commissioners consider the choices are not between wholly separated
ArialMT	11	and wholly inclusive settings, but are more nuanced requiring consideration
ArialMT	11	of the specific circumstances in which the physical separation of people with
ArialMT	11	disability takes place. They do not consider a more inclusive society for people
ArialMT	11	with disability and consistency with the Convention on the Rights of Persons with
ArialMT	11	Disabilities necessarily requires the phasing out of schools, employment settings
ArialMT	11	or group homes exclusively for people with disability.
DINPro-Medium	18	Achieving inclusive education, employment and housing
DINPro-Medium	14	[people with disability] deserve the choice like everybody else to
DINPro-Medium	14	get out there and find employment. And it can be a pretty brutal
DINPro-Medium	14	landscape sometimes for a lot of people to get out there and
DINPro-Medium	14	get those opportunities that they deserve to have the choice and
DINPro-Medium	14	control over their life if they want to work.48
ArialMT	9	Executive Summary, Our vision for an inclusive Australia and Recommendations 89
ArialMT	11	Education, employment and housing are all areas of profound importance to people with
ArialMT	11	disability and affect them throughout their lives. They are also areas with both ‘mainstream’
ArialMT	11	settings and services, that is for people with and without disability, and settings and services for
ArialMT	11	people with disability only. For this reason, we examined them together, in Volume 7, Inclusive
Arial-ItalicMT	11	education, employment and housing.
ArialMT	11	Our inquiry has shown how both mainstream settings and those where people are separated on
ArialMT	11	the basis of their disability can expose people with disability to various forms of violence, abuse,
ArialMT	11	neglect and exploitation. It has also shown mainstream systems must be significantly reformed,
ArialMT	11	and in some cases transformed, to remove barriers to access for people with disability and to
ArialMT	11	enable their meaningful inclusion.
ArialMT	11	All Commissioners agree mainstream education needs to be transformed to enable more
ArialMT	11	children and young people to be educated in those settings, with such supports as they require.
ArialMT	11	Commissioners agree the open labour market should become more accessible to people with
ArialMT	11	disability, creating greater opportunities for them to work in open employment and be included
ArialMT	11	within the broader community. Similarly, Commissioners agree there should be a greater range
ArialMT	11	of accommodation available to people with disability and flexibility in how support packages can
ArialMT	11	be used. This would facilitate people with disability exercising choice and control over where
ArialMT	11	they live, and not be limited to group homes or equivalent supported accommodation.
ArialMT	11	Commissioners have differing views about whether settings exclusively for people with disability
ArialMT	11	should be phased out over time.
ArialMT	11	Some Commissioners regard the separation of people with disability from their peers and
ArialMT	11	the community at large as ‘segregation’, which is incompatible with an inclusive society.
ArialMT	11	Accordingly, they consider that special/segregated schools, which enrol only students with
ArialMT	11	disability, should be phased out over 28 years and all students, regardless of support needs,
ArialMT	11	should be educated together in mainstream schools (see ‘Phased approach to ceasing
ArialMT	11	special/segregated education’ below).
ArialMT	11	They consider enterprises that employ only people with disability, usually at less than minimum
ArialMT	11	wages, are segregated settings that should also be phased out over ten years. Similarly, they
ArialMT	11	consider group homes and similar forms of accommodation constitute segregated accommodation
ArialMT	11	and should be phased out over 15 years.
ArialMT	11	Other Commissioners consider that separate schools, accommodation or employment for
ArialMT	11	people with disability should not necessarily be characterised as ‘segregated’ settings,
ArialMT	11	depending on the particular circumstances. They say the choices are not between wholly
ArialMT	11	separated and wholly inclusive settings, but are more nuanced.
ArialMT	11	Accordingly they do not consider a more inclusive society for people with disability necessarily
ArialMT	11	requires the phasing out of schools, group homes or employment settings exclusively for
ArialMT	11	people with disability.
ArialMT	11	The respective positions of Commissioners are summarised below.
ArialMT	9	90 Royal Commission into Violence, Abuse, Neglect and Exploitation of People with Disability: Final Report
DINPro-Medium	16	Different perspectives on inclusion
DINPro-Medium	14	Promoting a more inclusive society: Principles and guidelines
DINPro-Medium	13	Views of the Chair and Commissioner Ryan
ArialMT	11	We (the Chair and Commissioner Ryan) unequivocally accept that historically the enforced
ArialMT	11	separation and isolation of people with disability resulted in their dehumanisation and exposed
ArialMT	11	them to horrendous levels of violence, abuse, neglect and exploitation. While we agree it is
ArialMT	11	entirely appropriate to describe some current settings for people with disability as ‘segregated’,
ArialMT	11	not all settings exclusively or primarily for people with disability warrant that description.
ArialMT	11	Separation on the basis of disability can take many different forms and have many
ArialMT	11	different objectives.
ArialMT	11	To determine whether a particular setting should be characterised as ‘segregated’ we consider
ArialMT	11	it is necessary to consider the specific circumstances in which the physical separation of
ArialMT	11	people with disability takes place. These include:
ArialMT	11	• whether participants are separated from other people for shorter or longer periods
ArialMT	11	• whether people with disability who live, learn, work or engage in leisure activities in those
ArialMT	11	settings do so in the exercise of a free and informed choice (or, in the case of children,
ArialMT	11	the free and informed choice of parents or guardians)
ArialMT	11	• whether the participants enjoy regular and significant interaction with their non-disabled
ArialMT	11	peers and the wider community.
DINPro-Medium	13	Principles and guidelines
ArialMT	11	Since the terms of reference require us to inquire into what should be done to promote a more
ArialMT	11	inclusive society, we identify principles that should inform the inquiry. These include:
ArialMT	11	• People with disability should be free to make their own decisions, including where they live,
ArialMT	11	work and learn.
ArialMT	11	• People with intellectual disability or cognitive impairment should receive the supports
ArialMT	11	they may require to make decisions for themselves.
ArialMT	11	• Mainstream services or programs should be accessible to people with disability, including
ArialMT	11	by means of adjustments and supports to which they are entitled.
ArialMT	11	• People with disability should not be isolated from their peers or the broader community
ArialMT	11	and should have the opportunity to engage regularly with their peers and participate in
ArialMT	11	community life.
ArialMT	9	Executive Summary, Our vision for an inclusive Australia and Recommendations 91
ArialMT	11	• The human rights of people with disability should be protected by law and recognised by
ArialMT	11	the broader community.
ArialMT	11	• The services and programs in which people with disability participate should never devalue
ArialMT	11	or dehumanise them.
ArialMT	11	We rely on these principles to formulate guidelines to address the policy issues in education,
ArialMT	11	employment and housing. The guidelines are:
ArialMT	11	• No person with disability should be forced against their will (or, in the case of children,
ArialMT	11	against the will of their parents or guardians) into an environment in which they are
ArialMT	11	physically separated on the basis of disability and isolated from their peers or the
ArialMT	11	community at large.
ArialMT	11	• The barriers that currently prevent people with disability participating fully in mainstream
ArialMT	11	settings should be eliminated so far as feasible.
ArialMT	11	• Adults with disability should be free to make their own decisions concerning where
ArialMT	11	they live, work, learn, socialise and enjoy leisure time.
ArialMT	11	• In making choices, people with disability should be assured they will receive the supports
ArialMT	11	and adjustments they are entitled to receive to enable them to participate as fully as
ArialMT	11	practicable in mainstream settings.
ArialMT	11	• All settings in which people with disability live, work, learn, participate in community
ArialMT	11	activities, socialise and enjoy recreation should be subject to rigorous regulatory oversight
ArialMT	11	and programs designed to prevent people with disability experiencing violence, abuse,
ArialMT	11	neglect and exploitation.
ArialMT	11	• People with disability should have a range of options available that enable them to
ArialMT	11	freely choose the setting they consider meets their needs and goals and offers them
ArialMT	11	the maximum opportunities for inclusion within the community.
ArialMT	11	It follows in our view that a more inclusive society may be compatible with settings in which
ArialMT	11	people with disability are separated for part of the time from their peers and the community
ArialMT	11	at large. Whether that is the case – and whether the settings warrant being characterised as
ArialMT	11	segregated – depends on whether the setting is consistent with the principles and guidelines
ArialMT	11	we identify.
DINPro-Medium	14	Ending segregation: The case for change
DINPro-Medium	13	Views of Commissioners Bennett, Galbally and McEwin
ArialMT	11	We three Commissioners have formed the view that segregation describes the deliberate
ArialMT	11	and systemic separation of people with disability to live, learn, work or socialise in environments
ArialMT	11	apart from people without disability. It is enforced through laws, policies, structures, systems
ArialMT	11	and social norms. Segregated settings include special schools and classes, Australian Disability
ArialMT	11	Enterprises (ADEs), group homes and day programs.
ArialMT	9	92 Royal Commission into Violence, Abuse, Neglect and Exploitation of People with Disability: Final Report
DINPro-Medium	13	What needs to change
Arial-ItalicMT	11	The CRPD Committee’s General comment no. 5 and Guidelines on deinstitutionalization
ArialMT	11	set out the defining elements of institutions. These are:
ArialMT	11	• a lack of control over day-to-day decisions, and a lack of choice about with whom
ArialMT	11	individuals live
ArialMT	11	• an obligation to share assistants with others and having no or limited influence
ArialMT	11	over who provides the assistance
ArialMT	11	• a rigid routine that does not account for personal will and preferences
ArialMT	11	• identical activities being held in the same place for a group of individuals
ArialMT	11	• a paternalistic approach to providing services, and supervised living arrangements
ArialMT	11	• isolation and segregation from those who live an independent life in the community
ArialMT	11	• a number of people with disability congregated in the same environment.
ArialMT	11	The CRPD Committee notes that:
ArialMT	11	States Parties should recognize institutionalization in all its forms as a multiple
ArialMT	11	violation of the rights enshrined in the Convention [on the Rights of Persons
ArialMT	11	with Disabilities].49
ArialMT	11	We three Commissioners have concluded that many or all of these elements of
ArialMT	11	institutionalisation are present in Australia’s special or segregated education settings,
ArialMT	11	ADEs, group homes and day programs. As a consequence, we consider that these settings
ArialMT	11	are failing to uphold fundamental human rights for people with disability.
ArialMT	11	We heard that in segregated settings people with disability have experienced a range of
ArialMT	11	harmful conditions. These include social isolation; denial of autonomy and choice and control,
ArialMT	11	including over day-to-day living and access to services; limited opportunities for personal growth
ArialMT	11	and development; and various forms of violence, abuse, neglect and exploitation. Practices
ArialMT	11	occurring within institutionalised and closed settings with little oversight or public scrutiny can
ArialMT	11	also place people with disability at heightened risk of violence, abuse, neglect and exploitation.
ArialMT	11	All three Commissioners are clear segregation does not occur in spaces where people with
ArialMT	11	disability choose to come together voluntarily for a common purpose, whether to share culture
ArialMT	11	and values, seek solidarity, provide peer-to-peer support to others who relate to their needs
ArialMT	11	and struggles, or share social justice goals. These are the same choices available to people
ArialMT	11	without disability and they do not limit access to, and full participation in, society on an equal
ArialMT	11	basis with others.
ArialMT	11	We also heard about the long-term impacts of being segregated from an early age.
ArialMT	11	The ‘institutionalisation from cradle to grave’ that used to occur in larger institutions
ArialMT	11	has now become the ‘segregated pipeline’.50
ArialMT	9	Executive Summary, Our vision for an inclusive Australia and Recommendations 93
ArialMT	11	Early and entrenched segregation of people with disability across their life can severely limit
ArialMT	11	their participation in the broader community, and prevent relationships forming between people
ArialMT	11	with and without disability.
DINPro-Medium	13	Ableism from segregation
ArialMT	11	When individuals, organisations and governments exclude and segregate people with disability,
ArialMT	11	it renders these individuals ‘unseen and unfamiliar’.51 This generates and perpetuates attitudes,
ArialMT	11	beliefs and behaviours towards disability by reinforcing the belief that people with disability are
ArialMT	11	‘different’, ‘other’ or ‘special’.52 This is known as ‘ableism’.
DINPro-Medium	13	Phasing out segregation
ArialMT	11	We three Commissioners hold the view that segregating people with disability for study,
ArialMT	11	work, living and recreation should be systematically phased out entirely. We recommend
ArialMT	11	the Australian Government and state and territory governments develop and implement
ArialMT	11	comprehensive roadmaps for phasing out special schools, ADEs and group homes.
ArialMT	11	Most importantly, reimagining these systems needs to be done in partnership with people
ArialMT	11	with disability, with their voices at the centre of reforms.
ArialMT	11	Commissioner Mason has taken into consideration the UNDRIP and segregation’s
ArialMT	11	incompatibility with inclusion on a case-by-case basis.
ArialMT	9	94 Royal Commission into Violence, Abuse, Neglect and Exploitation of People with Disability: Final Report
DINPro-Medium	18	Achieving inclusive education
DINPro-Medium	13	Key points
ArialMT	11	• Mainstream schools need major reforms to overcome the barriers that prevent
ArialMT	11	students with disability, particularly students with intellectual disability, accessing
ArialMT	11	safe, equal and inclusive education.
ArialMT	11	• The Australian Government and state and territory governments should develop
ArialMT	11	a ‘National Roadmap to Inclusive Education’ for students with disability, detailing
ArialMT	11	outcome measures, targets and actions.
ArialMT	11	Under article 24 of the CRPD, Australia has an obligation to recognise the rights of people
ArialMT	11	with disability to education. However, this inquiry has shown that many students with disability
ArialMT	11	continue to be denied access to safe, quality and inclusive education. We agree with the
ArialMT	11	Committee on the Rights of Persons with Disabilities General comment no. 4 that ensuring
ArialMT	11	the right to inclusive education entails:
ArialMT	11	• a transformation in culture, policy and practice in educational environments to
ArialMT	11	accommodate the differing requirements and identities of individual students
ArialMT	11	• a commitment to removing the barriers that impede that possibility.
ArialMT	11	All Commissioners also accept that inclusive education:
ArialMT	11	• involves specialist expertise to make reasonable adjustments for students with
ArialMT	11	disability and support them to participate fully in school life
ArialMT	11	• empowers the leadership and voice of students with disability, while engaging parents
ArialMT	11	and carers in planning and decision making
ArialMT	11	• builds inclusive attitudes and behaviours among parents, students, teachers and
ArialMT	11	school leadership
ArialMT	11	• enhances workforce capabilities and changes classroom and extracurricular practices.
DINPro-Medium	16	Overcoming barriers to safe, quality and inclusive education
DINPro-Medium	16	in mainstream schools
DINPro-Medium	14	Gatekeeping practices
ArialMT	11	‘Gatekeeping’ occurs when schools deny students with disability access to the school of their
ArialMT	11	choice or informally discourage their attendance. There is compelling evidence of gatekeeping
ArialMT	11	occurring in Australia. To prevent this, we recommend:
ArialMT	9	Executive Summary, Our vision for an inclusive Australia and Recommendations 95
ArialMT	11	• states and territories amend Education Acts (or the equivalent) to create a legal entitlement
ArialMT	11	for students with disability to enrol in a local mainstream school (a local mainstream school
ArialMT	11	is a school that is open to all students who meet geographic and residency criteria, and
ArialMT	11	that does not consider disability status as a precondition to entry)
ArialMT	11	• state and territory governments establish an independent review process to enable a
ArialMT	11	parent or supporter to challenge a refusal to enrol a child or young person in a school
ArialMT	11	• state and territory educational authorities disseminate clear, accessible material for
ArialMT	11	students with disability and their families on their rights, the obligations of schools,
ArialMT	11	and review processes.
DINPro-Medium	14	Exclusionary discipline
ArialMT	11	‘Exclusionary discipline’ refers to the exclusion of a student from a classroom, extracurricular
ArialMT	11	activities or a school in response to what is perceived as negative or disobedient behaviour.
ArialMT	11	It includes suspensions, exclusions and expulsions.
ArialMT	11	Throughout our inquiry, we heard evidence and received information about the inappropriate
ArialMT	11	use of exclusionary discipline on students with disability and how this kept them from their
ArialMT	11	classrooms and their peers. Students with disability are far more likely to be suspended than
ArialMT	11	students without disability in government schools in all jurisdictions. Rates are higher again
ArialMT	11	for First Nations students with disability.
ArialMT	11	We recommend state and territory educational authorities:
ArialMT	11	• review all regulations, rules and procedures regulating exclusionary discipline to ensure
ArialMT	11	they adopt the principle that:
ArialMT	11	◦ education providers should avoid the use of exclusionary discipline on students
ArialMT	11	with disability, unless it is necessary as a last resort to avert the risk of serious
ArialMT	11	harm to the student, other students or staff
ArialMT	11	• in considering the use of exclusionary discipline, consider the student’s disability,
ArialMT	11	needs and age and particularly the effects on young children
ArialMT	11	• require steps be taken before exclusion to ensure an individual behaviour plan
ArialMT	11	and reasonable adjustments have been implemented for the student
ArialMT	11	• include a robust review or appeals process for students with disability and their
ArialMT	11	families or carers and supporters.
DINPro-Medium	14	Adjustments and supports
ArialMT	11	Evidence and information before the Royal Commission showed schools often failed to provide
ArialMT	11	students with disability the adjustments and supports necessary to access and participate in
ArialMT	11	all aspects of their education. We concluded the concept of ‘reasonable adjustment’ under
ArialMT	11	the DDA and Education Standards are either poorly understood or inconsistently applied.
ArialMT	9	96 Royal Commission into Violence, Abuse, Neglect and Exploitation of People with Disability: Final Report
ArialMT	11	We recommend state and territory educational authorities develop guidelines to equip and
ArialMT	11	encourage schools, principals and teachers to comply fully with their statutory obligations
ArialMT	11	to provide adjustments for students with disability.
DINPro-Medium	14	Participation in the school community
ArialMT	11	Participation in school is about more than academic learning. It is also about enabling
ArialMT	11	social inclusion in the wider school and local community. Students with disability have a
ArialMT	11	right to feel included as a peer, form firm relationships and friendships, and develop skills
ArialMT	11	for lifelong learning and success.
ArialMT	11	Throughout the inquiry, we heard that students with disability are excluded from full
ArialMT	11	participation in school activities, such as excursions, sporting events, school assemblies
ArialMT	11	and school camps. We also heard students with disability can feel socially isolated in
ArialMT	11	special/segregated (non-mainstream) and mainstream school settings.
ArialMT	11	We recommend state and territory school educational authorities, to the maximum extent
ArialMT	11	feasible, facilitate participation by students at special/segregated (non-mainstream) schools
ArialMT	11	in educational, cultural, sporting, recreational and celebratory activities with their peers in
ArialMT	11	mainstream schools.
ArialMT	11	We also heard evidence that when special/segregated (non-mainstream) schools or education
ArialMT	11	settings are physically located close to or co-located with mainstream schools, this creates
ArialMT	11	opportunities for inclusion. State and territory school educational authorities should, wherever
ArialMT	11	practicable, locate non-mainstream schools within or close to mainstream schools.
DINPro-Medium	14	Transitions from school to work and study
ArialMT	11	There is a lack of comprehensive national data about the trajectories of young people with
ArialMT	11	disability after they leave school. The data that is available shows young people with disability
ArialMT	11	have lower rates of educational attainment and labour force participation than young people
ArialMT	11	without disability.
ArialMT	11	Throughout our inquiry, we heard evidence that schools fail to support students with disability
ArialMT	11	transition from school to further education or employment in the open labour market. Parents
ArialMT	11	and advocates told us students with disability are not given access to work experience,
ArialMT	11	careers counselling or role models and mentors.
ArialMT	11	The extent to which schools facilitate post-school transition planning and the availability of
ArialMT	11	specialised support for students with disability varies according to state and territory education
ArialMT	11	policies. We recommend all state and territory educational authorities have a dedicated careers
ArialMT	11	guidance and transition support service for students with disability to aid transition from school
ArialMT	11	to further education and open employment.
ArialMT	9	Executive Summary, Our vision for an inclusive Australia and Recommendations 97
DINPro-Medium	14	Communicating with parents and students
ArialMT	11	Students with disability have a right to have a say in matters affecting them. However, a
ArialMT	11	common theme in evidence was that students with disability and their parents feel school
ArialMT	11	leaders and teachers do not listen to them, communicate with them or consider the
ArialMT	11	student’s lived expertise when making critical decisions about the student’s education.
ArialMT	11	We know poor communication is a barrier to achieving substantive equality for students
ArialMT	11	with disability. Conversely, we know open and responsive communication can enhance
ArialMT	11	student outcomes.
ArialMT	11	To achieve the goal of better communication, we recommend state and territory educational
ArialMT	11	authorities update policies and supporting guidance for schools. The policies and guidance
ArialMT	11	should clearly outline how and when students and parents can expect to receive information,
ArialMT	11	take part in the school community and be involved in decisions affecting a student’s
ArialMT	11	educational experience.
ArialMT	11	The implementation of these policies should involve people with disability and their families
ArialMT	11	and carers. Policies should respect the distinct cultural identities, perspectives and practices
ArialMT	11	of families from First Nations communities, culturally and linguistically diverse communities
ArialMT	11	and the signing Deaf community.
DINPro-Medium	16	Embedding inclusive education
ArialMT	11	Systemic changes are required to embed inclusive education for students with disability
ArialMT	11	in mainstream schools.
DINPro-Medium	14	Inclusive education expertise
ArialMT	11	Some state and territory education departments have inclusive education units or directorates
ArialMT	11	responsible for advising on policies for inclusive education. We recognise their value and
ArialMT	11	recommend all state and territory educational authorities establish such a unit.
ArialMT	11	Inclusive education units should contain First Nations expertise for advice on ways to improve
ArialMT	11	access to inclusive and culturally appropriate education for First Nations students with disability.
DINPro-Medium	14	Workforce capabilities, development and expertise
ArialMT	11	High-quality teaching by skilled teachers has a positive influence on students’ learning
ArialMT	11	outcomes. All students, particularly students with disability, require a student-centred approach
ArialMT	11	to teaching and learning, with lesson content and teaching methods tailored to individual
ArialMT	11	student needs.
ArialMT	9	98 Royal Commission into Violence, Abuse, Neglect and Exploitation of People with Disability: Final Report
DINPro-Medium	13	Strengthening teaching standards
ArialMT	11	The Australian Professional Standards for Teachers (APST) describe the key elements of
ArialMT	11	quality teaching. They articulate what teachers are expected to know and be able to do at
ArialMT	11	different career stages.
ArialMT	11	To embed a human rights-based approach to inclusive education for students with disability,
ArialMT	11	we recommend the Education Ministers Meeting task the Australian Institute for Teaching and
ArialMT	11	School Leadership (AITSL) with reviewing and amending the APST. The review should take
ArialMT	11	into account the knowledge and skills required to teach and support students with disability.
ArialMT	11	To provide guidance on the revised APST, AITSL should also develop an inclusive education
ArialMT	11	capability framework.
DINPro-Medium	13	Continuing professional development
ArialMT	11	Continuing professional development is key to developing teachers’ skills and competency
ArialMT	11	throughout their career. Teachers must renew their registration periodically with evidence
ArialMT	11	of their continued competency and suitability as against the APST, and their professional
ArialMT	11	development activities.
ArialMT	11	Greater support and training for teachers are required to develop the skills and expertise to
ArialMT	11	teach students with disability, particularly students with cognitive impairment or intellectual
ArialMT	11	disability. More is needed beyond a voluntary system for ad hoc professional development.
ArialMT	11	We recommend state and territory educational authorities create and implement professional
ArialMT	11	development strategies based on an inclusive education capability framework for principals,
ArialMT	11	teachers, teaching assistants and teachers of deaf children.
DINPro-Medium	13	Disability expertise
ArialMT	11	It is essential schools have access to people with specific disability expertise.
ArialMT	11	We recommend all states and territories employ lead practitioners specialising in inclusive
ArialMT	11	teaching, behavioural support and deaf education. These staff should be shared between
ArialMT	11	groups of schools and across school sectors to build workforce capability in inclusive practices.
DINPro-Medium	13	Deaf education
ArialMT	11	Failures in education was a strong theme in evidence relating to the deaf community. Many deaf
ArialMT	11	students experience isolation at school and leave school with poor educational outcomes.
ArialMT	11	Schools have a critical role in helping deaf students acquire language skills. When school
ArialMT	11	workforces are not appropriately skilled for the task, it has severe repercussions on the
ArialMT	11	language development of deaf students. However, in most jurisdictions, there is no requirement
ArialMT	11	for teachers of deaf students to be accredited interpreters or to have achieved a particular level
ArialMT	9	Executive Summary, Our vision for an inclusive Australia and Recommendations 99
ArialMT	11	of competence in Auslan. We recommend state and territory governments employ skilled and
ArialMT	11	qualified Auslan interpreters.
DINPro-Medium	14	Data, evidence and building best practice
DINPro-Medium	13	Improving data on students with disability
ArialMT	11	The Australian Government and state and territory governments do not routinely collect and
ArialMT	11	report on data that would contribute to a better understanding of the education experiences and
ArialMT	11	outcomes of students with disability. Governments also have limited data to enable them to
ArialMT	11	monitor violence, abuse and neglect experienced by students with disability. This lack of data
ArialMT	11	makes it difficult to develop policy and build the right capabilities to meet different student needs.
ArialMT	11	We propose the Education Ministers Meeting should commission a national project to develop
ArialMT	11	minimum data requirements for students with disability, building on the Nationally Consistent
ArialMT	11	Collection of Data on School Students with Disability (NCCD). Data is required on:
ArialMT	11	• the school experiences of students with disability
ArialMT	11	• school outcomes for students with disability
ArialMT	11	• progress in addressing barriers to inclusive education.
ArialMT	11	Data should be disaggregated to understand the demographics, characteristics and type
ArialMT	11	of disability of students with disability.
DINPro-Medium	13	Inclusive education research
ArialMT	11	Australia does not have a national repository of research, incorporating international literature,
ArialMT	11	into how to deliver inclusive education. There are also limited supports to translate research
ArialMT	11	into school practices.
ArialMT	11	The Australian Education Research Organisation (AERO) is a national independent education
ArialMT	11	research body established to give teaching professionals the most up-to-date and relevant
ArialMT	11	education research on effective teaching practices. It is jointly funded by the Australian
ArialMT	11	Government and state and territory governments.
ArialMT	11	To improve the evidence base for best practice for inclusive education, the Education Ministers
ArialMT	11	Meeting should commission AERO to:
ArialMT	11	• develop a research program about inclusive education practices, working with teachers,
ArialMT	11	schools, education systems and people with disability
ArialMT	11	• conduct and coordinate inclusive education research
ArialMT	11	• support schools to translate research into school practices.
ArialMT	9	100 Royal Commission into Violence, Abuse, Neglect and Exploitation of People with Disability: Final Report
DINPro-Medium	14	Complaints management
ArialMT	11	Public hearing witnesses said they faced barriers when raising concerns about their child’s
ArialMT	11	experience in educational settings. When problems arise it is important that processes
ArialMT	11	for resolution are clear, fair, efficient and independent. However, not all jurisdictions
ArialMT	11	offer independent complaints management teams, information or supports.
ArialMT	11	We recommend state and territory governments create or expand independent complaint
ArialMT	11	management offices to help resolve complaints about schools, specifically complaints
ArialMT	11	concerning the treatment of students with disability.
ArialMT	11	The Australian Government should include new duties and measures relating to complaint
ArialMT	11	management procedures in the Disability Standards for Education 2005 (Cth). This would
ArialMT	11	help achieve national quality and consistency, and ensure complaint handling processes
ArialMT	11	are student-centric, accessible, efficient, safe and culturally appropriate. State and territory
ArialMT	11	school registration authorities should embed new complaint handling duties in registration
ArialMT	11	requirements for all schools.
DINPro-Medium	14	Oversight and enforcement of school duties
ArialMT	11	Registration requirements for schools are part of the regulatory framework for ensuring the
ArialMT	11	quality of education in Australia. In most states and territories, education legislation requires
ArialMT	11	that schools can only be established if they are registered by an authority and comply with
ArialMT	11	minimum operating standards. The exceptions are government schools in the Northern Territory,
ArialMT	11	Western Australia and the Australian Capital Territory, which are established through the
ArialMT	11	exercise of executive authority.
ArialMT	11	The school registration or accreditation processes can be used to establish baseline
ArialMT	11	expectations of inclusive practices. School registration authorities can continuously monitor
ArialMT	11	rights based outcomes and intervene to enforce compliance. Schools that are denying the rights
ArialMT	11	of students with disability can be identified and non-compliance with their obligations can be
ArialMT	11	resolved through a graduated range of regulatory interventions. These interventions can include
ArialMT	11	public reporting of non-compliance, requiring schools to take certain actions and, ultimately,
ArialMT	11	cancelling a school’s registration.
ArialMT	11	We expect that school registration will be the primary mechanism to strengthen monitoring
ArialMT	11	and enforcement of baseline requirements on schools to prevent violence, abuse and neglect,
ArialMT	11	and provide an inclusive learning environment. The Western Australian, Australian Capital
ArialMT	11	Territory and Northern Territory governments will need to consider an alternative mechanism
ArialMT	11	to enforce mandatory requirements on their government schools, such as ministerial orders
ArialMT	11	or chief executive directions.
ArialMT	9	Executive Summary, Our vision for an inclusive Australia and Recommendations 101
DINPro-Medium	14	Funding for students with disability
ArialMT	11	Inadequate funding can mean students with disability do not receive the adjustments they need
ArialMT	11	for inclusive education. Some mainstream schools cite funding constraints as a reason to deny
ArialMT	11	the enrolment of, or reasonable adjustments for, students with disability.
ArialMT	11	The Australian Government bases its recurrent funding for every student at school on the
ArialMT	11	Schooling Resource Standard, which is an estimate of how much total public funding a school
ArialMT	11	needs to meet its students’ educational needs. In addition to the Schooling Resource Standard
ArialMT	11	base amount, school funding includes a disability loading that reflects the number of students
ArialMT	11	with disability receiving extra support and the level of support.
ArialMT	11	In 2018, the Australian Government commissioned the National School Resourcing Board to
ArialMT	11	review the Schooling Resource Standard settings for the loading for students with disability.
ArialMT	11	The review found there is insufficient evidence to determine whether the current loading settings
ArialMT	11	are the most appropriate inputs for the Schooling Resource Standard. It recommended the
ArialMT	11	Australian Government, in collaboration with state and territory governments, develop a strong
ArialMT	11	evidence base to inform a refined costing model for the students with disability loading.
ArialMT	11	The Australian Government commissioned a report in response to the board’s recommendation.
Arial-ItalicMT	11	As of June 2023, the report, Student with disability loading settings review, had yet to be made
ArialMT	11	public. We understand there is ongoing work comparing funding and actual costs of adjustments
ArialMT	11	for individual students with disability.
ArialMT	11	We recommend the Australian Government and the Education Ministers Meeting:
ArialMT	11	• refine funding for students with disability in response to the findings of the Student with
Arial-ItalicMT	11	disability loading settings review
ArialMT	11	• review disability loading settings and total funding for adjustments every five years to
ArialMT	11	ensure the funding allocated bears a close relationship to the actual cost of supporting
ArialMT	11	students with disability in classrooms and to determine appropriate indexation and
ArialMT	11	distribution of funding.
DINPro-Medium	14	National Roadmap to Inclusive Education
ArialMT	11	Our recommendations for changes to legislation, policy and practices to provide a safe, quality
ArialMT	11	and inclusive school education for students with disability are consistent with the human rights
ArialMT	11	of students with disability and aim to deliver them substantive and inclusive equality.
ArialMT	11	The recommendations for inclusive education are wide in scope and will take many years to
ArialMT	11	achieve. All governments will need to work together collaboratively, and individual governments
ArialMT	11	will need to ensure dedicated action.
ArialMT	9	102 Royal Commission into Violence, Abuse, Neglect and Exploitation of People with Disability: Final Report
ArialMT	11	To guide the implementation of the recommendations, we recommend the Australian
ArialMT	11	Government and state and territory governments, through the Education Ministers Meeting,
ArialMT	11	develop a National Roadmap to Inclusive Education. We also recommend the Education
ArialMT	11	Ministers Meeting, in its 2024 report to National Cabinet, identify the National Roadmap
ArialMT	11	as one of its priorities and include it in its work plan.
DINPro-Medium	16	Different perspectives on special/segregated or non-mainstream
DINPro-Medium	16	education settings
ArialMT	11	As has been noted, Commissioners hold different views about whether special/segregated
ArialMT	11	(non-mainstream) schools should be phased out.
DINPro-Medium	14	Achieving inclusion while phasing out special/segregated
DINPro-Medium	14	education settings
DINPro-Medium	13	Views of Commissioners Bennett, Galbally and McEwin
ArialMT	11	We (Commissioners Bennett, Galbally and McEwin) have formed the view that ensuring
ArialMT	11	an inclusive education system requires a phased transition away from segregating students
ArialMT	11	with disability to fully including them in mainstream education settings.
ArialMT	11	We consider the continued maintenance or expansion of special/segregated education settings
ArialMT	11	is incompatible with Australia’s obligations under the CRPD and the rights of students with
ArialMT	11	disability. In our view, segregated education stems from, and contributes to, the devaluing of
ArialMT	11	people with disability, which is a root cause of the violence, abuse, neglect and exploitation
ArialMT	11	people with disability experience in education and beyond.
ArialMT	11	Directly and through their representative organisations, many people with disability and
ArialMT	11	their families told the Royal Commission that segregation on the basis of disability devalues
ArialMT	11	and ‘others’ students with disability. It also legitimises their devaluing in other spheres of life.
ArialMT	11	Educating children with disability separately from their non-disabled peers in special schools
ArialMT	11	and classes can, for many, be the first step to a lifetime of segregation in employment,
ArialMT	11	housing and community participation.
ArialMT	11	The Royal Commission heard many stories of educational neglect and negative
ArialMT	11	experiences from people with disability and their families and representative organisations.
ArialMT	11	Despite numerous inquiries at national and state or territory level, as well as recommendations
ArialMT	11	and attempts at improvement over several decades, progress has been limited. The poor
ArialMT	11	experiences and outcomes for students with disability are a damning indictment on the current
ArialMT	11	education systems and the approach of maintaining both mainstream and special/segregated
ArialMT	11	education settings.
ArialMT	9	Executive Summary, Our vision for an inclusive Australia and Recommendations 103
DINPro-Medium	13	Phased approach to ceasing special/segregated education
ArialMT	11	We consider the need for transformational change is clear. Transformation requires phasing
ArialMT	11	out and ending special/segregated education and ensuring inclusive education systems.
ArialMT	11	This is to ensure that future generations of people with disability are not condemned to a
ArialMT	11	lifetime of segregation.
ArialMT	11	We acknowledge and accept that transition will take time and recommend timeframes and
ArialMT	11	milestones for the phasing out of special/segregated education settings over a period of
ArialMT	11	28 years. This transition must occur alongside reforms to mainstream schools that ensure
ArialMT	11	all students with disability can access quality, universally accessible and genuinely
ArialMT	11	inclusive education.
ArialMT	11	Phasing out special/segregated education settings will allow for preparation and change
ArialMT	11	of education systems to undertake this complex task. It will also allow for grandfathering
ArialMT	11	arrangements for students with disability who are currently enrolled in special/segregated
ArialMT	11	schools and who choose to remain in these settings. This means that no student in that time
ArialMT	11	will be forced to leave a special/segregated school. However, they will be assisted in their
ArialMT	11	transition if they choose to leave.
ArialMT	11	The proposed milestones for ceasing special/segregated schools and units are set out over
ArialMT	11	a period of 28 years. Key milestones are:
ArialMT	11	• no new special/segregated schools built, or new special/segregated classes or units
ArialMT	11	included within schools, from 2025
ArialMT	11	• no new enrolments of children with disability in special/segregated schools from 2032
ArialMT	11	• no new placements of children with disability in special/segregated units or classes by 2041
ArialMT	11	• no students with disability in special/segregated schools by 2052.
DINPro-Medium	13	Recognise milestones in the National Schools Reform Agreement
ArialMT	11	The National School Reform Agreement is a joint agreement between the Australian
ArialMT	11	Government and state and territory governments. The agreement commits governments to
ArialMT	11	implementing a set of national policy initiatives, with implementation a condition of Australian
ArialMT	11	Government funding to states and territories.
ArialMT	11	We propose the milestones for phasing out special/segregated schools and units be embedded
ArialMT	11	in the National Schools Reform Agreement, with risks to receiving Australian Government
ArialMT	11	education funding if milestones are not met.
ArialMT	11	We also recommend the Australian Government design a Transition Fund under the National
ArialMT	11	Schools Reform Agreement from 2028 to provide discrete funding to schools that require
ArialMT	11	additional support in their transition journey.
ArialMT	9	104 Royal Commission into Violence, Abuse, Neglect and Exploitation of People with Disability: Final Report
DINPro-Medium	14	Achieving inclusion and retaining choice
DINPro-Medium	13	Views of the Chair and Commissioners Mason and Ryan
ArialMT	11	We (the Chair and Commissioners Mason and Ryan) do not share the view that it is necessary
ArialMT	11	or appropriate to phase out non-mainstream schools to support inclusive education. We consider
ArialMT	11	there are policy alternatives available to protect children and young people with complex support
ArialMT	11	needs from violence, abuse, neglect and exploitation in all educational settings.
ArialMT	11	Policy makers do not face a choice between retaining non-mainstream schools whose students
ArialMT	11	are educated in complete isolation from their peers and providing a fully inclusive education
ArialMT	11	in mainstream schools where all students, regardless of the nature of their disability, are
ArialMT	11	taught together. The policy choices are more nuanced and can involve a variety of interactions
ArialMT	11	between students with complex support needs and their peers. All students with disability should
ArialMT	11	receive the best education possible in an environment that fully meets their support needs and
ArialMT	11	encourages their aspirations. That environment should reflect, so far as practicable, free and
ArialMT	11	informed choices made by the students and their families.
ArialMT	11	Non-mainstream schools (as we prefer to describe them) primarily enrolling students with
ArialMT	11	complex support needs should not and need not operate in a manner that isolates those
ArialMT	11	students from their peers. These schools should ensure regular interaction takes place between
ArialMT	11	their students and students enrolled in mainstream schools and other educational settings.
ArialMT	11	The interaction should include educational, social, sporting, recreational and celebratory
ArialMT	11	activities. We make recommendations to this effect.
DINPro-Medium	13	Transforming mainstream schools
ArialMT	11	The vast majority of students with disability, including a significant proportion of students
ArialMT	11	with complex support needs, attend mainstream schools. From our perspective, the important
ArialMT	11	medium- to long-term challenge facing governments and educational authorities is addressing
ArialMT	11	and overcoming the numerous barriers to ensuring that as many students with disability
ArialMT	11	as practicable can receive an inclusive education in mainstream schools.
ArialMT	11	Transforming mainstream schools in all Australian jurisdictions so that they provide
ArialMT	11	inclusive education for as many students with disability as possible is a long-term project.
ArialMT	11	It will face many obstacles and require a substantial investment of public funds. The evidence
ArialMT	11	indicates many parents of children and young people with complex needs freely choose
ArialMT	11	non-mainstream schools. However, many feel they have no choice because of the failure
ArialMT	11	of mainstream schools to accommodate the needs of their children or provide appropriate
ArialMT	11	supports. As more mainstream schools provide an inclusive education for students with
ArialMT	11	disability, fewer students (and their parents or guardians) will feel they have little choice
ArialMT	11	but to enrol in a non-mainstream school.
ArialMT	9	Executive Summary, Our vision for an inclusive Australia and Recommendations 105
DINPro-Medium	13	A human rights approach
ArialMT	11	We are taking a human rights approach to our task. All Australian jurisdictions appear to accept
ArialMT	11	that the Australian Government is obliged by article 24 of the CRPD to take the necessary
ArialMT	11	measures to progressively realise the right of all students with disability to enrol in mainstream
ArialMT	11	schools. Similarly, all Australian jurisdictions appear to accept that students with disability
ArialMT	11	enrolled in non-mainstream schools, including students with complex support needs, have
ArialMT	11	a right to enjoy as inclusive an environment as possible and be protected from all forms of
ArialMT	11	violence, abuse, neglect and exploitation.
ArialMT	11	The measures we propose can be summarised as follows:
ArialMT	11	• (in common with all Commissioners) all Australian governments and educational authorities
ArialMT	11	should address and progressively overcome the barriers to inclusive education in
ArialMT	11	mainstream schools
ArialMT	11	• all Australian governments and educational authorities should ensure non-mainstream
ArialMT	11	schools enrolling students with disability, including students with complex support needs
ArialMT	11	◦ interact regularly in a variety of contexts with students in mainstream schools
ArialMT	11	◦ encourage their students upon completion of their studies to seek and obtain
ArialMT	11	employment in the open labour market.
ArialMT	11	The approach we propose has the advantage of respecting the role of parents and guardians of
ArialMT	11	children and young people with complex support needs. It is fundamental in a free society that
ArialMT	11	parents and guardians should be entitled to make decisions in good faith about the education
ArialMT	11	setting that best suits the interests and needs of their children.
DINPro-Medium	13	First Nations students with disability
ArialMT	11	First Nations people have engaged with the Royal Commission in relation to education,
ArialMT	11	including about First Nations students with complex support needs. An important conversation
ArialMT	11	in First Nations communities is whether special/segregated (non-mainstream) schools should
ArialMT	11	be regarded as examples of segregation, inclusion or both. Our engagement with First Nations
ArialMT	11	people and organisations revealed a broad range of experiences and perspectives. With one
ArialMT	11	exception, no one advocated or supported the phasing out of non-mainstream schools, however
ArialMT	11	this question was never put to those we engaged with.
ArialMT	11	For First Nations people with disability, and the First Nations community as a whole, what we
ArialMT	11	have learnt is important is that any phasing out of non-mainstream schools only takes place:
ArialMT	11	• with their free, prior and informed consent
ArialMT	11	• in accordance with the principle stated in article 19 of the United Nations Declaration on the
Arial-ItalicMT	11	Rights of Indigenous Peoples.
ArialMT	11	This has not occurred and would involve a great deal of work, careful thinking and consultation.
ArialMT	11	The First Nations Disability Forum proposed in Volume 9, First Nations people with disability,
ArialMT	11	could conduct this consultation.
ArialMT	9	106 Royal Commission into Violence, Abuse, Neglect and Exploitation of People with Disability: Final Report
DINPro-Medium	18	Achieving inclusive employment
DINPro-Medium	13	Key points
ArialMT	11	• People with disability face systemic barriers to obtaining and retaining open
ArialMT	11	employment. Action is needed to:
ArialMT	11	◦ reform the Disability Employment Services program
ArialMT	11	◦ increase opportunities for people with disability in public sector employment
ArialMT	11	◦ leverage the procurement power of governments to encourage inclusive
ArialMT	11	employment practices in the private sector.
ArialMT	11	• People with disability working in Australian Disability Enterprises (ADEs) often
ArialMT	11	receive far less than the full national minimum wage under the supported wage
ArialMT	11	system. Workers in ADEs should be paid at least 50 per cent of the minimum
ArialMT	11	wage, moving to the full minimum wage by 2034.
ArialMT	11	The opportunity for a person with disability to work, earn a living and participate as an economic
ArialMT	11	citizen is a key component of an inclusive Australia. It has flow-on effects for the person’s ability
ArialMT	11	to access services, support themselves and their family, realise life aspirations and achieve
ArialMT	11	financial security. Article 27 of the CRPD recognises:
ArialMT	11	the right of persons with disabilities to work, on an equal basis with others; this
ArialMT	11	includes the right to the opportunity to gain a living by work freely chosen or accepted
ArialMT	11	in a labour market and work environment that is open, inclusive and accessible to
ArialMT	11	persons with disabilities.53
ArialMT	11	In Australia, however, people with disability participate in the labour force at a substantially
ArialMT	11	lower rate than people without disability. In 2018, 53 per cent of people with disability aged 15
ArialMT	11	to 64 were in the labour force compared with 84 per cent of people without disability. The labour
ArialMT	11	force participation rate of people with disability has barely changed since 1993, notwithstanding
ArialMT	11	various government strategies, policies and programs over many years.
ArialMT	11	This inquiry examined the experiences of people with disability seeking employment and
ArialMT	11	working in both:
ArialMT	11	• ‘open’ or ‘mainstream’ employment, that is, work settings where people with and
ArialMT	11	without disability are employed
ArialMT	11	• Australian Disability Enterprises (ADEs), which focus exclusively on employing people
ArialMT	11	with disability.
ArialMT	9	Executive Summary, Our vision for an inclusive Australia and Recommendations 107
DINPro-Medium	16	Identifying and addressing barriers to open employment
ArialMT	11	We identified systemic barriers people with disability face to obtaining and retaining open
ArialMT	11	employment. They fall into four main categories:
ArialMT	11	• attitudinal barriers, such as discriminatory beliefs about, stigmas against and behaviours
ArialMT	11	towards people with disability
ArialMT	11	• physical and environmental barriers, including inaccessible workplaces or
ArialMT	11	communication methods
ArialMT	11	• organisational barriers in workplace functions, including failures to make adjustments
ArialMT	11	that workers with disability are entitled to receive
ArialMT	11	• structural barriers, including government programs, policies and practices that create
ArialMT	11	barriers to employment for people with disability.
ArialMT	11	Outlined below are the key actions we consider necessary to address these barriers.
DINPro-Medium	14	Reforming the Disability Employment Service program
ArialMT	11	The Disability Employment Service (DES) program is the Australian Government’s primary
ArialMT	11	program for assisting people with disability to find and retain open employment. It is currently
ArialMT	11	not meeting the needs of people with disability or employers.
ArialMT	11	The Australian Government has announced that a new DES model will replace the current
ArialMT	11	program from 1 July 2025. In our view, the new model’s objective should be to support people
ArialMT	11	with disability entering or transitioning into long-term employment and careers of their choice.
ArialMT	11	The Australian Government should ensure the new model:
ArialMT	11	• is developed using inclusive design principles and is co-designed with people with disability
ArialMT	11	• adopts customised employment models as a core component of service provision
ArialMT	11	• ensures funding arrangements facilitate flexible employment supports and support
ArialMT	11	for DES participants to achieve their employment goals
ArialMT	11	• removes the assessed work capacity requirement for accessing the program.
ArialMT	11	The Australian Government should also develop accessible education and training resources
ArialMT	11	for providers of DES to upskill their staff.
DINPro-Medium	14	Increasing public sector employment for people with disability
ArialMT	11	Article 27 of the CRPD provides that States Parties should take appropriate steps to realise the
ArialMT	11	right to work, including ‘to employ persons with disabilities in the public sector’.54 Consistent
ArialMT	11	with this, governments across Australia should take steps to increase the employment of people
ArialMT	11	with disability in the public sector.
ArialMT	9	108 Royal Commission into Violence, Abuse, Neglect and Exploitation of People with Disability: Final Report
DINPro-Medium	13	Targets and linked pathways
ArialMT	11	The employment of people with disability requires a commitment to recruitment and retention.
ArialMT	11	We recommend the Australian Government and state and territory governments adopt specific
ArialMT	11	and disaggregated targets to increase the proportion in the public sector of:
ArialMT	11	• employees with disability at entry, graduate and executive levels
ArialMT	11	• employees with cognitive disability, who are less likely to be employed full-time than
ArialMT	11	people with other types of disability.
ArialMT	11	We also recommend the Australian Government and state and territory government
ArialMT	11	departments and agencies be required to set a target to ensure a proportion of new public
ArialMT	11	service hires are people with disability. The target should be at least 7 per cent by 2025,
ArialMT	11	increasing to at least 9 per cent by 2030. The Chair and Commissioners Mason and Ryan
ArialMT	11	further propose a sub-target for the employment of people with intellectual disability, to be
ArialMT	11	determined by departments and agencies and published annually.
DINPro-Medium	13	The merit principle in public sector recruitment
ArialMT	11	We recommend the Australian Public Service Commission (APSC) incorporate clearer
ArialMT	11	directions in APS training and support materials on applying the merit principle in recruitment.
ArialMT	11	They should specifically address the importance of having a diverse workforce that reflects
ArialMT	11	the community it serves, as the APS Employment Principles also require.
DINPro-Medium	13	Adjustments and supports
ArialMT	11	A lack of information about, and access to, adjustments in the workplace is a key organisational
ArialMT	11	barrier people with disability face when looking for work and during their employment.
ArialMT	11	To address this in the public sector, we recommend the APSC lead the development of
ArialMT	11	common principles to underpin policies for providing and managing adjustments. The APSC
ArialMT	11	should also develop an APS-wide adjustment ‘passport’ to improve the ease with which people
ArialMT	11	with disability can maintain and transfer their adjustments when moving within the APS.
DINPro-Medium	13	Improve accountability for public sector employment strategies
ArialMT	11	Public sector employment strategies must include strong accountability measures and provide
ArialMT	11	for ongoing evaluation and reform. We recommend the APSC and state and territory public
ArialMT	11	service commissions report annually on the progress of their public sector disability employment
ArialMT	11	strategies. This should include reporting on progress against overall and disaggregated targets
ArialMT	11	for increasing the percentage of employees with disability.
ArialMT	9	Executive Summary, Our vision for an inclusive Australia and Recommendations 109
DINPro-Medium	14	Using procurement to promote private sector action
ArialMT	11	As major purchasers of goods and services, governments can exert market pressure through
ArialMT	11	procurement policies and tendering arrangements. The Australian Government and state and
ArialMT	11	territory governments should leverage this power to encourage inclusive employment practices
ArialMT	11	in the private sector. We recommend they adopt procurement policies that:
ArialMT	11	• favour businesses and entities able to demonstrate they are providing employment
ArialMT	11	opportunities for people with disability in open, inclusive and accessible settings
ArialMT	11	• require all information and communication technology purchases to comply with the current
ArialMT	11	Australian information and communication technology accessibility standard.
DINPro-Medium	14	Improving the regulatory environment
ArialMT	11	Greater regulatory coordination and legislative clarity is also required to support people with
ArialMT	11	disability and employers to understand their rights and obligations.
ArialMT	11	Regulations related to the inherent requirements of a job, workplace adjustments and safety
ArialMT	11	are interrelated and can be difficult to interpret and apply consistently. We recommend
ArialMT	11	the Australian Government convene a Disability Employment Rights Council to improve
ArialMT	11	coordination, consistency and clarity across regulatory bodies and frameworks. We also
ArialMT	11	recommend legislative amendments, including to:
ArialMT	11	• ensure the definition of ‘disability’ in the Fair Work Act 2009 (Cth) is consistent
ArialMT	11	with the DDA
ArialMT	11	• amend the DDA to include additional factors that must be taken into account in
ArialMT	11	determining whether a person with disability is able to carry out the inherent
ArialMT	11	requirements of particular work.
ArialMT	11	We also recommend the functions of the Fair Work Ombudsman be expanded so
ArialMT	11	relevant authorities can refer back to it matters involving an employee with disability.
DINPro-Medium	16	Reforming Australian Disability Enterprises
DINPro-Medium	14	Employment in Australian Disability Enterprises
ArialMT	11	ADEs operate throughout Australia and provide segregated employment for people with
ArialMT	11	moderate to severe disability who need significant support to work. Work performed at ADEs is
ArialMT	11	usually manual, including ‘picking and packing’ and manufacturing. As at April 2022, there were
ArialMT	11	161 ADEs registered as NDIS providers. In 2020–21, 17,232 NDIS participants (7 per cent)
ArialMT	11	worked in an ADE.
ArialMT	11	Five key themes emerged in Public hearing 22, ‘The experience of people with disability
ArialMT	11	working in Australian Disability Enterprises’, as outlined below.
ArialMT	9	110 Royal Commission into Violence, Abuse, Neglect and Exploitation of People with Disability: Final Report
DINPro-Medium	13	Human rights principles and the right to work
ArialMT	11	An issue before this inquiry was whether having workplaces that primarily employ people
ArialMT	11	with disability is a form of segregation that contravenes the human rights of people with
ArialMT	11	disability under article 27 of the CRPD.
ArialMT	11	Commissioners Bennett, Galbally, Mason and McEwin endorse the view expressed by
ArialMT	11	Mr Gerard Quinn, UN Special Rapporteur on the rights of persons with disabilities, that
ArialMT	11	‘Ending segregation is … urgent and a key goal of the CRPD’.55
ArialMT	11	The Chair and Commissioner Ryan accept ADEs can create a heightened risk of violence
ArialMT	11	and abuse. They also accept ADEs could do considerably more to encourage and support
ArialMT	11	employees with disability to transition into open employment. However, they do not agree
ArialMT	11	article 27 of the CRPD precludes people with disability from making a free and informed choice,
ArialMT	11	with such support as is appropriate, to work in an ADE or other setting that exclusively employs
ArialMT	11	people with disability.
DINPro-Medium	13	The importance and benefits of work for people employed in ADEs
ArialMT	11	Some witnesses spoke of their or their family member’s positive experiences working at ADEs,
ArialMT	11	describing ADEs as friendly and supportive. Some of these witnesses had been in continuous
ArialMT	11	employment with ADEs for a significant period.
ArialMT	11	Some witnesses who were positive about their work in ADEs at the same time raised concern
ArialMT	11	about their low levels of pay. Others raised concern about the lack of opportunity and support
ArialMT	11	to progress within or transition out of the ADE.
DINPro-Medium	13	Choice and control in choosing an ADE work setting
ArialMT	11	For some people with disability, their choice of employment is limited to working in an
ArialMT	11	ADE. Systemic and structural issues relevant to this lack of choice and control include:
ArialMT	11	• a lack of information and support on transitioning from school to work, and from an ADE
ArialMT	11	to open employment or to another ADE
ArialMT	11	• the restricted eligibility to access the DES employment program
ArialMT	11	• the complexity of the NDIS and availability of supports in employment
ArialMT	11	• concerns about the impact of earnings on Disability Support Pension (DSP) entitlements
ArialMT	11	• the systemic barriers faced when seeking to transition to open employment.
ArialMT	9	Executive Summary, Our vision for an inclusive Australia and Recommendations 111
DINPro-Medium	13	Violence, abuse, neglect and exploitation in ADEs
ArialMT	11	All Commissioners share the view that people with disability currently working in ADEs,
ArialMT	11	particularly people with intellectual disability and cognitive impairment, may be at heightened
ArialMT	11	risk of violence, abuse, neglect and exploitation compared with people with similar disability
ArialMT	11	working in open employment with adjustments and supports. Commissioners accept that if
ArialMT	11	ADEs continue to operate, measures must be taken to eliminate that risk as far as possible.
ArialMT	11	Commissioners Bennett, Galbally, Mason and McEwin further consider that segregation is
ArialMT	11	inherently harmful and closed settings, including ADEs, definitively increase the risk of violence,
ArialMT	11	abuse, neglect and exploitation. These four Commissioners consider that ADEs should, over
ArialMT	11	time, phase out segregated employment practices and structures.
ArialMT	11	The Chair and Commissioner Ryan consider the evidence is inconsistent with any suggestion
ArialMT	11	that a person working in an ADE will necessarily be exposed to violence, abuse, neglect or
ArialMT	11	exploitation. Consistently with the principles and guidelines they formulate, they consider ADEs,
ArialMT	11	depending on how they function, do not necessarily warrant the description ‘segregated’.
DINPro-Medium	13	The payment of subminimum wages
ArialMT	11	The Supported Employment Services Award 2020 (Cth) permits the use of designated wage
ArialMT	11	assessment tools to assess the productivity of employees with disability. Employees are paid
ArialMT	11	a percentage of the full award wage based on their assessed productivity level. Most employees
ArialMT	11	with disability working in ADEs are paid below the Australian minimum wage. Subminimum
ArialMT	11	wages can also be paid in open employment, where permitted by the relevant award or
ArialMT	11	enterprise agreement.
ArialMT	11	The vast majority of workers in ADEs receive the DSP. The Australian Government argues
ArialMT	11	that this entitlement must be taken into account when assessing whether the payment of
ArialMT	11	subminimum wages can be justified.
ArialMT	11	In our view, despite the availability of the DSP, paying subminimum wages to people with
ArialMT	11	disability is inconsistent with the principles of inherent dignity and respect for difference and
ArialMT	11	human diversity that underpin the CRPD. Our vision of an inclusive Australia is one where
ArialMT	11	human rights are protected and people with disability live with dignity, equality and respect
ArialMT	11	and fulfil their potential. Steps should be taken to achieve this vision by moving away over
ArialMT	11	time from paying wages substantially below the national minimum wage to people with disability.
DINPro-Medium	14	Recommendations on ADEs and subminimum wages
ArialMT	11	The Australian Government should develop a transition plan to support people with
ArialMT	11	disability working in ADEs to move to more inclusive, open employment options. The plan
ArialMT	11	should incorporate:
ArialMT	9	112 Royal Commission into Violence, Abuse, Neglect and Exploitation of People with Disability: Final Report
ArialMT	11	• action to increase employment opportunities in open and inclusive settings for people with
ArialMT	11	disability, including by the NDIS adopting an ‘open employment first’ approach in the next
ArialMT	11	iteration of the Participant Employment Strategy
ArialMT	11	• the option for people with disability to continue working in ADEs, with strong and
ArialMT	11	appropriate safeguards, if that is their free and informed choice (Commissioners Bennett,
ArialMT	11	Galbally, Mason and McEwin support this until ADEs are phased out)
ArialMT	11	• improved information for people with disability about employment supports, opportunities
ArialMT	11	in other settings, wages and the DSP.
ArialMT	11	All Commissioners recommend the Australian Government raise subminimum wages for people
ArialMT	11	with disability in three stages:
ArialMT	11	• in the first stage, subminimum wages for people with disability should increase to at
ArialMT	11	least 50 per cent of the minimum wage. The Australian Government should subsidise
ArialMT	11	any difference between an employee with disability’s wage and 50 per cent of the minimum
ArialMT	11	wage from implementation until 2034
ArialMT	11	• in the second stage, after five years of operation, the Disability Reform Ministerial
ArialMT	11	Council should review the impact of the increase in subminimum wages
ArialMT	11	• in the third stage, the Australian Government should use the review results to develop
ArialMT	11	a model and pathway to lift minimum wages payable to employees with disability to
ArialMT	11	100 per cent of the minimum wage by 2034.
DINPro-Medium	14	Additional recommendations: A roadmap for inclusive employment
DINPro-Medium	13	Views of Commissioners Bennett, Galbally, Mason and McEwin
ArialMT	11	On the basis of Australia’s obligations under international law, we four Commissioners
ArialMT	11	recommend the Australian Government develop and implement a National Inclusive
ArialMT	11	Employment Roadmap to transform ADEs by 2034. This roadmap should be centred
ArialMT	11	on principles including:
ArialMT	11	• equal access for people with disability to all opportunities for employment
ArialMT	11	• increased availability of jobs for people with disability, especially in the public sector
ArialMT	11	(including the payment of full minimum wages), non-government organisations that receive
ArialMT	11	government grants, and private companies that receive government procurement contracts
ArialMT	11	• availability of evidence-based supports to facilitate job readiness, participation and ongoing
ArialMT	11	development, particularly for people with intellectual disability.
ArialMT	11	The roadmap should address:
ArialMT	11	• reforming ADEs to operate in accordance with a social firm model
ArialMT	9	Executive Summary, Our vision for an inclusive Australia and Recommendations 113
ArialMT	11	• the establishment of a grant based Structural Adjustment Fund to support increases
ArialMT	11	in the minimum wage and achieve transformation targets in ADEs
ArialMT	11	• support for people with disability to transition to open employment through programs such
ArialMT	11	as the NDIS School Leaver Employment Supports program.
ArialMT	11	Government procurement rules should be amended to give preference to enterprises that
ArialMT	11	pay employees with disability at least the full minimum wage (in advance of the recommendation
ArialMT	11	to raise all subminimum wages to the full minimum wage by 2034).
DINPro-Medium	13	Views of the Chair and Commissioner Ryan
ArialMT	11	We (the Chair and Commissioner Ryan) share the aspirations underlying the four
ArialMT	11	Commissioners’ additional recommendations. However, we do not agree with all their reasoning.
ArialMT	11	We support most of the proposals put forward by the four Commissioners, but we consider
ArialMT	11	workplaces exclusively for people with disability may have a continuing, albeit diminishing,
ArialMT	11	role in providing employment opportunities, especially for people with intellectual disabilities
ArialMT	11	or cognitive impairments. We also have concerns that recommending the public sector pay
ArialMT	11	full wages to people with disability in advance of 2034 will act as a disincentive to their
ArialMT	11	employment. It is also unclear which employers would be likely to satisfy the procurement
ArialMT	11	policy criteria and which people with disability would likely benefit.
ArialMT	9	114 Royal Commission into Violence, Abuse, Neglect and Exploitation of People with Disability: Final Report
DINPro-Medium	18	Achieving inclusive homes and living
DINPro-Medium	13	Key points
ArialMT	11	• People with disability face multiple barriers to securing accessible, appropriate
ArialMT	11	and safe housing.
ArialMT	11	• Some people with disability have little choice but to remain in substandard
ArialMT	11	accommodation, such as boarding houses, with limited occupancy rights and
ArialMT	11	oversight. Some experience chronic homelessness. People can be exposed to
ArialMT	11	violence, abuse, neglect and exploitation in these settings.
ArialMT	11	• Current practices in group homes can deny people with disability their autonomy,
ArialMT	11	choice and control.
ArialMT	11	• Reforms are required to:
ArialMT	11	◦ increase supply of accessible and adaptive housing for people
ArialMT	11	with disability
ArialMT	11	◦ increase tenancy and occupancy protections for people with disability
ArialMT	11	◦ improve regulatory oversight of supported accommodation
ArialMT	11	◦ improve responses to homelessness.
ArialMT	11	• People with disability in group homes can be exposed to various forms of
ArialMT	11	violence, abuse, neglect and exploitation. We strongly support the adoption
ArialMT	11	of more inclusive and alternative models of housing for people with disability.
ArialMT	11	A home is central to a person’s dignity, autonomy, independence and wellbeing and a
ArialMT	11	fundamental human right. A person’s home is the place where they should be safe, secure and
ArialMT	11	able to choose how to live their daily life. It is also critical to participating in other areas of life,
ArialMT	11	for example, to obtaining and maintaining employment and to accessing necessary support.
ArialMT	11	People with disability face considerable barriers to accessing safe, secure and inclusive
ArialMT	11	housing. People with disability are denied choice and control over where and with whom
ArialMT	11	they live; fall into homelessness; and are exposed to violence abuse, neglect and exploitation
ArialMT	11	in a variety of living arrangements.
DINPro-Medium	16	Effective housing and disability policy frameworks
ArialMT	11	People with disability are conspicuously absent from national housing and homelessness policy
ArialMT	11	frameworks. The Australian Government has recently announced two new national housing
ArialMT	11	priorities that provide opportunities to increase the focus on people with disability: a National
ArialMT	11	Housing and Homelessness Plan, and a Housing Supply and Affordability Council.
ArialMT	9	Executive Summary, Our vision for an inclusive Australia and Recommendations 115
ArialMT	11	We recommend both the proposed National Housing and Homelessness Plan and the
ArialMT	11	National Housing Supply and Affordability Council include people with disability as a priority
ArialMT	11	group in developing reforms. We also recommend the Australian Government include
ArialMT	11	homelessness as a policy priority in the Inclusive Homes and Communities outcome area
ArialMT	11	of Australia’s Disability Strategy (ADS).
DINPro-Medium	16	Barriers to accessing housing
ArialMT	11	People with disability face multiple barriers to accessing safe, secure and inclusive housing.
ArialMT	11	These include design barriers and a lack of social housing and crisis accommodation.
DINPro-Medium	14	Livable Housing Design Guidelines
ArialMT	11	The Livable Housing Design Guidelines (Design Guidelines) help governments and the building
ArialMT	11	industry understand how to improve accessibility in housing by incorporating universal design
ArialMT	11	principles into new housing design and construction. The Design Guidelines set out three
ArialMT	11	performance levels: silver, gold and platinum.
ArialMT	11	The National Construction Code 2022 has been amended to include liveable housing design
ArialMT	11	requirements, including minimum accessibility requirements. The Australian Building Codes
ArialMT	11	Board (ABCB) has also published two technical standards for accessible housing:
ArialMT	11	• the mandatory Livable Housing Design Standard, adapted from the Design Guidelines
ArialMT	11	silver level requirements that focus on basic structural and spatial elements that ensure
ArialMT	11	the future flexibility and adaptability of a home
ArialMT	11	• the voluntary Livable Housing Design Standard, adapted from the Design Guidelines
ArialMT	11	gold level requirements that focus on providing people who use wheelchairs with suitable
ArialMT	11	homes or homes that require fewer and more affordable modifications.
ArialMT	11	Only New South Wales and Western Australia have not committed to adopting the mandatory
ArialMT	11	Livable Housing Design Standard for residential housing and apartments. We recommend
ArialMT	11	they do so.
DINPro-Medium	14	Improving access to social housing
ArialMT	11	Accessing suitable social housing can be a difficult and protracted process for many Australians,
ArialMT	11	with demand exceeding supply. The barriers can be higher still for people with disability.
ArialMT	11	We received information about experiences of long wait times, a mismatch between accessibility
ArialMT	11	needs and the housing offered, and barriers to obtaining modifications.
ArialMT	11	We recommend state and territory governments commit to increasing the supply of accessible
ArialMT	11	and adaptive housing for people with disability by adopting the voluntary Livable Housing
ArialMT	11	Design Standard for all new social housing construction.
ArialMT	11	We also recommend that state and territory governments develop and implement accessible
ArialMT	11	and inclusive processes for allocating and modifying social housing for people with disability.
ArialMT	9	116 Royal Commission into Violence, Abuse, Neglect and Exploitation of People with Disability: Final Report
DINPro-Medium	14	Crisis and emergency housing and accommodation
ArialMT	11	The lack of accessible crisis and emergency housing fails people with disability at a time when
ArialMT	11	they are experiencing significant risk and need. It increases their risk of homelessness and
ArialMT	11	exposes them to serious harm. It can also mean they come into contact with the criminal justice
ArialMT	11	system as a result of being homeless. An audit of crisis accommodation should be conducted
ArialMT	11	to determine the housing required to meet the needs of people with disability and set targets
ArialMT	11	for new crisis housing construction and refurbishment to meet the voluntary Livable Housing
ArialMT	11	Design Standard.
DINPro-Medium	16	Reforms to improve housing security
ArialMT	11	Secure occupancy is particularly important for people with disability. It can facilitate social
ArialMT	11	participation and inclusion, access to education and employment opportunities, and the ability
ArialMT	11	to make adjustments to the home. There can be serious consequences, including
ArialMT	11	homelessness, when people lose the right to occupy particular premises.
ArialMT	11	A person’s housing security depends on the kind of accommodation and the nature of their
ArialMT	11	right to or interest in the premises occupied. Kinds of accommodation include:
ArialMT	11	• a person’s own home
ArialMT	11	• private rental accommodation
ArialMT	11	• social housing
ArialMT	11	• boarding houses
ArialMT	11	• specialist accommodation such as group homes, supported residential services
ArialMT	11	and NDIS-funded Specialist Disability Accommodation (SDA).
ArialMT	11	Given these different types of accommodation, recommendations for reform must address
ArialMT	11	legal frameworks that are not uniform and are often complex.
DINPro-Medium	14	Tenancy reforms
DINPro-Medium	13	Replace no-grounds evictions with reasonable grounds
ArialMT	11	The right to terminate tenancies without grounds has long been considered to contribute
ArialMT	11	to housing instability. Losing their rented home can put people with disability at risk of
ArialMT	11	homelessness, particularly people with intellectual disability or other cognitive impairment.
ArialMT	11	Legislation in Victoria, Queensland and Tasmania restricts the right of landlords to terminate
ArialMT	11	a residential lease without demonstrating a reason for doing so. We recommend legislation in
ArialMT	11	all Australian jurisdictions require a landlord of private sector premises to demonstrate a good
ArialMT	11	reason for terminating any tenancy of residential accommodation.
ArialMT	9	Executive Summary, Our vision for an inclusive Australia and Recommendations 117
DINPro-Medium	13	Consider disability in discretion to terminate
ArialMT	11	A lease of residential premises is frequently ended by the tenant’s breach of the agreement.
ArialMT	11	Even in the case of a breach, legislation generally confers a discretion on civil and
ArialMT	11	administrative tribunals in certain circumstances to decline to make an order terminating
ArialMT	11	the lease.
ArialMT	11	In our view, state and territory legislation should expressly empower the relevant tribunal to
ArialMT	11	take into account whether the tenant or co-occupant has a disability and the nature of that
ArialMT	11	disability in determining whether it is just or reasonable to make an order for possession
ArialMT	11	of premises. This should also apply to legislation governing social housing tenancies.
DINPro-Medium	14	Non-tenancy reforms
DINPro-Medium	13	Boarding house-style accommodation
ArialMT	11	Residents of boarding or rooming houses have significantly fewer rights than tenants
ArialMT	11	because they are expressly excluded from the residential tenancies legislation.
ArialMT	11	In New South Wales, the rights and obligations of a proprietor and a resident of boarding
ArialMT	11	houses are governed by ‘occupancy principles’.56 These include a resident’s right to know
ArialMT	11	the rules of the boarding house before moving in and the right not to be evicted without
ArialMT	11	reasonable written notice.
ArialMT	11	The rights of people with disability residing in boarding and rooming houses would be enhanced
ArialMT	11	by extending the occupancy principles in the Boarding Houses Act 2012 (NSW) to all Australian
ArialMT	11	jurisdictions. We recommend all jurisdictions introduce occupancy principles to cover boarding
ArialMT	11	and rooming houses.
DINPro-Medium	13	Specialist Disability Accommodation under the NDIS
ArialMT	11	People living in supported accommodation, such as group homes, are particularly
ArialMT	11	vulnerable due to their limited security of tenure. A high proportion of people living in supported
ArialMT	11	accommodation are people with intellectual disability or cognitive impairment. It is important
ArialMT	11	the occupancy rights of NDIS participants who live in group homes are recognised and
ArialMT	11	protected by legislation.
ArialMT	11	Victoria has extended the cover of its residential tenancies legislation to this type of
ArialMT	11	accommodation. Part 12A of the Residential Tenancies Act 1997 (Vic) regulates the relationship
ArialMT	11	between an accommodation provider and a resident of SDA. The rights conferred on SDA
ArialMT	11	residents by Part 12A go considerably beyond the protection afforded to boarders and in
ArialMT	11	some respects beyond the protections afforded to tenants under the legislation.
ArialMT	11	We recommend all jurisdictions enact legislation modelled on Part 12A of the Residential
Arial-ItalicMT	11	Tenancies Act 1997 (Vic).
ArialMT	9	118 Royal Commission into Violence, Abuse, Neglect and Exploitation of People with Disability: Final Report
DINPro-Medium	16	Lack of safety in supported residential services and
DINPro-Medium	16	their equivalents
ArialMT	11	There is a lack of safety, safeguards and adequate supports for people with disability living
ArialMT	11	in supported residential services (SRS) in Victoria. SRS are a form of boarding house-style
ArialMT	11	supported accommodation. Residents include people with varied and complex support
ArialMT	11	needs due to disability, mental ill health or age-related conditions.
ArialMT	11	We heard evidence the complex needs of residents living in SRS are not being adequately met.
ArialMT	11	We also heard staff often have minimal experience and training. The regulatory regime for SRS
ArialMT	11	has been largely ineffective until recently.
ArialMT	11	There are supported accommodation services similar to SRS in New South Wales, South
ArialMT	11	Australia and Queensland. The regulatory, oversight and monitoring frameworks for these SRS
ArialMT	11	equivalents are complex, and vary across jurisdictions. We recommend all minimum standards
ArialMT	11	and monitoring and oversights frameworks for SRS and their equivalents be reviewed and
ArialMT	11	strengthened in each jurisdiction.
DINPro-Medium	16	Preventing and responding to homelessness
ArialMT	11	Throughout our inquiry, we heard accounts of people with disability who have experienced
ArialMT	11	homelessness. A common theme was the failure of services to help them avoid this occurring.
ArialMT	11	In particular, we heard how people with disability can leave mainstream services or systems,
ArialMT	11	such as health facilities or places of detention, and become homeless because of the lack of
ArialMT	11	coordination between different services.
ArialMT	11	The Australian Government and state and territory governments should commit to a policy
ArialMT	11	of ‘no leaving into homelessness’ for people with disability. We recommend a lead agency
ArialMT	11	be designated in each Australian jurisdiction to provide this support and system navigation
ArialMT	11	for people with disability.
ArialMT	11	As discussed earlier, the Australian Government is developing a National Housing and
ArialMT	11	Homelessness Plan. In developing the National Plan, we recommend the Australian
ArialMT	11	Government, working with state and territory governments:
ArialMT	11	• review the adequacy of funding for homelessness, particularly for people with disability
ArialMT	11	and complex needs
ArialMT	11	• identify people with disability, particularly people with intellectual disability or cognitive
ArialMT	11	impairment, as a discrete cohort for intensive homelessness support
ArialMT	11	• expand pathways and support for people with disability out of homelessness
ArialMT	11	• consider establishing free, independent legal advice and advocacy services for people
ArialMT	11	with disability experiencing homelessness.
ArialMT	9	Executive Summary, Our vision for an inclusive Australia and Recommendations 119
DINPro-Medium	18	The future of group homes
ArialMT	11	The Royal Commission heard evidence across a range of public hearings that current practices
ArialMT	11	in group homes can fail to keep people with disability safe. They also deny people with disability
ArialMT	11	the power to exercise choice and control, including over where and with whom they live; and
ArialMT	11	deny them opportunities to develop and build their capacity.
ArialMT	11	This section outlines reforms to expand the choice and availability of alternatives to
ArialMT	11	group homes.
DINPro-Medium	16	Improving access to alternative housing options
DINPro-Medium	14	Increasing alternative housing options
ArialMT	11	Without making sufficient alternative housing options available, people with disability
ArialMT	11	may have no choice but to live in group homes.
ArialMT	11	The NDIA’s Home and Living Demonstration Projects, launched in 2021, invest in designing,
ArialMT	11	implementing and evaluating innovative projects that support the provision of Supported
ArialMT	11	Independent Living (SIL). (SIL is for people with higher support needs who need some level
ArialMT	11	of help at home all the time.) The NDIA should expand the Home and Living Demonstration
ArialMT	11	Projects with additional rounds from 2024. These rounds should explore diverse market
ArialMT	11	mechanisms for sustainable housing. They should also include independent evaluation
ArialMT	11	and dissemination of best practice to bring these models to scale.
DINPro-Medium	14	Funding reform to address inflexible NDIS plans
ArialMT	11	Greater flexibility in funding for NDIS participants is vital for increasing access to alternative
ArialMT	11	housing options beyond group homes. In particular, this relates to the operation of SIL and
ArialMT	11	SDA funding where the administrative and pricing mechanisms support access to living in
ArialMT	11	the group home model in favour of access to other inclusive housing options.
ArialMT	11	We recommend reform of NDIS participant funding models to provide greater flexibility.
DINPro-Medium	14	Strengthening and supporting transitions to alternative forms of housing
ArialMT	11	We heard of the critical need to provide greater practical support to NDIS participants to
ArialMT	11	transition to individualised living arrangements in which they have choice and control over with
ArialMT	11	whom they live and how their support is delivered.
ArialMT	11	To address barriers for people wanting to exit group homes, we recommend the NDIA develop
ArialMT	11	clear and supportive transition pathways. These should include:
ArialMT	11	• an assessment of a person’s housing needs and preference
ArialMT	9	120 Royal Commission into Violence, Abuse, Neglect and Exploitation of People with Disability: Final Report
ArialMT	11	• an individual transition plan
ArialMT	11	• access to independent advocacy and a support coordinator to facilitate the transition.
DINPro-Medium	16	Phasing out group homes
ArialMT	11	All Commissioners agree major improvements are needed in the practices of group homes.
ArialMT	11	However, Commissioners differ in their views about the future role of group homes.
DINPro-Medium	14	A roadmap to phase out group homes
DINPro-Medium	13	Views of Commissioners Bennett, Galbally, Mason and McEwin
ArialMT	11	We four Commissioners have concluded the limitations group homes place on the lives of
ArialMT	11	people with disability and the deprivations and exposure to harm that can be experienced in
ArialMT	11	these settings are an infringement of fundamental human rights. Consequently, we believe
ArialMT	11	group homes must be systematically phased out.
ArialMT	11	We recommend the Australian Government and state and territory governments develop
ArialMT	11	and implement a comprehensive roadmap to phase out group homes within the next 15 years.
ArialMT	11	We recognise some people with disability will choose to remain in their group home and they
ArialMT	11	should be supported in their choice.
DINPro-Medium	14	Phasing out group homes within a generational timeframe
DINPro-Medium	13	View of Commissioner Ryan
ArialMT	11	I agree a clear commitment and a comprehensive plan is required from Australian governments
ArialMT	11	to phase out group homes. However, I believe this change needs to be implemented
ArialMT	11	carefully within a generational timeframe. The Australian Government and state and territory
ArialMT	11	governments should commit to phasing out group homes in stages, starting with ceasing the
ArialMT	11	construction of new ones and prioritising existing residents to move into smaller group homes
ArialMT	11	over time on request, subject to need.
DINPro-Medium	14	Phasing out group homes while retaining choice
DINPro-Medium	13	View of the Chair
ArialMT	11	Making more flexible and innovative accommodation options available to people with disability,
ArialMT	11	which all Commissioners support, will necessarily be a gradual and long-term undertaking,
ArialMT	11	requiring very substantial resources. As that process unfolds, the likelihood is that fewer people
ArialMT	11	with disability will choose to enter group homes and more residents of group homes will choose
ArialMT	11	to move to alternative supported accommodation.
ArialMT	9	Executive Summary, Our vision for an inclusive Australia and Recommendations 121
ArialMT	11	The first general principle stated in article 3 of the CRPD is ‘Respect for inherent dignity,
ArialMT	11	individual autonomy, including the freedom to make one’s own choices, and independence
ArialMT	11	of persons’.57 Consistent with that general principle, a person with disability should retain
ArialMT	11	the ability to make a free and informed choice to live in a group home provided appropriate
ArialMT	11	safeguards are in place.
Arial-ItalicMT	11	Volume 7, Inclusive education, employment and housing provides our recommendations for
ArialMT	11	building inclusive education, employment and housing settings and preventing violence against,
ArialMT	11	and abuse, neglect and exploitation of, people with disability where they learn, work and live.
ArialMT	9	122 Royal Commission into Violence, Abuse, Neglect and Exploitation of People with Disability: Final Report
DINPro-Medium	25	Criminal justice and people with disability
DINPro-Medium	13	Key points
ArialMT	11	• People with disability, particularly those with cognitive disabilities, are significantly
ArialMT	11	over-represented at all stages of the criminal justice system. This over-representation
ArialMT	11	reflects the disadvantages experienced by many people with disability.
ArialMT	11	• The over-representation of First Nations people with cognitive disability in
ArialMT	11	custody, particularly in youth detention, is a largely hidden national crisis.
ArialMT	11	• Australia has international obligations to take appropriate legislative,
ArialMT	11	administrative and other systemic measures to promote the human rights
ArialMT	11	of people with disability, including those in the criminal justice system.
ArialMT	11	• Children with disability in youth detention have complex needs and are likely to
ArialMT	11	have experienced multiple traumas. They are exposed to an increased risk of
ArialMT	11	violence, abuse, neglect and exploitation while in detention. Placing children with
ArialMT	11	disability in detention, especially children with cognitive disability, increases the
ArialMT	11	chances they will become enmeshed in the criminal justice system. The age of
ArialMT	11	criminal responsibility should be raised to 14, in line with international accepted
ArialMT	11	standards, to avoid this.
ArialMT	11	• Staff and officials should receive ongoing disability awareness training and
ArialMT	11	support to identify disability. In youth detention centres, this should extend
ArialMT	11	to the needs and experiences of children with disability.
ArialMT	11	• The risk of indefinite detention for forensic patients is unacceptable.
ArialMT	11	Laws providing for indefinite detention must be repealed.
ArialMT	11	• The responsibilities of the NDIS and the criminal justice system to provide
ArialMT	11	supports for people with disability need to be clarified. Greater flexibility is
ArialMT	11	required to support transition planning for people with disability leaving
ArialMT	11	custodial settings.
ArialMT	9	Executive Summary, Our vision for an inclusive Australia and Recommendations 123
DINPro-Medium	18	Over-representation in the criminal justice system
DINPro-Medium	14	I’ve been in the system since I was a little kid. I’m looking
DINPro-Medium	14	for a way out.58
ArialMT	11	People with disability, particularly those with cognitive disabilities, are significantly over-
ArialMT	11	represented at all stages of the criminal justice system, from police contact and arrest,
ArialMT	11	through to court processes and correctional settings.
ArialMT	11	Particular groups of people with disability are even more likely to have contact with the
ArialMT	11	criminal justice system. These include First Nations people with cognitive disability; women
ArialMT	11	with disability experiencing violence; and people with co-occurring cognitive disability,
ArialMT	11	psychosocial disability and other disabilities such as hearing impairments. The over-
ArialMT	11	representation of First Nations people with cognitive disability in custody, particularly
ArialMT	11	in youth detention, is a largely hidden national crisis.
ArialMT	11	People with disability also come into contact with the justice system at high rates as victims
ArialMT	11	of crime.
ArialMT	11	This section describes what we learnt about the treatment of people with disability in the
ArialMT	11	criminal justice system in Australia. We use term ‘the criminal justice system’ to refer collectively
ArialMT	11	to the criminal justice systems of the Commonwealth, the states and the territories.
DINPro-Medium	18	Criminalisation of disability
ArialMT	11	The disproportionate rate of imprisonment of people with disability is not the result of any
ArialMT	11	inherent causal relationship between disability and crime. Rather, it reflects the disadvantages
ArialMT	11	experienced by many people with disability, such as poverty, disrupted family backgrounds,
ArialMT	11	family violence and other forms of abuse, unstable housing and homelessness.
ArialMT	11	People with disability can be ‘funnelled’ into police management and the criminal justice system
ArialMT	11	in their adult years.59 This typically happens when a person has experienced serious mental
ArialMT	11	ill-health or a breakdown in social connections, compounded by other impairments. Those with
ArialMT	11	complex needs are ‘captured’ early by the criminal justice system.60
ArialMT	11	People with disability, particularly cognitive disability, are also exposed to frequent and intense
ArialMT	11	policing. This is especially the case for First Nations people. Research on police interactions
ArialMT	11	and responses to people with disability indicates that First Nations people with cognitive
ArialMT	11	disability who come to police attention are ‘more likely to be investigated, charged and
ArialMT	11	remanded in custody than First Nations people without cognitive disability’.61
ArialMT	9	124 Royal Commission into Violence, Abuse, Neglect and Exploitation of People with Disability: Final Report
DINPro-Medium	18	The right to humane treatment in criminal justice settings
DINPro-Medium	16	Treatment of people with disability in criminal justice settings
ArialMT	11	In our public hearings, witnesses gave evidence about poor conditions for people with disability
ArialMT	11	in adult prisons and youth detention centres. We heard about accessibility and communication
ArialMT	11	issues; untreated medical and psychological conditions; a lack of appropriate mental health
ArialMT	11	care and social workers; and negative staff attitudes. We heard about excessive lockdowns
ArialMT	11	of detention centres and isolation practices, resulting in solitary confinement of prisoners
ArialMT	11	and detainees. We heard that prisoners with cognitive disability are susceptible to exploitation
ArialMT	11	by other prisoners, including sexual exploitation. We also heard about the humiliation
ArialMT	11	experienced by people with disability in custody.
DINPro-Medium	16	Australia’s human rights obligations
DINPro-MediumItalic	14	Convention on the Rights of Persons with Disabilities
ArialMT	11	Under the CRPD, Australia is obligated to protect people with disability, including those
ArialMT	11	in the criminal justice system, from all forms of exploitation, violence and abuse.
ArialMT	11	• Article 13 requires States Parties to ensure effective access to justice for people with
ArialMT	11	disability, on an equal basis with others.
ArialMT	11	• Article 14(2) requires States Parties to ensure that where people with disability are
ArialMT	11	deprived of their liberty, they are to be treated in compliance with the objectives and
ArialMT	11	principles of the CRPD, including by the provision of reasonable accommodations.
ArialMT	11	State and territory governments have primary responsibility for court systems and correctional
ArialMT	11	centres. We recommend, consistent with article 14(2) of the CRPD, all corrective services and
ArialMT	11	youth justice agencies should provide people with disability with the disability supports they
ArialMT	11	require to place them in the same position, so far as feasible, as other people in custody.
DINPro-MediumItalic	14	Convention on the Rights of the Child
ArialMT	11	Under article 40(1) of the Convention on the Rights of the Child (CRC), Australia is required to:
ArialMT	11	recognize the right of every child alleged as, accused of, or recognized as having
ArialMT	11	infringed the penal law to be treated in a manner consistent with the promotion
ArialMT	11	of the child’s sense of dignity and worth … and which takes into account the child’s
ArialMT	11	age and the desirability of promoting the child’s reintegration and the child’s assuming
ArialMT	11	a constructive role in society.62
Arial-ItalicMT	11	Article 23 of the CRC and General comment No. 9 (2006) on the rights of children with
ArialMT	11	disabilities specifically set out States Parties’ obligations to provide assistance and support
ArialMT	11	to children with disability, including the treatment of children who have infringed the law
ArialMT	11	as described in article 40.63
ArialMT	9	Executive Summary, Our vision for an inclusive Australia and Recommendations 125
DINPro-MediumItalic	14	Optional Protocol to the Convention against Torture and Other Cruel,
DINPro-MediumItalic	14	Inhuman or Degrading Treatment or Punishment
ArialMT	11	In 2017, the Australian Government ratified the Optional Protocol to the Convention against
Arial-ItalicMT	11	Torture and Other Cruel, Inhuman or Degrading Treatment or Punishment (OPCAT). OPCAT
ArialMT	11	imposes obligations on Australia to monitor places where people are, or may be, deprived
ArialMT	11	of their liberty. States Parties to the agreement are required to establish an independent
ArialMT	11	monitoring mechanism, known as a National Preventive Mechanism (NPM), to inspect
ArialMT	11	all places of detention.
ArialMT	11	Despite ratifying OPCAT, Australia does not comply with its requirements to establish NPMs.
ArialMT	11	At the time of writing, the three largest jurisdictions – New South Wales, Victoria and
ArialMT	11	Queensland – had not nominated bodies to perform NPM functions. We recommend all
ArialMT	11	states and territories urgently establish these independent monitoring bodies and ensure their
ArialMT	11	scope includes places of detention where people with disability are deprived of their liberty.
ArialMT	11	It is clearly important that each NPM has expertise to identify the needs of people with disability
ArialMT	11	in places of detention. To gain this expertise, it is essential each NPM engages with disability
ArialMT	11	organisations and obtains the views of prisoners and detainees with disability.
ArialMT	11	To support this, we recommend the Australian Government, in consultation with the state and
ArialMT	11	territory governments, develop a human rights education and training strategy that includes
ArialMT	11	disability awareness training for NPMs, detention authorities and their staff.
DINPro-Medium	18	Youth detention
ArialMT	11	Youth detention is intended to provide a secure environment for the detention and rehabilitation
ArialMT	11	of children accused or convicted of criminal offending. State and territory governments owe
ArialMT	11	children in youth detention a duty of care that includes protecting them against violence, abuse,
ArialMT	11	neglect and exploitation. Article 37(c) of the CRC requires States Parties to ensure ‘every child
ArialMT	11	deprived of liberty shall be treated with humanity and respect ... and in a manner which takes
ArialMT	11	into account the needs of persons of his or her age’.64
ArialMT	11	Under state and territory legislation, as well as international law, children and young people
ArialMT	11	(to whom we refer collectively as ‘children’) should be detained only as a last resort and for
ArialMT	11	the shortest appropriate period.
DINPro-Medium	16	Children with disability in youth detention
ArialMT	11	Children in youth detention have complex needs and are likely to have suffered multiple
ArialMT	11	traumas, such as childhood abuse and neglect, socioeconomic disadvantage, family violence,
ArialMT	11	and poor educational opportunities. While in detention, children with disability are exposed
ArialMT	11	to an increased risk of violence, abuse, neglect and exploitation.
ArialMT	9	126 Royal Commission into Violence, Abuse, Neglect and Exploitation of People with Disability: Final Report
ArialMT	11	There is no comprehensive national source of data about the number of children with disability
ArialMT	11	in youth detention. However, a study by the NSW Bureau of Crime Statistics and Research used
ArialMT	11	linked Australian Government and state government data collections to examine the proportion
ArialMT	11	of people with disability in New South Wales who offend and the proportion of offenders who
ArialMT	11	have disability. The data shows young people with disability are over-represented in the youth
ArialMT	11	justice system:
ArialMT	11	• More than two in five young people with sentenced custodial episodes in New South Wales
ArialMT	11	between 1 January 2009 and 31 December 2018 had disability.
ArialMT	11	• Around half of the young offenders with disability (just over 51 per cent) had
ArialMT	11	cognitive disability.
ArialMT	11	• Almost 70 per cent of young offenders with disability had psychosocial disability.
ArialMT	11	While the proportion of children in youth detention has decreased in recent years, the proportion
ArialMT	11	of children with cognitive disability in detention remains high.
ArialMT	11	Factors such as being older when first engaging with disability-related services, greater
ArialMT	11	remoteness of residence and frequency of contact with the child protection system are strongly
ArialMT	11	associated with the likelihood a young person with disability will have contact with the criminal
ArialMT	11	justice system before the age of 18.
DINPro-Medium	16	Children with disability at Banksia Hill Detention Centre
ArialMT	11	Since at least 2013, the Inspector of Custodial Services of Western Australia has drawn
ArialMT	11	attention to the use of inappropriate confinement practices at Banksia Hill youth detention
ArialMT	11	centre. The Inspector has repeatedly recommended the state’s Department of Justice introduce
ArialMT	11	an operational philosophy based on rehabilitation and a trauma-informed approach to the
ArialMT	11	treatment of children in detention.
ArialMT	11	In March 2022, the Inspector published a report to the Western Australian Parliament in which
ArialMT	11	he stated Banksia Hill was no longer fit for purpose as a youth detention centre. He described
ArialMT	11	the treatment of detainees in solitary confinement as cruel, inhuman or degrading. He also drew
ArialMT	11	attention to the fact a high proportion of the children detained at Banksia Hill have disability.
ArialMT	11	Several court judgments in 2022, including of the Supreme Court of Western Australia, reflect
ArialMT	11	the Inspector’s concerns.
ArialMT	11	In Public hearing 27, ‘Conditions in detention in the criminal justice system’, we heard from
ArialMT	11	people with disability who had been detained at Banksia Hill and legal practitioners whose
ArialMT	11	clients are detained there. They spoke of solitary confinement practices and degrading
ArialMT	11	conditions for detainees. We found:
ArialMT	11	• Children, including many with disability, have been subjected on a regular basis to
ArialMT	11	confinement in their cells in contravention of their entitlements to out-of-cell time under
Arial-ItalicMT	11	the Young Offenders Act 1994 (WA).
ArialMT	9	Executive Summary, Our vision for an inclusive Australia and Recommendations 127
ArialMT	11	• Children with disability in detention in Western Australia have been subjected to
ArialMT	11	confinement for 22 hours or more a day without meaningful human contact. This amounts
ArialMT	11	to solitary confinement.
ArialMT	11	• The treatment of children in detention in Western Australia, including those with disability,
ArialMT	11	does not meet our international obligations, including under the CRPD and the CRC.
DINPro-Medium	16	Prohibiting solitary confinement
ArialMT	11	No jurisdiction currently prohibits isolation amounting to solitary confinement for children.
ArialMT	11	Solitary confinement – the practice of locking children in their cells for 22 or more hours
ArialMT	11	a day – has been used in most state and territory juvenile detention centres.
ArialMT	11	Solitary confinement can have severe, long-term and irreversible effects on a child’s health
ArialMT	11	and wellbeing, including their physical and psychological health and social and educational
ArialMT	11	development. Solitary confinement exacerbates the difficulties experienced by children in
ArialMT	11	detention who have cognitive impairment and brain injuries.
ArialMT	11	Isolation amounting to solitary confinement is often imposed on children as a consequence
ArialMT	11	of operational decisions to lockdown a detention centre because of a lack of staff. This is
ArialMT	11	unacceptable. It is the duty of state and territory governments to properly staff their youth
ArialMT	11	detention facilities so the rights of children deprived of their liberty are upheld.
ArialMT	11	We recommend state and territory youth justice legislation be amended to prohibit the use
ArialMT	11	or practice of solitary confinement and to clearly define safeguards applying to isolation or
ArialMT	11	seclusion of children with disability.
ArialMT	11	For this prohibition of solitary confinement to be effective, other changes are needed.
ArialMT	11	These include significant improvements in disability screening processes, particularly for
ArialMT	11	First Nations people. We recommend state and territory governments ensure timely screening
ArialMT	11	and expert assessment are available for children with cognitive disability involved in the
ArialMT	11	criminal justice system to ensure they receive appropriate supports, including therapeutic
ArialMT	11	and other interventions.
DINPro-Medium	16	Improving conditions for children with disability in detention
DINPro-Medium	14	Training custodial and other staff
ArialMT	11	We recommend all state and territory governments ensure staff and officials in youth detention
ArialMT	11	centres receive appropriate training and support about the needs and experiences of children
ArialMT	11	with disability. This includes training and support on trauma-informed care and culturally
ArialMT	11	appropriate approaches.
ArialMT	9	128 Royal Commission into Violence, Abuse, Neglect and Exploitation of People with Disability: Final Report
DINPro-Medium	14	Measures for the Western Australian Department of Justice
ArialMT	11	In our view, the failure of the Department of Justice of Western Australian over many years to
ArialMT	11	adequately staff the Banksia Hill Detention Centre has been an important factor in the decisions
ArialMT	11	to impose rolling lockdowns. We recommend the department immediately review its youth
ArialMT	11	justice staffing and recruitment model to ensure sufficient, suitably trained staff are available
ArialMT	11	to supervise children and young people to minimise lockdowns and prevent the solitary
ArialMT	11	confinement of detainees.
ArialMT	11	Related to this is our recommendation the Department of Justice of Western Australia
ArialMT	11	implement a youth detention operating philosophy and service model to manage detainees
ArialMT	11	with disability in a therapeutic, trauma-informed and culturally competent way. The service
ArialMT	11	model should be developed in conjunction with people with disability and First Nations people.
DINPro-Medium	18	The rights of people found unfit to be tried
ArialMT	11	Some people with cognitive disability who face serious criminal charges may be found either
ArialMT	11	‘unfit to be tried’ or ‘not guilty on the basis of mental impairment’. In some jurisdictions the
ArialMT	11	equivalent of a finding of unfitness to be tried is a finding that the accused is ‘unfit to plead’.
ArialMT	11	We refer to people who are the subjects of such findings as ‘forensic patients’.
DINPro-Medium	16	Risk of indefinite detention
ArialMT	11	Each state and territory in Australia has its own regime to determine the issue of fitness to be
ArialMT	11	tried and the consequences of a finding that an accused is not fit to be tried. The regimes are
ArialMT	11	intended to protect people with disability, particularly those with cognitive disability and mental
ArialMT	11	health conditions. However, in practice, the regimes can deny people with disability the right
ArialMT	11	to exercise legal capacity and expose them to long-term detention.
ArialMT	11	Forensic patients can be at risk of indefinite detention, meaning no date is fixed for their release.
ArialMT	11	This can lead to a period of detention longer than if they had been convicted and sentenced in
ArialMT	11	an ordinary criminal trial. Prolonged detention places forensic patients at risk of violence,
ArialMT	11	abuse and neglect and experiencing cumulative trauma.
ArialMT	11	In Australia there have been many calls for law reform to end the indefinite detention of people
ArialMT	11	with cognitive and psychiatric impairments.
DINPro-Medium	16	The forensic system
ArialMT	11	In Public hearing 11, ‘The experiences of people with cognitive disability in the criminal justice
ArialMT	11	system’, we heard deeply troubling evidence about the treatment of two First Nations people,
ArialMT	11	‘Winmartie’ and ‘Melanie’, who were found unfit to stand trial. They were detained in forensic
ArialMT	11	facilities in the Northern Territory and New South Wales, respectively. They were subjected to
ArialMT	11	restrictive practices, including long-term seclusion, and in Winmartie’s case chemical restraint.
ArialMT	9	Executive Summary, Our vision for an inclusive Australia and Recommendations 129
ArialMT	11	Both Melanie and Winmartie’s experiences show how some people with disability remain in
ArialMT	11	detention well beyond the period they would have served in prison had they been convicted
ArialMT	11	of the criminal offences for which they were initially charged.
ArialMT	11	They also show how without proper support, treatment and step-down accommodation, a
ArialMT	11	forensic patient can be prevented from transitioning to less secure environments. Step-down
ArialMT	11	accommodation provides an intermediate level of support and supervision between prison or
ArialMT	11	a forensic hospital and independent living in the community.
DINPro-Medium	16	Ending indefinite detention
ArialMT	11	In 2015, the Law, Crime and Community Safety Council (now the Standing Council of Attorneys-
ArialMT	11	General) established a working group to develop the National Statement of Principles Relating
ArialMT	11	to Persons Unfit to Plead or Found Not Guilty by Reason of Cognitive or Mental Health
ArialMT	11	Impairment (National Principles). The National Principles are a non-binding, best-practice
ArialMT	11	guide for jurisdictions. They do not state that indefinite detention is unacceptable.
ArialMT	11	We recommend the Australian Government, together with state and territory governments,
ArialMT	11	review the National Principles through the Standing Council of Attorneys-General. The National
ArialMT	11	Principles should be revised to include the following:
ArialMT	11	• Indefinite detention is unacceptable and laws providing for it should be repealed.
ArialMT	11	• Where an order for detention is made, there should be a maximum term of detention
ArialMT	11	nominated beyond which the person cannot be detained (a ‘limiting term’).
ArialMT	11	• The limiting term should not exceed the court’s assessment of the sentence it would
ArialMT	11	have imposed on the defendant had the person been found guilty of the offence in an
ArialMT	11	ordinary trial of criminal proceedings.
ArialMT	11	• In hearings conducted to determine a person’s fitness to stand trial or to plead, the court
ArialMT	11	must consider whether it can modify the trial process or ensure assistance is provided
ArialMT	11	to facilitate the person’s understanding and effective participation in the proceedings.
ArialMT	11	This includes any cultural or other trauma-informed supports a First Nations person
ArialMT	11	may need to ensure they can participate in a fair trial and understand the proceedings.
ArialMT	11	The Commonwealth, states and territories should amend their legislation on fitness to stand trial
ArialMT	11	to align with the revised National Principles.
ArialMT	11	We also recommend the Australian Government and state and territory governments provide
ArialMT	11	step-down options for the placement of people in the forensic system to facilitate their
ArialMT	11	progressive transition to less restrictive environments. This includes medium and low
ArialMT	11	secure and community-based accommodation options.
ArialMT	9	130 Royal Commission into Violence, Abuse, Neglect and Exploitation of People with Disability: Final Report
DINPro-Medium	18	Screening, assessing and identifying disability
DINPro-Medium	16	Importance of screening and identification
ArialMT	11	The true number of people with disability in the criminal justice system cannot be determined,
ArialMT	11	in part because of an absence of consistent and comprehensive screening practices.
ArialMT	11	Screening usually involves a series of questions or tests that are administered when a person
ArialMT	11	is first admitted to a prison or detention centre to identify a disability or the possibility of a
ArialMT	11	disability. A person may then be referred for more detailed assessment if the screen reveals
ArialMT	11	a possible disability. Assessment generally involves a more detailed process involving
ArialMT	11	appropriate professionals and in-depth testing.
ArialMT	11	Screening may have an immediate benefit by identifying the person’s support needs while
ArialMT	11	in prison or detention, as well as longer term benefits by identifying the supports and services
ArialMT	11	they require upon release from custody.
DINPro-Medium	16	Inadequate screening and identification processes
Arial-ItalicMT	11	In its 2014 report, Equal before the law: Towards Disability Justice Strategies, the AHRC found
ArialMT	11	there was ‘widespread difficulty identifying disability and responding to it appropriately’ in the
ArialMT	11	context of police, courts and corrections.65 This means necessary supports and adjustments are
ArialMT	11	not provided.
ArialMT	11	There are no national standards or minimum requirements for screening for disability.
ArialMT	11	The type of information sought and the procedures used to identify disability vary between
ArialMT	11	the states and territories.
DINPro-Medium	16	National practice guidelines
ArialMT	11	To improve processes for screening and identifying disability in custodial settings, we
ArialMT	11	recommend state and territory corrective services and youth justice agencies develop
ArialMT	11	national practice guidelines and policies.
ArialMT	11	National practice guidelines would promote consistent approaches between jurisdictions.
ArialMT	11	They would provide a benchmark for corrective and justice health agencies to evaluate their
ArialMT	11	own disability screening and identification policies and procedures. Implementing the guidelines
ArialMT	11	would increase the likelihood appropriate supports are made available to people with disability.
ArialMT	11	People with disability, including with lived experience of the criminal justice system, and people
ArialMT	11	with expertise in cognitive disability should be involved in designing the national practice
ArialMT	11	guidelines and approaches to their implementation.
ArialMT	11	State and territory governments should ensure that policies and practices concerning screening,
ArialMT	11	identification and diagnosis of disability of people in custody are consistent with the national
ArialMT	11	practice guidelines.
ArialMT	9	Executive Summary, Our vision for an inclusive Australia and Recommendations 131
ArialMT	11	In several public hearings, we heard evidence about the inappropriateness of using
ArialMT	11	standardised screening tools developed for Western cultures on First Nations people.
ArialMT	11	There is a clear need to improve the cultural safety of current screening processes across
ArialMT	11	Australia. We recommend state and territory governments engage First Nations organisations,
ArialMT	11	including Aboriginal Community Controlled Health Organisations, to provide culturally safe
ArialMT	11	disability screening and assessment services for First Nations prisoners and detainees.
DINPro-Medium	18	The NDIS and criminal justice
ArialMT	11	State and territory governments are responsible for funding and providing supports and
ArialMT	11	services to people with disability through their criminal justice systems. The Australian
ArialMT	11	Government, through the NDIA, funds supports for participants in the NDIS who are
ArialMT	11	in contact with the criminal justice system.
DINPro-Medium	16	NDIS Rules and the Applied Principles and Tables of Support
ArialMT	11	When making decisions about supports for participants, the NDIA must have regard to the
Arial-ItalicMT	11	National Disability Insurance Scheme (Supports for Participants) Rules 2013 (NDIS Rules).
ArialMT	11	The NDIS Rules set out three areas of responsibility for participants in contact with the
ArialMT	11	criminal justice system:
ArialMT	11	• supports for a person not in custody (for example, a person on bail or on parole)
ArialMT	11	• supports for a person in custody
ArialMT	11	• transition supports, which facilitate the person’s transition from the custodial setting
ArialMT	11	to the community.
ArialMT	11	The NDIS Rules state that the NDIS is not responsible for a number of supports, including the
ArialMT	11	day-to-day care and support needs of a person in custody. The application of the NDIS Rules
ArialMT	11	has proven to be complex where responsibilities between the Australian Government and state
ArialMT	11	and territory governments are unclear, shared or intersect.
ArialMT	11	The NDIS Rules are supported by the Applied Principles and Tables of Support (APTOS), a set
ArialMT	11	of principles agreed by the Australian Government and state and territory governments to further
ArialMT	11	define the funding and delivery responsibilities of the NDIS and other service systems, including
ArialMT	11	justice. The APTOS Justice Table specifies the only supports funded by the NDIS for people
ArialMT	11	in custodial settings are those required due to the impact of the person’s impairment on their
ArialMT	11	functional capacity, and are additional to reasonable adjustments.
ArialMT	11	The APTOS Justice Table also states that for people with disability in custody, the state and
ArialMT	11	territory governments are responsible, among other things, for interventions to reduce criminal
ArialMT	11	behaviour that are ‘not clearly a direct consequence’ of disability (‘criminogenic supports’).
ArialMT	11	The distinction between disability-related and criminogenic supports can be unclear.
ArialMT	11	The Australian Government has acknowledged this distinction can be difficult to draw
ArialMT	11	in complex cases.
ArialMT	9	132 Royal Commission into Violence, Abuse, Neglect and Exploitation of People with Disability: Final Report
DINPro-Medium	16	Addressing interface issues
ArialMT	11	The Australian Government and state and territory governments have taken steps to clarify
ArialMT	11	respective responsibilities of the NDIS and the criminal justice system. However, the confusion
ArialMT	11	around responsibilities to provide support has not been adequately resolved. This is particularly
ArialMT	11	around support for people with disability with complex needs, for whom the delineation between
ArialMT	11	disability and criminogenic needs may be difficult to determine.
ArialMT	11	We recommend the Australian Government and state and territory governments, through
ArialMT	11	the Disability Reform Ministerial Council:
ArialMT	11	• review the NDIS Rules and the APTOS to align and provide clear parameters in
ArialMT	11	determining which supports will be funded by the NDIS for participants involved
ArialMT	11	in the criminal justice system
ArialMT	11	• resolve issues related to the interface between the NDIS and the criminal justice
ArialMT	11	system, particularly the distinction between criminogenic-related supports and
ArialMT	11	disability-related supports
ArialMT	11	• where such issues cannot be resolved, agree on a mechanism for joint funding
ArialMT	11	of individual supports.
DINPro-Medium	16	Access to NDIS-funded transition supports
ArialMT	11	We heard that the NDIA has adopted a restrictive approach towards its responsibility to provide
ArialMT	11	transition supports for people being released from prison. The evidence shows the importance
ArialMT	11	of well-timed and adequate transition planning and supports for people in custody and detention
ArialMT	11	settings. Providing these mitigates the risks of people with disability being drawn back into the
ArialMT	11	criminal justice system due to a lack of support.
ArialMT	11	The Australian Government told us in practice approval for transition funding in an NDIS participant’s
ArialMT	11	plan ‘typically occurs when a release date is advised to the NDIA’.66 Greater flexibility is required
ArialMT	11	to support transition planning for people in custodial settings. Most importantly, the timing
ArialMT	11	of planning for transition supports should not risk a person having to stay in custody longer
ArialMT	11	than necessary while supports are arranged or risk a person not having appropriate supports
ArialMT	11	available after their release.
ArialMT	11	To improve transition planning, we recommend the NDIA issue guidelines stating expressly
ArialMT	11	that a release date is not a precondition for approving funding for transitional supports
ArialMT	11	for participants in custody.
DINPro-Medium	18	Improving data collection
ArialMT	11	No jurisdiction in Australia, with the partial exception of New South Wales, comprehensively
ArialMT	11	collects or publishes data that records the number of people with disability in criminal
ArialMT	11	justice systems or the disability types of people in custodial settings. Nor do we have data
ArialMT	9	Executive Summary, Our vision for an inclusive Australia and Recommendations 133
ArialMT	11	disaggregated for intersectional characteristics such as First Nations status, culturally
ArialMT	11	and linguistically diverse status, gender and type of disability.
ArialMT	11	The lack of complete, consistent and disaggregated data about people with disability
ArialMT	11	in the criminal justice system has serious implications. These include limitations on:
ArialMT	11	• the ability to identify and plan for the disability support needs of the prison population
ArialMT	11	• evaluations of programs, services and policies offered in custodial settings, because they
ArialMT	11	fail to identify and consider their use by, relevance to, and efficacy for people with disability
ArialMT	11	• assessment of diversionary programs
ArialMT	11	• evaluation of the practical effect of legislative changes.
ArialMT	11	All states and territories should commit to cooperation and consistency in data collection
ArialMT	11	in the criminal justice system, which should be informed by the recommendations on data
Arial-ItalicMT	11	consistency in Volume 12, Beyond the Royal Commission.
DINPro-Medium	18	Police responses to people with disability
DINPro-Medium	16	Adequacy of police responses
ArialMT	11	People with disability come into contact with the police as alleged offenders and as victims
ArialMT	11	of or witnesses to crime. Some people with disability reported positive experiences with police
ArialMT	11	officers and how they were supported as victims of crime. But not all experiences with police
ArialMT	11	were positive. In particular, we were told women and girls with disability often had negative
ArialMT	11	experiences of making reports to police about domestic, family and sexual violence.
Arial-ItalicMT	11	We commissioned a report, Police responses to people with disability (Police responses report),
ArialMT	11	by researchers at the University of New South Wales. The report concluded that while some
ArialMT	11	individual police adopt good practices, police forces generally have not formulated systemic
ArialMT	11	approaches to engaging with people with disability.
ArialMT	11	We recommend the Australian Government and state and territory governments collaborate
ArialMT	11	with people with disability in the co-design, implementation and evaluation of strategies
ArialMT	11	to improve police responses to people with disability.
DINPro-Medium	16	Implementing an alternative reporting pathway
ArialMT	11	The Police responses report identified the barriers faced by people with disability who are
ArialMT	11	victims or witnesses of crime to coming forward to police and being believed. The report found
ArialMT	11	police responses were often inadequate because people coming forward could not give a clear
ArialMT	11	account of what occurred, and consequently were often dismissed as either substance affected
ArialMT	11	or as wasting police time.
ArialMT	9	134 Royal Commission into Violence, Abuse, Neglect and Exploitation of People with Disability: Final Report
ArialMT	11	Public hearing 28 examined the feasibility and availability of alternative pathways for people
ArialMT	11	with disability to report incidents or crimes to police. We heard about third-party reporting
ArialMT	11	systems, which were described as ‘almost a liaison between police and targeted communities’.67
ArialMT	11	Under these systems, somebody can report an incident of violence and receive support from
ArialMT	11	people who know and understand the kinds of violence people are subjected to. The victim
ArialMT	11	then decides whether they want the third party to report the incident to police or make an
ArialMT	11	information-only report to police without any further investigation.
ArialMT	11	We recommend the Australian Government and state and territory governments introduce
ArialMT	11	an alternative reporting pathway for people with disability to report crimes to police.
DINPro-Medium	16	Police disability liaison officers
ArialMT	11	The deployment of specialist disability liaison officers or units can assist in overcoming mistrust
ArialMT	11	of police. For example:
ArialMT	11	• South Australia Police has introduced Gay and Lesbian Liaison Officers to help build
ArialMT	11	the LGBTIQA+ community’s trust
ArialMT	11	• NSW Police Force has introduced dedicated specialist liaison officers known as Aged
ArialMT	11	Crime Prevention Officers. They provide support to victims who have reported crimes;
ArialMT	11	assist any investigating officers; and liaise with other agencies.
ArialMT	11	We recommend all police services introduce adequate numbers of dedicated disability liaison
ArialMT	11	officer positions.
DINPro-Medium	16	Legal obligations of police in the provision of services
ArialMT	11	The prohibition against discrimination in service delivery in section 24 of the DDA does not cover
ArialMT	11	the interaction between police and people with disability suspected of committing an offence.
ArialMT	11	We consider the police should be accountable if they discriminate against a person with
ArialMT	11	disability, particularly where a person’s right to liberty and security of the person are concerned
ArialMT	11	or when in police custody. In addition to proposed amendments to the DDA outlined earlier
ArialMT	11	in ‘Strengthening the Disability Discrimination Act’, we recommend the DDA be amended to
ArialMT	11	include ‘services provided by police officers in the course of performing policing duties and
ArialMT	11	powers’ in the definition of ‘services’ in section 4.
DINPro-Medium	18	Diversion from the criminal justice system
ArialMT	11	‘Diversion’ is the formal and informal practices that seek to minimise an accused person’s
ArialMT	11	involvement with the criminal justice system. The aim of diversion is to provide the necessary
ArialMT	11	social, structural and therapeutic support to people with cognitive disability to reduce the
ArialMT	11	likelihood that they will reoffend and become entrenched in a system that is ill-equipped to
ArialMT	11	address their needs. Diversion recognises cognitive disability can result in reduced culpability,
ArialMT	11	making ‘the application of traditional criminal law processes unfair or inappropriate’.68
ArialMT	9	Executive Summary, Our vision for an inclusive Australia and Recommendations 135
ArialMT	11	The Police responses report found people with cognitive disability are significantly more
ArialMT	11	likely than people without disability to enter the criminal justice system at an early age,
ArialMT	11	and then become trapped in a cycle of low-level offending. This points to a need for more
ArialMT	11	opportunities for diversion particularly of people with cognitive disability at all stages of
ArialMT	11	the criminal justice process.
DINPro-Medium	16	Benefits of diversion
ArialMT	11	Participants in diversion programs are less likely to re-offend and re-appear before the
ArialMT	11	courts and more likely to access NDIS supports. Engaging with diversion programs can
ArialMT	11	also dramatically increase a person’s wellbeing. These programs make a positive difference
ArialMT	11	to people’s experiences in the criminal justice system, especially because participants can
ArialMT	11	avoid the stigma and trauma associated with conviction and a custodial sentence.
ArialMT	11	Diversion programs can be successful in supporting and rehabilitating people with cognitive
ArialMT	11	disability who would otherwise be convicted and given a custodial sentence. However, research
ArialMT	11	suggests ‘appropriate diversionary measures, both at the time of initial police contact and
ArialMT	11	at court, are still underutilised, not available, or not effective due to the lack of appropriate
ArialMT	11	community supports and services’.69
ArialMT	11	We recommend state and territory governments fund court-based diversion programs for
ArialMT	11	people with cognitive disability charged with offences that can be heard in local or magistrates’
ArialMT	11	courts. The programs should:
ArialMT	11	• be accessible and culturally appropriate, particularly in regional and remote areas
ArialMT	11	• provide support for people to access the NDIS
ArialMT	11	• connect people to appropriate education, housing, employment and other services.
DINPro-Medium	16	Raising the age of criminal responsibility
ArialMT	11	Children with disability are particularly at risk of violence and abuse in detention and may be
ArialMT	11	denied adequate health care, education and other services. During 2018–19, 49,180 young
ArialMT	11	offenders aged 10 to 17 years were charged with an offence in Australia. Of these, 8,353 were
ArialMT	11	between 10 and 13 years old.
ArialMT	11	A draft report prepared for the Age of Criminal Responsibility Working Group for the Standing
ArialMT	11	Council of Attorneys-General in 2020 examined the negative effects of detention for a child aged
ArialMT	11	10 to 13. The report was not specifically concerned with children with disability, but identified
ArialMT	11	detention as increasing ‘a child’s risk of depression, suicide and self-harm’.70 The draft report
ArialMT	11	concluded remanding or sentencing a child to detention ‘creates life-long negative outcomes’.71
ArialMT	11	In Australia, the general position under common law is that children are criminally responsible
ArialMT	11	for their behaviour if they are aged 10 years or over. For children aged between 10 and 14,
ArialMT	11	there is a rebuttable presumption of doli incapax, meaning the child is considered incapable
ArialMT	9	136 Royal Commission into Violence, Abuse, Neglect and Exploitation of People with Disability: Final Report
ArialMT	11	of having criminal intent. The prosecution must therefore prove the child understood that their
ArialMT	11	actions were wrong.
ArialMT	11	Properly applied, the principle of doli incapax can prevent unnecessary detention of children.
ArialMT	11	However, research indicates that in practice, this principle ‘has limited capacity to protect
ArialMT	11	children under the age of 14 years’.72
ArialMT	11	The earlier a child with or without disability comes into contact with the justice system, the more
ArialMT	11	prolonged their involvement is likely to be, and the greater their likelihood of chronic, long-term
ArialMT	11	offending. Placing children in detention, especially children with cognitive disability, increases
ArialMT	11	the chances that they will become enmeshed in the criminal justice system. The most effective
ArialMT	11	way of preventing very young children from ‘a potential trajectory within the youth justice
ArialMT	11	system’ and from experiencing the trauma of detention is to raise the minimum age of
ArialMT	11	criminal responsibility.73
ArialMT	11	Raising the minimum age of criminal responsibility to 14 would bring Australia into line with
ArialMT	11	an internationally accepted standard. We recommend states and territories that have not
ArialMT	11	already done so introduce legislation raising the minimum age of criminal responsibility to 14.
DINPro-Medium	18	Disability and family violence law and policy
DINPro-Medium	16	Family and domestic violence
ArialMT	11	Women with disability experience similarly high rates of violence overall to men with disability,
ArialMT	11	but the types of violence they experience tend to be different. Women with disability are much
ArialMT	11	more likely to experience sexual assault, violence and emotional abuse perpetrated by a
ArialMT	11	domestic partner, or stalking.
ArialMT	11	Evidence and accounts of the nature of violence and abuse towards women with disability
ArialMT	11	suggest they are targeted by a wider range of perpetrators than people without disability,
ArialMT	11	and also in a wider range of settings. They are subjected to:
ArialMT	11	• violence, abuse, neglect and exploitation by intimate partners who are also carers
ArialMT	11	• violence and abuse by family members, co-residents or support workers
ArialMT	11	• abusers using specific forms of violence that target their disability-related needs
ArialMT	11	or adjustments, such as controlling their access to mobility or communication aids
ArialMT	11	and medication.
ArialMT	11	Laws and policies addressing violence and abuse should include and respond to these
ArialMT	11	experiences. However, frequently they do not.
ArialMT	9	Executive Summary, Our vision for an inclusive Australia and Recommendations 137
DINPro-Medium	16	National Plan to End Violence Against Women and Children
ArialMT	11	The National Plan to End Violence Against Women and Children 2022–2032 (National Plan)
ArialMT	11	was released in October 2022. It sets Australia’s policy framework and guides future action
ArialMT	11	on preventing and responding to violence against women, with a goal of ‘ending gender-based
ArialMT	11	violence in one generation’.74
ArialMT	11	The National Plan recognises ‘violence against women and girls with disability tends to occur
ArialMT	11	more frequently, over a longer period of time, and across a wider range of settings’.75 It also
ArialMT	11	acknowledges the ‘additional ableist drivers’ and the unique forms of violence experienced
ArialMT	11	by women with disability.76 It commits to building capacity in response services ‘to better
ArialMT	11	understand and identify violence in all its forms against … women with disability, including
ArialMT	11	in institutions’.77 However, the National Plan does not identify specific actions to address
ArialMT	11	the drivers of violence against women and girls with disability, the specific experiences
ArialMT	11	of violence against women and girls with disability, or the dearth of accessible supports.
ArialMT	11	We recommend the Australian Government and state and territory governments develop a
ArialMT	11	five-year Action Plan for Women and Children With Disability to accompany the National Plan
ArialMT	11	to End Violence against Women and Children 2022–2032. The Action Plan should:
ArialMT	11	• be developed by and for women with disability
ArialMT	11	• prioritise cohorts at greatest risk of violence, including women with cognitive and
ArialMT	11	psychosocial disability
ArialMT	11	• recognise the greater range of relationships and settings in which domestic, family,
ArialMT	11	and sexual violence against women and girls with disability can occur
ArialMT	11	• coordinate with other relevant plans and strategies, in particular the forthcoming
ArialMT	11	Aboriginal and Torres Strait Islander Action Plan and the ADS.
DINPro-Medium	16	Family and domestic violence in law and policy
ArialMT	11	Australian laws and policy frameworks do not adopt a uniform definition of gender based
ArialMT	11	violence, violence against women or family and domestic violence. The National Plan
ArialMT	11	recognises varied definitions of gender-based violence as a ‘whole-of-system issue’ and
ArialMT	11	commits to further work ‘with states and territories in areas where we do not yet have
ArialMT	11	consistent national definitions’.78 It states that nationally consistent definitions are needed
ArialMT	11	as the basis of ‘program design, public and private sector policies, as well as legislation
ArialMT	11	across states and territories’.79
ArialMT	11	Gaps in existing laws broadly relate to:
ArialMT	11	• definitions that do not cover all domestic relationships people with disability may have,
ArialMT	11	such as with support workers, co-residents, and guardians and administrators
ArialMT	11	• particular settings, for example violence in group homes, respite services
ArialMT	11	or boarding houses
ArialMT	9	138 Royal Commission into Violence, Abuse, Neglect and Exploitation of People with Disability: Final Report
ArialMT	11	• behaviour people with disability experience, such as withholding personal supports or
ArialMT	11	interfering with assistive devices, that constitutes family or domestic violence and abuse.
ArialMT	11	The absence of a nationally consistent definition of family and domestic violence has direct
ArialMT	11	consequences for the legal protections and supports available to women and girls with
ArialMT	11	disability when they experience family and domestic violence. Inconsistencies and gaps in
ArialMT	11	legal protections for people with disability can have a direct impact on policy, funding and
ArialMT	11	service responses.
ArialMT	11	In working towards nationally consistent, inclusive definitions of gender-based violence under
ArialMT	11	the National Plan, we recommend states and territories amend their legislative definitions of
ArialMT	11	family and domestic violence to include:
ArialMT	11	• all relationships in which people with disability experience family and domestic violence,
ArialMT	11	including but not limited to carer and support worker relationships
ArialMT	11	• disability-based violence and abuse
ArialMT	11	• all domestic settings, including but not limited to supported accommodation such as group
ArialMT	11	homes, respite centres and boarding houses.
ArialMT	11	Volume 8, Criminal justice and people with disability examines and makes recommendations to
ArialMT	11	address the over-representation of people with disability in the criminal justice system and their
ArialMT	11	experiences of maltreatment once in the system.
ArialMT	9	Executive Summary, Our vision for an inclusive Australia and Recommendations 139
ArialMT	9	140 Royal Commission into Violence, Abuse, Neglect and Exploitation of People with Disability: Final Report
DINPro-Medium	25	First Nations people with disability
DINPro-Medium	13	Key points
ArialMT	11	• First Nations people with disability are uniquely marginalised in Australia.
ArialMT	11	• The experiences of First Nations people with disability cannot be separated
ArialMT	11	from the ongoing impacts of colonisation, intergenerational trauma and racism
ArialMT	11	experienced by First Nations people more generally.
ArialMT	11	• Due to a complex history of trauma, stigma and shame, First Nations people can
ArialMT	11	be reluctant to identify with disability.
ArialMT	11	• Significant change is required to dismantle the barriers many First Nations people
ArialMT	11	with disability face to accessing culturally safe and quality services and supports.
ArialMT	11	• Reforms are needed to address the over-representation of First Nations people
ArialMT	11	in the child protection system and the criminal justice system.
ArialMT	11	• Barriers to accessing the NDIS in remote areas have resulted in neglect of First
ArialMT	11	Nations people with disability. The NDIA should consult on culturally appropriate
ArialMT	11	assessment and consider modifying eligibility criteria in some circumstances.
ArialMT	11	It should also increase the number and coverage of culturally safe services for
ArialMT	11	First Nations communities through long-term investment and a flexible approach
ArialMT	11	to funding.
ArialMT	11	• To address systemic policy and service delivery failures, reforms required include:
ArialMT	11	◦ establishing a First Nations disability forum
ArialMT	11	◦ improving the Disability Sector Strengthening Plan
ArialMT	11	◦ developing disability-inclusive cultural safety standards for service delivery
ArialMT	11	◦ investing in the First Nations disability workforce.
DINPro-Medium	18	The experiences of First Nations people with disability
DINPro-Medium	14	I have often felt that I represent the three demographic groups in
DINPro-Medium	14	Australian society that are treated worst. I am First Nations, I am a
DINPro-Medium	14	woman and I have a disability. I have felt the impact and burden of
DINPro-Medium	14	all three of these things that are part of who I am.80
ArialMT	9	Executive Summary, Our vision for an inclusive Australia and Recommendations 141
ArialMT	11	Our terms of reference directed us to examine the specific experiences of violence against, and
ArialMT	11	abuse, neglect and exploitation of, First Nations people with disability. We understood this as a
ArialMT	11	direction to recognise the unique histories, cultures and associations with land, family, language
ArialMT	11	and lore First Nations peoples hold. We also understood it to be a direction to consider the
ArialMT	11	unique and cumulative forms of disadvantage First Nations people with disability face.
ArialMT	11	We recognise the First Nations disability community has many voices. Consequently, we sought
ArialMT	11	the views of and engaged with a wide range of independent organisations, community groups
ArialMT	11	and individuals to give us a broad picture of the intersectional experiences of First Nations
ArialMT	11	people with disability.
DINPro-Medium	16	The impact of colonisation on First Nations people with disability
ArialMT	11	Prior to colonisation, First Nations people with disability were included in social and cultural
ArialMT	11	life and had responsibilities as part of First Nations communities. Disability was just ‘part of
ArialMT	11	the human experience’.81
ArialMT	11	The cataclysmic impact of European colonisation on First Nations people is well known.
ArialMT	11	The experiences of First Nations people with disability cannot be separated from the ongoing
ArialMT	11	impacts of colonisation, intergenerational trauma and institutional racism experienced by
ArialMT	11	First Nations people more generally.
DINPro-Medium	16	Understanding rights within a First Nations framework
ArialMT	11	Our work was informed by human rights relevant to First Nations peoples as a distinct cultural
ArialMT	11	group, as well as their rights as individuals with disability. We were guided by the CRPD and
Arial-ItalicMT	11	the United Nations Declaration on the Rights of Indigenous Peoples (UNDRIP).
ArialMT	11	More recently, the Uluru Statement from the Heart developed a position on Indigenous
ArialMT	11	constitutional recognition based on self-determination. We heard a commitment to such reform
ArialMT	11	is an essential precondition for the safety and wellbeing of First Nations people with disability.
DINPro-Medium	16	Disability: ‘Not a word we use’
ArialMT	11	First Nations peoples’ understanding of disability does not easily align with Western concepts
ArialMT	11	of disability, particularly the tendency to focus on individual impairment over collective wellbeing.
ArialMT	11	Many First Nations people with disability prefer a cultural model centred on inclusion. This
ArialMT	11	recognises that inclusive participation in culture and community has a positive impact on social
ArialMT	11	health and wellbeing, and moderates the harm of inequalities experienced in daily life.
ArialMT	11	The reluctance of some First Nations people with disability to identify with disability has
ArialMT	11	a complex history. It is about more than cultural differences between First Nations and
ArialMT	11	non-Indigenous people. It is also a product of stigma and shame about disability resulting
ArialMT	11	from colonisation, trauma and discriminatory treatment. This creates formidable barriers
ArialMT	11	to accessing disability supports and services.
ArialMT	9	142 Royal Commission into Violence, Abuse, Neglect and Exploitation of People with Disability: Final Report
DINPro-Medium	16	Ensuring cultural safety
ArialMT	11	First Nations people with disability have emphasised the importance of culture, Country, kin and
ArialMT	11	community in safeguarding them from experiences of violence, abuse, neglect and exploitation.
ArialMT	11	We understand cultural safety as an outcome that respects, supports and empowers the cultural
ArialMT	11	rights, identity, values, beliefs and expectations of First Nations peoples while providing quality
ArialMT	11	services that meet their needs.
ArialMT	11	First Nations people with disability have identified a lack of culturally safe disability services
ArialMT	11	and supports across almost every system they encounter. Denial of or limited access to safe,
ArialMT	11	inclusive, quality services and supports results in continued neglect of First Nations people
ArialMT	11	with disability.
DINPro-Medium	16	Child protection
ArialMT	11	We considered the experiences of First Nations people with disability and their families in
ArialMT	11	contact with child protection systems, including out-of-home care. The gross over-representation
ArialMT	11	of First Nations families in these systems across Australia is well established and has been
ArialMT	11	the subject of past inquiries.
ArialMT	11	First Nations people with disability shared the cycle of intergenerational trauma and the
ArialMT	11	devastating effects on connections with family, culture and Country. First Nations people with
ArialMT	11	disability drew links between child removal and later contact with the criminal justice system,
ArialMT	11	experiences of family and domestic violence, and poor education and health outcomes.
ArialMT	11	When First Nations children with disability are removed from Country and placed in care,
ArialMT	11	continued contact with family, community and return visits to Country can be infrequent. This
ArialMT	11	causes distress and a loss of connection to culture, harming both children and their families.
DINPro-Medium	14	The need for a First Nations approach
ArialMT	11	Exercising the right to self-determination and culture protects First Nations families and children
ArialMT	11	with disability from unwarranted intervention and trauma. We look at four ways to support this
ArialMT	11	in child protection systems.
ArialMT	11	First, First Nations Community Controlled Organisations should be involved at all stages of
ArialMT	11	child protection systems.
ArialMT	11	Second, assessment and diagnosis should be culturally safe. Parenting capacity assessments
ArialMT	11	based on Western concepts of parenting are not culturally appropriate and do not consider
ArialMT	11	the cultural strengths of First Nations peoples, their families and communities. We recommend
ArialMT	11	state and territory governments should work with First Nations child protection services, peak
ArialMT	11	bodies and First Nations people with disability to co-design clear principles and guidelines for
ArialMT	11	parenting capacity assessments for First Nations parents with disability.
ArialMT	9	Executive Summary, Our vision for an inclusive Australia and Recommendations 143
ArialMT	11	Third, First Nations children should have access to appropriate screening in out-of-home care.
ArialMT	11	Currently, First Nations children are entering or in out-of-home care with undiagnosed disability
ArialMT	11	and remain undiagnosed while there. Despite the critical need for culturally appropriate disability
ArialMT	11	assessment of First Nations children in out-of-home care, few culturally and linguistically
ArialMT	11	appropriate assessment tools are available.
ArialMT	11	The Ages and Stages Questionnaire – Talking about Raising Aboriginal Kids (ASQ–TRAK)
ArialMT	11	is a culturally adapted developmental screening tool designed to identify developmental
ArialMT	11	issues in First Nations children in Australia. It screens across five domains of development:
ArialMT	11	communication, gross motor, fine motor, problem solving and personal-social. A particular
ArialMT	11	benefit of ASQ–TRAK is it is able to be used by people other than doctors, such as trained
ArialMT	11	First Nations staff in community controlled health organisations. This in turn enables a
ArialMT	11	culturally safe assessment.
ArialMT	11	We recommend all First Nations children up to five years of age going into out-of-home care
ArialMT	11	are screened using the ASQ–TRAK. Where a child is identified as vulnerable on two or more
ArialMT	11	of the five domains of development, that child should be supported by an application for an
ArialMT	11	Early Childhood Early Intervention plan.
ArialMT	11	The fourth way to support First Nations parents and children is through early intervention.
ArialMT	11	A lack of early support for First Nations parents and children with disability can contribute to
ArialMT	11	contact with child protection systems, particularly in remote areas. We consider child protection
ArialMT	11	authorities should be required to provide information to First Nations parents and families on
ArialMT	11	where and how they can access support.
DINPro-Medium	16	Criminal justice
ArialMT	11	Throughout our inquiry, First Nations people with disability raised concerns about their
ArialMT	11	interactions with police and corrections personnel, as well as conditions in adult prisons
ArialMT	11	and youth detention centres. We heard about racist and ableist attitudes towards First Nations
ArialMT	11	people with disability, physical violence against them, and use of physical and chemical
ArialMT	11	restraints. We identified the hidden national crisis of the high proportion of First Nations
ArialMT	11	people with cognitive disability in custody, particularly youth detention.
DINPro-Medium	14	Culture is healing
ArialMT	11	The importance of culture and its healing nature for First Nations people is undeniable.
ArialMT	11	We were told this repeatedly by First Nations people with disability who had contact with
ArialMT	11	criminal justice systems.
ArialMT	11	We learnt cultural support can help First Nations people with disability achieve better outcomes
ArialMT	11	during and after engagement with criminal justice systems. We also learnt about the importance
ArialMT	11	of culture in reducing contact with the criminal justice system. We heard about the importance
ArialMT	11	of having staff in prisons, juvenile detention centres and forensic units who are trained to work
ArialMT	11	with First Nations people with complex needs. And we heard about the valuable work First
ArialMT	11	Nation-led organisations do supporting people to transition into the community.
ArialMT	9	144 Royal Commission into Violence, Abuse, Neglect and Exploitation of People with Disability: Final Report
ArialMT	11	It is critical First Nations people receive cultural support while in criminal justice settings.
ArialMT	11	We recommend state and territory governments review the effectiveness of their strategies
ArialMT	11	directed to ensuring the cultural safety of First Nations people with disability in these settings.
DINPro-Medium	16	The unmet potential of the NDIS for First Nations people
DINPro-Medium	14	The operation of the NDIS in remote and very remote communities
ArialMT	11	The NDIS model relies on a competitive marketplace ‘where participants can use their NDIS
ArialMT	11	plans to purchase the supports and services that best meet their needs’.82 ‘Thin markets’ exist
ArialMT	11	where there is a gap between the needs of First Nations participants in remote communities and
ArialMT	11	the services available.
ArialMT	11	A lack of services limits the choice and control of First Nations people with disability in remote
ArialMT	11	communities. It may also mean they are more reliant on family members and First Nations
ArialMT	11	Community Controlled Organisations to provide disability services. Where this is not possible,
ArialMT	11	they are required to move off Country. Many said having to move off Country to receive
ArialMT	11	services has a significant impact on their wellbeing and that of their families.
DINPro-Medium	14	Barriers to accessing the NDIS
ArialMT	11	First Nations people often experience difficulties applying to the NDIS and obtaining evidence
ArialMT	11	to support applications. We consider the NDIA should work in partnership with First Nations
ArialMT	11	disability and health organisations to improve the availability of culturally appropriate
ArialMT	11	assessments. It should also consider how NDIS eligibility criteria may need to be modified
ArialMT	11	in circumstances where First Nations people have difficulties accessing culturally safe and
ArialMT	11	appropriate assessments or lack sufficient documentation.
ArialMT	11	The complexity of the NDIS has impeded First Nations people’s access to the scheme and to
ArialMT	11	disability supports in remote communities. We heard that much of the information distributed
ArialMT	11	was culturally inappropriate and incomprehensible.
ArialMT	11	The cultural, language and literacy barriers faced by First Nations NDIS participants in remote
ArialMT	11	communities limit their ability to exercise choice and control. Simplifying educational material,
ArialMT	11	as well as improving the cultural competency of NDIA staff and increasing access to
ArialMT	11	interpreters, would address many of these barriers.
ArialMT	11	There is an inherent tension between the preference of many First Nations communities for
ArialMT	11	a holistic, family-centred approach to service delivery and the NDIS model, which has a more
ArialMT	11	transactional approach focusing on individual plans and goals. The Australian Government
ArialMT	11	accepted that further work is required ‘to make the design and operation of the NDIS more
ArialMT	11	flexible to better support First Nations people with disability in remote communities’.83
ArialMT	9	Executive Summary, Our vision for an inclusive Australia and Recommendations 145
DINPro-Medium	14	Community connector programs
ArialMT	11	The NDIA runs community connector programs to support people with disability in remote
ArialMT	11	communities to access and navigate the NDIS.
ArialMT	11	We recommend the NDIA increase the number and coverage of community connector programs
ArialMT	11	for First Nations people with disability in remote areas. The programs should be community-led
ArialMT	11	and delivered. There must be adequate long-term funding for the programs and organisations
ArialMT	11	delivering them, with sufficient training for staff.
DINPro-Medium	14	Challenges to delivering services in remote communities
ArialMT	11	There are substantial challenges associated with delivering services in remote communities.
ArialMT	11	These create risks to ongoing service provision by existing providers and barriers to market
ArialMT	11	entry for new providers.
ArialMT	11	The NDIS Pricing Arrangements and Price Limits sometimes do not provide for the high
ArialMT	11	costs associated with service delivery in remote communities. The complexity of the
ArialMT	11	registration process, costs of administration and overheads create barriers to establishing
ArialMT	11	new First Nations service providers.
ArialMT	11	We heard the cultural competence and safety of mainstream NDIS providers is ‘very minimal’84
ArialMT	11	and the limited availability of culturally safe NDIS services compounds the issue of thin markets.
ArialMT	11	In December 2019, the Disability Reform Council agreed to:
ArialMT	11	a more flexible approach to address market challenges … recognising a ‘one-size-fits-
ArialMT	11	all’ approach to delivering the NDIS is not suitable to address market gaps faced by
ArialMT	11	certain geographic locations, particular cohorts or disability support types.85
ArialMT	11	This led to the NDIS Thin Markets Project, an initiative led by the NDIA, the Australian
ArialMT	11	Government Department of Social Services, and state and territory governments.
ArialMT	11	The NDIA has developed three interventions to address market challenges: market facilitation,
ArialMT	11	coordinated funding proposals and direct commissioning. An evaluation concluded there is
ArialMT	11	limited evidence of their effectiveness in addressing the significant barriers to accessing and
ArialMT	11	utilising the NDIS in remote communities. The mixed outcome reinforces the need for locally
ArialMT	11	based solutions and a reduced reliance on market-based models in regions where this is
ArialMT	11	ineffective or impractical.
DINPro-Medium	16	A community-based approach and alternative funding models
ArialMT	11	NDIS participants in remote areas do not have consistent access to quality and culturally
ArialMT	11	safe disability services and supports. For this reason, First Nations people with disability
ArialMT	11	have been and continue to be subjected to systemic neglect by the NDIS.
ArialMT	9	146 Royal Commission into Violence, Abuse, Neglect and Exploitation of People with Disability: Final Report
ArialMT	11	The Australian Government accepted Counsel Assisting’s submission following Public hearing
ArialMT	11	25, ‘The operation of the NDIS for First Nations people with disability in remote and very remote
ArialMT	11	communities’ that a purely market-based approach is insufficient to overcome the structural
ArialMT	11	barriers that impact First Nations people’s access to, and utilisation of, the NDIS in remote
ArialMT	11	communities. Further, it accepted that where market-based interventions are insufficient
ArialMT	11	to address such challenges, ‘more direct interventions may be required, such as through
ArialMT	11	direct commissioning or integration with other government services’.86
ArialMT	11	In response to Counsel Assisting submissions, the Australian Government acknowledged the
ArialMT	11	importance of investing in local First Nations organisations and workforces in remote communities.
ArialMT	11	It also acknowledged the need for place-based solutions in remote service delivery, working
ArialMT	11	closely with participants to access, engage or commission the supports needed.
ArialMT	11	Ultimately, a ground-up approach requires long-term investment and a flexible approach
ArialMT	11	to funding in remote communities. We have identified six ways to support this approach.
DINPro-Medium	14	The community controlled sector and block funding
ArialMT	11	Block-funding the community controlled sector may be key to achieving sustainable
ArialMT	11	improvements to the NDIS and enabling First Nations communities to develop solutions
ArialMT	11	for themselves.
ArialMT	11	The term ‘block funding’ is often associated with the dominant funding model for disability
ArialMT	11	services that existed prior to the NDIS. Under this model, governments funded service providers
ArialMT	11	directly. Block funding arrangements are still used by the NDIA and the Australian Government
ArialMT	11	Department of Social Services. They involve providing specific supports to NDIS participants
ArialMT	11	through a contract between the government and a service provider. Block funding does
ArialMT	11	not replace individualised funding but wraps around ‘to complement and support the operation
ArialMT	11	of the NDIS’.87
ArialMT	11	We recommend the NDIA should provide block funding for First Nations Community Controlled
ArialMT	11	Organisations to flexibly deliver supports and services to First Nations people with disability.
DINPro-Medium	14	Cultural safety in the NDIS and cultural competency of NDIA staff
ArialMT	11	First Nations people in remote communities described a lack of cultural safety when engaging
ArialMT	11	with the NDIS and NDIA employees. Witnesses spoke about NDIA planners having limited
ArialMT	11	understanding of the importance of Country, culture and community.
ArialMT	11	At present, NDIA staff complete a mandatory e-learning module focused on the importance of
ArialMT	11	First Nations cultural diversity. However, several witnesses said cultural expertise and safety
ArialMT	11	must go beyond a standard training course and be fostered throughout all levels of the NDIA.
ArialMT	11	Local NDIA staff enhance cultural safety, reduce barriers by breaking down language and
ArialMT	11	cultural differences, and are better able to provide practical assistance.
ArialMT	9	Executive Summary, Our vision for an inclusive Australia and Recommendations 147
ArialMT	11	Access to interpreters is essential to help participants understand the NDIS and make decisions
ArialMT	11	about their plans. Interpreters also help ensure cultural safety for First Nations participants.
DINPro-Medium	14	Participation in cultural life
ArialMT	11	Participation in cultural life is essential to social and emotional wellbeing for First Nations people
ArialMT	11	with disability. The objects and general principles of the NDIS Act, which guide the operation
ArialMT	11	of the NDIS, refer to supporting people with disability to participate in social and economic life.
ArialMT	11	We recommend the NDIS Act be amended to also refer to participation in cultural life, to ensure
ArialMT	11	this is considered of equal importance to social and economic participation for First Nations
ArialMT	11	people with disability.
DINPro-Medium	14	Funding for cultural supports and return to Country
ArialMT	11	The term ‘return to Country’ refers to First Nations people travelling back to their Country
ArialMT	11	on a temporary or permanent basis. This may occur after participants have moved to urban
ArialMT	11	centres to access disability support services.
ArialMT	11	Return to Country trips are important for performing cultural obligations and practices,
ArialMT	11	participating in Sorry Business, and connecting with Country, culture and community.
ArialMT	11	These trips are vital for social and emotional wellbeing.
ArialMT	11	The NDIA is co-designing a new policy with First Nations people and key stakeholders to
ArialMT	11	ensure there is a consistent approach to return to Country funding. We support this initiative
ArialMT	11	and recommend the NDIA, in consultation with the First Nations Advisory Council (which
ArialMT	11	provides advice to the NDIA):
ArialMT	11	• create a new line item in the Pricing Arrangements recognising cultural supports and return
ArialMT	11	to Country trips
ArialMT	11	• develop guidelines for NDIA staff on including cultural supports and return to Country trips
ArialMT	11	as reasonable and necessary supports in plans.
DINPro-Medium	14	Role of family members
ArialMT	11	In the absence of local First Nations-led disability services, First Nations family members often
ArialMT	11	provide care to those with disability. While some First Nations people with disability prefer family
ArialMT	11	to support them rather than ‘strangers’ the issues can be complex, particularly in relation to
ArialMT	11	funding. There may be a risk of exploitation, and measures are needed to ensure transparency,
ArialMT	11	safety and security for people with disability who receive support from family members.
ArialMT	11	These concerns are significant, but the reality is many remote communities have few
ArialMT	11	or no disability services. Family members currently fill the gap, often without training,
ArialMT	11	support, oversight or respite.
ArialMT	9	148 Royal Commission into Violence, Abuse, Neglect and Exploitation of People with Disability: Final Report
ArialMT	11	The NDIS Act allows the NDIA to fund family members to provide supports in ‘exceptional
ArialMT	11	circumstances’. However, it does not provide specific guidance about how the exceptional
ArialMT	11	circumstances criterion applies to First Nations families in remote areas. We recommend the
ArialMT	11	NDIA, the First Nations Advisory Council and First Nations Community Controlled Organisations
ArialMT	11	should co-design policy guidelines on funding for First Nations family members to provide
ArialMT	11	supports to participants in remote communities.
DINPro-Medium	14	An inclusive NDIA Board
ArialMT	11	During Public hearing 25, witnesses called for First Nations representation on the NDIA
ArialMT	11	Board. We agree section 127 of the NDIS Act should be amended to provide that the
ArialMT	11	NDIA Board must include at least one First Nations person at all times.
DINPro-Medium	16	The case for structural reform
ArialMT	11	Policy frameworks and service delivery often fail to respond to the distinct needs of First Nations
ArialMT	11	people with disability. Government policy making and funding do not address the double
ArialMT	11	disadvantage at the intersection of racism and ableism experienced by First Nations people
ArialMT	11	with disability.88 Agencies and departments often operate in silos, unaware of each other’s
ArialMT	11	actions and approaches. A fractured approach across service systems results in a lack of
ArialMT	11	coordination and gaps in responsibility.
ArialMT	11	As a consequence, the needs of First Nations people with disability are often overlooked,
ArialMT	11	ignored or forgotten. During a number of our public hearings, witnesses described how
ArialMT	11	the invisibility of First Nations people with disability has resulted in systemic neglect and
ArialMT	11	lack of accountability. We make recommendations to address these issues.
DINPro-Medium	14	A First Nations Disability Forum
ArialMT	11	We recommend the Australian Government and state and territory governments support the
ArialMT	11	establishment of a First Nations Disability Forum. The Forum’s purpose would be to address
ArialMT	11	the lack of diverse voices of First Nations people with disability across key areas funded by
ArialMT	11	the Australian Government and state and territory governments. As a community-led
ArialMT	11	organisation, it would drive policy and service reforms, ensuring culturally safe and
ArialMT	11	appropriate responses for First Nations people with disability.
ArialMT	11	The Forum would be a platform for First Nations community controlled sector organisations to
ArialMT	11	collaborate with First Nations people with disability. It should consist of representatives of the
ArialMT	11	First Peoples Disability Network, First Nations Community Controlled Organisations, Aboriginal
ArialMT	11	and Torres Strait Islander peak bodies and First Nations people with disability.
ArialMT	11	The Forum should be supported by a First Nations disability investment fund.
ArialMT	9	Executive Summary, Our vision for an inclusive Australia and Recommendations 149
DINPro-Medium	14	Building on the Disability Sector Strengthening Plan
ArialMT	11	On 26 August 2022, the Coalition of Aboriginal and Torres Strait Islander Peak Organisations
ArialMT	11	and all levels of Australian governments agreed in principle to the Disability Sector
ArialMT	11	Strengthening Plan (DSSP). The DSSP is a key commitment under the National Agreement
ArialMT	11	on Closing the Gap’s Priority Reform Two: Building the Community-Controlled Sector.
ArialMT	11	The DSSP’s overall objectives are to strengthen the community controlled disability sector
ArialMT	11	and improve outcomes for First Nations people with disability.
ArialMT	11	The in-principle agreement to the DSSP is an important step forward. It attempts to align the
ArialMT	11	complex policy landscape for First Nations people with disability. It is responsive to the need
ArialMT	11	for better coordination across the National Agreement on Closing the Gap and the ADS to
ArialMT	11	drive national action and improve outcomes with and for First Nations people with disability.
ArialMT	11	While the DSSP is an important step, we believe there are ways it could be strengthened.
ArialMT	11	At present, it does not commit any party to resources or actions ‘not already announced’ but
ArialMT	11	is framed as a resource to assist with prioritisation, partnership and negotiation.89 It runs only
ArialMT	11	until 2025.
ArialMT	11	We recommend that the parties to the National Agreement on Closing the Gap commit to
ArialMT	11	releasing a revised DSSP that has:
ArialMT	11	• agreed priority areas, determined through consultation with the community controlled sector
ArialMT	11	• a commitment to future funding and longer timeframes
ArialMT	11	• agreed timeframes for delivering actions and achieving outcomes
ArialMT	11	• annual reporting requirements for governments to improve transparency and accountability.
ArialMT	11	The First Nations Disability Forum should have the capacity to direct funding under the DSSP.
DINPro-Medium	14	Ensuring culturally safe and responsive services
ArialMT	11	We consistently heard about the need to invest in the development of culturally appropriate
ArialMT	11	and safe disability services for First Nations people. Improving cultural safety can occur through
ArialMT	11	increasing support for community controlled organisations to provide services and through
ArialMT	11	increasing cultural safety in mainstream service providers.
ArialMT	11	A commitment to cultural safety in mainstream services must be robust and based on genuine
ArialMT	11	engagement with First Nations people and their culture. It should not be a box ticking exercise.90
ArialMT	11	Cultural safety must not be just about undertaking one-off training, but a commitment to
ArialMT	11	fundamental shifts within organisational cultures and mindsets.
ArialMT	11	We recommend the Australian Government in partnership with the First Nations Disability
ArialMT	11	Forum develop disability-inclusive cultural safety standards for the provision of services for
ArialMT	11	First Nations people with disability. Disability service providers that support and have
ArialMT	9	150 Royal Commission into Violence, Abuse, Neglect and Exploitation of People with Disability: Final Report
ArialMT	11	a responsibility for First Nations people with disability, including in the health, criminal justice
ArialMT	11	and early childhood sectors, should incorporate these disability-inclusive cultural safety
ArialMT	11	standards in their practices and organisations. The NDIA should implement the cultural safety
ArialMT	11	standards to improve its own cultural competency through improved training for NDIA staff.
DINPro-Medium	14	Growing the First Nations disability workforce
DINPro-Medium	13	DSSP actions for a First Nations disability workforce
ArialMT	11	The DSSP recognises that ‘a dedicated and identified Aboriginal and Torres Strait Islander
ArialMT	11	workforce’ is an essential element of a strong sector. The current workforce data, while not
ArialMT	11	comprehensive, suggests the First Nations disability workforce is ‘either emerging or limited’.91
ArialMT	11	It also notes that existing employment and workforce strategies at national or state and territory
ArialMT	11	levels do not focus on the community controlled disability workforce.
ArialMT	11	The DSSP contains actions and outcomes intended to strengthen a dedicated First Nations
ArialMT	11	disability workforce for the community controlled disability sector. These should be built
ArialMT	11	upon through sustained commitment to develop a skilled First Nations disability workforce.
ArialMT	11	These arrangements should be negotiated through the First Nations Disability Forum.
DINPro-Medium	13	Funding a First Nations disability workforce
ArialMT	11	Investment in a First Nations disability workforce is key to addressing current service gaps.
ArialMT	11	Given their role, geographic distribution and the trust they enjoy within communities, First
ArialMT	11	Nations Community Controlled Organisations provide a platform from which this workforce
ArialMT	11	can be built.
ArialMT	11	A local, community-led approach is required to understand needs and the best ways to support
ArialMT	11	the First Nations disability workforce. Parties to the DSSP should ensure appropriate funding
ArialMT	11	is provided in the First Nations Disability Fund to build disability specific expertise into existing
ArialMT	11	community controlled organisations. The Australian Government and state and territory
ArialMT	11	governments should contribute to the fund, which should be distributed via the First Nations
ArialMT	11	Disability Forum.
DINPro-Medium	13	Need for a local workforce in remote areas
ArialMT	11	We heard there is a significant shortage of suitably skilled First Nations workers and locally
ArialMT	11	based employees, especially in remote areas. Building a local workforce is needed to increase
ArialMT	11	availability of culturally safe disability services and reduce the need for participants to move off
ArialMT	11	Country to access services. The evidence overwhelmingly supported Aboriginal Community
ArialMT	11	Controlled Organisations and Aboriginal Community Controlled Health Organisations having
ArialMT	11	a central role in local workforce development.
ArialMT	9	Executive Summary, Our vision for an inclusive Australia and Recommendations 151
ArialMT	11	In response to Counsel Assisting submissions following Public hearing 25, the Australian
ArialMT	11	Government recognised that workforce availability, training and staff accommodation have
ArialMT	11	affected service delivery for First Nations people in remote communities. The Australian
ArialMT	11	Government emphasised its commitment to ‘the development of a comprehensive NDIS
ArialMT	11	Workforce Strategy to ensure all NDIS participants can access the supports they need’.92
ArialMT	11	We recommend the First Nations Disability Forum and parties to the DSSP collaborate
ArialMT	11	to develop a strategy to develop First Nations local workforces in remote communities.
ArialMT	11	Volume 9, First Nations people with disability examines and makes recommendations
ArialMT	11	to address the specific experiences of violence against, and abuse, neglect and exploitation
ArialMT	11	of, First Nations people with disability.
ArialMT	9	152 Royal Commission into Violence, Abuse, Neglect and Exploitation of People with Disability: Final Report
DINPro-Medium	25	Disability services
DINPro-Medium	13	Key points
ArialMT	11	• We heard harrowing evidence about violence, abuse, neglect and exploitation
ArialMT	11	occurring in, or in connection with, the delivery of disability services. This primarily
ArialMT	11	related to supported accommodation.
ArialMT	11	• The risks of exposure to violence, abuse, neglect and exploitation increase when
ArialMT	11	people with disability are isolated and deprived of choice and control over the
ArialMT	11	services they receive, and have limited capacity to raise concerns about the
ArialMT	11	design, delivery, quality and safety of essential services and supports.
ArialMT	11	• Self-advocacy skills and access to independent advocacy are integral to
ArialMT	11	safe, quality service provision and day to day choice and control. The NDIA
ArialMT	11	should develop a program to connect NDIS participants living in supported
ArialMT	11	accommodation with independent advocacy services.
ArialMT	11	• The governance and leadership of organisations providing disability services
ArialMT	11	influence how they embed a human rights culture and identify and manage risk,
ArialMT	11	including the risk of maltreatment of the people receiving their services.
ArialMT	11	• Disability service providers need robust and transparent policies and procedures
ArialMT	11	to detect and respond to violence, abuse, neglect and exploitation. These should
ArialMT	11	support people with disability, their families and advocates, as well as service
ArialMT	11	provider staff, to raise concerns, make complaints and report incidents.
ArialMT	11	• Skilled and capable disability support workers are crucial to providing safe and
ArialMT	11	high quality services. Career pathways, including remuneration commensurate
ArialMT	11	with skills, experience and expertise, will assist with workforce retention.
ArialMT	11	• Rigorous disability support worker screening and recruitment processes, as
ArialMT	11	well as effective training and supervision of workers, are also needed to prevent
ArialMT	11	violence, abuse, neglect and exploitation. A national disability support worker
ArialMT	11	registration scheme is recommended to support workforce development.
ArialMT	11	• A market approach to disability services has not worked for everyone. Urgent
ArialMT	11	discussions are required between governments to develop provider of last resort
ArialMT	11	schemes to meet the needs of people with disability unable to access adequate
ArialMT	11	or appropriate disability supports.
ArialMT	9	Executive Summary, Our vision for an inclusive Australia and Recommendations 153
DINPro-Medium	18	Disability service providers
DINPro-Medium	14	While my new place isn’t perfect, it is so much better. For the most
DINPro-Medium	14	part I’m respected, and that is all I was asking for. The support
DINPro-Medium	14	actually is set up for me and it’s a place of my own.93
ArialMT	11	The term ‘disability service provider’ encompasses the range of individuals and organisations
ArialMT	11	that deliver disability services. Disability services are those used specifically by people with
ArialMT	11	disability. They are distinct from the ‘mainstream’ or ‘generic’ services all people use over
ArialMT	11	the course of their lives, such as education, health care, transport, employment or
ArialMT	11	accommodation services.
ArialMT	11	Service providers may be government or non-government, including for-profit and not-for-profit
ArialMT	11	organisations. Some are small, supporting a single person with disability, while others are large,
ArialMT	11	with thousands of workers and operating in multiple states and territories. Some offer multiple
ArialMT	11	different types of services, while others focus on one particular form of support. In the second
ArialMT	11	quarter of 2022–23, there were 151,629 providers of NDIS-funded disability services. Not all
ArialMT	11	disability service providers are NDIS service providers.
DINPro-Medium	16	Experience of violence, abuse, neglect and exploitation in
DINPro-Medium	16	disability services
ArialMT	11	We heard harrowing evidence from people with disability and their family members about both
ArialMT	11	episodic and routine violence, abuse, neglect and exploitation occurring in, or in connection
ArialMT	11	with, the delivery of disability services. It occurred in people’s homes, in places where people
ArialMT	11	go to receive disability services – such as day programs – and when services are provided
ArialMT	11	in the community.
ArialMT	11	The risks of exposure to violence, abuse, neglect and exploitation increase when people with
ArialMT	11	disability are isolated, dependent, and deprived of choice and control over the services they
ArialMT	11	receive and where and how they are delivered. The risks also increase when people with
ArialMT	11	disability have limited capacity to raise concerns about the design, delivery, quality and safety
ArialMT	11	of essential services and supports.
ArialMT	11	Much of the evidence we examined in public hearings relates to people with disability living
ArialMT	11	in supported accommodation operated by medium to large disability service providers.
ArialMT	11	A significant proportion of this cohort live with intellectual disability and communication barriers.
ArialMT	11	In the context of shared supported accommodation such as group homes, this can heighten
ArialMT	11	their risk of exposure to violence, abuse, neglect and exploitation.
ArialMT	9	154 Royal Commission into Violence, Abuse, Neglect and Exploitation of People with Disability: Final Report
ArialMT	11	What we heard about violence, abuse, neglect and exploitation in disability services was broadly
ArialMT	11	consistent with the findings of the January 2023 report on an Own Motion Inquiry conducted
ArialMT	11	by the NDIS Commission, which focused on supported accommodation.
ArialMT	11	When people with disability require daily living supports and personal care, the relationship
ArialMT	11	with support workers and service providers requires considerable trust and confidence.
ArialMT	11	This is especially the case for people with disability who may be isolated or living in
ArialMT	11	separate settings. Support workers and service providers hold significant power within
ArialMT	11	these relationships, notwithstanding the move towards greater choice and control for
ArialMT	11	people with disability through the NDIS.
DINPro-Medium	16	Preventing violence, abuse, neglect and exploitation
DINPro-Medium	14	Embedding human rights
ArialMT	11	Disability service providers have an important role to play in respecting, protecting and fulfilling
ArialMT	11	the rights of people with disability. A commitment to a human rights approach means ensuring,
ArialMT	11	so far as practicable, those who lead, manage and work in service providers understand:
ArialMT	11	• the nature and scope of the human rights of people with disability
ArialMT	11	• how their decisions and practices impair or enhance a person’s rights
ArialMT	11	• how to incorporate respect for human rights in practice at all levels of service provision
ArialMT	11	on a day-to-day basis.
ArialMT	11	In the course of our inquiry we heard about occasions when a human rights approach was not
ArialMT	11	applied in decision-making about the delivery of services to people with disability. This raises
ArialMT	11	issues about the effectiveness or effective application of current tools, resources and training
ArialMT	11	on human rights.
ArialMT	11	We recommend the NDIS Commission develop a capacity building program to support
ArialMT	11	disability service providers to embed human rights in the design and delivery of their services.
ArialMT	11	The program should be co-designed with people with disability, disability organisations and
ArialMT	11	member-led First Nations Community Controlled Organisations.
DINPro-Medium	14	Exercising choice and control
ArialMT	11	One object of the legislation establishing the NDIS is to give effect to Australia’s obligations
ArialMT	11	under the CRPD by enabling people with disability to exercise choice and control in the pursuit
ArialMT	11	of their goals and the planning and delivery of their supports. This is reflected in NDIS rules,
ArialMT	11	policy and practice standards.
ArialMT	11	Despite this, the choice and control of people with disability who are NDIS participants
ArialMT	11	can be restricted or inhibited while accessing and receiving disability services.
ArialMT	9	Executive Summary, Our vision for an inclusive Australia and Recommendations 155
DINPro-Medium	13	The role of support coordinators
ArialMT	11	Under the NDIS, support coordinators can assist NDIS participants with choice and control over
ArialMT	11	the services they receive. However, not all NDIS participants have funding, or enough funding,
ArialMT	11	for support coordination in their NDIS plans. We recommend the NDIA ensure that NDIS
ArialMT	11	participants identified as being at heightened risk of violence, abuse, neglect or exploitation,
ArialMT	11	particularly those living in supported accommodation, have funding for support coordination
ArialMT	11	included in their NDIS plans.
ArialMT	11	Risks can arise from conflicts of interest when a participant’s support coordinator is employed
ArialMT	11	by a provider that delivers multiple services. Support coordinators might only present
ArialMT	11	information to participants about the services offered by their own organisation. This limits
ArialMT	11	choice and control and places organisational interests above participants’ interests.
ArialMT	11	We recommend the Australian Government, in consultation with states and territories,
ArialMT	11	create or amend an NDIS rule to make clear that it is not appropriate for a provider of support
ArialMT	11	coordination to be the provider of any other funded supports in an NDIS participant’s plan.
ArialMT	11	Exceptions may be required, including where there are few alternative service options or
ArialMT	11	where access to culturally appropriate or specialised services is limited.
ArialMT	11	There are considerable variations in quality and capability between individual support
ArialMT	11	coordinators and potential gaps in monitoring the effectiveness of support coordination
ArialMT	11	services. We recommend the NDIS Commission examine the quality and consistency
ArialMT	11	of support coordination.
DINPro-Medium	13	Independent advocacy
ArialMT	11	Building self-advocacy skills and increasing access to robust independent advocacy are integral
ArialMT	11	to safe, quality service provision and day-to-day choice and control. In closed settings, such
ArialMT	11	as group homes, independent advocacy can be an important safeguard, but there are barriers
ArialMT	11	to accessing advocates. This is due to a lack of awareness about disability advocacy and
ArialMT	11	structural and organisational barriers within group homes, as well as shortages of available
ArialMT	11	advocacy services. We recommend the NDIA develop a program to connect NDIS participants
ArialMT	11	living in supported accommodation with independent advocacy services.
DINPro-Medium	13	Choice and control over how services are delivered
ArialMT	11	The risks of violence against, and abuse and neglect of, people with disability in shared living
ArialMT	11	environments, such as group homes, are increased when people have little or no choice and
ArialMT	11	control over where and with whom they live. We acknowledge that facilitating choice and control
ArialMT	11	is not a simple process. However, we consider all service providers should take steps to ensure
ArialMT	11	the views and wishes of the people with disability using their services are at the forefront of
ArialMT	11	decision-making about service delivery.
ArialMT	9	156 Royal Commission into Violence, Abuse, Neglect and Exploitation of People with Disability: Final Report
ArialMT	11	At public hearings we heard about failures by disability service providers to give clients choice
ArialMT	11	and control over important aspects of the services they received. These included their personal
ArialMT	11	care, their daily activities and the contents of their service agreements.
ArialMT	11	While the NDIA does not require written service agreements between NDIS participants and
ArialMT	11	service providers (except for Specialist Disability Accommodation supports), it does recommend
ArialMT	11	the parties enter written agreements ‘so participants and providers are clear about what each
ArialMT	11	party has agreed to’.94 (Specialist Disability Accommodation funding covers building and
ArialMT	11	maintenance costs for specialist housing.) People with disability cannot exercise choice
ArialMT	11	in relation to the services they receive unless they have a realistic opportunity to review,
ArialMT	11	understand and discuss service agreements.
DINPro-Medium	13	Supported decision-making in disability services
ArialMT	11	In May 2023, the NDIA released the NDIS Supported Decision Making Policy and the NDIS
ArialMT	11	Supported Decision Making Implementation Plan to improve the way people with disability are
ArialMT	11	supported to make decisions in the NDIS. These documents do not provide enough detail about
ArialMT	11	how service providers can improve daily supported decision-making practices. We consider
ArialMT	11	the Policy and Implementation Plan would be strengthened by:
ArialMT	11	• amending the NDIS Quality Indicators to include a greater focus on supported
ArialMT	11	decision-making for everyday life decisions, including what services participants receive,
ArialMT	11	in what way, and by whom
ArialMT	11	• the NDIS Commission developing a practice guide for service providers about supported
ArialMT	11	decision-making, based on the supported decision-making principles outlined earlier
ArialMT	11	in ‘Support for decision-making’.
DINPro-Medium	14	Disability service provider governance
ArialMT	11	Broadly, governance refers to the structures, systems and processes in place to manage
ArialMT	11	an organisation. Governance is often centred around the leadership and decision-making
ArialMT	11	processes of an organisation and the frameworks and rules underpinning the way it is
ArialMT	11	expected to operate.
ArialMT	11	The governance and leadership of disability services dictate organisational culture and practice.
ArialMT	11	They influence how providers embed a human rights culture and identify and manage risk,
ArialMT	11	including the risk of violence against, and abuse, neglect and exploitation of, the people
ArialMT	11	receiving their services.
ArialMT	11	Deficiencies in governance and leadership can lead to insufficient oversight and inadequate
ArialMT	11	management and responses to risk.
ArialMT	11	Good governance practices bring transparency and accountability to decision-making and
ArialMT	11	decision-makers. Investment in disability leadership and meaningful engagement with people
ArialMT	11	with disability also strengthens transparency and accountability.
ArialMT	9	Executive Summary, Our vision for an inclusive Australia and Recommendations 157
DINPro-Medium	14	The disability workforce
ArialMT	11	Without assistance from workers who are trusted, skilled, experienced and supported,
ArialMT	11	the safety and quality of the services received by people with disability can be compromised.
ArialMT	11	In its Own Motion Inquiry report, the NDIS Commission observed that ‘the attitude and aptitude
ArialMT	11	of the workforce drives a high number of the issues evident in group settings’.95
ArialMT	11	Robust disability support worker screening and recruitment processes are needed to prevent
ArialMT	11	violence, abuse, neglect and exploitation. Deficiencies or gaps in support worker training can
ArialMT	11	lead to maltreatment and inadequate responses when violence or abuse occur.
ArialMT	11	Additionally, support workers must be actively supervised and supported by disability service
ArialMT	11	providers. We support efforts to strengthen the quality of training and supervision provided
ArialMT	11	to frontline support workers, including those using ‘Active Support’, to empower people with
ArialMT	11	intellectual disability living in supported accommodation settings.96
ArialMT	11	We also welcome the Australian Government’s examination of ‘ways to build a more responsive,
ArialMT	11	supportive and sustainable market and workforce’ in the NDIS Review.97
DINPro-Medium	16	Responding to violence, abuse, neglect and exploitation in
DINPro-Medium	16	disability services
ArialMT	11	Service providers need robust and transparent policies and procedures to detect and respond
ArialMT	11	to violence, abuse, neglect and exploitation. These should support people with disability, their
ArialMT	11	families and advocates, as well as service provider staff, to raise concerns, make complaints
ArialMT	11	and report incidents.
DINPro-Medium	14	Managing concerns and complaints
ArialMT	11	People with disability and their family members often find service provider complaints processes
ArialMT	11	confusing or ineffective to address and resolve their concerns and complaints. People with
ArialMT	11	disability and their supporters have expressed frustration, confusion, disappointment and fear
ArialMT	11	about the responses of service providers to complaints or feedback.
ArialMT	11	Service providers should be aware of and address the barriers people face when raising
ArialMT	11	concerns and complaints or reporting incidents. These include:
ArialMT	11	• inaccessible policies and processes for making a complaint
ArialMT	11	• a lack of options for raising concerns
ArialMT	11	• fear of not being believed or not being treated seriously
ArialMT	11	• delays in responding to feedback or concerns
ArialMT	11	• fear of being victimised as a consequence of raising a concern or making a complaint
ArialMT	9	158 Royal Commission into Violence, Abuse, Neglect and Exploitation of People with Disability: Final Report
ArialMT	11	• not being consulted about or involved in the handling of the concern or complaint
ArialMT	11	• concern about loss of privacy and autonomy
ArialMT	11	• belief that the service provider will not respond or take action, and that nothing will change.
ArialMT	11	We have identified measures to strengthen complaints management, including:
ArialMT	11	• creating a dedicated team or individual, separate from those delivering services,
ArialMT	11	to engage service users and their support networks about the quality of services
ArialMT	11	provided and ensure feedback and complaints are dealt with appropriately
ArialMT	11	• prioritising complaints involving or alleging risk to a service user when assessing
ArialMT	11	and classifying the seriousness of complaints
ArialMT	11	• establishing lines of communication and encouraging everyone to speak up when
ArialMT	11	something does not seem right
ArialMT	11	• keeping records of all complaints and how they are concluded or resolved
ArialMT	11	• developing organisational cultures that encourage and welcome feedback,
ArialMT	11	concerns and complaints
ArialMT	11	• reinforcing the value of regular feedback from service users and their support
ArialMT	11	networks across the organisation.
ArialMT	11	Support workers and their managers should also have access to reliable incident
ArialMT	11	reporting systems, and be trained to use them. Providers should implement processes
ArialMT	11	to monitor incident reporting and the quality of service delivery.
DINPro-Medium	14	Responding to incidents and complaints
ArialMT	11	We received evidence of service providers responding inadequately to incidents, concerns or
ArialMT	11	complaints. In some cases, staff responsible for incident reporting or complaints handling had
ArialMT	11	not followed policies and procedures. In other instances, the policies and procedures fell short,
ArialMT	11	or oversight by senior managers was lacking.
ArialMT	11	Poor communication between service providers and people with disability or their families
ArialMT	11	or supporters following complaints or incidents was a common theme across our service
ArialMT	11	provider hearings. In matters involving suspicion or allegations of violence, abuse, neglect
ArialMT	11	or exploitation, poor communication can compound feelings of distrust and anxiety.
ArialMT	11	Providers need to actively involve people with disability and their families or supporters in
ArialMT	11	the process of investigating or finding solutions to issues or concerns raised. Without active
ArialMT	11	engagement, important information may be lost, the effects of the underlying issue or event
ArialMT	11	exacerbated and trust between providers and service recipients damaged.
ArialMT	11	Service providers should align their policies and practices with elements of best practice
ArialMT	11	identified in our report. This includes taking an integrated and holistic approach to supporting
ArialMT	9	Executive Summary, Our vision for an inclusive Australia and Recommendations 159
ArialMT	11	the health, safety and wellbeing of their service users following an incident and in the long term.
ArialMT	11	It requires an assessment of individual needs and preferences, the nature and impact of the
ArialMT	11	incident, and the effect of any investigation or court process.
ArialMT	11	Providers should also use investigations as a tool for understanding how and why an incident
ArialMT	11	has occurred and to identify ways to mitigate future risks. Investigations provide an opportunity
ArialMT	11	for people who have been harmed to be heard and their experiences acknowledged. Through
ArialMT	11	investigations, providers should put in place preventative measures, identify what action they
ArialMT	11	need to take and offer redress to people affected.
ArialMT	11	Service providers should ensure their processes recognise that people respond to and deal
ArialMT	11	with experiences of trauma in different ways. Worker training should also recognise and
ArialMT	11	respond to the different needs of people they work with during complaint or incident processes
ArialMT	11	and investigations.
DINPro-Medium	14	Redress
ArialMT	11	Several NDIS service providers we investigated did not provide any form of redress to people
ArialMT	11	who experienced violence, abuse, neglect or exploitation while in their care. Service providers
ArialMT	11	should provide for redress in their policies and procedures when people for whom they are
ArialMT	11	responsible experience violence, abuse, neglect and exploitation. The policies and procedures
ArialMT	11	should require a flexible and constructive approach to engagement to ensure the person
ArialMT	11	who has experienced violence, abuse, neglect or exploitation receives support to access
ArialMT	11	an independent advocate.
ArialMT	11	A range of redress options should be available. This includes apologies, compensation,
ArialMT	11	reimbursement of fees, credits for services and other practical remedies or supports that
ArialMT	11	respond to the needs of a person with disability who has experienced harm.
ArialMT	11	To ensure redress is offered to NDIS participants where appropriate, we recommend the
Arial-ItalicMT	11	National Disability Insurance Scheme (Incident Management and Reportable Incidents)
Arial-ItalicMT	11	Rules 2018 (Cth) (Incident Management Rules) and the National Disability Insurance Scheme
Arial-ItalicMT	11	(Complaints Management and Resolution) Rules 2018 (Cth) (Complaints Rules) be amended.
ArialMT	11	The NDIS Commission should be given power to require NDIS service providers to consider
ArialMT	11	redress and forms of support when it forms the view that the service provider bears responsibility
ArialMT	11	for the violence, abuse, neglect or exploitation experienced by an NDIS participant.
DINPro-Medium	16	Strengthening the disability workforce
ArialMT	11	Disability support workers who are skilled and capable of meeting the individual support needs
ArialMT	11	of people with disability are crucial to the provision of safe, high quality services. However, there
ArialMT	11	is a shortage of disability support workers across Australia and recruiting and retaining a suitably
ArialMT	11	skilled workforce continues to be a significant challenge for service provider organisations.
ArialMT	11	The crisis in the disability workforce has been driven both by the growth of the sector and the
ArialMT	9	160 Royal Commission into Violence, Abuse, Neglect and Exploitation of People with Disability: Final Report
ArialMT	11	large numbers of workers who are leaving the industry. Worker stress due to the insecure nature
ArialMT	11	of their employment, low pay, concerns about having the skills and time to complete all aspects
ArialMT	11	of their jobs within paid working hours, and undervaluing of disability support work contribute
ArialMT	11	to these workforce shortages.
DINPro-Medium	13	National disability support worker registration scheme
ArialMT	11	Creating a more established and recognised career pathway for people entering the disability
ArialMT	11	support sector will assist with workforce retention. This requires levels of remuneration
ArialMT	11	commensurate with the development of skills, experience and expertise. We consider a national
ArialMT	11	disability support worker registration scheme could help achieve this through a framework
ArialMT	11	to professionalise and stabilise the disability workforce.
ArialMT	11	One of the main benefits of a worker registration scheme is that it ‘promotes professionalisation
ArialMT	11	of the disability workforce and is key to driving increased quality of services’.98 Registration can
ArialMT	11	attract workers to the sector and promote respect and recognition for the important work they
ArialMT	11	do. In a national disability support worker registration scheme, registration and accreditation
ArialMT	11	standards should be set to ‘lift knowledge and capability of the workforce and professionalise
ArialMT	11	the sector’.99
ArialMT	11	An effective national disability support worker registration scheme can encourage capable
ArialMT	11	workers to enter and remain in the sector. It can also enhance the overall safety and quality
ArialMT	11	of disability services provided. Disability support worker registration will need to be mandatory
ArialMT	11	if it is to achieve these goals.
ArialMT	11	The details of the proposed disability support worker registration scheme require careful
ArialMT	11	consideration, including which workers are covered by the scheme, who administers it
ArialMT	11	and how it is administered. Strategies are also required to minimise regulatory duplication,
ArialMT	11	burdens on disability support workers and barriers to First Nations workers.
ArialMT	11	We recommend the Australian Government establish a national disability support worker
ArialMT	11	registration scheme. Consultation about the scope and elements of the scheme should include
ArialMT	11	people with disability, disability organisations, support workers and their representative bodies,
ArialMT	11	disability service providers and state and territory governments.
DINPro-Medium	13	Remuneration and working conditions
ArialMT	11	To increase the viability of disability support work as a career path and to retain workers
ArialMT	11	in the industry for longer, remuneration of disability support workers should be reconsidered.
Arial-ItalicMT	11	The Social, Community, Home Care and Disability Services Industry Award (SCHADS Award)
ArialMT	11	regulates the ‘social and community services’ and the ‘home care’ sectors. This includes most
ArialMT	11	of the disability support workforce, along with other workers. Employees working in the social
ArialMT	11	and community services sector are referred to as Schedule B employees. Those working in
ArialMT	11	the home care sector are referred to as Schedule E employees and are generally paid less
ArialMT	9	Executive Summary, Our vision for an inclusive Australia and Recommendations 161
ArialMT	11	than Schedule B employees.
ArialMT	11	The minimum pay rates for Schedule E employees engaged in aged care services recently
ArialMT	11	increased following a review by the Fair Work Commission. They consequently receive 15 per
ArialMT	11	cent more than disability support workers paid under Schedule E. In our view, there does not
ArialMT	11	appear to be a rational basis for this distinction. We consider there would be benefit in a review
ArialMT	11	of the SCHADS Award to ensure it reflects contemporary expectations of disability support
ArialMT	11	work. We recommend relevant parties consider an application to the Fair Work Commission.
DINPro-Medium	16	Addressing market failures and providers of last resort
ArialMT	11	The NDIS has led to an unprecedented growth in funding and demand for disability services
ArialMT	11	and supports. Some parts of the NDIS market have flourished, responding to the demand
ArialMT	11	for new services with new and innovative support options.
ArialMT	11	However, significant gaps in the market remain. Some services are unavailable in parts of
ArialMT	11	the country while in other areas the notion of choice remains illusory due to limited providers
ArialMT	11	delivering services. The introduction of the NDIS has created a situation in which there is
ArialMT	11	no clearly identified, or identifiable, provider of last resort for a person with disability,
ArialMT	11	including for people who are homeless or at risk of homelessness.
ArialMT	11	We recommend the Australian Government urgently engage with state and territory
ArialMT	11	governments about funding and arrangements for a provider of last resort scheme.
ArialMT	11	The scheme should be designed to address:
ArialMT	11	• thin markets, particularly for First Nations people with disability in remote or very
ArialMT	11	remote areas
ArialMT	11	• access to services for people in crisis situations
ArialMT	11	• access to case management for people with disability at heightened risk of violence,
ArialMT	11	abuse, neglect and exploitation.
ArialMT	11	Part A of Volume 10, Disability services examines violence, abuse, neglect and exploitation
ArialMT	11	occurring in, or in connection with, the delivery of disability services to people with disability.
ArialMT	9	162 Royal Commission into Violence, Abuse, Neglect and Exploitation of People with Disability: Final Report
DINPro-Medium	18	NDIS Quality and Safeguards Commission
DINPro-Medium	13	Key points
ArialMT	11	• The fundamental purpose of the NDIS Quality and Safeguards Commission (NDIS
ArialMT	11	Commission) is to improve the quality and safety of supports and services funded
ArialMT	11	through the NDIS.
ArialMT	11	• The number of complaints and reportable incidents reported to the NDIS
ArialMT	11	Commission is continually rising. Greater focus on people with disability at
ArialMT	11	heightened risk of abuse is required.
ArialMT	11	• The NDIS Commission should:
ArialMT	11	◦ strengthen its monitoring, compliance and enforcement activities
ArialMT	11	◦ build sector capacity to prevent and respond to violence, abuse, neglect
ArialMT	11	and exploitation
ArialMT	11	◦ improve data and intelligence, and information sharing systems
ArialMT	11	◦ improve access to behaviour support practitioners
ArialMT	11	◦ enhance provider registration and audit processes
ArialMT	11	◦ make it easier for people with disability to complain.
ArialMT	11	The primary responsibility for preventing and responding to violence, abuse, neglect and
ArialMT	11	exploitation in the provision of disability services lies with the relevant service providers.
ArialMT	11	However, many of the levers for promoting this responsibility and ensuring it is met rest with
ArialMT	11	the NDIS Quality and Safeguards Commission (NDIS Commission). Established in July 2018,
ArialMT	11	the NDIS Commission’s fundamental purpose is to improve the quality and safety of NDIS
ArialMT	11	supports and services.
DINPro-Medium	16	Reportable incidents
ArialMT	11	The NDIS reportable incident scheme provides independent oversight of serious incidents.
ArialMT	11	The scheme imposes enforceable obligations on registered providers to notify and appropriately
ArialMT	11	respond to serious incidents and allows the NDIS Commission to conduct impartial
ArialMT	11	assessments of how these obligations are carried out.
DINPro-Medium	14	Process and procedural issues
ArialMT	11	We are concerned about the efficacy of current reporting practices given the immense volume
ArialMT	11	of notifications the NDIS Commission receives. In 2021–22, the NDIS Commission received
ArialMT	11	1,438,931 notifications of reportable incidents. With its current resources, the NDIS Commission
ArialMT	11	is not able to assess and respond to matters or intervene in a timely way.
ArialMT	9	Executive Summary, Our vision for an inclusive Australia and Recommendations 163
ArialMT	11	The NDIS Commission’s reportable incidents processes can be lengthy and involve poor
ArialMT	11	levels of communication with providers, people with disability and their families. We were
ArialMT	11	told about perceptions of inaction and a lack of attentiveness once a matter is reported.
ArialMT	11	We recommend the NDIS Commission increases its feedback to providers about the quality
ArialMT	11	of their incident handling. It should also improve the accessibility of the online portal for
ArialMT	11	providers to report incidents.
DINPro-Medium	13	Controlling volume to focus on risk
ArialMT	11	The NDIS Commission’s workload is high and its resources are finite. Its resource allocation
ArialMT	11	needs to reflect the risk or impact of maltreatment on people with disability. We consider it
ArialMT	11	both appropriate and necessary for the NDIS Commission to have access to ‘class or kind’
ArialMT	11	determinations to manage the volume of reportable incidents it receives more effectively.
ArialMT	11	Class or kind determinations allow oversight bodies to exempt certain providers from
ArialMT	11	notifying less serious types of incidents where they have demonstrated a satisfactory level
ArialMT	11	of competence in managing and investigating incidents. These processes would also allow
ArialMT	11	greater focus on matters and on individuals identified as being at greater risk of violence, abuse,
ArialMT	11	neglect and exploitation.
DINPro-Medium	14	Improving provider safeguarding practices
ArialMT	11	The NDIS Commission has a critical role in ensuring adequate guidance is developed
ArialMT	11	to improve the safeguarding practices of NDIS providers. We recommend:
ArialMT	11	• The NDIS Commission should develop model complaint and incident management policies
ArialMT	11	in conjunction with people with disability and the disability sector to promote sector-wide
ArialMT	11	consistency and quality.
ArialMT	11	• The NDIS Commissioner should issue a guideline on accessible and responsive complaint
ArialMT	11	handling and investigative practice that upholds the rights of people with disability, and
ArialMT	11	is co-designed with the disability sector.
DINPro-Medium	16	Complaints
ArialMT	11	Complaints management and resolution is a core function of the NDIS Commission.
ArialMT	11	An accessible and well-understood complaint management system is a key mechanism for
ArialMT	11	reporting, recording, investigating and preventing violence against, and abuse, neglect and
ArialMT	11	exploitation of, people with disability. We heard repeatedly of the risk to people with disability
ArialMT	11	when NDIS providers do not take complaints seriously or handle them properly. This risk
ArialMT	11	is compounded if the NDIS Commission does not take adequate action to address poor
ArialMT	11	responses from providers.
ArialMT	9	164 Royal Commission into Violence, Abuse, Neglect and Exploitation of People with Disability: Final Report
DINPro-Medium	14	Improving NDIS complaint processes
DINPro-Medium	13	Timeframes and communication with parties to a complaint
ArialMT	11	Two common concerns raised in public hearings and submissions about the NDIS
ArialMT	11	Commission’s complaint handling processes were its inadequate communication with
ArialMT	11	parties to a complaint and delays in resolving complaints.
ArialMT	11	The NDIS Commission’s complaint handling procedures should:
ArialMT	11	• ensure complainants are updated appropriately throughout key stages of the complaint
ArialMT	11	process and their expectations managed
ArialMT	11	• ensure triage, prioritisation and streamlining models include clearly defined risk categories,
ArialMT	11	timeframes and procedures for handling complaints
ArialMT	11	• establish realistic and achievable metrics for measuring performance against timeframes.
DINPro-Medium	13	Requiring providers to conduct investigations
ArialMT	11	The NDIS Commissioner can undertake a range of actions under the Complaints Rules
ArialMT	11	as part of a resolution process, but cannot require a provider to conduct an investigation
ArialMT	11	into a complaint. We recommend that the NDIS Commissioner should have power to compel
ArialMT	11	a provider to conduct an investigation into a complaint. The provider should be required
ArialMT	11	to involve the person with disability in the investigation and resolution of the complaint.
ArialMT	11	The NDIS Commissioner should consult with the person to ascertain whether the complaint
ArialMT	11	was satisfactorily addressed before deciding to finalise a matter.
DINPro-Medium	13	Making complaints processes accessible
ArialMT	11	It should be easy for people to make a complaint to the NDIS Commission. A simple and
ArialMT	11	accessible process is particularly important for people with disability with greater support
ArialMT	11	or more complex communication needs.
ArialMT	11	Steps to improve the accessibility of the NDIS Commission’s complaint processes
ArialMT	11	should include:
ArialMT	11	• making information simple and easy to navigate
ArialMT	11	• adopting a ‘no wrong door approach’
ArialMT	11	• accommodating people’s preferred means of communication and making other
ArialMT	11	adjustments as needed
ArialMT	11	• assisting people to secure advocacy and other supports.
ArialMT	9	Executive Summary, Our vision for an inclusive Australia and Recommendations 165
DINPro-Medium	16	Provider registration
ArialMT	11	Provider registration is a critical safeguard for people with disability. NDIS providers should
ArialMT	11	be encouraged to register with the NDIS Commission.
ArialMT	11	A significant proportion of providers operate without being registered due to the cost and
ArialMT	11	regulatory burden associated with registration. The availability of unregistered providers is
ArialMT	11	seen by many people with disability as a key element of the principle of choice and control
ArialMT	11	that underpins the NDIS. This reflects the shortage of experienced and qualified disability
ArialMT	11	support workers and allied health professionals.
ArialMT	11	We acknowledge that imposing additional regulatory obligations on unregistered providers
ArialMT	11	could have unintended consequences on the supply of support workers and the choice
ArialMT	11	and control of people with disability. Any decision to change the existing regulatory obligations
ArialMT	11	of unregistered providers should therefore be informed by the views of people with disability
ArialMT	11	and their supporters, advocates and disability rights organisations.
ArialMT	11	However, we also consider limited regulation and oversight of unregistered providers can
ArialMT	11	pose safety risks to people with disability. We recommend the NDIS Commission conduct
ArialMT	11	a comprehensive review of the provider registration process to:
ArialMT	11	• simplify the process for smaller providers seeking to renew their registration
ArialMT	11	• improve the portal system and online registration application forms
ArialMT	11	• remove any duplication of requirements for cohorts of practitioners or organisations
ArialMT	11	working within multiple schemes and recognise other forms of accreditation
ArialMT	11	• identify areas where there are workforce shortages or thin provider markets
ArialMT	11	• encourage the use of easier and more cost-effective certification audit processes.
ArialMT	11	To inform the understanding of the unregistered provider market, the NDIS Commission should
ArialMT	11	collect and publish data on trends and risks.
DINPro-Medium	16	Behaviour support
ArialMT	11	The NDIS Commission has primary responsibility for regulating the use of restrictive practices
ArialMT	11	and the implementation of positive behaviour support by NDIS providers.
ArialMT	11	Behaviour support focuses on developing individualised strategies that are responsive to the
ArialMT	11	needs of a person with disability in a way that reduces and eliminates the need for the use
ArialMT	11	of regulated restrictive practices. A ‘Positive behaviour support plan’ (PBSP) is a document
ArialMT	11	to address the needs of a person with disability identified as having behaviours of concern.
ArialMT	11	It should be prepared in consultation with the person, their family and carers.
ArialMT	9	166 Royal Commission into Violence, Abuse, Neglect and Exploitation of People with Disability: Final Report
DINPro-Medium	14	Accessing quality behaviour support
ArialMT	11	The NDIS Commission is responsible for determining the suitability of NDIS behaviour
ArialMT	11	support practitioners. However, we have identified:
ArialMT	11	• problems with the quality of PBSPs and deficiencies in the development process
ArialMT	11	• poor implementation of PBSPs
ArialMT	11	• inadequate qualifications and expertise of NDIS behaviour support practitioners
ArialMT	11	• problems with the NDIS Commission’s monitoring of the quality of PBSPs.
ArialMT	11	The shortage of suitably qualified and experienced behaviour support practitioners,
ArialMT	11	particularly in rural and remote areas, is a key concern and a major contributing factor
ArialMT	11	to problems with PBSPs.
ArialMT	11	To improve access to behaviour support practitioners, the NDIS Commission should:
ArialMT	11	• provide incentives to deliver behaviour support services, including in regional
ArialMT	11	and remote areas in which ‘thin markets’ operate
ArialMT	11	• form a partnership with First Nations leaders from the disability and employment
ArialMT	11	services sectors and develop a recruitment strategy targeting First Nations people
ArialMT	11	• explore with stakeholders the merits of an ‘on-the-job’ professional development
ArialMT	11	and accreditation model for behaviour support practitioners
ArialMT	11	• create a publicly accessible list of all individual behaviour support practitioners.
DINPro-Medium	16	Compliance and investigations
ArialMT	11	A core function of the NDIS Commissioner is ensuring NDIS providers comply with
ArialMT	11	statutory requirements. We heard from people with disability and their representatives
ArialMT	11	that the NDIS Commission:
ArialMT	11	• is not sufficiently active in monitoring the NDIS sector
ArialMT	11	• is reluctant to use its compliance and enforcement powers or take regulatory action
ArialMT	11	against NDIS providers who are not meeting their obligations.
ArialMT	11	There appears to be wide support for the NDIS Commissioner adopting a more active
ArialMT	11	approach to monitoring, and a stronger approach to compliance and enforcement.
DINPro-Medium	13	Strengthening monitoring and compliance
ArialMT	11	Now that the NDIS Commission is in its fifth year of operation, we recommend it review
ArialMT	11	its approach to compliance and enforcement. It should consider:
ArialMT	9	Executive Summary, Our vision for an inclusive Australia and Recommendations 167
ArialMT	11	• transitioning its primary compliance approach from educational and capacity building
ArialMT	11	strategies to stronger compliance and enforcement activities, where appropriate
ArialMT	11	• increasing its face-to-face engagement with participants who are at greater risk
ArialMT	11	of experiencing violence, abuse, neglect and exploitation, and site visits to speak
ArialMT	11	with providers and workers
ArialMT	11	• increasing the use of its enforcement powers and monitoring tools in relation to
ArialMT	11	NDIS providers that:
ArialMT	11	◦ have a history of non-compliance or repeatedly fail to meet their obligations
ArialMT	11	to provide safe, quality supports and services
ArialMT	11	◦ have demonstrated a disregard for the safety of people with disability
ArialMT	11	◦ have caused serious harm to a person or people with disability.
DINPro-Medium	16	Data and intelligence
DINPro-Medium	14	Disaggregated data and operational data
ArialMT	11	The NDIS Commission publishes a range of data about the numbers and types of the
ArialMT	11	complaints and reportable incidents notifications it receives. However, generally speaking it
ArialMT	11	does not publish disaggregated data and information about its operations, or routinely provide
ArialMT	11	an analysis of data to inform the disability sector about trends and systemic issues.
ArialMT	11	For example, it does not publish demographic data about people with disability involved in a
ArialMT	11	complaint or incident. Data on reportable incidents and complaints does not identify different
ArialMT	11	types of maltreatment, such as verbal abuse, physical abuse, sexual abuse, emotional abuse
ArialMT	11	or financial exploitation.
ArialMT	11	We recommend the NDIS Commission collect and publish disaggregated data about
ArialMT	11	complaints, reportable incidents and behaviour support.
ArialMT	11	Reporting information about investigation outcomes and the actions taken in relation to
ArialMT	11	reportable incidents would give a more complete picture of the disability service sector’s overall
ArialMT	11	approach to responding to incidents of abuse. We recommend the reporting requirements in the
ArialMT	11	Incident Management Rules be amended to enable provider investigation outcome data to be
ArialMT	11	routinely collected from NDIS providers.
ArialMT	11	The NDIS Commission should have a stronger focus on publicly reporting compliance and
ArialMT	11	enforcement outcomes. This should include data on breaches, systemic issues and outcomes
ArialMT	11	of complaints and reportable incidents to better inform the public and deter non-compliance.
ArialMT	11	We recommend it collect and publish additional operational performance data relating to
ArialMT	11	complaints, reportable incidents, compliance and enforcement.
ArialMT	9	168 Royal Commission into Violence, Abuse, Neglect and Exploitation of People with Disability: Final Report
DINPro-Medium	16	Establishing a robust intelligence function
DINPro-Medium	14	Strengthening intelligence capacity
ArialMT	11	Given the multifaceted nature of the NDIS Commission’s safeguarding functions,
ArialMT	11	we recommend it establish a dedicated intelligence unit to complement its existing
ArialMT	11	data analytics and market oversight functions.
ArialMT	11	The need for such a unit will increase as the NDIS Commission’s intelligence sources improve
ArialMT	11	and the NDIS market continues to expand, with the volume of incoming reports and intelligence
ArialMT	11	likely to escalate. The intelligence function should deliver strategic briefings that inform
ArialMT	11	operational decisions to commence targeted and proactive monitoring, educational,
ArialMT	11	compliance and enforcement activities.
DINPro-Medium	14	Sharing risk-related information
ArialMT	11	Inadequate information sharing arrangements and legislative provisions are restricting
ArialMT	11	the NDIS Commission and other bodies from readily exchanging information critical to
ArialMT	11	safeguarding people with disability.
ArialMT	11	While an individual’s privacy must be considered when disclosing information, this should
ArialMT	11	not prevent the sharing of information to promote the safety of people with disability who may
ArialMT	11	be at risk. The information disclosure framework should be amended to allow the sharing
ArialMT	11	of information between the NDIS Commission and a wider range of state and territory
ArialMT	11	safeguarding bodies. This can be done by prescribing such bodies in the manner authorised
Arial-ItalicMT	11	by the NDIS Act.
DINPro-Medium	16	Engagement and capacity building
ArialMT	11	Engagement and capacity building are effective regulatory strategies that support providers
ArialMT	11	to comply with their obligations. These strategies are particularly important for NDIS providers
ArialMT	11	operating in an environment where relatively new laws and obligations are in place.
DINPro-Medium	14	Enhancing provider practice and compliance
ArialMT	11	NDIS providers who gave evidence at Public hearing 32, ‘Service providers revisited’ were clear
ArialMT	11	there is a strong appetite to collaborate and share information, experiences and examples of
ArialMT	11	good practice and innovative safeguarding and service models across the disability sector.
ArialMT	11	We recommend the NDIS Commission enhance its engagement and capacity building activities
ArialMT	11	with NDIS providers by:
ArialMT	11	• routinely sharing data analysis and insights from its oversight activities with NDIS providers
ArialMT	11	to promote improvements in the quality and safety of services
ArialMT	9	Executive Summary, Our vision for an inclusive Australia and Recommendations 169
ArialMT	11	• facilitating regular industry forums and communities of practice to raise and address critical
ArialMT	11	safeguarding practice issues and share best practice
ArialMT	11	• expanding its training offerings to NDIS providers, particularly in relation to fulfilling
ArialMT	11	their obligations to recognise, report and investigate incidents and deal appropriately
ArialMT	11	with complaints
ArialMT	11	• developing a training and resources hub for use by people with disability and
ArialMT	11	their supporters, as well as the NDIS provider workforce.
DINPro-Medium	14	Reaching First Nations people with disability
ArialMT	11	Many First Nations people with disability are still unclear about the role of the NDIS
ArialMT	11	Commission, which can deter them from making complaints. We recommend the NDIS
ArialMT	11	Commission establish a dedicated First Nations Unit to develop its engagement with and
ArialMT	11	understanding of the issues facing First Nations NDIS participants, particularly in regional
ArialMT	11	and remote communities.
DINPro-Medium	16	Worker screening
ArialMT	11	An effective worker screening system relies on oversight bodies and providers to share,
ArialMT	11	receive and act upon information that indicates safety risks for people with disability.
ArialMT	11	The NDIS worker screening check commenced in 2021 and brought disability worker screening
ArialMT	11	into a nationally consistent framework. However, we heard there are no nationally consistent
ArialMT	11	information sharing provisions for workers who operate across different jurisdictions or different
ArialMT	11	schemes. We also heard the NDIS Commission could enhance the information it shared
ArialMT	11	with worker screening units.
ArialMT	11	We recommend the NDIS Commission consult with state and territory worker screening
ArialMT	11	units about developing a national operational framework to enhance the information it
ArialMT	11	shares with worker screening units. As part of the upcoming NDIS worker screening review,
ArialMT	11	we also recommend the Australian Government consider the adequacy of information sharing
ArialMT	11	arrangements regarding the ability of the NDIS Commission and worker screening units
ArialMT	11	to obtain and share relevant risk-related information (such as misconduct and disciplinary
ArialMT	11	investigation outcomes) held by other bodies.
ArialMT	11	Part B of Volume 10, Disability services examines and makes recommendations to strengthen
ArialMT	11	the NDIS Commission’s monitoring, compliance and enforcement activities.
ArialMT	9	170 Royal Commission into Violence, Abuse, Neglect and Exploitation of People with Disability: Final Report
DINPro-Medium	25	Independent oversight and complaint
DINPro-Medium	25	mechanisms
DINPro-Medium	13	Key points
ArialMT	11	• Violence against, and abuse, neglect and exploitation of, people with
ArialMT	11	disability occur in multiple settings, including public places and domestic
ArialMT	11	and family contexts. Additional independent oversight and complaint pathways
ArialMT	11	are needed.
ArialMT	11	• Violence, abuse, neglect and exploitation towards people with disability are likely
ArialMT	11	to be under-reported. Barriers to reporting include an existing complaints system
ArialMT	11	that is too complex to participate in without appropriate assistance and support.
ArialMT	11	• All states and territories should introduce adult safeguarding laws. A related
ArialMT	11	agency should administer information and referral, advice and support,
ArialMT	11	coordination, investigation, public reporting and community education functions.
ArialMT	11	• Each state and territory should have an independent one-stop shop providing
ArialMT	11	information and advice about reporting violence or abuse towards a person
ArialMT	11	with disability. This one-stop shop should link people to advocacy and
ArialMT	11	other services.
ArialMT	11	• Community visitors independently monitor services and facilities provided
ArialMT	11	to people with disability and assist with resolving issues or complaints.
ArialMT	11	There should be a nationally consistent approach to their roles and functions.
ArialMT	11	States and territories should urgently implement a community visitors scheme
ArialMT	11	if they do not have one.
ArialMT	11	• Compared with the general population, many Australians with disability are much
ArialMT	11	more likely to have a ‘potentially avoidable death’ before the age of 65. All states
ArialMT	11	and territories should have a disability death review scheme to systemically
ArialMT	11	review, understand and address the factors that contribute to these outcomes.
ArialMT	11	• Nationally consistent reportable conduct schemes should operate in all
ArialMT	11	states and territories to help prevent and respond to abuse against all children.
ArialMT	11	These schemes should include disability service providers that deliver supports
ArialMT	11	or services to children with disability, including NDIS providers.
ArialMT	9	Executive Summary, Our vision for an inclusive Australia and Recommendations 171
DINPro-Medium	18	Addressing gaps and barriers
DINPro-Medium	14	I felt that nothing was happening. I was making complaints, I was
DINPro-Medium	14	talking to people, I was trying to get somewhere, but I think they
DINPro-Medium	14	call it the deafening silence. When they answered, they said they
DINPro-Medium	14	would ring, they never rang. It would go ages. I didn’t know what
DINPro-Medium	14	was happening, I didn’t know where to go.100
ArialMT	11	Throughout our inquiry we heard about difficulties reporting violence against, and abuse,
ArialMT	11	neglect and exploitation of, people with disability regardless of where it occurred. In addition
ArialMT	11	to gaps in avenues for making complaints, a significant barrier for many people was the
ArialMT	11	complexity of the existing complaints processes.
ArialMT	11	Failing to tackle barriers to reporting has many repercussions. Violence against, and abuse,
ArialMT	11	neglect and exploitation of, people with disability will continue to be under-reported, and people
ArialMT	11	with disability will not get the support they need. Under-reporting also conceals the full extent
ArialMT	11	of the problem and limits the evidence base to inform well-targeted and effective public
ArialMT	11	policy responses.
ArialMT	11	In the previous section, we examined the role of the NDIS Commission in the complaints
ArialMT	11	process. However, not all people with disability are NDIS participants. Violence against,
ArialMT	11	and abuse, neglect and exploitation of, people with disability occurs in multiple settings
ArialMT	11	including public places and domestic and family contexts. For these reasons, additional
ArialMT	11	independent oversight and complaint pathways are necessary.
DINPro-Medium	16	Adult safeguarding
ArialMT	11	There have long been statutory mechanisms, however imperfect, for responding to violence
ArialMT	11	against and abuse of children in the community but the same cannot be said for adults who
ArialMT	11	are at risk, including adults with disability. In submissions following Public hearing 28, Counsel
ArialMT	11	Assisting identified a need for ‘alternative reporting pathways’ for people with disability who
ArialMT	11	may be reluctant to report public incidents of violence and abuse to police.101
ArialMT	11	In 2017 the Australian Law Reform Commission recommended adult safeguarding laws
ArialMT	11	be introduced to address elder abuse. Safeguarding laws have since been enacted in
ArialMT	11	South Australia and New South Wales. In these states, designated bodies receive, assess
ArialMT	11	and investigate allegations of abuse against people with disability and older people, and take
ArialMT	11	safeguarding action where necessary. It is clear that these bodies are meeting a significant
ArialMT	11	level of need.
ArialMT	9	172 Royal Commission into Violence, Abuse, Neglect and Exploitation of People with Disability: Final Report
ArialMT	11	We recommend all states and territories enact adult safeguarding laws. Such laws should
ArialMT	11	empower an independent, appropriately resourced body to administer functions including
ArialMT	11	information and referral, advice and support coordination, investigation, public reporting,
ArialMT	11	and community education.
ArialMT	11	The role of adult safeguarding functions should be articulated in a national adult safeguarding
ArialMT	11	framework. The framework should provide common definitions and a mandate for each state
ArialMT	11	and territory adult safeguarding body to systematically collect, analyse and publicly report
ArialMT	11	data about violence against, and abuse, neglect and exploitation of, adults with disability
ArialMT	11	in family and community settings, including private homes and public places.
DINPro-Medium	16	Independent complaint reporting, referral and support
ArialMT	11	The setting in which violence or abuse occurs influences whether it is likely to be reported.
ArialMT	11	This is especially the case if the conduct does not rise to the level of a criminal offence, or
ArialMT	11	the person with disability does not want or is unable to report it to police or the responsible
ArialMT	11	organisation. Complaint handling, regulatory and investigative bodies each have their own
ArialMT	11	responsibilities and powers, making their processes difficult for people with disability or their
ArialMT	11	supporters to navigate. Frustrating and exhausting complaint processes and inadequate
ArialMT	11	access to advocacy support are further disincentives to pursuing complaints.
ArialMT	11	We heard strong arguments in favour of removing the burden from individuals of navigating
ArialMT	11	where to complain, while respecting their dignity and empowering them to participate.
ArialMT	11	We accept the importance of establishing a third-party reporting pathway that is clear,
ArialMT	11	safe and readily accessible.
ArialMT	11	We recommend each state and territory should have an independent and accessible
ArialMT	11	service anyone can contact for advice and information about their options for reporting
ArialMT	11	violence against or abuse of a person with disability. This service should be well publicised
ArialMT	11	and a ‘one-stop shop’.
ArialMT	11	The proposed mechanism would differ from existing services, such as the National Disability
ArialMT	11	Abuse and Neglect Hotline, in important ways. It would provide ‘warm referrals’ to appropriate
ArialMT	11	complaint bodies, including police, and link people with local advocacy and other services that
ArialMT	11	can support them to participate in the complaint process. (A warm referral involves contacting
ArialMT	11	an organisation or service for or with the person, rather than just providing contact information.)
ArialMT	11	Organisations have a responsibility to have complaint handling systems and processes in
ArialMT	11	place that are accessible and responsive to people with disability, regardless of the existence
ArialMT	11	of any independent complaint reporting, referral and support mechanism. We recommend
ArialMT	11	the development of universal guidelines to support organisations to implement appropriate
ArialMT	11	complaint handling systems and processes. In particular, there is a need for guidance about
ArialMT	11	how to handle more serious complaints about violence, abuse and neglect, including how
ArialMT	11	to conduct investigations in a trauma-informed way.
ArialMT	9	Executive Summary, Our vision for an inclusive Australia and Recommendations 173
ArialMT	11	The Commonwealth Ombudsman should lead this project, in collaboration with the NDIS
ArialMT	11	Commission, other oversight bodies and people with disability and their representative organisations.
DINPro-Medium	16	Community visitor schemes
ArialMT	11	Community visitors are appointed to independently monitor services and facilities used by
ArialMT	11	people with disability. They also have a role in resolving issues or complaints. Community
ArialMT	11	visitors promote and protect the rights and wellbeing of people with disability by identifying
ArialMT	11	issues people with disability may not otherwise raise. They also provide an early warning system
ArialMT	11	to prevent abuse and neglect, as well as an escalation pathway for issues to be addressed.
ArialMT	11	All states and territories, apart from Western Australia and Tasmania, have established and
ArialMT	11	administer a community visitors scheme. The specific functions and powers differ among
ArialMT	11	jurisdictions but, in general, community visitors can enter and inspect services without notice,
ArialMT	11	inspect documentation relating to the operation of a service and talk privately with residents.
ArialMT	11	We recommend states and territories should urgently implement community visitors schemes
ArialMT	11	for people with disability, if they have not done so already.
ArialMT	11	Community visitors can be an especially important safeguard for people who have limited or
ArialMT	11	no access to natural supports or safeguards. This includes people who are at elevated risk
ArialMT	11	of poor outcomes, such as those living in boarding house style accommodation. For these
ArialMT	11	reasons, the NDIS Act and the NDIS Quality and Safeguarding Framework should be
ArialMT	11	amended to formally recognise community visitors as a safeguard for people with disability.
ArialMT	11	Currently, the roles and functions of community visitor schemes operating in the states and
ArialMT	11	territories are inconsistent. A nationally consistent approach is needed, including a common
ArialMT	11	definition of ‘visitable services’. At a minimum, the scope of the community visitors scheme
ArialMT	11	role should allow community visitors to visit people living in supported accommodation and
ArialMT	11	licensed boarding houses, whether or not delivered by NDIS providers.
ArialMT	11	Agreed standards and quality indicators for monitoring services and facilities are also needed.
ArialMT	11	The Australian Government and state and territory governments should enter into a national
ArialMT	11	agreement specifying how community visitor schemes and the NDIS Commission should
ArialMT	11	cooperate and share information to discharge effectively their different but related visiting,
ArialMT	11	compliance, monitoring and investigation functions.
DINPro-Medium	16	Disability death review schemes
ArialMT	11	Compared with the general population, many Australians with disability – especially people
ArialMT	11	with intellectual disability and/or those living in supported accommodation – are much more
ArialMT	11	likely to have a ‘potentially avoidable death’ and die before the age of 65.102
ArialMT	11	Systemic reviews of deaths aim to identify trends or factors contributing to the deaths within
ArialMT	11	particular groups of people and recommend actions to prevent or reduce mortality. To do this,
ArialMT	11	they review available information about individuals who have died.
ArialMT	9	174 Royal Commission into Violence, Abuse, Neglect and Exploitation of People with Disability: Final Report
ArialMT	11	Until 2022, when the function was removed, the NSW Ombudsman was required to review
ArialMT	11	the deaths of people with disability living in supported accommodation and assisted boarding
ArialMT	11	houses. Since the introduction of the NDIS in Victoria, the Disability Service Commissioner’s
ArialMT	11	role to review the deaths of people using disability services has substantially diminished.
ArialMT	11	These changes have created a regrettable oversight gap in New South Wales and Victoria.
ArialMT	11	No other state or territory has a disability death review scheme.
ArialMT	11	Leading experts have recommended each state and territory should establish disability
ArialMT	11	death review schemes. These schemes should monitor and examine reviewable deaths
ArialMT	11	and formulate recommendations about policies and practices to prevent or reduce deaths.
ArialMT	11	The schemes should be nationally consistent and operate in conjunction with the NDIS
ArialMT	11	Commission’s separate yet related function to oversee reportable incidents, including
ArialMT	11	incidents involving the deaths of NDIS participants.
DINPro-Medium	16	Reportable conduct schemes
ArialMT	11	In 2017, the Royal Commission into Institutional Responses to Child Sexual Abuse found
ArialMT	11	reportable conduct schemes are a best practice model for overseeing organisations’ handling
ArialMT	11	of child abuse allegations against employees. It recommended all states and territories
ArialMT	11	establish nationally consistent reportable conduct schemes, modelled on the existing
ArialMT	11	approach in New South Wales.
ArialMT	11	Reportable conduct schemes require heads of specified organisations to notify an independent
ArialMT	11	oversight body of allegations of reportable conduct involving their employees, investigate
ArialMT	11	the allegation and report the outcome. These organisations may include government and
ArialMT	11	non-government schools, out-of-home care providers, health services, juvenile justice,
ArialMT	11	disability services and religious bodies.
ArialMT	11	Queensland, South Australia and the Northern Territory are yet to establish reportable
ArialMT	11	conduct schemes in response to the recommendation of the Royal Commission into Institutional
ArialMT	11	Responses to Child Sexual Abuse. There are also inconsistencies between the schemes that
ArialMT	11	do exist, including different definitions of reportable conduct.
ArialMT	11	For organisations covered by the schemes, limited guidance is available about responding
ArialMT	11	to allegations concerning maltreatment of children with disability. Some NDIS providers fall
ArialMT	11	under the jurisdiction of both the NDIS Commission and the reportable conduct scheme in
ArialMT	11	their state or territory. In these circumstances, there can be a lack of clarity about how the
ArialMT	11	scheme operators and the NDIS Commission should work together to ensure consistency
ArialMT	11	and reduce duplication.
ArialMT	11	We recommend states and territories that have not established a reportable conduct scheme
ArialMT	11	do so urgently. All states and territories should ensure disability service providers that deliver
ArialMT	11	supports or services to children with disability, including NDIS providers, are included in their
ArialMT	11	reportable conduct schemes.
ArialMT	9	Executive Summary, Our vision for an inclusive Australia and Recommendations 175
Arial-ItalicMT	11	Volume 11, Independent oversight and complaint mechanisms examines and makes
ArialMT	11	recommendations to address the need for additional independent oversight and complaint
ArialMT	11	pathways to prevent and respond to violence against, and abuse, neglect and exploitation
ArialMT	11	of, people with disability.
ArialMT	9	176 Royal Commission into Violence, Abuse, Neglect and Exploitation of People with Disability: Final Report
DINPro-Medium	25	Governing for inclusion
DINPro-Medium	13	Key points
ArialMT	11	• The complexity and scale of disability policy and reform in Australia requires
ArialMT	11	focused and increased capacity across governments. A new National Disability
ArialMT	11	Agreement between the Australian Government and state and territory
ArialMT	11	governments is required to strengthen coordination and collaboration.
ArialMT	11	• Australia’s Disability Strategy 2021–2031, the current national disability policy
ArialMT	11	framework, should be reviewed to consider the issues raised during the Royal
ArialMT	11	Commission and the recommendations made in this Final report.
ArialMT	11	• To improve accountability, an independent statutory body, the National Disability
ArialMT	11	Commission, should be established to undertake robust monitoring and reporting
ArialMT	11	of outcomes for people with disability.
ArialMT	11	• The National Disability Commission would also support the realisation
ArialMT	11	of the human rights of people with disability through monitoring and oversight
ArialMT	11	of the Disability Rights Act.
ArialMT	11	• National disability leadership should be strengthened through greater focus
ArialMT	11	and dedicated skills and capabilities. We recommend establishing:
ArialMT	11	◦ an Australian Government portfolio with responsibility for disability policies
ArialMT	11	and programs
ArialMT	11	◦ a ministerial position, the Minister for Disability Inclusion
ArialMT	11	◦ a Department of Disability Equality and Inclusion that has responsibility
ArialMT	11	for national disability and carers policies and programs, including those
ArialMT	11	currently the responsibility of the Department of Social Services.
ArialMT	9	Executive Summary, Our vision for an inclusive Australia and Recommendations 177
DINPro-Medium	18	Strengthening national disability policy and strategy
DINPro-Medium	14	... there must be a deeper level of intentionality, a stock-taking
DINPro-Medium	14	of where things are at, a clear statement of the end-goals and
DINPro-Medium	14	an understanding of the means, tools, timelines and resources
DINPro-Medium	14	needed to move the dial and an institutional architecture
DINPro-Medium	14	designed to oversee the change. Most of all, those directly
DINPro-Medium	14	affected should be involved in co-producing any future plan for
DINPro-Medium	14	progressive achievement.103
DINPro-Medium	16	National Disability Insurance Scheme
ArialMT	11	The National Disability Insurance Scheme (NDIS) is the most significant reform affecting people
ArialMT	11	with disability to have been introduced in Australia. Its progressive implementation began in
ArialMT	11	2013, with full roll out completed in 2020. Many agreements and policies support the NDIS’s
ArialMT	11	implementation, including those establishing shared governance arrangements between the
ArialMT	11	Australian Government and state and territory governments.
ArialMT	11	The NDIS provides funding to eligible people with a permanent and significant disability so
ArialMT	11	they can access reasonable and necessary supports and services through individual support
ArialMT	11	plans. Critical to its success is increased and equitable access for all people with disability
ArialMT	11	to mainstream services and community supports. This includes services provided by all
ArialMT	11	governments. However, there continues to be confusion over the roles and responsibilities
ArialMT	11	of the NDIS and those of mainstream services.
ArialMT	11	The Australian Government’s independent review of the NDIS is due to report in October 2023.
ArialMT	11	As part of its terms of reference, the review is looking at ‘improving the interaction between
ArialMT	11	the NDIS and other significant related policies and systems, including mainstream services
ArialMT	11	delivered by the Australian Government, the states and territories, local government, and the
ArialMT	11	community sector’.104
ArialMT	11	Given the NDIS review is underway we have not made recommendations on these issues.
ArialMT	11	Nevertheless, it is critical that national disability policy and strategic arrangements ensure
ArialMT	11	governments meet their obligations to provide inclusive and accessible mainstream services.
DINPro-Medium	16	National Disability Agreement
ArialMT	11	The National Disability Agreement is the intergovernmental agreement between the Australian
ArialMT	11	Government and state and territory governments relating to disability policy and the provision
ArialMT	11	of services. It ‘provides the national framework and key areas of reform for the provision of
ArialMT	11	government support to services for people with disabilities’.105
ArialMT	9	178 Royal Commission into Violence, Abuse, Neglect and Exploitation of People with Disability: Final Report
ArialMT	11	In its 2019 review of the National Disability Agreement, the Productivity Commission concluded
ArialMT	11	it was no longer fit for purpose and had a weak influence on policy. The current version is out of
ArialMT	11	date, particularly because it does not reflect the implementation of the NDIS.
ArialMT	11	The 2019 review identified the unnecessary complexity of the differing national disability
ArialMT	11	policy and strategy arrangements, and the lack of a clear link between them. It found this
ArialMT	11	risks confusion and reduced accountability for improving outcomes for people with disability.
ArialMT	11	We agree with the Productivity Commission’s conclusion that an ‘overarching disability
ArialMT	11	agreement’ is needed to clarify the relationships between the policy and strategy arrangements
ArialMT	11	and promote greater accountability.106
ArialMT	11	To achieve this, we recommend the Australian Government and state and territory governments,
ArialMT	11	through the Disability Reform Ministerial Council, develop a new National Disability Agreement
ArialMT	11	to provide the framework for collaboration. The Agreement should provide the framework for:
ArialMT	11	• developing and implementing reforms requiring national attention and coordination,
ArialMT	11	including the recommendations of this Royal Commission
ArialMT	11	• implementing the NDIS and Australia’s Disability Strategy 2021–2031 (see below).
DINPro-Medium	16	Australia’s Disability Strategy
ArialMT	11	Australia’s Disability Strategy 2021–2031 (ADS) is focused on seven outcome areas:
ArialMT	11	Employment and Financial Security; Inclusive Homes and Communities; Safety, Rights
ArialMT	11	and Justice; Personal and Community Support; Education and Learning; Health and Wellbeing;
ArialMT	11	and Community Attitudes.
ArialMT	11	The ADS is relatively new, and it is difficult to assess its effectiveness on outcomes for people
ArialMT	11	with disability. But we have identified two issues concerning its implementation that raise
ArialMT	11	questions about the ability of governments to take coordinated national action.
ArialMT	11	The first issue concerns the Targeted Action Plans that support the implementation of the ADS.
ArialMT	11	These are directed at employment, community attitudes, early childhood, safety, and emergency
ArialMT	11	management. Further Targeted Action Plans will be developed over the course of the ADS.
ArialMT	11	Many initiatives in the current Targeted Action Plans focus on particular jurisdictions and on
ArialMT	11	programs that have been in place for some time. This approach is limited and fragmented.
ArialMT	11	Greater national co-ordination is required.
ArialMT	11	A second issue is whether the ADS will advance the rights of people with disability in
ArialMT	11	accordance with its aspiration to ‘play an important role in protecting, promoting and
ArialMT	11	realising the human rights of people with disability’.107
ArialMT	11	The realisation of human rights is not consistently addressed throughout the ADS structure.
ArialMT	11	For example, Policy Priority 4 under the outcome area Safety, Rights and Justice is: ‘the rights
ArialMT	11	of people with disability are promoted, upheld and protected’.108 But no Targeted Action Plan
ArialMT	11	addresses human rights. It is therefore difficult to see what actions, if any, are targeted at
ArialMT	11	realising human rights.
ArialMT	9	Executive Summary, Our vision for an inclusive Australia and Recommendations 179
ArialMT	11	Governments have committed to reviewing the ADS following the release of this
ArialMT	11	Final report. We recommend the ADS be reviewed and updated to reflect the issues
ArialMT	11	we raise and recommendations we make. This review should:
ArialMT	11	• consider the ADS and all its implementation mechanisms, including Targeted Action
ArialMT	11	Plans, Guiding Principles, reporting arrangements and the Data Improvement Plan,
ArialMT	11	Engagement Plan and Outcomes Framework
ArialMT	11	• examine how the ADS can more effectively address all forms of equality and build
ArialMT	11	a human rights approach based on the CRPD (and other significant international
ArialMT	11	human rights obligations)
ArialMT	11	• be conducted in partnership with people with disability and their representative
ArialMT	11	organisations.
ArialMT	11	In addition to reviewing and updating the ADS, all jurisdictions should ensure their disability
ArialMT	11	plans and strategies adequately reflect the issues raised and recommendations made in this
ArialMT	11	Final report. They should ensure governments are working together and in partnership with
ArialMT	11	people with disability and their representative organisations to deliver national outcomes.
DINPro-Medium	16	Coordinating disability policy and other policy areas
ArialMT	11	Like all Australians, people with disability use a range of different services and systems,
ArialMT	11	including health, education and housing. Policy and practice across different issues and service
ArialMT	11	systems should take into account the different experiences of people with disability, including
ArialMT	11	their experiences of discrimination and disadvantage.
ArialMT	11	The aim of national strategies and plans is to direct governments to address identified issues
ArialMT	11	and priorities in a coordinated way. Intergovernmental agreements, although not legally binding,
ArialMT	11	express the commitment of the Australian Government and state and territory governments to
ArialMT	11	work together to achieve particular objectives or goals. Combined, they provide crucial strategic
ArialMT	11	direction to guide government and community actions.
ArialMT	11	A fractured approach to strategies and plans across service systems can lead to uncoordinated
ArialMT	11	efforts and gaps in responsibility. National agreements and strategies on issues such as health,
ArialMT	11	education, housing and Closing the Gap should be aligned with the ADS and the recommended
ArialMT	11	new National Disability Agreement.
ArialMT	11	The Australian Government and state and territory governments should review national
ArialMT	11	agreements, strategies and plans that affect people with disability. This work should be
ArialMT	11	undertaken through the Disability Reform Ministerial Council in conjunction with other
ArialMT	11	ministerial councils.
ArialMT	9	180 Royal Commission into Violence, Abuse, Neglect and Exploitation of People with Disability: Final Report
DINPro-Medium	18	Reforming national disability governance
DINPro-Medium	16	Monitoring and reporting to influence actions
ArialMT	11	Effective monitoring and reporting arrangements provide valuable information about what
ArialMT	11	is working well and what is not, and influence government actions and priorities. Transparent
ArialMT	11	reporting and monitoring mechanisms help hold governments to account. Introducing more
ArialMT	11	independent reporting and monitoring systems can also play a significant role in helping
ArialMT	11	to improve outcomes for people with disability.
ArialMT	11	We recommend a new National Disability Commission be established. The National Disability
ArialMT	11	Commission should be an independent statutory body led by people with disability. Its role,
ArialMT	11	functions and powers should be set out in the Disability Rights Act we recommend be enacted.
ArialMT	11	A key function of the National Disability Commission will be to monitor and report on the
ArialMT	11	implementation of our recommendations. This will complement the Commission’s responsibility
ArialMT	11	for monitoring and oversight of the Disability Rights Act and on outcomes for people with
ArialMT	11	disability. The Commission should prepare a biennial report, for tabling in the Australian
ArialMT	11	Parliament, focusing on what is and is not working across jurisdictions.
ArialMT	11	The National Disability Commission should share information and promote research on
ArialMT	11	best practice and innovative approaches to improve outcomes for people with disability.
ArialMT	11	It should engage closely with people with disability and disability representative organisations
ArialMT	11	and work directly with the community to ensure the diverse voices of people with disability
ArialMT	11	are represented in its work.
DINPro-Medium	16	Australian Government disability leadership arrangements
ArialMT	11	Although responsibilities for services supporting or affecting people with disability are delivered
ArialMT	11	and managed at various levels of government, the Australian Government has a critical role
ArialMT	11	in coordinating and driving national disability priorities. This includes primary responsibility
ArialMT	11	for delivering the NDIS, and a central role in developing and progressing the ADS.
ArialMT	11	We are concerned about the location of disability policy responsibilities within the Australian
ArialMT	11	Government. The Australia’s Disability Strategy branch is the central disability policy and
ArialMT	11	implementation unit. It is part of the Australian Government Department of Social Services
ArialMT	11	(DSS), whose responsibilities include social security payments and delivery; housing and
ArialMT	11	homelessness policy; and other policies and programs relating to individuals, families, children
ArialMT	11	and communities. DSS sits in the Social Services portfolio, which has a broad and complex
ArialMT	11	remit. At the time of writing this report, the Social Services portfolio includes one department,
ArialMT	11	five portfolio bodies and four ministers.
ArialMT	11	In our view, maintaining responsibility for disability policy and programs within DSS and that
ArialMT	11	portfolio limits the Australian Government’s ability to concentrate on the measures necessary
ArialMT	11	to advance equality, inclusion and the rights of people with disability.
ArialMT	9	Executive Summary, Our vision for an inclusive Australia and Recommendations 181
ArialMT	11	We recommend changes to Australian Government portfolio, ministerial and departmental
ArialMT	11	structures governing disability policy. The Australian Government should establish:
ArialMT	11	• a new portfolio specifically responsible for disability. This would give disability equality,
ArialMT	11	inclusion and human rights the status and attention required to drive reforms and
ArialMT	11	change practices and attitudes.
ArialMT	11	• a dedicated, senior ministerial position responsible for national leadership on disability
ArialMT	11	issues, policies and programs. This position, the Minister for Disability Inclusion, would
ArialMT	11	take on the disability related responsibilities currently in the remit of the Minister for
ArialMT	11	Social Services.
ArialMT	11	• a new Department of Disability Equality and Inclusion, dedicated to improving outcomes
ArialMT	11	for people with disability. It would be responsible for the national disability and carers
ArialMT	11	policies and programs that are currently the responsibility of the DSS.
ArialMT	11	In addition to the Department of Disability Equality and Inclusion, the new portfolio would include
ArialMT	11	the National Disability Insurance Agency (NDIA), the NDIS Quality and Safeguards Commission
ArialMT	11	and the recommended new National Disability Commission.
DINPro-Medium	16	National implementation of disability rights
ArialMT	11	Ensuring national governance arrangements can drive actions across different levels
ArialMT	11	of governments is critical to successfully implementing the CRPD in Australia.
ArialMT	11	Article 33(1) of the CRPD requires States Parties to designate one or more focal points
ArialMT	11	within government for matters relating to its implementation. There are opportunities to
ArialMT	11	strengthen focal point arrangements, at both the Australian Government and state and territory
ArialMT	11	government levels, to improve coordination and better implement the CRPD in Australia.
ArialMT	11	At the Australian Government level, we recommend the new Department of Disability
ArialMT	11	Equality and Inclusion be the designated CRPD focal point and coordination mechanism,
ArialMT	11	alongside the Attorney-General’s Department.
ArialMT	11	We also recommend each state and territory government designate CRPD focal points.
ArialMT	11	Volume 5, Governing for inclusion examines and makes recommendations to strengthen
ArialMT	11	national disability policy, strategy and governance arrangements involving the Australian
ArialMT	11	Government and state and territory governments.
ArialMT	9	182 Royal Commission into Violence, Abuse, Neglect and Exploitation of People with Disability: Final Report
DINPro-Medium	25	Beyond the Royal Commission
DINPro-Medium	13	Key points
ArialMT	11	• The last volume of our Final report recommends key steps for implementing
ArialMT	11	and monitoring the recommendations of the Royal Commission:
ArialMT	11	◦ the Australian Government and state and territory governments should
ArialMT	11	each publish a written response to the Final report by 31 March 2024
ArialMT	11	◦ the Disability Reform Ministerial Council should oversee the implementation
ArialMT	11	of our recommendations
ArialMT	11	◦ the independent National Disability Commission should provide an annual
ArialMT	11	assessment on the implementation of our recommendations, and evaluate
ArialMT	11	their effectiveness.
ArialMT	11	• High quality data and research are important for measuring the effectiveness
ArialMT	11	of policy and holding governments and organisations to account. Ways to
ArialMT	11	improve the evidence base for disability policy and services include:
ArialMT	11	◦ a nationally consistent approach to collecting disability information
ArialMT	11	◦ improved data collection about people with disability in closed and
ArialMT	11	segregated settings, with communication support needs, and groups
ArialMT	11	with intersecting and multiple disadvantage.
ArialMT	11	• Conducting a royal commission can prompt significant changes to legislation,
ArialMT	11	policy and attitudes. Some of the key impacts this Royal Commission has
ArialMT	11	had during its term include:
ArialMT	11	◦ improved access to COVID-19 vaccinations
ArialMT	11	◦ initiatives to improve the health care of people with cognitive disability
ArialMT	11	◦ measures to tackle violence against women and girls with disability.
ArialMT	11	• We acknowledge our work is built on the long term advocacy of people with
ArialMT	11	disability and their supporters to improve the lives of people with disability.
ArialMT	9	Executive Summary, Our vision for an inclusive Australia and Recommendations 183
DINPro-Medium	18	Delivering change
DINPro-Medium	14	Implementation is one important measure of the effectiveness
DINPro-Medium	14	of inquiries.109
ArialMT	11	In this Final report, we make a range of recommendations designed to achieve significant
ArialMT	11	change for people with disability. If implemented, they will help prevent violence against,
ArialMT	11	and abuse, neglect and exploitation of, people with disability. They will also embed the human
ArialMT	11	rights of people with disability in government policy and practices to ensure respect for their
ArialMT	11	inherent dignity and individual autonomy.
ArialMT	11	In Volume 12, Beyond the Royal Commission, we recommend four steps for responding
ArialMT	11	to, implementing and monitoring our recommendations.
ArialMT	11	First, we recommend the Australian Government and each state and territory government
ArialMT	11	consider and publicly respond to our recommendations within six months of receiving our
ArialMT	11	Final report. People with disability, their supporters and representative organisations have
ArialMT	11	been at the centre of our work and have invested a great deal in the Royal Commission.
ArialMT	11	They rightly expect governments to respond in a timely manner to our recommendations.
ArialMT	11	The Australian Government and state and territory governments should table their responses
ArialMT	11	in their respective parliaments.
ArialMT	11	In their responses, governments should indicate whether the recommendations are accepted,
ArialMT	11	rejected or subject to further consideration. They should include a plan for how the accepted
ArialMT	11	recommendations will be implemented, the reasons for rejecting any recommendations, and
ArialMT	11	a timeframe for any further consideration required.
ArialMT	11	Second, the Disability Reform Ministerial Council should oversee the implementation of our
ArialMT	11	recommendations. As noted, the Disability Reform Ministerial Council is the current ministerial
ArialMT	11	intergovernmental forum for disability issues. Its members include Australian Government and
ArialMT	11	state and territory government ministers responsible for disability policy.
ArialMT	11	Improving outcomes for people with disability requires action at all levels of government,
ArialMT	11	in the private sector and in the community. Governments will need to collaborate with each
ArialMT	11	other and particularly with disability organisations and people with disability to implement our
ArialMT	11	recommendations. The Disability Reform Ministerial Council should be a single coordination
ArialMT	11	point and provide a forum for governments to address implementation issues and risks.
ArialMT	11	Third, the new independent National Disability Commission we recommend should assess
ArialMT	11	the progress on implementing our recommendations across each jurisdiction. Starting in 2025,
ArialMT	11	it should deliver an annual report of its findings to the Australian Parliament.
ArialMT	9	184 Royal Commission into Violence, Abuse, Neglect and Exploitation of People with Disability: Final Report
ArialMT	11	People with disability must play an essential role in monitoring and reporting on the
ArialMT	11	implementation of our recommendations. This is in line with the obligations imposed by
ArialMT	11	article 33 of the CRPD. The National Disability Commission should engage closely with
ArialMT	11	people with disability when reporting on the recommendations.
ArialMT	11	The fourth step will be understanding whether implementation of our recommendations has
ArialMT	11	led to significant and measurable change for people with disability over time. We recommend
ArialMT	11	the National Disability Commission undertakes formal process and outcome evaluations of
ArialMT	11	the effectiveness of the Royal Commission’s recommendations. These should be conducted
ArialMT	11	five and 10 years after the delivery of this Final report, with evaluation reports tabled in the
ArialMT	11	Australian Parliament.
DINPro-Medium	18	Building the policy evidence
ArialMT	11	We had difficulty obtaining reliable and useful data and research in multiple areas of our inquiry.
ArialMT	11	High quality data and research are important for understanding the violence, abuse, neglect
ArialMT	11	and exploitation people with disability experience. They are also necessary for developing good
ArialMT	11	policy and holding governments and organisations to account. We identify four important ways
ArialMT	11	to improve the collection and analysis of data about the experiences of people with disability.
ArialMT	11	First, we propose the Australian Government and state and territory governments develop
ArialMT	11	and implement a nationally consistent approach to collecting disability information.
ArialMT	11	At present data about people with disability is dispersed across many datasets, with at least
ArialMT	11	nine different definitions of ‘disability’. This reduces our ability to understand and respond to
ArialMT	11	the experiences of people with disability. The data collected is difficult to interpret and compare.
ArialMT	11	This limits our ability to monitor progress towards social inclusion for people with disability.
ArialMT	11	A nationally consistent approach will require developing a uniform set of questions that can
ArialMT	11	be asked of individuals to identify disability. They should be asked when individuals use services
ArialMT	11	or when they respond to population surveys.
ArialMT	11	Second, we recommend wider adoption of a disability ‘flag’ across data collections for
ArialMT	11	mainstream services. Flags are based on responses to survey and other questions and help
ArialMT	11	to identify particular groups of interest, such as people with disability.
ArialMT	11	In addition to the challenges of inconsistent definitions of disability, we encountered difficulties
ArialMT	11	in understanding the nature and extent of people with disability’s experiences accessing health
ArialMT	11	care, education, housing, community and other services. This is because people with disability
ArialMT	11	are not always identified as having disability when they access services. Wider adoption of a
ArialMT	11	disability flag would lead to a better understanding of the experiences of people with disability,
ArialMT	11	particularly across different services.
ArialMT	11	Third, as part of Australia’s Disability Strategy Data Improvement Plan, strategies should
ArialMT	11	be developed to improve data collection about people with disability. We recommend extending
ArialMT	11	the collection of disability data to:
ArialMT	9	Executive Summary, Our vision for an inclusive Australia and Recommendations 185
ArialMT	11	• include groups of people with disability who are particularly at risk of violence, abuse,
ArialMT	11	neglect and exploitation. This includes people in closed and segregated settings
ArialMT	11	and those with communication support needs
ArialMT	11	• improve data on type of impairment
ArialMT	11	• enhance data on women, children and young people and First Nations, culturally
ArialMT	11	and linguistically diverse and LGBTIQA+ people with disability.
ArialMT	11	Fourth, we propose establishing the National Disability Data Asset (NDDA) as a national
ArialMT	11	resource for linked data across service systems. Data linkage connects de-identified
ArialMT	11	data across datasets to tell a ‘much more powerful story than is possible from individual
ArialMT	11	data sources in isolation’.110 It helps create a comprehensive picture of the experiences
ArialMT	11	of people with disability.
ArialMT	11	We acknowledge the Australian Government’s commitment to fund an extension of the
ArialMT	11	NDDA. However, it is important the Australian Government and state and territory governments
ArialMT	11	commit to guaranteeing the long-term future of the NDDA. Funding should reflect the
ArialMT	11	importance of the NDDA as a tool for evidence-based policy making and service design
ArialMT	11	across all areas affecting the health, safety and wellbeing of people with disability.
ArialMT	11	We also look at the current state of disability research in Australia and our research
ArialMT	11	agenda. The Australian Government’s National Disability Research Partnership (NDRP)
ArialMT	11	is the primary vehicle for developing a more coordinated approach to funding and undertaking
ArialMT	11	disability research.
ArialMT	11	We know further research is needed to deepen the understanding of the diverse experiences
ArialMT	11	of people with disability. We support the continuing funding of the NDRP as a means of
ArialMT	11	developing an inclusive disability research program, addressing research gaps, and building
ArialMT	11	an evidence base for policy and research in Australia. The NDRP recognises it will need to
ArialMT	11	consider the Royal Commission’s findings and the research gaps we have identified.
DINPro-Medium	18	Our impact
ArialMT	11	For more than four years, the Royal Commission examined the violence, abuse, neglect
ArialMT	11	and exploitation experienced by people with disability in Australia.
ArialMT	11	The evidence given at public hearings, the findings and recommendations in Commissioners’
ArialMT	11	reports on those hearings, and the many public activities of the Royal Commission have
ArialMT	11	encouraged governments, regulatory agencies, service providers, businesses and others
ArialMT	11	to address the issues we have identified. This has led to significant improvements during
ArialMT	11	the term of our inquiry in policies, programs and practices designed to protect people with
ArialMT	11	disability from violence, abuse, neglect and exploitation and to promote a more inclusive society.
ArialMT	9	186 Royal Commission into Violence, Abuse, Neglect and Exploitation of People with Disability: Final Report
ArialMT	11	These impacts cover a wide range of areas, including:
ArialMT	11	• changes to education policies on suspension and exclusion of students with disability
ArialMT	11	• initiatives to improve the health care of people with cognitive disability
ArialMT	11	• measures to tackle violence against women and girls with disability.
ArialMT	11	We recognise our work was not conducted in isolation, but built on the long-term advocacy
ArialMT	11	of people with disability and their supporters to improve the lives of people with disability.
DINPro-Medium	16	Responding to COVID-19
ArialMT	11	As the COVID-19 pandemic escalated during 2020 and 2021, the Royal Commission urged
ArialMT	11	governments, businesses and the community to take swift and effective action to protect people
ArialMT	11	with disability. We sought responses to our concerns about the timely access of people with
ArialMT	11	disability to information, health care and vaccinations, as well as to essential services, food
ArialMT	11	and nutrition. The Royal Commission acted as a communication channel between people
ArialMT	11	with disability and governments to ensure people with disability were not left behind.
ArialMT	11	We held two public hearings during 2020 and 2021 to address significant concerns about
ArialMT	11	how governments were responding to people with disability during the pandemic. We made
ArialMT	11	recommendations to improve the Australian Government’s planning and response to the
ArialMT	11	COVID-19 pandemic and people with disability’s access to COVID-19 vaccinations.
ArialMT	11	Volume 12, Beyond the Royal Commission makes recommendations for responding to,
ArialMT	11	implementing and monitoring the recommendations of this Royal Commission.
ArialMT	9	Executive Summary, Our vision for an inclusive Australia and Recommendations 187
DINPro-Medium	18	Endnotes
ArialMT	10	1 Letters Patent (Cth), 4 April 2019 (as amended), recitals.
Arial-ItalicMT	10	2 Convention on the Rights of Persons with Disabilities, opened for signature 30 March 2007,
ArialMT	10	2515 UNTS 3 (entered into force 3 May 2008), art 1.
Arial-ItalicMT	10	3 Convention on the Rights of Persons with Disabilities, opened for signature 30 March 2007,
ArialMT	10	2515 UNTS 3 (entered into force 3 May 2008), art 3.
ArialMT	10	4 Transcript, Ronald Sackville (Chair), Public hearing 1, ‘Ceremonial opening sitting’,
ArialMT	10	16 September 2019, P-8 [10].
ArialMT	10	5 Volume 2 records the number of private sessions held at time of printing for that volume.
ArialMT	10	6 Exhibit 29-15, ‘Statement of ‘Mr Rahman’’, 21 October 2022, at [36].
Arial-ItalicMT	10	7 Convention on the Rights of Persons with Disabilities, opened for signature 30 March 2007,
ArialMT	10	2515 UNTS 3 (entered into force 3 May 2008), art 1.
Arial-ItalicMT	10	8 Australian Bureau of Statistics, Disability, Ageing and Carers, Australia: Summary of Findings,
ArialMT	10	2018, Catalogue number 4430, 24 October 2019.
Arial-ItalicMT	10	9 Australian Bureau of Statistics, Disability, Ageing and Carers, Australia: Summary of Findings,
ArialMT	10	2018, Catalogue number 4430, 24 October 2019.
ArialMT	10	10 Transcript, Kobie Hicks, Public hearing 17 (Part 2), 30 March 2022, P-172 [26–33].
ArialMT	10	11 The Australian Bureau of Statistics Personal Safety Survey defines ‘psychological disability’
ArialMT	10	as a nervous or emotional condition that restricts everyday activities, or mental illness or
ArialMT	10	condition requiring help or supervision.
ArialMT	10	12 Name changed, private session, ‘Gracelyn’.
ArialMT	10	13 The seven treaties recognised by the Australian Government as ‘core’ treaties are the:
Arial-ItalicMT	10	International Covenant on Civil and Political Rights, opened for signature 19 December 1966,
ArialMT	10	999 UNTS 171 (entered into force 23 March 1976); International Covenant on Economic, Social
ArialMT	10	and Cultural Rights, opened for signature 19 December 1966, 993 UNTS 3 (entered into force 3
Arial-ItalicMT	10	January 1976); International Convention on the Elimination of All Forms of Racial Discrimination,
ArialMT	10	opened for signature 21 December 1965, 660 UNTS 195 (entered into force 4 January 1969);
Arial-ItalicMT	10	Convention on the Elimination of All Forms of Discrimination against Women, opened for
ArialMT	10	signature 18 December 1979, 1249 UNTS 13 (entered into force 3 September 1981); Convention
Arial-ItalicMT	10	against Torture and Other Cruel, Inhuman or Degrading Treatment or Punishment, opened for
ArialMT	10	signature 10 December 1984, 1465 UNTS 85 (entered into force 26 June 1987); Convention on
ArialMT	10	the Rights of the Child, opened for signature 20 November 1989, 1577 UNTS 3 (entered into
Arial-ItalicMT	10	force 2 September 1990); and the Convention on the Rights of Persons with Disabilities, opened
ArialMT	10	for signature 30 March 2007, 2515 UNTS 3 (entered into force 3 May 2008). Another important
ArialMT	10	international instrument is the Universal Declaration of Human Rights, which includes both
ArialMT	10	civil and political rights as well as economic, social and cultural rights: United Nations General
Arial-ItalicMT	10	Assembly, Universal Declaration of Human Rights, GA Res 217A (III),
ArialMT	10	UNGAOR, UN Doc A/810 (10 December 1948).
ArialMT	10	14 Committee on the Rights of Persons with Disabilities, General comment no. 6 (2018)
ArialMT	10	on equality and non-discrimination, 19th sess, UN CRPD/C/GC/6 (26 April 2018), [10].
ArialMT	10	15 Committee on the Rights of Persons with Disabilities, General comment no. 6 (2018)
ArialMT	10	on equality and non-discrimination, 19th sess, UN CRPD/C/GC/6 (26 April 2018), [10].
ArialMT	10	16 Committee on the Rights of Persons with Disabilities, General comment no. 6 (2018)
ArialMT	10	on equality and non-discrimination, 19th sess, UN CRPD/C/GC/6 (26 April 2018), [11].
Arial-ItalicMT	10	17 United Nations Declaration on the Rights of Indigenous Peoples, GA Res 61/295, 61st sess,
ArialMT	10	UN Doc A/RES/61/295 (2 October 2007, adopted 13 September 2007), art 22(1).
ArialMT	10	18 United Nations Permanent Forum on Indigenous Issues, Study on the situation of indigenous
Arial-ItalicMT	10	persons with disabilities, with a particular focus on challenges faced with regard to the full
Arial-ItalicMT	10	enjoyment of human rights and inclusion in development, 12th sess, UN Doc E/C.19/2013/6
ArialMT	10	(5 February 2013), [11].
Arial-ItalicMT	10	19 Ron McCallum, The United Nations Convention on the Rights of Persons with Disabilities:
Arial-ItalicMT	10	An assessment of Australia’s level of compliance, Report prepared for the Royal Commission
ArialMT	10	into Violence, Abuse, Neglect and Exploitation of People with Disability, October 2020, p 13.
ArialMT	10	20 Submissions by the Australian Government in response to Counsel Assisting’s submissions
ArialMT	10	in Public hearing 18, 15 February 2022, SUBM.0022.0001.0005, p 3 [10].
ArialMT	9	188 Royal Commission into Violence, Abuse, Neglect and Exploitation of People with Disability: Final Report
ArialMT	10	21 Submissions by the Australian Government in response to Counsel Assisting’s submissions
ArialMT	10	in Public hearing 18, 15 February 2022, SUBM.0022.0001.0005, p 3 [10].
Arial-ItalicMT	10	22 Convention on the Rights of Persons with Disabilities, opened for signature 30 March 2007,
ArialMT	10	2515 UNTS 3 (entered into force 3 May 2008) art 4(5).
ArialMT	10	23 Commonwealth, Parliamentary debates, House of Representatives, 26 May 1992, p 2755
ArialMT	10	(Brian Howe, Deputy Prime Minister and Minister for Health, Housing and Community Services).
Arial-ItalicMT	10	24 Disability Discrimination Act 1992 (Cth) ss 5(2), 6(2).
ArialMT	10	25 Productivity Commission, Review of the Disability Discrimination Act 1992, Final inquiry report,
ArialMT	10	Report no. 30, vol 1, April 2004, p 193.
ArialMT	10	26 Productivity Commission, Review of the Disability Discrimination Act 1992, Final inquiry report,
ArialMT	10	Report no. 30, vol 1, April 2004, p 41.
Arial-ItalicMT	10	27 Sluggett v Commonwealth of Australia [2011] FMCA 609, [674].
Arial-ItalicMT	10	28 Berry v State of South Australia [2017] FCA 702, [11].
ArialMT	10	29 Transcript, Justine O’Neill, Ricky Kremer and Alexander Elliott, Public hearing 30,
ArialMT	10	24 November 2022, P-389 [42–45].
ArialMT	10	30 Letters Patent (Cth), 4 April 2019, recitals.
ArialMT	10	31 Australian Government Department of Social Services, Australia’s Disability Strategy 2021–2031,
ArialMT	10	December 2021, p 13.
Arial-ItalicMT	10	32 Attorney-General’s Department, Henley v Australia (56/2018) Australian Government Response,
ArialMT	10	11 April 2023, p 2 [8]. <www.ag.gov.au/rights-and-protections/publications/henley-v-australia-
ArialMT	10	562018-australian-government-response>
ArialMT	10	33 Exhibit 25-132, CTD.8000.0038.2072, p 3.
ArialMT	10	34 Australian Guardianship and Administrative Council, National Standards for Public Guardianship
ArialMT	10	3rd edn, 2016, p 1; Australian Guardianship and Administrative Council, National Standards for
ArialMT	10	Financial Managers, August 2018 edn, p 1.
Arial-ItalicMT	10	35 Convention on the Rights of Persons with Disabilities: Declarations and Reservations (Australia),
ArialMT	10	United Nations, Treaty Series, vol. 2515, p 3, (3 May 2008).
ArialMT	10	36 Australian Government Department of Social Services, National Disability Advocacy Framework
ArialMT	10	2023–25, June 2023, p 3.
Arial-ItalicMT	10	37 ‘National Disability Advocacy Program’, Australian Government Department of Social Services,
ArialMT	10	web page, 24 June 2022. <www.dss.gov.au/our-responsibilities/disability-and-carers/program-
ArialMT	10	services/for-people-with-disability/national-disability-advocacy-program-ndap>
ArialMT	10	38 Australian Government Department of Social Services, Disability Advocacy Work Plan
ArialMT	10	2023–2025, June 2023, p 7.
Arial-ItalicMT	10	39 Convention on the Rights of Persons with Disabilities, opened for signature 30 March 2007,
ArialMT	10	2515 UTS 3 (entered into force 3 May 2008), art 25.
ArialMT	10	40 Transcript, Julian Trollor, Public hearing 4, 20 February 2020, P-201 [34–35].
ArialMT	10	41 Royal Commission into Violence, Abuse, Neglect and Exploitation of People with Disability,
Arial-ItalicMT	10	Report of Public hearing 4: Health care and services for people with cognitive disability,
ArialMT	10	October 2020, [488].
ArialMT	10	42 Australian Government Department of Health, National Roadmap for Improving the Health
ArialMT	10	of People with Intellectual Disability, July 2021, p 9.
Arial-ItalicMT	10	43 National Disability Insurance Scheme Act 2013 (Cth) s 9.
ArialMT	10	44 Transcript, Dr Jacqueline Small, Public hearing 4, 20 February 2020, P-241 [16–19].
ArialMT	10	45 Victorian Equal Opportunity and Human Rights Commission, Held back: The experiences
Arial-ItalicMT	10	of students with disability in schools, September 2012, p 122.
Arial-ItalicMT	10	46 Ron McCallum, The United Nations Convention on the Rights of Persons with Disabilities:
Arial-ItalicMT	10	An assessment of Australia’s level of compliance, Report prepared for the Royal Commission
ArialMT	10	into Violence, Abuse, Neglect and Exploitation of People with Disability, October 2020, p 82.
Arial-ItalicMT	10	47 Secretary of the Department of Health and Community Services v JWB & SMB (Marion’s case)
ArialMT	10	[1992] HCA 15, (1992) 175 CLR 218, p 250.
ArialMT	10	48 Transcript, Dylan Alcott, Public hearing 31, 13 December 2022, P-64 [9–10].
ArialMT	10	49 Committee on the Rights of Persons with Disabilities, Guidelines on deinstitutionalization,
ArialMT	10	including in emergencies, 27th sess, UN CRPD/C/5, (10 October 2022), p 17 [115].
ArialMT	10	50 Catia Malaquias, All Means All – The Australian Alliance for Inclusive Education, Submission
ArialMT	10	in response to Education and learning issues paper, 17 March 2020, ISS.001.00061, p 37.
ArialMT	10	51 Transcript, Gwynnyth Llewellyn, Public hearing 28, 11 October 2022, P-142 [5–10].
ArialMT	9	Executive Summary, Our vision for an inclusive Australia and Recommendations 189
ArialMT	10	52 For example, Transcript, Gerard Quinn, Public hearing 31, 12 December 2022, P-52 [3–5];
ArialMT	10	Submissions of Counsel Assisting the Royal Commission following Public hearing 28, 9 December
ArialMT	10	2022, p 34 [122]; Queenslanders with Disability Network, Submission in response to Rights and
ArialMT	10	attitudes issues paper, 5 August 2020, ISS.001.00326, p 5; Rosemary Kayess & Therese Sands,
Arial-ItalicMT	10	Convention on the Rights of Persons with Disabilities: Shining a light on social transformation,
ArialMT	10	Report prepared for the Royal Commission into Violence, Abuse, Neglect and Exploitation
ArialMT	10	of People with Disability, September 2020, p 10.
Arial-ItalicMT	10	53 Convention on the Rights of Persons with Disabilities, opened for signature 30 March 2007,
ArialMT	10	2515 UNTS 3 (entered into force 3 May 2008), art 27(1).
Arial-ItalicMT	10	54 Convention on the Rights of Persons with Disabilities, opened for signature 30 March 2007,
ArialMT	10	2515 UNTS 3 (entered into force 3 May 2008), art 27(1)(g).
ArialMT	10	55 Exhibit 31-3, ‘Statement of Gerard Quinn’, 12 December 2022, p 10.
Arial-ItalicMT	10	56 Boarding Houses Act 2012 (NSW) s 30, sch 1.
Arial-ItalicMT	10	57 Convention on the Rights of Persons with Disabilities, opened for signature 30 March 2007,
ArialMT	10	2515 UNTS 3 (entered into force 3 May 2008), art 3.
ArialMT	10	58 Exhibit 27.009, ‘Statement of Nathan’, 3 March 2023, at [15].
ArialMT	10	59 Exhibit 11-012.01, ‘Statement of Professor Eileen Baldry AO’, 22 October 2020, at [68].
ArialMT	10	60 Exhibit 11-012.01, ’Statement of Professor Eileen Baldry AO’, 22 October 2020, at [69].
ArialMT	10	61 See Leanne Dowse, Simone Rowe, Eileen Baldry & Michael Baker, Police responses to people
ArialMT	10	with disability, Report prepared for the Royal Commission into Violence, Abuse, Neglect and
ArialMT	10	Exploitation of People with Disability, October 2021, p 23.
ArialMT	10	62 Convention on the Rights of the Child, opened for signature 20 November 1987,
ArialMT	10	1577 UNTS 3 (entered into force 2 September 1990), art 40(1).
Arial-ItalicMT	10	63 Committee on the Rights of the Child, General comment no. 9 (2006) on the rights of children
ArialMT	10	with disabilities, 43rd sess, UN CRC/C/GC/9, (29 September 2006).
ArialMT	10	64 Convention on the Rights of the Child, opened for signature 20 November 1987,
ArialMT	10	1577 UNTS 3 (entered into force 2 September 1990), art 37(c).
Arial-ItalicMT	10	65 Australian Human Rights Commission, Equal before the law: Towards disability justice
ArialMT	10	strategies, report, February 2014, p 16.
ArialMT	10	66 Submissions by the Australian Government in response to Counsel Assisting submissions
ArialMT	10	in Public hearing 11 and Public hearing 15, 3 May 2022, SUBM.0040.0001.0100, p 15 [54].
ArialMT	10	67 Transcript, Nicole Asquith, Public hearing 28, 12 October 2022, P-165 [30–41].
Arial-ItalicMT	10	68 New South Wales Law Reform Commission, People with cognitive and mental health impairments
Arial-ItalicMT	10	in the criminal justice system: Diversion, Report No 135, June 2012, p 28.
ArialMT	10	69 Leanne Dowse, Simone Rowe, Eileen Baldry & Michael Baker, University of NSW, Police
ArialMT	10	responses to people with disability, Report prepared for the Royal Commission into Violence,
ArialMT	10	Abuse, Neglect and Exploitation of People with Disability, October 2021, p 8.
ArialMT	10	70 Royal Commission into the Detention and Protection of Children in the Northern Territory,
Arial-ItalicMT	10	Report of the Royal Commission and Board of Inquiry into the Protection and Detention of
ArialMT	10	Children in the Northern Territory, Vol 2A 17 November 2017, p 361; Council of Attorneys-General,
ArialMT	10	Age of Criminal Responsibility Working Group, Draft Final Report, 9 December 2022, p 54.
ArialMT	10	71 Council of Attorneys-General, Age of Criminal Responsibility Working Group, Draft Final Report,
ArialMT	10	9 December 2022, p 54.
ArialMT	10	72 Comparative Youth Penality Project, Submission to the Royal Commission into Victoria’s Mental
ArialMT	10	Health System, July 2019, p 4.
ArialMT	10	73 Royal Commission into the Protection and Detention of Children in the Northern Territory, Report
ArialMT	10	and recommendations, Volume 1, November 2017, p 134.
ArialMT	10	74 Australian Government Department of Social Services, National Plan to End Violence against
ArialMT	10	Women and Children 2022–2032, October 2022.
ArialMT	10	75 Australian Government Department of Social Services, National Plan to End Violence against
ArialMT	10	Women and Children 2022–2032, October 2022, p 43.
ArialMT	10	76 Australian Government Department of Social Services, National Plan to End Violence against
ArialMT	10	Women and Children 2022–2032, October 2022, p 43.
ArialMT	10	77 Australian Government Department of Social Services, National Plan to End Violence against
ArialMT	10	Women and Children 2022–2032, October 2022, p 113.
ArialMT	9	190 Royal Commission into Violence, Abuse, Neglect and Exploitation of People with Disability: Final Report
ArialMT	10	78 Australian Government Department of Social Services, National Plan to End Violence against
ArialMT	10	Women and Children 2022–2032, October 2022, pp 36–37.
ArialMT	10	79 Australian Government Department of Social Services, National Plan to End Violence against
ArialMT	10	Women and Children 2022–2032, October 2022 p 37.
ArialMT	10	80 Exhibit 28-2, ‘Statement of Tracy Barrell OAM’, 13 September 2022, at [69].
ArialMT	10	81 Transcript, Damian Griffis, Public hearing 25, 14 July 2022, P-271 [29–43].
ArialMT	10	82 Exhibit 25-107, ‘Statement of Kitsa Papadopoulos’, 14 June 2022, at [13]; Transcript,
ArialMT	10	Kitsa Papadopoulos, Public hearing 25, 14 July 2022, P-335 [27–28].
ArialMT	10	83 Submissions by the Australian Government in response to Counsel Assisting’s submissions
ArialMT	10	in Public hearing 25, 14 December 2022, SUBM.0042.0001.0001, p 7 [23].
ArialMT	10	84 Transcript, Patricia Turner, Public hearing 25, 14 July 2022, P-306 [30–37].
ArialMT	10	85 Council of Australian Governments Disability Reform Council, ‘Meeting of the COAG Disability
ArialMT	10	Reform Council’, communique, Perth, 13 December 2019, p 2; Exhibit 25-107, ‘Statement of
ArialMT	10	Kitsa Papadopoulos’, 14 June 2022 at [24].
ArialMT	10	86 Submissions by the Australian Government in response to Counsel Assisting’s submissions
ArialMT	10	in Public hearing 25, 14 December 2022, SUBM.0042.0001.0001, p 5 [13].
ArialMT	10	87 Transcript, Kitsa Papadopoulos, Public hearing 25, 14 July 2022, P-339 [16–21].
ArialMT	10	88 Lester Bostock, ‘Access and equity for people with a double disadvantage’, (1991), vol 2,
Arial-ItalicMT	10	Australian Disability Review, pp 3–8.
ArialMT	10	89 Exhibit 31-17.7, CTD.5000.0010.0517, p 7.
ArialMT	10	90 Jill Gallagher, Victorian Aboriginal Community Controlled Health Organisation, Submission
Arial-ItalicMT	10	in response to The experience of First Nations people with disability in Australia issues paper,
ArialMT	10	16 October 2020, ISS.001.00493, p 13.
ArialMT	10	91 Exhibit 31-17.7, CTD.5000.0010.0517, p 26.
ArialMT	10	92 Submissions by the Australian Government in response to Counsel Assisting’s submissions
ArialMT	10	in Public hearing 25, 14 December 2022, SUBM.0042.0001.0001, p 14 [51].
ArialMT	10	93 Exhibit 3-19, ‘Statement of Sam Petersen’, 27 November 2019, at [39].
ArialMT	10	94 ‘Service Agreements’, NDIS, web page. <www.ndis.gov.au/providers/working-provider/connecting-
ArialMT	10	participants/service-agreements>
Arial-ItalicMT	10	95 NDIS Quality and Safeguards Commission, Own Motion Inquiry into aspects of supported
ArialMT	10	accommodation, Final report, 16 January 2023, p 3; Exhibit 32–152, CTD.7200.0041.0254, p 6.
ArialMT	10	96 Christine Bigby, Living with Disability Research Centre, Evidence about best practice in supported
Arial-ItalicMT	10	accommodation services: What needs to be in place?, a literature review for the NDIS Quality
ArialMT	10	and Safeguards Commission, October 2022, pp 16, 53–54
ArialMT	10	97 Australian Government, ‘Terms of Reference: Building a strong, effective NDIS’, NDIS Review,
ArialMT	10	web page. <https://www.ndisreview.gov.au/about/terms-of-reference>
ArialMT	10	98 Exhibit 32-5, ‘Statement of Daniel Stubbs’, 16 January 2023, at [6(b)].
ArialMT	10	99 Exhibit 32-5, ‘Statement of Daniel Stubbs’, 16 January 2023, at [222].
ArialMT	10	100 Transcript, Grace, Public hearing 16, 20 September 2021, P-98 [27-31].
ArialMT	10	101 Submissions of Counsel Assisting following Public hearing 28, 9 December 2022, p 85 [310].
Arial-ItalicMT	10	102 Australian Institute of Health and Welfare, Mortality patterns among people using disability
Arial-ItalicMT	10	support services: 1 July 2013 to 30 June 2018, September 2020, p 4.
ArialMT	10	103 Exhibit 31-003, ‘Statement of Gerard Quinn’, 12 December 2022, at pp 9-10.
ArialMT	10	104 ‘Terms of Reference: Building a strong, effective NDIS’, NDIS Review, web page, 18 October
ArialMT	10	2022. <www.ndisreview.gov.au/about/terms-of-reference>
ArialMT	10	105 Council of Australian Governments, National Disability Agreement, 2012, p 1.
ArialMT	10	106 Australian Government Productivity Commission, Review of the National Disability Agreement,
ArialMT	10	Study report, January 2019, p 5.
ArialMT	10	107 Australian Government Department of Social Services, Australia’s Disability Strategy 2021–2031,
ArialMT	10	December 2021, pp 5, 51.
ArialMT	10	108 Australian Government Department of Social Services, Australia’s Disability Strategy 2021–2031,
ArialMT	10	December 2021, p 17.
ArialMT	10	109 Australian Law Reform Commission, Making inquiries: A new statutory framework, ALRC Report
ArialMT	10	111, 2009, p. 165
ArialMT	10	110 Australian Institute of Health and Welfare, People with disability in Australia 2022, July 2022,
ArialMT	10	p 505.
ArialMT	9	Executive Summary, Our vision for an inclusive Australia and Recommendations 191
ArialMT	9	192 Royal Commission into Violence, Abuse, Neglect and Exploitation of People with Disability: Final Report
DINPro-Medium	25	Recommendations
DINPro-Medium	18	Volume 4, Realising the human rights of people
DINPro-Medium	18	with disability
DINPro-Medium	16	An Australian law to recognise the human rights of people
DINPro-Medium	16	with disability
DINPro-Medium	13	Recommendation 4.1 Establish a Disability Rights Act
ArialMT	11	The Australian Government should commit to the enactment of a Disability Rights
ArialMT	11	Act and take the necessary steps to introduce the legislation into Parliament and
ArialMT	11	support its enactment. The necessary steps should include consultation with people
ArialMT	11	with disability, disability representative organisations and other key stakeholders.
DINPro-Medium	13	Recommendation 4.2 Objects of the Disability Rights Act
ArialMT	11	The objects of the Disability Rights Act should include giving effect to Australia’s
ArialMT	11	obligations under, and the general principles set out in, the Convention on the
Arial-ItalicMT	11	Rights of Persons with Disabilities.
DINPro-Medium	13	Recommendation 4.3 Principles in the Disability Rights Act
ArialMT	11	The Disability Rights Act should include a set of guiding principles designed to promote
ArialMT	11	and advance the rights of people with disability in Australia. The Disability Rights Act
ArialMT	11	should require that a person or entity exercising functions under the Act have regard
ArialMT	11	to the principles.
DINPro-Medium	13	Recommendation 4.4 Future review of the Disability Rights Act
ArialMT	11	a. The Australian Government should ensure that a review of the Disability Rights
ArialMT	11	Act is undertaken in consultation with people with disability within five years of
ArialMT	11	the commencement of the Act. The review should include consideration of:
ArialMT	11	• how the Act should be improved
ArialMT	11	• the effectiveness of compliance mechanisms
ArialMT	11	• the availability of appropriate remedies that meet the needs of people
ArialMT	11	with disability
ArialMT	9	Executive Summary, Our vision for an inclusive Australia and Recommendations 193
ArialMT	11	• whether and how duties in the Act should be extended or applied to
ArialMT	11	additional persons or entities, including private sector providers under the
ArialMT	11	National Disability Insurance Scheme (NDIS).
ArialMT	11	b. Commissioners Bennett, Galbally and McEwin alternatively recommend the final
ArialMT	11	point above be considered by the Australian Government as a priority and that
ArialMT	11	these additional duty-holders be included from the commencement of the Act.
DINPro-Medium	16	Protecting disability rights through the Disability Rights Act
DINPro-Medium	13	Recommendation 4.5 The right to non-discrimination and equality
DINPro-Medium	13	before the law
ArialMT	11	The Disability Rights Act should recognise all human beings are equal in worth
ArialMT	11	and dignity and every person with disability:
ArialMT	11	a. has the right to enjoy their human rights without discrimination (on the ground
ArialMT	11	of disability or on a combination of protected grounds where one of those
ArialMT	11	grounds is disability)
ArialMT	11	b. is equal before the law, is entitled to the equal protection of the law without discrimination
ArialMT	11	and has the right to equal and effective protection against discrimination.
DINPro-Medium	13	Recommendation 4.6 The right to equal recognition before the law
ArialMT	11	a. The Disability Rights Act should recognise that people with disability have the
ArialMT	11	right to recognition as a person before the law. Accordingly, they have the same
ArialMT	11	rights as other members of the community to make decisions that affect their lives
ArialMT	11	to the full extent of their ability to do so.
ArialMT	11	b. The Disability Rights Act should recognise:
ArialMT	11	• the right of people with disability to access and use supports in making
ArialMT	11	and participating in decisions that affect them, communicating their will
ArialMT	11	and preferences, and developing their decision-making ability
ArialMT	11	• the right of people with disability to access and use advocacy services
ArialMT	11	in making and participating in decisions, communicating their will and
ArialMT	11	preferences, and developing their decision-making ability.
ArialMT	11	c. The Disability Rights Act should define ‘supports’ broadly.
ArialMT	11	d. The Disability Rights Act should require supports for people with disability from
ArialMT	11	First Nations communities and culturally and linguistically diverse backgrounds
ArialMT	11	to be provided in a way that:
ArialMT	9	194 Royal Commission into Violence, Abuse, Neglect and Exploitation of People with Disability: Final Report
ArialMT	11	• recognises that cultural, language and other differences may create barriers
ArialMT	11	to providing the supports
ArialMT	11	• addresses those barriers and the needs of those people with disability
ArialMT	11	• is informed by consultation with their communities.
ArialMT	11	e. The definition of ‘advocacy service’ in section 7 of the Disability Services Act 1986
ArialMT	11	(Cth) should be amended to include a reference to a service that seeks to support
ArialMT	11	people with disability to exercise their rights and freedoms under domestic law,
ArialMT	11	including under the Disability Rights Act. This would be in addition to the existing
ArialMT	11	reference to rights and freedoms under the ‘Disabilities Convention’.
DINPro-Medium	13	Recommendation 4.7 The right to live free from exploitation, violence
DINPro-Medium	13	and abuse
ArialMT	11	The Disability Rights Act should recognise:
ArialMT	11	a. people with disability have the right to live free from all forms of exploitation,
ArialMT	11	violence and abuse, including the right to freedom from gender-based violence
ArialMT	11	and abuse
ArialMT	11	b. people with disability have the right to accessible information and education
ArialMT	11	on how to avoid, recognise and report exploitation, violence and abuse
ArialMT	11	c. people with disability who are victims of any form of exploitation, violence or
ArialMT	11	abuse have the right to:
ArialMT	11	• access protection services that promote the health, welfare, dignity and
ArialMT	11	autonomy of such persons
ArialMT	11	• access protection services that are sensitive and responsive to the
ArialMT	11	different needs and experiences of people with disability, due to one or
ArialMT	11	more attributes such as sex; gender identity; sexual orientation; ethnicity;
ArialMT	11	language; race; religion, faith or spirituality; socio-economic status; age;
ArialMT	11	neurodiversity; culture; residency status; geographic disadvantage; and
ArialMT	11	experiences of trauma
ArialMT	11	• report allegations of exploitation, violence and abuse, with protection from
ArialMT	11	victimisation for making a report.
DINPro-Medium	13	Recommendation 4.8 The right to liberty and security of person
ArialMT	11	The Disability Rights Act should recognise every person with disability has the right to
ArialMT	11	liberty and security of person. In particular, no person with disability may be arbitrarily
ArialMT	11	arrested or detained. No person with disability may be deprived of liberty, except on the
ArialMT	11	grounds and in accordance with the procedures established by law.
ArialMT	9	Executive Summary, Our vision for an inclusive Australia and Recommendations 195
DINPro-Medium	13	Recommendation 4.9 The right to equitable access to health services
ArialMT	11	The Disability Rights Act should recognise the right of people with disability to
ArialMT	11	equitable access to health services. This right should include:
ArialMT	11	a. the right to the same range, quality and standard of free and affordable
ArialMT	11	health care and programs as people without disability
ArialMT	11	b. the right to exercise choice about healthcare options and between
ArialMT	11	available services
ArialMT	11	c. the right to access and receive quality health services appropriately adapted
ArialMT	11	or specifically designed to meet the needs of the person with disability
ArialMT	11	d. the presumption of legal capacity and provision for supported decision-making
ArialMT	11	e. the right to adjustments required to access services and to receive treatment
ArialMT	11	and care (to the extent that a duty-holder is required to provide adjustments
Arial-ItalicMT	11	in accordance with the Disability Discrimination Act 1992 (Cth))
ArialMT	11	f. the right to accessible information
ArialMT	11	g. the right of First Nations people with disability to receive health care that is
ArialMT	11	culturally safe and recognises the importance of their personal connection
ArialMT	11	to community and Country
ArialMT	11	h. the right to access health services that are safe, sensitive and responsive to
ArialMT	11	the intersectional needs and experiences of the person with disability, noting
ArialMT	11	that intersectional needs and experiences may be due to a variety of attributes,
ArialMT	11	including sex; gender identity; sexual orientation; ethnicity; language; race;
ArialMT	11	religion, faith or spirituality; socio-economic status; age; neurodiversity; culture;
ArialMT	11	residency status; geographic disadvantage; and experiences of trauma
ArialMT	11	i. the right to voice opinions and to make complaints about health services.
DINPro-Medium	16	Duties under the Disability Rights Act
DINPro-Medium	13	Recommendation 4.10 Public authority conduct
ArialMT	11	a. The Disability Rights Act should make it unlawful for a ‘public authority’ to:
ArialMT	11	• act in a way that is incompatible with a right in the Disability Rights Act
ArialMT	11	• fail to give proper consideration to a right where relevant to the
ArialMT	11	decision being made.
ArialMT	9	196 Royal Commission into Violence, Abuse, Neglect and Exploitation of People with Disability: Final Report
ArialMT	11	b. ‘Public authority’ should be defined to include:
ArialMT	11	• a minister of the Australian Government when exercising a statutory
ArialMT	11	power or authority
ArialMT	11	• a Commonwealth entity defined in the Public Governance,
Arial-ItalicMT	11	Performance and Accountability Act 2013 (Cth)
ArialMT	11	• an official of a Commonwealth entity within the meaning of the
Arial-ItalicMT	11	Public Governance, Performance and Accountability Act 2013 (Cth)
ArialMT	11	• an individual who is employed by, or engaged in assisting, a
ArialMT	11	Commonwealth entity or a staff member of a Commonwealth entity
ArialMT	11	on behalf of the entity or the Commonwealth
ArialMT	11	• a contracted service provider for the Commonwealth when providing
ArialMT	11	goods or services under a Commonwealth contract, as well as an officer or
ArialMT	11	employee of the contracted service provider for the contract, and someone
ArialMT	11	who provides goods and services for the purposes of the contract
ArialMT	11	• an individual who is appointed or engaged as an officer or employee
ArialMT	11	of a federal court or tribunal when acting in an administrative capacity
ArialMT	11	• other entities prescribed by regulations as public authorities for the
ArialMT	11	purposes of the Disability Rights Act.
ArialMT	11	c. The Disability Rights Act should provide for a mechanism through which a
ArialMT	11	non-Commonwealth entity could ask the minister to declare that the entity
ArialMT	11	is subject to the obligations of a public authority under the Act and for a
ArialMT	11	register of such entities to be published.
DINPro-Medium	13	Recommendation 4.11 Consultation with people with disability
ArialMT	11	a. The Disability Rights Act should require Commonwealth entities (as defined
Arial-ItalicMT	11	in the Public Governance, Performance and Accountability Act 2013 (Cth)),
ArialMT	11	in developing and evaluating policies, laws and programs and in planning new
ArialMT	11	initiatives or making major changes to services that are provided to the public,
ArialMT	11	or have a direct and significant impact on the public, to consult with:
ArialMT	11	• people with disability (including disability representative organisations),
ArialMT	11	recognising the special importance of consulting and actively involving
ArialMT	11	First Nations people with disability in issues that affect them
ArialMT	11	• children and young people with disability where appropriate, or
ArialMT	11	representatives of children and young people (including, as relevant,
ArialMT	11	disability representative organisations, the National Children’s
ArialMT	11	Commissioner, the Aboriginal and Torres Strait Islander Social Justice
ArialMT	11	Commissioner or equivalents in the states and territories)
ArialMT	9	Executive Summary, Our vision for an inclusive Australia and Recommendations 197
ArialMT	11	• families, carers and supporters of people with disability (which could
ArialMT	11	include their representative organisations) on issues that will or could
ArialMT	11	affect families, carers and supporters in their caring role.
ArialMT	11	b. The Disability Rights Act should specify the nature of any consultation required
ArialMT	11	and the consequences of a failure to consult.
ArialMT	11	c. The Disability Rights Act should provide that the consultation requirement
ArialMT	11	does not give rise to a civil cause of action in any person or organisation.
Arial-ItalicMT	11	d. The Human Rights (Parliamentary Scrutiny) Act 2011 (Cth) should be amended,
ArialMT	11	or an accompanying legislative instrument be prepared, requiring statements of
ArialMT	11	compatibility accompanying Bills and legislative instruments to provide information
ArialMT	11	about relevant actions taken by Commonwealth entities to comply with the
ArialMT	11	consultation requirement in the Disability Rights Act.
DINPro-Medium	13	Recommendation 4.12 Positive duty to promote disability equality
DINPro-Medium	13	and inclusion
ArialMT	11	a. The Disability Rights Act should include a requirement for a Commonwealth entity,
ArialMT	11	in the exercise of its functions, to have due regard to the need to take necessary
ArialMT	11	and proportionate action to advance the policy objectives of equality, inclusion
ArialMT	11	and respect for the dignity of people with disability.
ArialMT	11	b. The requirement in a. should include the Commonwealth entity having due
ArialMT	11	regard to the need to:
ArialMT	11	• ensure equality of rights, opportunities, responsibilities and outcomes
ArialMT	11	between people with disability and other members of the Australian
ArialMT	11	community
ArialMT	11	• act consistently with its obligations under the Disability Discrimination
ArialMT	11	Act 1992 (Cth), including the duties recommended in Chapter 4 to:
ArialMT	11	◦ take reasonable and proportionate measures to eliminate all forms
ArialMT	11	of discrimination on the grounds of disability
ArialMT	11	◦ make adjustments for people with disability so they can enjoy
ArialMT	11	their human rights without discrimination, unless it would cause
ArialMT	11	an unjustifiable hardship
ArialMT	11	• address barriers that disadvantage people with disability, including
ArialMT	11	barriers compounded by a person with disability’s combination of
ArialMT	11	attributes and experiences
ArialMT	11	• promote accessibility and universal design, and appropriate remedial
ArialMT	11	action to existing infrastructure
ArialMT	9	198 Royal Commission into Violence, Abuse, Neglect and Exploitation of People with Disability: Final Report
ArialMT	11	• address stigma, stereotyping, prejudice, violence, abuse, neglect and
ArialMT	11	exploitation affecting people with disability
ArialMT	11	• foster good relations between people with disability and other members
ArialMT	11	of the community.
DINPro-Medium	13	Recommendation 4.13 The duty to provide an interpreter
ArialMT	11	a. The Disability Rights Act should require Commonwealth entities to provide
ArialMT	11	(arrange and fund) an appropriately trained and credentialed interpreter when
ArialMT	11	required by a person with disability who is accessing or using its services or
ArialMT	11	engaging with its statutory functions. Interpreters may be required in Auslan,
ArialMT	11	First Nations sign languages or spoken languages other than English.
ArialMT	11	b. The Disability Rights Act should provide that it is not a breach of the above
ArialMT	11	duty if the relevant Commonwealth entity can demonstrate that:
ArialMT	11	• there was no appropriately qualified interpreter available after
ArialMT	11	reasonable enquiry
ArialMT	11	• the conversation or activity that the interpreter was required for could not
ArialMT	11	reasonably have been undertaken at an alternative time when an interpreter
ArialMT	11	would have been available.
DINPro-Medium	13	Recommendation 4.14 The duty to provide accessible information
ArialMT	11	The Disability Rights Act should provide that a Commonwealth entity must ensure
ArialMT	11	that its communications are provided in at least two formats accessible to people with
ArialMT	11	disability when:
ArialMT	11	• publishing public information
ArialMT	11	• consulting or engaging with persons with disability.
DINPro-Medium	13	Recommendation 4.15 Duties supporting compliance with the Disability
DINPro-Medium	13	Rights Act
ArialMT	11	To support compliance with the Disability Rights Act, the Act should require
ArialMT	11	Commonwealth entities to:
ArialMT	11	a. report annually on action they have taken to implement their duties under the
ArialMT	11	Disability Rights Act
ArialMT	11	b. conduct a disability impact assessment when developing or reviewing any policy
ArialMT	11	or law administered, or program or service provided, by the entity that has a direct
ArialMT	11	and significant impact on the public
ArialMT	9	Executive Summary, Our vision for an inclusive Australia and Recommendations 199
ArialMT	11	c. undertake a self-assessment audit for disability inclusion at least every four years
ArialMT	11	d. publish their specific and measurable objectives to further the aims of the positive
ArialMT	11	duty to promote disability equality and inclusion at least every four years.
DINPro-Medium	16	Interpretation of the Disability Rights Act
DINPro-Medium	13	Recommendation 4.16 Interpretation of the Disability Rights Act
DINPro-Medium	13	consistently with international human rights
ArialMT	11	The Disability Rights Act should require interpretation of the Act to be compatible, as
ArialMT	11	far as possible, with the international human rights treaties to which Australia is a party,
Arial-ItalicMT	11	including the Convention on the Rights of Persons with Disabilities, and with the United
Arial-ItalicMT	11	Nations Declaration on the Rights of Indigenous Peoples.
DINPro-Medium	16	Ensuring any limitations on disability rights are appropriate
DINPro-Medium	13	Recommendation 4.17 Limitations on rights
ArialMT	11	a. The Disability Rights Act should require that rights in the Act be subject only
ArialMT	11	to such limitations that are reasonable and justified in a free and democratic
ArialMT	11	society based on human dignity, equality and freedom, and taking into account
ArialMT	11	all relevant factors (to be specified in the legislation).
ArialMT	11	b. The Disability Rights Act should make clear that the right to recognition before
ArialMT	11	the law (see Recommendation 4.6), as an absolute right under international law,
ArialMT	11	is not subject to any limitations.
ArialMT	11	c. This issue should be subject to consultation prior to enactment of the Disability
ArialMT	11	Rights Act.
DINPro-Medium	16	Remedies and enforcement under the Disability Rights Acts
DINPro-Medium	13	Recommendation 4.18 Functions of the National Disability Commission to
DINPro-Medium	13	support compliance with the Disability Rights Act
ArialMT	11	To support compliance with the Disability Rights Act, the Act should provide the National
ArialMT	11	Disability Commission (recommended in Volume 5, Governing for inclusion) with
ArialMT	11	functions and powers to:
ArialMT	9	200 Royal Commission into Violence, Abuse, Neglect and Exploitation of People with Disability: Final Report
ArialMT	11	a. promote understanding and acceptance of the rights of people with disability
ArialMT	11	under the Act
ArialMT	11	b. undertake research in relation to the rights and duties under the Act
ArialMT	11	c. issue guidelines on any matter relating to the Act
ArialMT	11	d. review a person or entity’s compliance with the Act (or an aspect of the Act) at that
ArialMT	11	person or entity’s request
ArialMT	11	e. receive complaints or anonymous or confidential reports alleging a contravention
ArialMT	11	of the Act
ArialMT	11	f. inquire into and report on any act or practice that may be inconsistent with or
ArialMT	11	contrary to the Act
ArialMT	11	g. require the giving of information and the production of documents during the
ArialMT	11	conduct of a formal inquiry
ArialMT	11	h. require the examination of witnesses under oath or affirmation during the conduct
ArialMT	11	of a formal inquiry
ArialMT	11	i. enter into an enforceable undertaking with a person or entity in relation to
ArialMT	11	compliance with the Act (engaging Part 6 of the Regulatory Powers (Standard
Arial-ItalicMT	11	Provisions) Act 2014 (Cth))
ArialMT	11	j. issue a compliance notice where the National Disability Commission reasonably
ArialMT	11	believes that the relevant person or entity, without reasonable excuse, has failed
ArialMT	11	to comply with the Act
ArialMT	11	k. apply to the Federal Court of Australia or the Federal Circuit and Family Court of
ArialMT	11	Australia for enforcement of a compliance notice
ArialMT	11	l. apply to the Federal Court of Australia or the Federal Circuit and Family Court of
ArialMT	11	Australia for an injunction (engaging Part 7 of the Regulatory Powers (Standard
ArialMT	11	Provisions) Act 2014 (Cth)) to prevent or stop a contravention of the Act
ArialMT	11	m. intervene in any proceedings before a court or tribunal that relate to the
ArialMT	11	application or interpretation of the Act.
ArialMT	11	These functions would be in addition to those recommended for the National
ArialMT	11	Disability Commission in Volume 5, Governing for inclusion, and Volume 12,
Arial-ItalicMT	11	Beyond the Royal Commission.
ArialMT	11	The Australian Government should provide the National Disability Commission
ArialMT	11	with dedicated resources to undertake these functions.
ArialMT	9	Executive Summary, Our vision for an inclusive Australia and Recommendations 201
DINPro-Medium	13	Recommendation 4.19 Co-design a new complaints mechanism for people
DINPro-Medium	13	with disability
ArialMT	11	a. The National Disability Commission should co-design its complaints mechanism
ArialMT	11	under the Disability Rights Act with people with disability, taking into account:
ArialMT	11	• the national guideline for accessible and responsive complaint handling
ArialMT	11	and investigative practice to be co-designed with people with disability
Arial-ItalicMT	11	(recommended in Volume 11, Independent oversight and complaint mechanisms)
ArialMT	11	• processes to support referrals to police and other regulatory or oversight bodies
ArialMT	11	(noting that Volume 11 recommends a ‘one-stop shop’ independent complaint
ArialMT	11	reporting, referral and support mechanism in each state and territory)
ArialMT	11	• key features for effective remedies outlined in this Final report.
ArialMT	11	b. Acts, omissions or practices that are unlawful under the Disability Rights Act (with
ArialMT	11	the exception of duties supporting compliance with the Act, such as reporting
ArialMT	11	obligations) should be added to the definition of ‘unlawful discrimination’ under
Arial-ItalicMT	11	section 3(1) of the Australian Human Rights Commission Act 1986 (Cth). This
ArialMT	11	would enable the Australian Human Rights Commission to offer dispute resolution
ArialMT	11	for relevant Disability Rights Act matters alongside related human rights and
ArialMT	11	discrimination complaints involving a public authority.
DINPro-Medium	13	Recommendation 4.20 Enabling remedies through the courts
ArialMT	11	The Disability Rights Act should establish a standalone cause of action under which:
ArialMT	11	a. the following persons can bring a claim to the Federal Court of Australia or the
ArialMT	11	Federal Circuit and Family Court of Australia that a relevant duty-holder has
ArialMT	11	acted in contravention of the Disability Rights Act (other than compliance with
ArialMT	11	the consultation requirement, notices of the National Disability Commission,
ArialMT	11	duties supporting compliance with the Act such as reporting and self-audit
ArialMT	11	obligations, and the positive duty to promote disability equality and inclusion):
ArialMT	11	• an aggrieved person on their own behalf; an aggrieved person on behalf
ArialMT	11	of themselves and others who are also aggrieved
ArialMT	11	• two or more aggrieved persons on behalf of themselves or others who are
ArialMT	11	also aggrieved (a group claim)
ArialMT	11	• a person or disability representative organisation on behalf of one or more
ArialMT	11	aggrieved persons (a representative claim)
ArialMT	11	b. where a claim is brought before a court under a. and the court finds that a person
ArialMT	11	or entity has acted incompatibly with the Disability Rights Act, it can make any
ArialMT	11	order it considers just and appropriate, including damages
ArialMT	9	202 Royal Commission into Violence, Abuse, Neglect and Exploitation of People with Disability: Final Report
ArialMT	11	c. provisions in relation to costs are aligned with Commonwealth discrimination
ArialMT	11	law, as amended following the 2022–23 review by the Australian Government
ArialMT	11	Attorney-General’s Department.
DINPro-Medium	16	Strengthening awareness and understanding of disability rights
DINPro-Medium	13	Recommendation 4.21 Strengthening awareness and understanding
DINPro-Medium	13	of disability rights
ArialMT	11	a. The Disability Rights Act should provide the National Disability Commission
ArialMT	11	with statutory functions to:
ArialMT	11	• promote understanding and acceptance, and the public discussion,
ArialMT	11	of the rights of people with disability under the Act
ArialMT	11	• develop and deliver guidance materials and educational and training
ArialMT	11	programs in relation to the rights and duties under the Act. Guidance
ArialMT	11	should include how the intersectional experiences and identities of people
ArialMT	11	with disability can affect the ways in which rights are limited or promoted
ArialMT	11	in practice.
ArialMT	11	b. The National Disability Commission should co-design and co-deliver training
ArialMT	11	programs and resources with people with disability, and with the Australian
ArialMT	11	Human Rights Commission where relevant, to provide a complete picture
ArialMT	11	of human rights protections for people with disability under the Disability
Arial-ItalicMT	11	Rights Act and the Disability Discrimination Act 1992 (Cth).
ArialMT	11	c. The Australian Government should provide the National Disability Commission
ArialMT	11	and the Australian Human Rights Commission with dedicated resources to
ArialMT	11	undertake these roles.
DINPro-Medium	16	Disability rights protection in state and territory laws
DINPro-Medium	13	Recommendation 4.22 Strengthening disability rights protection
DINPro-Medium	13	in state and territory laws
ArialMT	11	a. States and territories should enact legislation complementary or equivalent to the
ArialMT	11	Australian Disability Rights Act, taking into account their own legal frameworks.
ArialMT	11	b. The Disability Rights Act should provide that the Act is not intended to exclude
ArialMT	11	or limit the operation of a state or territory law that furthers the objectives of the
Arial-ItalicMT	11	Convention on the Rights of Persons with Disabilities and is capable of operating
ArialMT	11	concurrently with the Act.
ArialMT	9	Executive Summary, Our vision for an inclusive Australia and Recommendations 203
DINPro-MediumItalic	16	Strengthening the Disability Discrimination Act
DINPro-Medium	13	Recommendation 4.23 Burden of proof in direct discrimination
ArialMT	11	The Disability Discrimination Act 1992 (Cth) should be amended by inserting new
ArialMT	11	subsections 5(1) and 5(1A). The subsections would read as follows:
ArialMT	11	(1) For the purposes of this Act, a person (the alleged discriminator) directly
ArialMT	11	discriminates against another person (the aggrieved person), if the person treats,
ArialMT	11	or proposes to treat, the aggrieved person unfavourably on the ground of the
ArialMT	11	aggrieved person’s disability.
ArialMT	11	(1A) For the purposes of subsection (1), an alleged discriminator who has treated,
ArialMT	11	or proposes to treat, the aggrieved person unfavourably bears the burden of proving
ArialMT	11	that the treatment or proposed treatment was not on the ground of the aggrieved
ArialMT	11	person’s disability.
DINPro-Medium	13	Recommendation 4.24 Reforming indirect discrimination
ArialMT	11	The Disability Discrimination Act 1992 (Cth) should be amended by inserting a new
ArialMT	11	subsection 6(3) to substitute existing subsections 6(3) and (4) as follows:
ArialMT	11	6(3) Subsection (1) or (2) does not apply if avoiding the discrimination would
ArialMT	11	impose an unjustifiable hardship on the alleged discriminator.
DINPro-Medium	13	Recommendation 4.25 Adjustments
ArialMT	11	The Disability Discrimination Act 1992 (Cth) should be amended by replacing all
ArialMT	11	references to ‘reasonable adjustments’ with ‘adjustments’.
DINPro-Medium	13	Recommendation 4.26 Standalone duty to make adjustments
ArialMT	11	The Disability Discrimination Act 1992 (Cth) should be amended to include the
ArialMT	11	following provision:
Arial-BoldMT	11	Duty to make adjustments
ArialMT	11	It is unlawful for a person to fail or refuse to make an adjustment for:
ArialMT	11	(a) a person with a disability; or
ArialMT	11	(b) a group of persons with disability
ArialMT	11	unless making the adjustment would impose an unjustifiable hardship on
ArialMT	11	the person.
ArialMT	9	204 Royal Commission into Violence, Abuse, Neglect and Exploitation of People with Disability: Final Report
DINPro-Medium	13	Recommendation 4.27 Positive duty to eliminate disability discrimination
ArialMT	11	The Disability Discrimination Act 1992 (Cth) should be amended to introduce a positive
ArialMT	11	duty on all duty-holders under the Act to eliminate disability discrimination, harassment
ArialMT	11	and victimisation, based on the December 2022 amendments to the Sex Discrimination
Arial-ItalicMT	11	Act 1984 (Cth):
Arial-BoldMT	11	Duty to eliminate discrimination on the ground of disability
ArialMT	11	(1) A person must take reasonable and proportionate measures to eliminate all
ArialMT	11	forms of discrimination on the ground of disability.
ArialMT	11	(2) In determining whether a measure is reasonable and proportionate the
ArialMT	11	following factors must be considered—
ArialMT	11	(a) the size of the person’s business or operations;
ArialMT	11	(b) the nature and circumstances of the person’s business or operations;
ArialMT	11	(c) the person’s resources;
ArialMT	11	(d) the person’s business, risk management plans and operational priorities;
ArialMT	11	(e) the practicability and the cost of the measures;
ArialMT	11	(f) whether the person has a disability action plan;
ArialMT	11	(g) nature and extent of the person’s consultation with any person with
ArialMT	11	disability concerned; and
ArialMT	11	(h) all other relevant facts and circumstances.
Arial-ItalicMT	11	Other duties not limited or otherwise affected
ArialMT	11	(3) This section does not limit, or otherwise affect, a duty that a duty-holder
ArialMT	11	has under:
Arial-ItalicMT	11	(a) the Work Health and Safety Act 2011 (Cth); or
ArialMT	11	(b) a law of a State or Territory that deals with work health and safety.
DINPro-Medium	13	Recommendation 4.28 Systemic discrimination
Arial-ItalicMT	11	a. Division 4A (ss 35A–35K) of the Australian Human Rights Commission Act 1986
ArialMT	11	(Cth) should be amended by inserting the words ‘or disability discrimination’
ArialMT	11	after ‘sex discrimination’ where these words appear.
ArialMT	11	b. A reference to ‘disability discrimination’ means any conduct that is unlawful
Arial-ItalicMT	11	under the Disability Discrimination Act 1992 (Cth).
ArialMT	9	Executive Summary, Our vision for an inclusive Australia and Recommendations 205
DINPro-Medium	13	Recommendation 4.29 Offensive behaviour
ArialMT	11	The Disability Discrimination Act 1992 (Cth) should be amended by inserting
ArialMT	11	a new provision:
Arial-BoldMT	11	Section 39A Offensive behaviour because of disability
ArialMT	11	(1) It is unlawful for a person (the first person) to do an act, otherwise than in
ArialMT	11	private, if:
ArialMT	11	(a) the act is reasonably likely, in all the circumstances, to offend, insult,
ArialMT	11	humiliate or intimidate another person or a group of people; and
ArialMT	11	(b) the act is done because of the disability of the other person or because
ArialMT	11	some or all of the people in the group have or are perceived by the first person
ArialMT	11	to have a disability.
ArialMT	11	(2) For the purposes of subsection (1), an act is taken not to be done in private if it:
ArialMT	11	(a) causes words, sounds, images or writing to be communicated to the
ArialMT	11	public; or
ArialMT	11	(b) is done in a public place; or
ArialMT	11	(c) is done in the sight or hearing of people who are in a public place.
ArialMT	11	(3) In this section:
ArialMT	11	public place includes any place to which the public have access as of right or by
ArialMT	11	invitation, whether express or implied and whether or not a charge is made for
ArialMT	11	admission to the place.
DINPro-Medium	13	Recommendation 4.30 Vilification because of disability
ArialMT	11	a. The Disability Discrimination Act 1992 (Cth) should be amended by inserting
ArialMT	11	a new provision as follows:
Arial-BoldMT	11	Section 39C Vilification because of disability
ArialMT	11	It is unlawful for a person (the first person) to do an act otherwise than in private, if:
ArialMT	11	(a) the act involves threats by the first person to perpetrate or encourage
ArialMT	11	violence or serious abuse directed at another person or group of people;
ArialMT	11	(b) the act is reasonably likely, in all the circumstances, to incite hatred
ArialMT	11	towards another person or a group of people; and
ArialMT	11	(c) the act is done because of the disability of the other person or because
ArialMT	11	some or all of the people in the group have or are perceived by the first
ArialMT	11	person to have a disability.
ArialMT	9	206 Royal Commission into Violence, Abuse, Neglect and Exploitation of People with Disability: Final Report
ArialMT	11	b. States and territories that already have legislation imposing criminal penalties for
ArialMT	11	vilification of people on grounds that do not include disability should extend the
ArialMT	11	legislation to vilification of people on the ground of disability.
DINPro-Medium	13	Recommendation 4.31 Disability discrimination and migration law
ArialMT	11	a. The Australian Government should initiate a review of the operation of section
ArialMT	11	52 of the Migration Act 1958 (Cth), insofar as it authorises discrimination against
ArialMT	11	people with disability seeking to enter Australia temporarily or permanently.
ArialMT	11	The review should consider changes to the legislation and migration practices
ArialMT	11	to eliminate or minimise the discrimination.
ArialMT	11	b. The review should be conducted with particular reference to the rights recognised
Arial-ItalicMT	11	by the Convention on the Rights of Persons with Disabilities and the Concluding
Arial-ItalicMT	11	observations on the combined second and third periodic reports of Australia made
ArialMT	11	by the United Nations Committee on the Rights of Persons with Disabilities.
DINPro-Medium	13	Recommendation 4.32 Unjustifiable hardship
ArialMT	11	Section 11 of the Disability Discrimination Act 1992 (Cth) should be amended by
ArialMT	11	inserting the new subsections 11(1)(aa), 11(1)(ab) and 11(1A) as follows:
Arial-BoldMT	11	11 Unjustifiable hardship
ArialMT	11	(1) For the purposes of this Act, in determining whether a hardship that would
ArialMT	11	be imposed on a person (the first person) would be an unjustifiable hardship,
ArialMT	11	all relevant circumstances of the particular case must be taken into account,
ArialMT	11	including the following:
ArialMT	11	(a) the nature of the benefit or detriment likely to accrue to, or to be suffered
ArialMT	11	by, any person concerned;
ArialMT	11	(aa) the nature and extent of the first person’s consultations with any person
ArialMT	11	with disability concerned;
ArialMT	11	(ab) the first person’s consideration of all available and appropriate alternative
ArialMT	11	measures or actions;
ArialMT	11	(b) the effect of the disability of any person concerned;
ArialMT	11	(c) the financial circumstances, and the estimated amount of expenditure
ArialMT	11	required to be made, by the first person;
ArialMT	11	(d) the availability of financial and other assistance to the first person;
ArialMT	11	(e) any relevant action plans given to the Commission under section 64.
ArialMT	9	Executive Summary, Our vision for an inclusive Australia and Recommendations 207
ArialMT	11	Example: One of the circumstances covered by paragraph (1)(a) is the nature of
ArialMT	11	the benefit or detriment likely to accrue to, or to be suffered by, the community.
ArialMT	11	(1A) The person relying on unjustifiable hardship must:
ArialMT	11	(a) create and retain all documents recording the person’s consideration
ArialMT	11	(if any) of each of the factors in subsection (1); and
ArialMT	11	(b) provide reasons to the person concerned, if so requested, for contending
ArialMT	11	that unjustifiable hardship existed at the time of the alleged unlawful
ArialMT	11	discrimination.
ArialMT	11	(2) For the purposes of this Act, the burden of proving that something would impose
ArialMT	11	unjustifiable hardship lies on the person claiming unjustifiable hardship.
DINPro-Medium	13	Recommendation 4.33 Reference to the Convention on the Rights
DINPro-MediumItalic	13	of Persons with Disabilities
ArialMT	11	The Disability Discrimination Act 1992 (Cth) should be amended to insert
ArialMT	11	a new subsection 3(d) as follows:
ArialMT	11	(d) to give effect to Australia’s obligations under the Disabilities Convention.
DINPro-Medium	13	Recommendation 4.34 Interpretation of the Disability Discrimination
DINPro-MediumItalic	13	Act 1992 (Cth)
ArialMT	11	The Disability Discrimination Act 1992 (Cth) should be amended by inserting
ArialMT	11	a new subsection 4(3):
ArialMT	11	(3) This Act must be interpreted in a way that is beneficial to a person or persons
ArialMT	11	with disability, to the extent it is possible to do so consistently with—
ArialMT	11	(a) the objects of this Act
ArialMT	11	(b) the Convention
ArialMT	11	(c) the Covenant on Civil and Political Rights
ArialMT	11	(d) the Disabilities Convention
ArialMT	11	(e) the International Covenant on Economic, Social and Cultural Rights.
ArialMT	9	208 Royal Commission into Violence, Abuse, Neglect and Exploitation of People with Disability: Final Report
DINPro-Medium	18	Volume 5, Governing for inclusion
DINPro-Medium	16	A new National Disability Agreement
DINPro-Medium	13	Recommendation 5.1 Development of a National Disability Agreement
ArialMT	11	The Australian Government and state and territory governments should develop a new
ArialMT	11	National Disability Agreement through the Disability Reform Ministerial Council, to be
ArialMT	11	signed by first ministers. The fundamental objective of the Agreement should be to
ArialMT	11	advance equality, inclusion and the rights of people with disability in Australia.
ArialMT	11	The Agreement should provide the framework for intergovernmental collaboration to:
ArialMT	11	• develop and implement reforms requiring national attention and coordination,
ArialMT	11	including recommendations of this Royal Commission
ArialMT	11	• implement Australia’s Disability Strategy 2021–2031 (ADS) and the National
ArialMT	11	Disability Insurance Scheme (NDIS).
ArialMT	11	The ADS, NDIS national agreements and policies, and other national disability
ArialMT	11	frameworks should be schedules to the new National Disability Agreement.
ArialMT	11	The Agreement should clearly set out roles and responsibilities of parties to
ArialMT	11	the Agreement.
ArialMT	11	The new National Disability Agreement should be developed and finalised by
ArialMT	11	the end of 2024.
DINPro-Medium	16	Aligning Australia’s Disability Strategy
DINPro-Medium	13	Recommendation 5.2 Review and update of Australia’s Disability Strategy
ArialMT	11	The signatories to Australia’s Disability Strategy 2021–2031 (ADS) (the Australian
ArialMT	11	Government, state and territory governments and the Australian Local Government
ArialMT	11	Association) should review and update the ADS to ensure it reflects the issues raised
ArialMT	11	and recommendations made by this Royal Commission.
ArialMT	11	This review and update should:
ArialMT	11	• consider the ADS and all its implementation mechanisms, including Targeted
ArialMT	11	Action Plans, Engagement Plan, Outcomes Framework, Guiding Principles,
ArialMT	11	reporting arrangements and Data Improvement Plan
ArialMT	11	• be undertaken in partnership with people with disability and their
ArialMT	11	representative organisations.
ArialMT	11	An updated ADS should be released by the end of 2024.
ArialMT	9	Executive Summary, Our vision for an inclusive Australia and Recommendations 209
DINPro-Medium	16	State and territory governments disability strategies and plans
DINPro-Medium	13	Recommendation 5.3 Review and update of disability strategies and plans
ArialMT	11	State and territory governments should review and update their disability strategies
ArialMT	11	and plans to ensure they reflect the issues raised and recommendations made by
ArialMT	11	this Royal Commission.
ArialMT	11	These reviews and updates should:
ArialMT	11	• consider how these strategies and plans align with Australia’s Disability
ArialMT	11	Strategy 2021–2031, including outcomes of Recommendation 5.2
ArialMT	11	• be undertaken in partnership with people with disability and their
ArialMT	11	representative organisations.
ArialMT	11	The reviews and updates should be completed by mid-2025.
DINPro-Medium	16	National agreements and strategies
DINPro-Medium	13	Recommendation 5.4 Review of national agreements, strategies and plans
ArialMT	11	The Australian Government and state and territory governments, should review national
ArialMT	11	agreements, strategies and plans that affect people with disability. This work should be
ArialMT	11	undertaken through the Disability Reform Ministerial Council in conjunction with other
ArialMT	11	ministerial councils.
ArialMT	11	Reviews should consider:
ArialMT	11	• the alignment of national agreements, strategies and plans with Australia’s
ArialMT	11	Disability Strategy 2021–2031
ArialMT	11	• how funding allocations should recognise the needs and rights of people
ArialMT	11	with disability
ArialMT	11	• the inclusion of specific outcome measures related to people with disability
ArialMT	11	• the development of specific action plans relating to people with disability.
ArialMT	11	National agreements that should be reviewed include the:
ArialMT	11	• National Agreement on Closing the Gap
ArialMT	11	• National Housing and Homelessness Agreement
ArialMT	11	• National School Reform Agreement
ArialMT	11	• National Health Reform Agreement
ArialMT	9	210 Royal Commission into Violence, Abuse, Neglect and Exploitation of People with Disability: Final Report
ArialMT	11	• National Mental Health and Suicide Prevention Agreement
ArialMT	11	• National Agreement for Skills and Workforce Development.
ArialMT	11	Other national agreements, strategies and plans to be reviewed should include,
ArialMT	11	but not be limited to, those relating to:
ArialMT	11	• emergency management, such as those for pandemics and natural disasters
ArialMT	11	• children and young people, such as the National Framework for Protecting
ArialMT	11	Australia’s Children 2021–2031
ArialMT	11	• employment, education, training and skills, such as the National Workforce
ArialMT	11	Strategy 2022–2027
ArialMT	11	• legal support, such as the National Legal Assistance Partnership 2020–2025
ArialMT	11	• health services, such as those for preventative health, community health,
ArialMT	11	and mental health
ArialMT	11	• family and sexual violence, such as the National Plan to End Violence against
ArialMT	11	Women and Children 2022–2032.
ArialMT	11	The reviews of current agreements, strategies and plans should be completed
ArialMT	11	by the end of 2025.
DINPro-Medium	16	Establishing a National Disability Commission
DINPro-Medium	13	Recommendation 5.5 Establishment of a National Disability Commission
ArialMT	11	The Australian Government should establish the National Disability Commission as an
ArialMT	11	independent statutory body under the Disability Rights Act (see Volume 4). The National
ArialMT	11	Disability Commission should:
ArialMT	11	• support the realisation of the human rights of people with disability through
ArialMT	11	monitoring and oversight of the Disability Rights Act
ArialMT	11	• monitor and report on outcomes for people with disability across Australia
ArialMT	11	• promote best practice and innovative approaches to improving outcomes for
ArialMT	11	people with disability by sharing information across governments, the community
ArialMT	11	sector, the private sector and the broader community.
ArialMT	11	The Commission should be chaired by a person with disability and comprise a small
ArialMT	11	group of commissioners. The majority of commissioners should be people with disability,
ArialMT	11	and represent the diversity of people with disability.
ArialMT	11	The National Disability Commission should be established by mid-2025.
ArialMT	9	Executive Summary, Our vision for an inclusive Australia and Recommendations 211
ArialMT	11	In addition to functions proposed in Volume 4 and Volume 12, its functions
ArialMT	11	should include:
ArialMT	11	• developing an Outcomes for People with Disability report every two
ArialMT	11	years and tabling it in the Australian Parliament. The report should:
ArialMT	11	◦ detail outcomes achieved under Australia’s Disability Strategy 2021–2031
ArialMT	11	(ADS)
ArialMT	11	◦ provide comparative performance assessments on outcomes for people
ArialMT	11	with disability, including the implementation of the ADS, through traffic light
ArialMT	11	reporting across each jurisdiction
ArialMT	11	◦ analyse data, including outcomes data from National Disability Insurance
ArialMT	11	Scheme reporting and other relevant reporting from the Australian
ArialMT	11	Government and state and territory governments. This includes reporting
ArialMT	11	on jurisdictional disability strategies and plans, and reporting from relevant
ArialMT	11	oversight bodies
ArialMT	11	◦ include the views and experiences of people with disability, as well as those
ArialMT	11	of families and carers of people with disability
ArialMT	11	◦ recommend to governments actions needed to improve outcomes for
ArialMT	11	people with disability.
ArialMT	11	• promoting and disseminating information, research and evidence on best practice
ArialMT	11	models for – and innovative approaches to – improving outcomes for people
ArialMT	11	with disability. This information should be shared across governments, the non-
ArialMT	11	government sector, the private sector and the broader community
ArialMT	11	• partnering with a diverse range of people with disability, and their families
ArialMT	11	and carers, to develop advice and key reports.
DINPro-Medium	16	Australian Government governance arrangements for disability
DINPro-Medium	13	Recommendation 5.6 New governance arrangements for disability
ArialMT	11	The Australian Government should establish:
ArialMT	11	• a portfolio responsible for the disability and carers policies and programs
ArialMT	11	currently the responsibility of the Social Services portfolio
ArialMT	11	• a ministerial position – the Minister for Disability Inclusion – responsible for
ArialMT	11	disability inclusion strategy, policies and programs that are currently under the
ArialMT	11	remit of the Minister for Social Services
ArialMT	9	212 Royal Commission into Violence, Abuse, Neglect and Exploitation of People with Disability: Final Report
ArialMT	11	• a Department of Disability Equality and Inclusion, responsible for the national
ArialMT	11	disability and carers policies and programs that are currently the responsibility
ArialMT	11	of the Department of Social Services.
ArialMT	11	People with disability should be recruited to positions within the new department,
ArialMT	11	including into leadership positions.
ArialMT	11	These new arrangements should be established by the end of 2024.
DINPro-Medium	16	Implementation of the CRPD
DINPro-Medium	13	Recommendation 5.7 Focal points across jurisdictions to implement
DINPro-MediumItalic	13	the CRPD
ArialMT	11	The Australian Government and state and territory governments should ensure each
ArialMT	11	jurisdiction has a designated focal point for matters relating to implementation of the
Arial-ItalicMT	11	Convention on the Rights of Persons with Disabilities (CRPD).
ArialMT	11	At the Australian Government level, this should be the new Department of Disability
ArialMT	11	Equality and Inclusion, alongside the Attorney-General’s Department.
ArialMT	11	Each CRPD focal point should include people with disability in leadership positions.
ArialMT	11	Each jurisdiction should designate focal points by the end of 2024.
DINPro-Medium	18	Volume 6, Enabling autonomy and access
DINPro-Medium	16	Accessible information and communications
DINPro-Medium	13	Recommendation 6.1 A national plan to promote accessible information
DINPro-Medium	13	and communications
ArialMT	11	The Australian Government and state and territory governments should develop
ArialMT	11	and agree on an Associated Plan in connection with Australia’s Disability Strategy
ArialMT	11	2021–2031 to improve the accessibility of information and communications for people
ArialMT	11	with disability. The Associated Plan should be co-designed with people with disability
ArialMT	11	and their representative organisations. It should be finalised by the end of 2024.
ArialMT	11	The Associated Plan should:
ArialMT	11	• consolidate and build on existing initiatives and commitments by governments
ArialMT	11	• recognise the diversity of people with disability and the many formats and
ArialMT	11	languages that people may require information to be provided in
ArialMT	9	Executive Summary, Our vision for an inclusive Australia and Recommendations 213
ArialMT	11	• consider the roles of various stakeholders, including the Australian Government,
ArialMT	11	state and territory governments, disability service providers, disability
ArialMT	11	representative organisations and organisations representing people from
ArialMT	11	culturally and linguistically diverse backgrounds
ArialMT	11	• focus, in the first instance, on information and communications about preparing
ArialMT	11	for and responding to emergencies and natural disasters, and public health
ArialMT	11	• include targeted actions to ensure access to information and communications for
ArialMT	11	people with disability in the criminal justice system; supported accommodation,
ArialMT	11	including group homes; Australian Disability Enterprises; and day programs
ArialMT	11	• identify and allocate appropriate funding and resources for delivery
ArialMT	11	• include mechanisms for review and public reporting of progress made against
ArialMT	11	the Associated Plan.
DINPro-Medium	13	Recommendation 6.2 Increase the number of Auslan interpreters
ArialMT	11	The Australian Government and state and territory governments, through the Disability
ArialMT	11	Reform Ministerial Council, should commission the development of a workforce strategy
ArialMT	11	to increase the number and quality of Auslan interpreters.
ArialMT	11	The strategy should:
ArialMT	11	• be based on a robust demand-supply analysis to quantify the current gaps
ArialMT	11	and shortages in interpreting services. This includes analysis of qualifications,
ArialMT	11	specialisations, geographic coverage, and the availability and use of face-to-face
ArialMT	11	interpreting and Video Remote Interpreting
ArialMT	11	• include costed initiatives to:
ArialMT	11	◦ increase the number of Auslan interpreters, including the provision of
ArialMT	11	scholarships and stable ongoing employment opportunities, particularly
ArialMT	11	in under-serviced areas
ArialMT	11	◦ support specialisations in health, legal and other critical sectors (including
ArialMT	11	minimum qualifications)
ArialMT	11	◦ provide ongoing professional development and industry standards
ArialMT	11	to support a high-quality interpreter workforce
ArialMT	11	◦ increase and retain Auslan interpreters who are First Nations or from
ArialMT	11	culturally and linguistically diverse backgrounds
ArialMT	11	◦ raise awareness and promote pathways to becoming an Auslan interpreter.
ArialMT	11	The strategy should be developed by September 2024, and implementation of the
ArialMT	11	strategy should begin by January 2025.
ArialMT	9	214 Royal Commission into Violence, Abuse, Neglect and Exploitation of People with Disability: Final Report
DINPro-Medium	13	Recommendation 6.3 Access to appropriately skilled and
DINPro-Medium	13	qualified interpreters
ArialMT	11	The Australian Government, the National Accreditation Authority for Translators
ArialMT	11	and Interpreters (NAATI) and the National Disability Insurance Agency (NDIA)
ArialMT	11	should take steps to ensure people with disability have access to appropriately
ArialMT	11	skilled and qualified interpreters as needed.
Arial-ItalicMT	11	Training for interpreters
ArialMT	11	NAATI should require interpreters to complete training in disability awareness before
ArialMT	11	receiving accreditation and as part of their ongoing professional development to
ArialMT	11	maintain accreditation.
Arial-ItalicMT	11	Interpreters in disability service provision
ArialMT	11	The NDIA should:
ArialMT	11	• ensure staff are aware of the NDIA’s Practice Guide on Accessible
ArialMT	11	Communication and the provisions of the Practice Guide for Aboriginal
ArialMT	11	and Torres Strait Islander planning support relating to interpreters and translation
ArialMT	11	• provide training for staff on how to arrange and work with an interpreter.
ArialMT	11	The Minister for the National Disability Insurance Scheme (NDIS), in consultation
ArialMT	11	with states and territories, should:
Arial-ItalicMT	11	• amend the National Disability Insurance Scheme (Provider Registration and
ArialMT	11	Practice Standards) Rules 2018 (Cth) to introduce a standard on effectively
ArialMT	11	working with interpreters
Arial-ItalicMT	11	• amend the National Disability Insurance Scheme (Quality Indicators for
Arial-ItalicMT	11	NDIS Practice Standards) Guidelines 2018 (Cth) to include indicators relevant
ArialMT	11	to the standard on working effectively with interpreters, including that providers
ArialMT	11	have relevant policies and procedures in place.
ArialMT	11	The NDIS Quality and Safeguards Commission should amend the NDIS Workforce
ArialMT	11	Capability Framework to provide that the Communicate Effectively Core Capability
ArialMT	11	for Advanced Support Work explicitly includes working with interpreters.
ArialMT	9	Executive Summary, Our vision for an inclusive Australia and Recommendations 215
DINPro-Medium	16	A new supported decision-making framework
DINPro-Medium	13	Recommendation 6.4 Terms and definitions in guardianship and
DINPro-Medium	13	administration legislation
ArialMT	11	a. States and territories should amend their guardianship and administration
ArialMT	11	legislation to:
ArialMT	11	• include the terms ‘support order’, ‘support agreement’ and
ArialMT	11	‘supported persons’
ArialMT	11	• remove the terms ‘guardianship order’ and ‘administration order’ or
ArialMT	11	‘financial management order’, and replace these with ‘representative order’
ArialMT	11	• remove the terms ‘guardian’ and ‘administrator’ or ‘financial manager’,
ArialMT	11	and replace these with ‘representative’
ArialMT	11	• remove the term ‘enduring guardian’ and replace this with
ArialMT	11	‘enduring representative’
ArialMT	11	• remove the terms ‘enduring guardianship’ and ‘enduring power of attorney’,
ArialMT	11	and replace these with ‘enduring representation agreement’
ArialMT	11	• remove the terms ‘decision-making capacity’, ‘capacity’ and ‘mental
ArialMT	11	incapacity’, and replace these with ‘decision-making ability’.
ArialMT	11	b. The new and replacement terms should be defined consistently with
ArialMT	11	the definitions provided in Table 6.2.11.
ArialMT	11	c. States and territories should amend the title of their guardianship and
ArialMT	11	administration legislation to refer to decision-making. For example,
ArialMT	11	‘Supported and represented decision-making Act’ or ‘Decision-making Act’.
DINPro-Medium	13	Recommendation 6.5 Objects of guardianship and administration legislation
ArialMT	11	States and territories should review and reform their guardianship and administration
ArialMT	11	legislation to include a statement of statutory objects which:
ArialMT	11	• recognises and promotes the rights of people with disability consistent
Arial-ItalicMT	11	with the Convention on the Rights of Persons with Disabilities (CRPD)
ArialMT	11	• includes the text of article 12 of the CRPD
ArialMT	11	• recognises the role of support to enable people who may require support
ArialMT	11	to make, participate in and implement decisions that affect their lives.
ArialMT	9	216 Royal Commission into Violence, Abuse, Neglect and Exploitation of People with Disability: Final Report
DINPro-Medium	13	Recommendation 6.6 Supported decision-making principles
ArialMT	11	a. States and territories which have not already done so should review and reform
ArialMT	11	their guardianship and administration legislation to include the following supported
ArialMT	11	decision-making principles. The legislation should oblige all persons exercising
ArialMT	11	powers, carrying out functions or performing duties under the legislation to
ArialMT	11	have regard to the principles.
Arial-BoldMT	11	Principle 1 – Recognition of the equal right to make decisions
ArialMT	11	All people have an equal right to make decisions that affect their lives and to
ArialMT	11	have those decisions respected.
Arial-BoldMT	11	Principle 2 – Presumption of decision-making ability
ArialMT	11	All people must be presumed to be able to make decisions.
Arial-BoldMT	11	Principle 3 – Respect for dignity and dignity of risk
ArialMT	11	All people must be treated with dignity and respect and supported to take risks
ArialMT	11	to enable them to live their lives the way they choose, including in their social
ArialMT	11	and intimate relationships.
Arial-BoldMT	11	Principle 4 – Recognition of informal supporters and advocates
ArialMT	11	The role of informal supporters, support networks and advocates who provide
ArialMT	11	support for decision-making should be acknowledged and respected.
Arial-BoldMT	11	Principle 5 – Access to support
ArialMT	11	People who may require supported decision-making should be provided with
ArialMT	11	equitable access to appropriate support to enable the person, as far as practicable
ArialMT	11	in the circumstances, to:
ArialMT	11	• make and participate in decisions affecting them
ArialMT	11	• communicate their will and preferences
ArialMT	11	• develop their decision-making ability.
Arial-BoldMT	11	Principle 6 – Decisions directed by will and preferences
ArialMT	11	The will and preferences of people who may require supported decision-making
ArialMT	11	must direct decisions that affect their lives.
Arial-BoldMT	11	Principle 7 – Inclusion of safeguards
ArialMT	11	There must be appropriate and effective safeguards where people may require
ArialMT	11	supported decision-making, including to prevent abuse and undue influence.
ArialMT	9	Executive Summary, Our vision for an inclusive Australia and Recommendations 217
Arial-BoldMT	11	Principle 8 – Co-designed processes
ArialMT	11	People with disability, in particular people with cognitive disability, their supporters
ArialMT	11	and representative organisations, should be involved in the development and
ArialMT	11	delivery of policies and practices on supported decision-making.
Arial-BoldMT	11	Principle 9 – Recognition of diversity
ArialMT	11	The diverse experiences, identities and needs of people who may require supported
ArialMT	11	decision-making must be actively considered.
Arial-BoldMT	11	Principle 10 – Cultural safety
ArialMT	11	First Nations people and cultural and linguistically diverse people with disability
ArialMT	11	are entitled to supported decision-making that is culturally safe, sensitive and
ArialMT	11	responsive. This includes recognising the importance of maintaining a person’s
ArialMT	11	cultural and linguistic environment and set of values.
ArialMT	11	b. The Australian Government and state and territory governments should also take
ArialMT	11	steps to review and reform other laws concerning individual decision-making to
ArialMT	11	give legislative effect to the supported decision-making principles.
DINPro-Medium	13	Recommendation 6.7 Decision-making ability
ArialMT	11	States and territories should review and reform their guardianship and administration
ArialMT	11	legislation to:
ArialMT	11	• ensure consistency with Principle 2 in Recommendation 6.6 that all people
ArialMT	11	should be presumed to be able to make decisions
ArialMT	11	• provide that this presumption cannot be rebutted solely on the basis that
ArialMT	11	a person has a disability
ArialMT	11	• require that anyone responsible for deciding whether the presumption has
ArialMT	11	been rebutted that a person has decision-making ability for the relevant decision,
ArialMT	11	must consider:
ArialMT	11	◦ the supports available to the person, including the quality of existing
ArialMT	11	support relationships
ArialMT	11	◦ that decision-making ability is specific to the decision being made
ArialMT	11	◦ the nature and complexity of the specific decision to be made
ArialMT	11	◦ the views of the person and, with their consent, the views of family and
ArialMT	11	informal supporters who have significant involvement in the person’s life.
ArialMT	9	218 Royal Commission into Violence, Abuse, Neglect and Exploitation of People with Disability: Final Report
DINPro-Medium	13	Recommendation 6.8 Formal supporters
ArialMT	11	States and territories should introduce into guardianship and administration legislation
ArialMT	11	provisions to enable statutory and personal appointments of one or more supporters for
ArialMT	11	personal and financial matters, following the approach taken by Victoria in Part 4 of the
Arial-ItalicMT	11	Guardianship and Administration Act 2019 (Vic) and Part 7 of the Powers of Attorney
ArialMT	11	Act 2014 (Vic). This includes provisions on:
ArialMT	11	• appointment of supporters
ArialMT	11	• role, powers and duties of supporters
ArialMT	11	• safeguards in relation to supports
ArialMT	11	• review and revocation of support agreements and orders.
DINPro-Medium	13	Recommendation 6.9 Representatives as a last resort
ArialMT	11	States and territories should review and reform their guardianship and administration
ArialMT	11	legislation to provide that representation orders should be made only as a last resort
ArialMT	11	and in a way that is least restrictive of a person’s rights, autonomy and actions, as
ArialMT	11	practicable in the circumstances. The reforms should include:
ArialMT	11	a. the repeal of provisions authorising plenary representation orders
ArialMT	11	b. a requirement that the relevant tribunal should make an order appointing a
ArialMT	11	representative only if satisfied that:
ArialMT	11	• the proposed represented person does not have decision-making ability
ArialMT	11	for one or more decisions
ArialMT	11	• the order is necessary, taking into account:
ArialMT	11	◦ the will and preferences of the proposed represented person
ArialMT	11	◦ the availability and suitability of less intrusive and restrictive measures,
ArialMT	11	including formal and informal support arrangements, negotiation
ArialMT	11	and meditation
ArialMT	11	• the order will promote the person’s personal and social wellbeing
ArialMT	11	c. a provision that the tribunal must take into account, in deciding whether a person
ArialMT	11	(other than a public official) is suitable for appointment as a representative:
ArialMT	11	• the will and preferences of the proposed represented person
ArialMT	11	• the nature of the relationship between the proposed representative
ArialMT	11	and the proposed represented person
ArialMT	11	• whether the proposed representative is likely to act honestly, diligently
ArialMT	11	and in good faith
ArialMT	9	Executive Summary, Our vision for an inclusive Australia and Recommendations 219
ArialMT	11	• whether the proposed representative has or may have a conflict of interest
ArialMT	11	in relation to any of the decisions referred to in the order
ArialMT	11	d. a prohibition on a representation order made in the absence of the proposed
ArialMT	11	represented person, unless the tribunal is satisfied that either:
ArialMT	11	• the represented person does not wish to attend the hearing in person
ArialMT	11	• the personal attendance of the represented person at the hearing is
ArialMT	11	impracticable or cannot reasonably be arranged
ArialMT	11	e. a requirement that when considering whether a support or representation order
ArialMT	11	should be made for a First Nations person, the tribunal should take into account:
ArialMT	11	• the likely impact of the order on the person’s culture, values, beliefs
ArialMT	11	(including religious beliefs) and linguistic environment
ArialMT	11	• the likely impact of the order on the person’s standing or reputation in
ArialMT	11	their community
ArialMT	11	• any other considerations pertaining to the person’s culture
ArialMT	11	f. provisions on the review and revocation of representation orders, including that:
ArialMT	11	• a representation order lapses on the expiration of three years after the date
ArialMT	11	on which it is made, unless the tribunal has specified an expiry date (earlier
ArialMT	11	than three years) in the order or the order is renewed
ArialMT	11	• a tribunal must conduct a review of representation order at least once within
ArialMT	11	each three-year period after making the order
ArialMT	11	• when reviewing an order, the tribunal should consider:
ArialMT	11	◦ whether the order is still necessary, considering the factors listed in b.
ArialMT	11	◦ whether the representative is still eligible and suitable
ArialMT	11	◦ whether the representative is meeting their responsibilities and carrying
ArialMT	11	out their required functions.
DINPro-Medium	13	Recommendation 6.10 Decision-making process
ArialMT	11	States and territories should review and reform their guardianship and administration
ArialMT	11	legislation to include a decision-making process that appointed supporters and
ArialMT	11	representatives are required to follow.
ArialMT	11	The decision-making process for both supporters and representatives should involve:
ArialMT	11	• supporting the person to express their will and preferences
ArialMT	11	• assisting the person to develop their own decision-making ability.
ArialMT	9	220 Royal Commission into Violence, Abuse, Neglect and Exploitation of People with Disability: Final Report
ArialMT	11	The decision-making process for representatives should also include the following steps
ArialMT	11	and considerations:
ArialMT	11	• the person’s will and preferences must be given effect
ArialMT	11	• where the person’s current will and preference cannot be determined, the
ArialMT	11	representative must give effect to what they believe the person’s will and
ArialMT	11	preferences are likely to be, based on all the information available
ArialMT	11	• if it is not possible to determine what the person would likely want, the
ArialMT	11	representative must act to promote and uphold the person’s personal and social
ArialMT	11	wellbeing with the least possible restriction on their dignity and autonomy
ArialMT	11	• a representative may override the person’s will and preferences only where
ArialMT	11	necessary to prevent serious harm. In these circumstances, the representative
ArialMT	11	must act to promote and uphold the person’s personal and social wellbeing
ArialMT	11	with the least possible restriction on their dignity and autonomy.
DINPro-Medium	16	Tribunal proceedings and processes
DINPro-Medium	13	Recommendation 6.11 Guidelines on maximising participation
ArialMT	11	a. The Australian Guardianship and Administration Council should update the
Arial-ItalicMT	11	Guidelines for Australian Tribunals: Maximising the participation of the Person
ArialMT	11	in guardianship proceedings to align with our recommendations on guardianship
ArialMT	11	and supported decision-making (see in particular Recommendations 6.4–6.10
ArialMT	11	and 6.19).
ArialMT	11	b. The guardianship division or list in each state and territory tribunal should
ArialMT	11	consider adopting, through practice directions or other appropriate means,
Arial-ItalicMT	11	the updated Guidelines for Australian Tribunals: Maximising the participation
Arial-ItalicMT	11	of the Person in guardianship proceedings.
DINPro-Medium	13	Recommendation 6.12 Public disclosure and confidentiality restrictions
ArialMT	11	States and territories should amend their guardianship and administration laws
ArialMT	11	or tribunals acts, to:
ArialMT	11	• repeal provisions prohibiting publication of material identifying a party to the
ArialMT	11	proceedings as the default position
ArialMT	11	• empower the tribunal to make an order prohibiting publication of material
ArialMT	11	identifying the party to the proceedings, if the circumstances justify such
ArialMT	11	an order, taking into account the will and preferences of that party.
ArialMT	9	Executive Summary, Our vision for an inclusive Australia and Recommendations 221
DINPro-Medium	16	Education and capacity building for supported decision-making
DINPro-Medium	13	Recommendation 6.13 Information and education on supported
DINPro-Medium	13	decision-making
ArialMT	11	a. States and territories should ensure that, where legislation to this effect is not
ArialMT	11	already in place, the functions of public advocates and public guardians include
ArialMT	11	providing information, education and training on supported decision-making to
ArialMT	11	people requiring supported decision-making and their families, private supporters
ArialMT	11	and representatives (present or prospective), disability service providers, public
ArialMT	11	agencies, the judiciary, tribunal members and legal representatives.
ArialMT	11	b. States and territories should ensure that, where legislation to this effect is not
ArialMT	11	already in place, public advocates and public guardians are empowered to
ArialMT	11	provide advice and assistance to people who may require decision-making
ArialMT	11	support, including in relation to applications for support and representation orders.
DINPro-Medium	13	Recommendation 6.14 Systemic advocacy to promote supported
DINPro-Medium	13	decision-making
ArialMT	11	States and territories should ensure that, where this is not already the case, a
ArialMT	11	statutory body has a function to undertake systemic advocacy to promote supported
ArialMT	11	decision-making. This function should include:
ArialMT	11	• monitoring, investigating, researching, reporting, making recommendations
ArialMT	11	and advising on any aspect of relevant decision-making legislation
ArialMT	11	• encouraging the development and improvement of programs, services
ArialMT	11	and facilities that promote the autonomy of people with disability
ArialMT	11	• supporting organisations that undertake advocacy and education on supported
ArialMT	11	decision-making.
DINPro-Medium	16	Standards for public advocates, guardians and trustees
DINPro-Medium	13	Recommendation 6.15 Updating the national standards for public
DINPro-Medium	13	advocates, public guardians and public trustees
ArialMT	11	Public advocates, public guardians and public trustees, through the Australian
ArialMT	11	Guardianship and Administration Council, should update the National Standards
Arial-ItalicMT	11	of Public Guardianship and National Standards for Financial Managers to:
ArialMT	11	• include the supported decision-making principles
ArialMT	9	222 Royal Commission into Violence, Abuse, Neglect and Exploitation of People with Disability: Final Report
ArialMT	11	• align with reforms to state and territory guardianship and administration legislation
ArialMT	11	that give effect to Recommendations 6.4–6.10
ArialMT	11	• amend the relevant standards to provide that public officials acting as
ArialMT	11	representatives should have frequent meetings and ongoing, accessible
ArialMT	11	communication with the represented person to get to know the person
ArialMT	11	and develop a trusted relationship. Meetings should take place in line
ArialMT	11	with a represented person’s preferences as to format and attendees,
ArialMT	11	wherever practicable
ArialMT	11	• amend the relevant standards to recognise the importance of ensuring all
ArialMT	11	engagement with First Nations and culturally and linguistically diverse people
ArialMT	11	is culturally safe and responsive and that appropriate training for staff is
ArialMT	11	provided to enable them to do so
ArialMT	11	• amend the relevant standards to recognise the importance of public officials
ArialMT	11	acting as representatives facilitating connections between a represented
ArialMT	11	person and advocates and informal supporters.
DINPro-Medium	16	Financial decision-making
DINPro-Medium	13	Recommendation 6.16 Financial skills development programs
ArialMT	11	a. All public trustees should offer a financial skills development program to people
ArialMT	11	under a representation order appointing the public trustee as a representative.
ArialMT	11	The program should promote financial independence and:
ArialMT	11	• be developed in partnership with representative organisations of people
ArialMT	11	with disability, including organisations representing people with intellectual
ArialMT	11	disability, and financial counselling community support organisations
ArialMT	11	• incorporate broad eligibility criteria
ArialMT	11	• be actively promoted, especially among people entering administration.
ArialMT	11	b. Upon successful completion of the program, public trustees should support
ArialMT	11	a person to apply for a review of their order. If a person is not eligible for the
ArialMT	11	program, the public trustee must advise them of their right to apply to the relevant
ArialMT	11	tribunal for review of their order.
ArialMT	11	c. Public trustees should report annually on the number of people who have
ArialMT	11	participated in the program, the number who have completed it and the number
ArialMT	11	who have subsequently transitioned out of administration arrangements.
ArialMT	9	Executive Summary, Our vision for an inclusive Australia and Recommendations 223
DINPro-Medium	13	Recommendation 6.17 Transparency of public trustee fees and charges
ArialMT	11	Public trustees in each state and territory should:
ArialMT	11	• publish accessible information about the services they provide to people under
ArialMT	11	administration orders, the fees and charges applicable for those services and the
ArialMT	11	ways in which fees are calculated for each individual
ArialMT	11	• on appointment, annually and following any significant change to a person’s
ArialMT	11	circumstances, send to people under administration orders individualised and
ArialMT	11	accessible information detailing the services they will receive and the fees for
ArialMT	11	those services.
DINPro-Medium	13	Recommendation 6.18 Review of public trustees’ fees and charges
ArialMT	11	State and territory governments should ensure that public trustees’ fees and charges have
ArialMT	11	been independently reviewed since 2019. Where such a review has not been conducted
ArialMT	11	since this time, state and territory governments should arrange a comprehensive review
ArialMT	11	of the fees and charges payable by people under administration orders to the public
ArialMT	11	trustee in their jurisdiction. The reviews should make recommendations to ensure fees
ArialMT	11	and charges are fair and equitable for all people under administration orders.
DINPro-Medium	16	Data collection and reporting
DINPro-Medium	13	Recommendation 6.19 Data collection on support and
DINPro-Medium	13	representation arrangements
ArialMT	11	The Australian Government and states and territories should develop and implement
ArialMT	11	a national approach to collecting and publishing de-identified data on support and
ArialMT	11	representation arrangements, led by the Australian Institute of Health and Welfare.
ArialMT	11	The national approach should consistently use definitions of ‘disability’, ‘representation’
ArialMT	11	and ‘support’ arrangements proposed in this Final report, and should employ
ArialMT	11	methodologies which enable reporting on comparisons across jurisdictions and trends
ArialMT	11	over time.
ArialMT	11	The national approach should include collection and publication of data on:
ArialMT	11	• numbers of formally appointed representatives and supporters,
ArialMT	11	disaggregated appropriately
ArialMT	11	• the extent to which people with disability who are the subject of the proceedings
ArialMT	11	participate in the proceedings and the manner in which they participate (for
ArialMT	9	224 Royal Commission into Violence, Abuse, Neglect and Exploitation of People with Disability: Final Report
ArialMT	11	example, in person or via alternative technological means)
ArialMT	11	• numbers of representative agreements commenced, terminated, revoked,
ArialMT	11	varied or reviewed
ArialMT	11	• the extent to which people with disability who are the subject of the proceedings
ArialMT	11	are legally represented.
ArialMT	11	The data should identify, to the greatest extent practicable, types of impairment, age,
ArialMT	11	First Nations people with disability, culturally and linguistically diverse people with
ArialMT	11	disability, LGBTIQA+ people with disability, women with disability and National Disability
ArialMT	11	Insurance Scheme participants.
DINPro-Medium	16	Australia’s interpretative declaration in relation to article 12
DINPro-Medium	13	Recommendation 6.20 Interpretative declaration
ArialMT	11	Commissioners Bennett, Galbally, Mason and McEwin recommend the Australian
ArialMT	11	Government withdraw its interpretative declaration in relation to article 12 of the
Arial-ItalicMT	11	Convention on the Rights of Persons with Disabilities.
DINPro-Medium	16	Advocacy funding
DINPro-Medium	13	Recommendation 6.21 Additional funding for advocacy programs
ArialMT	11	a. For the financial years 2024–25 and 2025–26, the Australian Government
ArialMT	11	should commit additional funding of:
ArialMT	11	• $16.6 million per annum for the National Disability Advocacy Program
ArialMT	11	• $20.3 million per annum for the National Disability Insurance Scheme
ArialMT	11	Appeals Program.
ArialMT	11	These amounts should be indexed to maintain their value in real terms from
ArialMT	11	year to year.
ArialMT	11	b. From 1 July 2026, the Australian Government should ensure long-term and
ArialMT	11	stable funding for national disability advocacy programs to meet demand.
ArialMT	11	This should be informed by improved data in line with Recommendation 6.22.
ArialMT	11	c. From at least 1 July 2026, state and territory governments should ensure long-
ArialMT	11	term and stable funding for disability advocacy programs in their jurisdictions
ArialMT	11	to meet demand. This should be informed by improved data in line with
ArialMT	11	Recommendation 6.22.
ArialMT	9	Executive Summary, Our vision for an inclusive Australia and Recommendations 225
DINPro-Medium	16	Data collection to inform future funding
DINPro-Medium	13	Recommendation 6.22 Improved data collection and reporting on
DINPro-Medium	13	met and unmet demand for disability advocacy
ArialMT	11	The Australian Government and state and territory governments should improve
ArialMT	11	data collection and reporting on met and unmet demand for disability advocacy
ArialMT	11	within their jurisdiction.
ArialMT	11	At a minimum, this data should:
ArialMT	11	• be collected and published on an annual basis
ArialMT	11	• include demographic indicators that show geographic location, First Nations
ArialMT	11	and culturally and linguistically diverse status
ArialMT	11	• identify, where possible, whether a request for disability advocacy is from
ArialMT	11	or concerns a person with disability who lives in supported accommodation
ArialMT	11	or is in prison or juvenile detention.
ArialMT	11	This data should be collected and reported on an ongoing basis.
ArialMT	11	The Australian Government and state and territory governments should include data
ArialMT	11	collection and reporting as a priority work area in the Disability Advocacy Work Plan
ArialMT	11	associated with the 2023–2025 National Disability Advocacy Framework, and progress
ArialMT	11	this as part of future National Disability Advocacy Frameworks or equivalents.
ArialMT	11	The Australian Government and state and territory governments should work together
ArialMT	11	to ensure consistent definitions and methodologies allowing comparisons across
ArialMT	11	jurisdictions and trends over time.
ArialMT	11	Publication of the data should commence no later than 1 July 2026.
DINPro-Medium	16	Cultural safety
DINPro-Medium	13	Recommendation 6.23 Culturally safe disability advocacy
ArialMT	11	The Disability Advocacy Work Plan associated with the 2023–2025 National Disability
ArialMT	11	Advocacy Framework should be amended to include priority work areas on increasing
ArialMT	11	culturally appropriate and accessible advocacy services for people with disability from
ArialMT	11	culturally and linguistically diverse backgrounds and LGBTIQA+ people with disability.
ArialMT	11	Efforts under these priority work areas, and the priority work area on increasing culturally
ArialMT	11	appropriate and accessible advocacy services for First Nations people with disability,
ArialMT	11	should include training led by First Nations, culturally and linguistically diverse and
ArialMT	11	LGBTIQA+ people with disability and their representative organisations.
ArialMT	11	This work should be progressed as part of future National Disability Advocacy
ArialMT	11	Frameworks or equivalents.
ArialMT	9	226 Royal Commission into Violence, Abuse, Neglect and Exploitation of People with Disability: Final Report
DINPro-Medium	16	Cognitive disability health capability framework
DINPro-Medium	13	Recommendation 6.24 Improve implementation planning and coordination
DINPro-Medium	13	for the cognitive disability health capability framework
ArialMT	11	The Australian Government Department of Health and Aged Care should:
ArialMT	11	• expand the role of the Intellectual Disability Education and Training Expert
ArialMT	11	Advisory Group to develop an implementation plan for the cognitive disability
ArialMT	11	health capability framework, including key steps for embedding the capabilities
ArialMT	11	from the framework in curricula in education and training programs for health
ArialMT	11	practitioners across all training stages
ArialMT	11	• develop a monitoring and evaluation framework to coordinate and measure
ArialMT	11	delivery of the expanded capability framework and its implementation.
DINPro-Medium	13	Recommendation 6.25 Expand the scope of health workforce capability
DINPro-Medium	13	development to include all forms of cognitive disability at all stages of
DINPro-Medium	13	education and training
ArialMT	11	The Australian Government Department of Health and Aged Care should:
ArialMT	11	• immediately expand the scope of the work on an intellectual disability health
ArialMT	11	capability framework and associated resources to address all forms of cognitive
ArialMT	11	disability, to apply at all stages of education and training. This expansion should
ArialMT	11	include autism-specific content, and address specific healthcare issues for people
ArialMT	11	with learning disability, dementia and acquired brain injury.
ArialMT	11	• allocate additional funding to support the expanded scope of health workforce
ArialMT	11	capability development.
DINPro-Medium	13	Recommendation 6.26 Expand the role of the Health Ministers Meeting
DINPro-Medium	13	to monitor health workforce capability development
ArialMT	11	The Health Ministers Meeting should expand its role in monitoring progress of the
ArialMT	11	intellectual disability health capability framework to encompass the expanded capability
ArialMT	11	framework proposed in Recommendation 6.25. This should include annual reporting to
ArialMT	11	the Health Ministers Meeting on the progress of actions.
ArialMT	9	Executive Summary, Our vision for an inclusive Australia and Recommendations 227
DINPro-Medium	16	Review of accreditation standards and curriculum
DINPro-Medium	13	Recommendation 6.27 Establish regular progress reporting
DINPro-Medium	13	by accreditation authorities
ArialMT	11	Accreditation authorities for registered health professions and the peak professional
ArialMT	11	bodies for non-registered health professions should:
ArialMT	11	a. review and amend accreditation standards and evidence requirements where
ArialMT	11	necessary to address whether cognitive disability health is sufficiently covered.
ArialMT	11	If it is not, they should amend their accreditation standards or evidence
ArialMT	11	requirements (as the case may be) accordingly
ArialMT	11	b. encourage or mandate education providers to develop specific cognitive disability
ArialMT	11	health curriculum content and deliver such content using inclusive teaching
ArialMT	11	practices, involving people with cognitive disability where possible
ArialMT	11	c. report annually to the Australian Government Department of Health and Aged
ArialMT	11	Care on their progress in implementing this recommendation. Where accreditation
ArialMT	11	authorities have only recently undertaken their five-yearly review, annual
ArialMT	11	reporting should include progress on implementation planning to address
ArialMT	11	this recommendation pending the next scheduled review.
DINPro-Medium	16	Clinical placements for students and trainees
DINPro-Medium	13	Recommendation 6.28 Improve access to clinical placements in disability
DINPro-Medium	13	health services
ArialMT	11	The Australian Government Department of Health and Aged Care should include
ArialMT	11	improved access to clinical placements in disability health services as an immediate
ArialMT	11	priority, including by:
ArialMT	11	• exploring increased opportunities for student learning and development in
ArialMT	11	cognitive disability health, including as part of interprofessional teams, with
ArialMT	11	education providers and clinical placement providers.
ArialMT	11	• considering mechanisms to enhance funded supervised clinical and work-based
ArialMT	11	training placements to train students in providing quality health care to people
ArialMT	11	with cognitive disability. This should include enhanced financial support for
ArialMT	11	clinical placement and supervision in community settings.
ArialMT	9	228 Royal Commission into Violence, Abuse, Neglect and Exploitation of People with Disability: Final Report
DINPro-Medium	16	Post graduate training and continuing professional development
DINPro-Medium	13	Recommendation 6.29 Improve specialist training and continuing
DINPro-Medium	13	professional development in cognitive disability health care
ArialMT	11	a. The Royal Australasian College of Physicians, Royal Australian and New Zealand
ArialMT	11	College of Psychiatrists, Australian and New Zealand College of Anaesthetists, Royal
ArialMT	11	Australian College of General Practitioners, Australasian College of Emergency
ArialMT	11	Medicine and Australian College of Rural and Remote Medicine should each:
ArialMT	11	• develop specialised training content in cognitive disability health for
ArialMT	11	different areas of specialisation, building on the capability framework
ArialMT	11	and the core set of learning resources, so that future specialists can
ArialMT	11	develop skills and competencies in cognitive disability health
ArialMT	11	• expand and promote pathways for sub-speciality training in cognitive
ArialMT	11	disability health.
ArialMT	11	b. These groups, as well as the Australian Dental Association and professional
ArialMT	11	bodies responsible for continuing professional development (CPD) in the nursing
ArialMT	11	and allied health professions should each:
ArialMT	11	• review CPD programs in their respective health discipline or specialty
ArialMT	11	to determine whether CPD for the provision of health care to people with
ArialMT	11	cognitive disability, including intellectual and/or developmental disabilities,
ArialMT	11	should be enhanced
ArialMT	11	• promote the development of CPD opportunities on the provision of health
ArialMT	11	care to people with cognitive disability, including intellectual and/or
ArialMT	11	developmental disabilities
ArialMT	11	• raise awareness of such CPD opportunities among members.
ArialMT	11	c. The Australian Government Department of Health and Aged Care should
ArialMT	11	reprioritise the National Roadmap for Improving the Health of People with
ArialMT	11	Intellectual Disability action to embed training and CPD within all specialist
ArialMT	11	training programs from a medium-term action (four to six years), to a
ArialMT	11	short-term action (one to three years).
ArialMT	9	Executive Summary, Our vision for an inclusive Australia and Recommendations 229
DINPro-Medium	16	National Centre of Excellence in Intellectual Disability Health
DINPro-Medium	13	Recommendation 6.30 Expand the scope of the National Centre of
DINPro-Medium	13	Excellence in Intellectual Disability Health
ArialMT	11	The Australian Government Department of Health and Aged Care should expand the
ArialMT	11	remit of the National Centre of Excellence in Intellectual Disability Health to include
ArialMT	11	autism and other forms of cognitive impairment.
DINPro-Medium	16	National health standards, charter and policies
DINPro-Medium	13	Recommendation 6.31 Embed the right to equitable access to health
DINPro-Medium	13	services in key policy instruments
ArialMT	11	a. The Australian Commission on Safety and Quality in Health Care should:
ArialMT	11	• amend the Australian Charter of Healthcare Rights to incorporate the
ArialMT	11	right to equitable access to health services for people with disability
ArialMT	11	and align with the scope of this proposed right in the Disability Rights
Arial-ItalicMT	11	Act recommended in Volume 4, Realising the human rights of people
Arial-ItalicMT	11	with disability
ArialMT	11	• review and revise the National Safety and Quality Health Service Standards
ArialMT	11	and the National Safety and Quality Primary and Community Healthcare
ArialMT	11	Standards to provide for the delivery of safe and high-quality health
ArialMT	11	care for people with disability and align with the scope of the proposed
ArialMT	11	right to equitable access to health services in the Disability Rights Act
ArialMT	11	recommended in Volume 4
ArialMT	11	• as part of this review, consider how the national standards support equal
ArialMT	11	access to health services for people with disability throughout life, including
ArialMT	11	(but not limited to) prevention and health promotion, diagnosis and early
ArialMT	11	intervention and rehabilitation services.
ArialMT	11	b. The Australian Government Department of Health and Aged Care and state
ArialMT	11	and territory counterparts should review all policies and protocols to ensure
ArialMT	11	people with disability are permitted to be accompanied by a support person in
ArialMT	11	any health setting. This should apply at all times, including when in-person
ArialMT	11	healthcare restrictions are in place, such as during COVID-19.
ArialMT	9	230 Royal Commission into Violence, Abuse, Neglect and Exploitation of People with Disability: Final Report
DINPro-Medium	16	Adaptations and supports
DINPro-Medium	13	Recommendation 6.32 Increase capacity to provide supports
DINPro-Medium	13	and adaptations through improved guidance, funding and
DINPro-Medium	13	accessible information
ArialMT	11	The Australian Government and state and territory governments, in consultation
ArialMT	11	with people with disability, should:
ArialMT	11	a. identify and publish a list of frequently needed adaptations and supports
ArialMT	11	(including communication supports) to enable people with disability to receive
ArialMT	11	high-quality health care in all publicly funded settings. Adaptations and supports
ArialMT	11	may need to be tailored to individual needs and additional supports may be
ArialMT	11	required. These should include:
ArialMT	11	• environmental modifications and aids to reduce sensory loads, such as
ArialMT	11	dimmer lighting, reduced background noise and noise-cancelling headphones
ArialMT	11	• preparatory action to familiarise the person with disability with clinical
ArialMT	11	environments, such as hospital tours and animated videos
ArialMT	11	• different modes of service delivery, such as home visits, and taking
ArialMT	11	a forward-looking approach to minimise distress associated with certain
ArialMT	11	procedures – for instance, taking extra blood to reduce the need for
ArialMT	11	additional blood draws, or undertaking multiple procedures at once if
ArialMT	11	sedation is required to decrease the number of hospital visits
ArialMT	11	• novel and flexible approaches to pre-medication, including sedation,
ArialMT	11	to reduce distress and anxiety before critical medical procedures.
ArialMT	11	b. review hospital (admitted and non-admitted care) and primary health care funding
ArialMT	11	models to ensure these adaptations and supports can be implemented in all
ArialMT	11	relevant settings.
ArialMT	11	c. disseminate information about the provision of adaptations and supports in a
ArialMT	11	range of accessible formats.
ArialMT	9	Executive Summary, Our vision for an inclusive Australia and Recommendations 231
DINPro-Medium	16	Specialised services
DINPro-Medium	13	Recommendation 6.33 Develop specialised health and mental health
DINPro-Medium	13	services for people with cognitive disability
ArialMT	11	State and territory governments should establish and fund specialised health
ArialMT	11	and mental health services for people with cognitive disability to provide:
ArialMT	11	• specialist assessment and clinical services, including preventive medicine,
ArialMT	11	for people with cognitive disability and complex or chronic health and
ArialMT	11	mental health needs
ArialMT	11	• training and support for health providers to build their capacity to provide safe,
ArialMT	11	high-quality health care to people with cognitive disability.
ArialMT	11	These services should be delivered through a model that includes:
ArialMT	11	• specialist roles and multi-disciplinary teams embedded in local health
ArialMT	11	service delivery
ArialMT	11	• statewide specialised services that can be accessed by people with cognitive
ArialMT	11	disability and health professionals regardless of their location
ArialMT	11	• participation in a national network of specialised disability health and mental
ArialMT	11	health services
ArialMT	11	• evaluation of the impact of specialised services and publication of
ArialMT	11	evaluation findings.
ArialMT	11	Planning to implement specialised services in each jurisdiction should begin as soon
ArialMT	11	as practicable and take into account existing services and needs in each jurisdiction.
ArialMT	11	These changes should be introduced by September 2026.
DINPro-Medium	16	Navigating the health system
DINPro-Medium	13	Recommendation 6.34 Introduce disability health navigators to support
DINPro-Medium	13	navigation of health care for people with disability
ArialMT	11	Through the Health Ministers Meeting, the Australian Government and state and territory
ArialMT	11	governments should:
ArialMT	11	a. jointly fund a national workforce of ‘disability health navigators’ to support people
ArialMT	11	with cognitive disability and complex health needs access health services and to
ArialMT	11	embed safe, accessible and inclusive practice in everyday health service provision
ArialMT	9	232 Royal Commission into Violence, Abuse, Neglect and Exploitation of People with Disability: Final Report
ArialMT	11	b. develop a national evaluation framework to assess the impact of disability health
ArialMT	11	navigators and share lessons learned across jurisdictions. Evaluation findings
ArialMT	11	should be published.
DINPro-Medium	16	Stronger legal frameworks for restrictive practices
DINPro-Medium	13	Recommendation 6.35 Legal frameworks for the authorisation, review and
DINPro-Medium	13	oversight of restrictive practices
ArialMT	11	a. States and territories should ensure appropriate legal frameworks are in place in
ArialMT	11	disability, health, education and justice settings, which provide that a person with
ArialMT	11	disability should not be subjected to restrictive practices, except in accordance
ArialMT	11	with procedures for authorisation, review and oversight established by law.
ArialMT	11	b. The legal frameworks should incorporate the following requirements, appropriately
ArialMT	11	adapted to sector-specific contexts:
ArialMT	11	• Restrictive practices should only be used:
ArialMT	11	◦ as a last resort, in response to a serious risk of harm to a person with
ArialMT	11	disability or others, and only after other strategies, including supported
ArialMT	11	decision-making, have been explored and applied
ArialMT	11	◦ as the least restrictive response possible to ensure the safety of the
ArialMT	11	person with disability or others
ArialMT	11	◦ to the extent necessary to reduce the risk of harm and proportionate to
ArialMT	11	the potential negative consequences from the use of restrictive practices
ArialMT	11	◦ for the shortest time possible.
ArialMT	11	• Decisions to authorise restrictive practices should be subject to
ArialMT	11	independent review.
ArialMT	11	• The use of restrictive practices should be subject to independent oversight
ArialMT	11	and monitoring.
ArialMT	11	c. The legal frameworks should set out the powers and functions of a Senior
ArialMT	11	Practitioner for restrictive practices in disability service provision (or equivalent
ArialMT	11	authority). These powers and functions should include:
ArialMT	11	• promoting the reduction and elimination of the use of restrictive practices
ArialMT	11	• protecting and promoting the rights of people with disability subjected to
ArialMT	11	restrictive practices
ArialMT	11	• developing and providing information, education and advice on restrictive
ArialMT	11	practices to people with disability, their families and supporters, and the
ArialMT	11	broader community
ArialMT	9	Executive Summary, Our vision for an inclusive Australia and Recommendations 233
ArialMT	11	• considering applications to use restrictive practices in disability service
ArialMT	11	settings and authorising their use according to procedures consistent with
ArialMT	11	the Draft Principles for Consistent Authorisation
ArialMT	11	• developing guidelines and standards, and providing expert advice, on
ArialMT	11	restrictive practices and behaviour support planning
ArialMT	11	• receiving complaints about the use of restrictive practices and the quality
ArialMT	11	of behaviour support planning
ArialMT	11	• investigating the use of restrictive practices and the quality of behaviour
ArialMT	11	support planning, either in response to complaints or of its own motion
ArialMT	11	• acting in response to complaints and investigations where appropriate.
DINPro-Medium	13	Recommendation 6.36 Immediate action to provide that certain restrictive
DINPro-Medium	13	practices must not be used
ArialMT	11	State and territory governments should immediately:
ArialMT	11	• Adopt the list of prohibited forms of restrictive practices agreed by the former
ArialMT	11	Disability Reform Council in 2019 and provide that the use of seclusion on
ArialMT	11	children and young people is not permitted in disability service settings.
ArialMT	11	• Provide that the following are not permitted in health and mental health settings:
ArialMT	11	◦ using seclusion and restraint as a means to reduce behaviours not
ArialMT	11	associated with immediate risk of harm
ArialMT	11	◦ using seclusion and restraint as a form of discipline, punishment or threat
ArialMT	11	◦ restrictive practices that involve or include deliberate infliction of pain to
ArialMT	11	secure compliance
ArialMT	11	◦ using prone or supine holds, using any restraint intended to restrict or
ArialMT	11	affect respiratory or digestive function, or forcing a person’s head down to
ArialMT	11	their chest
ArialMT	11	◦ secluding a person who is also mechanically restrained
ArialMT	11	◦ secluding a person who is actively self-harming or suicidal
ArialMT	11	◦ using metal handcuffs or hard manacles as a form of mechanical
ArialMT	11	restraint (unless under police or other custodial supervision while
ArialMT	11	in the health facility)
ArialMT	11	◦ vest restraints for older people
ArialMT	11	◦ neck holds
ArialMT	11	◦ drugs, or higher doses of drugs, that create continuous sedation to
ArialMT	11	manage behaviour
ArialMT	11	◦ seclusion of children and young people.
ArialMT	9	234 Royal Commission into Violence, Abuse, Neglect and Exploitation of People with Disability: Final Report
ArialMT	11	• Provide that the following are not permitted in education settings:
ArialMT	11	◦ the use of restrictive practices:
ArialMT	11	• as a form of discipline, punishment or threat
ArialMT	11	• as a means of coercion or retaliation
ArialMT	11	• in response to property destruction
ArialMT	11	• for reasons of convenience
ArialMT	11	◦ life threatening physical restraints, including physical restraints that restrict
ArialMT	11	a student’s breathing or harm the student by:
ArialMT	11	• covering the student’s mouth or nose, or in any way restricting breathing
ArialMT	11	• taking the student to the ground into the prone or supine position
ArialMT	11	• causing hyperextension or hyperflexion of joints
ArialMT	11	• applying pressure to the neck, back, chest or joints
ArialMT	11	• deliberately applying pain to gain compliance
ArialMT	11	• causing the student to fall
ArialMT	11	• having a person sit or kneel on the student
ArialMT	11	◦ chemical restraints
ArialMT	11	◦ mechanical restraints
ArialMT	11	◦ clinical holding:
ArialMT	11	• as a behaviour support strategy
ArialMT	11	• to enforce the compliance of a student in undertaking personal care that
ArialMT	11	is non-urgent and does not present a risk to the student
ArialMT	11	• to punish a student
ArialMT	11	◦ denial of key needs, such as food and water.
ArialMT	9	Executive Summary, Our vision for an inclusive Australia and Recommendations 235
DINPro-Medium	14	Reporting and evaluation of key measures for psychotropic medication
DINPro-Medium	13	Recommendation 6.37 Data collection and public reporting on
DINPro-Medium	13	psychotropic medication
ArialMT	11	The NDIS Quality and Safeguards Commission, the Australian Commission on Safety
ArialMT	11	and Quality in Health Care and the Aged Care Quality and Safety Commission should:
ArialMT	11	• publish joint annual progress reports on implementation of measures under the
ArialMT	11	Joint statement on the inappropriate use of psychotropic medicines to manage the
ArialMT	11	behaviours of people with disability and older people
ArialMT	11	• commission an independent evaluation of these measures to determine whether
ArialMT	11	they have resulted in a reduction in the use of psychotropic medicines against
ArialMT	11	people with cognitive disability. The evaluation should be co-designed with people
ArialMT	11	with cognitive disability and their representative organisations and its results
ArialMT	11	should be publicly reported.
DINPro-Medium	14	Restrictive practices research and data
DINPro-Medium	13	Recommendation 6.38 Strengthening the evidence base on reducing and
DINPro-Medium	13	eliminating restrictive practices
ArialMT	11	The National Disability Research Partnership should commission a longitudinal study
ArialMT	11	of the impact of positive behaviour support and other strategies to reduce and eliminate
ArialMT	11	restrictive practices. This study should:
ArialMT	11	• be co-designed with people with disability and relevant experts and professionals
ArialMT	11	from the disability, health, education and justice sectors, to ensure the findings are
ArialMT	11	relevant across a range of settings
ArialMT	11	• include the experiences and identify the intersecting needs of a broad range of
ArialMT	11	people with disability, such as First Nations people with disability, LGBTIQA+
ArialMT	11	people with disability, and culturally and linguistically diverse people with disability.
ArialMT	11	Upon completion, the findings of the study should be made publicly available. Interim
ArialMT	11	findings should be published at regular intervals.
DINPro-Medium	13	Recommendation 6.39 Improving collection and reporting of restrictive
DINPro-Medium	13	practices data
ArialMT	11	The Australian Institute of Health and Welfare should work with state and territory
ArialMT	11	governments to develop consistent data definitions and collection methods on restrictive
ArialMT	11	practices across all jurisdictions, and align reporting periods. These definitions and
ArialMT	11	collection methods should be finalised by the end of 2024.
ArialMT	9	236 Royal Commission into Violence, Abuse, Neglect and Exploitation of People with Disability: Final Report
ArialMT	11	Using consistent definitions and collection methods, state and territory governments
ArialMT	11	should collect and publish data on the use of restrictive practices in health, education
ArialMT	11	and justice settings. This data should be collected and published on an annual basis,
ArialMT	11	with publication commencing by the end of 2025 at the latest. Data should identify,
ArialMT	11	to the greatest extent practicable:
ArialMT	11	• restraint type, including chemical, physical, mechanical, environmental
ArialMT	11	and seclusion
ArialMT	11	• disability status
ArialMT	11	• types of impairment
ArialMT	11	• age
ArialMT	11	• gender
ArialMT	11	• First Nations people
ArialMT	11	• culturally and linguistically diverse people
ArialMT	11	• people who identify as LGBTIQA+.
DINPro-Medium	14	Targets and performance indicators
DINPro-Medium	13	Recommendation 6.40 Targets and performance indicators to drive the
DINPro-Medium	13	reduction and elimination of restrictive practices
ArialMT	11	The Australian Government and state and territory governments should establish
ArialMT	11	sector-specific targets and performance indicators to drive the reduction and elimination
ArialMT	11	of restrictive practices over time. This should be at both the national and state and
ArialMT	11	territory levels for disability, health, education and justice settings. These targets and
ArialMT	11	performance indicators should be established by 1 July 2025 at the latest.
DINPro-Medium	14	Involuntary sterilisation
DINPro-Medium	13	Recommendation 6.41 Legislative prohibition of non-therapeutic
DINPro-Medium	13	sterilisation
ArialMT	11	a. All jurisdictions should amend or enact legislation prohibiting non-therapeutic
ArialMT	11	procedures resulting in permanent sterilisation of people with disability,
ArialMT	11	except where:
ArialMT	11	• there is a threat to the life of the person with disability were the procedure
ArialMT	11	not performed or
ArialMT	9	Executive Summary, Our vision for an inclusive Australia and Recommendations 237
ArialMT	11	• the person with disability is an adult and has given voluntary and informed
ArialMT	11	consent to the procedure, with support for decision-making if required.
ArialMT	11	b. All jurisdictions should amend or enact legislation in accordance with paragraph
ArialMT	11	a. by the end of 2024.
ArialMT	11	c. The Australian Guardianship and Administrative Council (AGAC) should expand
ArialMT	11	its annual collation and publication of data on the sterilisation of people with
ArialMT	11	disability. This data should include the number of applications, reasons for
ArialMT	11	applications, reasons for the outcomes of applications and the number of
ArialMT	11	approvals to conduct a sterilisation procedure.
ArialMT	11	Where this does not already occur, the data should be collected and provided to
ArialMT	11	AGAC annually by:
ArialMT	11	• the Federal Circuit and Family Court of Australia
ArialMT	11	• state and territory superior courts
ArialMT	11	• state and territory guardianship and administration bodies.
ArialMT	11	The data should be de-identified, as appropriate. It should be disaggregated,
ArialMT	11	to the greatest extent possible, by:
ArialMT	11	• disability status
ArialMT	11	• types of impairment
ArialMT	11	• age
ArialMT	11	• gender
ArialMT	11	• First Nations people
ArialMT	11	• culturally and linguistically diverse people
ArialMT	11	• people who identify as LGBTIQA+.
ArialMT	11	d. A review of legislation enacted or amended according to paragraph a. of this
ArialMT	11	recommendation should be conducted every five years, in light of the data
ArialMT	11	published according to paragraph c. This review should aim to strengthen
ArialMT	11	protections for people with disability and avoid consequences which hamper
ArialMT	11	reproductive autonomy.
ArialMT	9	238 Royal Commission into Violence, Abuse, Neglect and Exploitation of People with Disability: Final Report
DINPro-Medium	18	Volume 7, Inclusive education, employment and housing
DINPro-Medium	16	Part A: Inclusive education
DINPro-Medium	14	Overcoming barriers to safe, quality and inclusive education
DINPro-Medium	13	Recommendation 7.1 Provide equal access to mainstream education
DINPro-Medium	13	and enrolment
ArialMT	11	States and territories should amend education Acts (or the equivalent) to:
ArialMT	11	• create a legal entitlement for students with disability to enrol in a local
ArialMT	11	mainstream school
ArialMT	11	• provide that the right to enrolment is subject only to ‘unjustifiable hardship’
Arial-ItalicMT	11	in the sense used in the Disability Discrimination Act 1992 (Cth).
ArialMT	11	State and territory governments should take the following actions to prevent gatekeeping
ArialMT	11	in mainstream schools:
ArialMT	11	• maintain a central record of decisions on enrolment refusal or cancellation and
ArialMT	11	provide an annual report to the responsible minister for education on trends and
ArialMT	11	any additional actions required to address barriers
ArialMT	11	• establish an independent review process to enable a parent or supporter of a
ArialMT	11	child or young person with disability to challenge a refusal to enrol the child or
ArialMT	11	young person in a school.
ArialMT	11	State and territory educational authorities should disseminate clear, accessible,
ArialMT	11	transparent material for students with disability and their families on their rights,
ArialMT	11	the obligations of schools relating to applications to attend a local school, and
ArialMT	11	review processes.
DINPro-Medium	13	Recommendation 7.2 Prevent the inappropriate use of exclusionary
DINPro-Medium	13	discipline against students with disability
ArialMT	11	State and territory educational authorities should review all regulations, rules,
ArialMT	11	procedures and other instruments regulating exclusionary discipline to ensure they:
ArialMT	11	• adopt the principle that education providers:
ArialMT	11	◦ should avoid the use of exclusionary discipline on students with disability
ArialMT	11	unless exclusion is necessary as a last resort to avert the risk of serious
ArialMT	11	harm to the student, other students or staff
ArialMT	9	Executive Summary, Our vision for an inclusive Australia and Recommendations 239
ArialMT	11	◦ in considering the use of exclusionary discipline, consider the student’s
ArialMT	11	disability, needs and age, and the particular effects of exclusionary
ArialMT	11	discipline for young children
ArialMT	11	◦ require steps to be taken before exclusion to ensure an individual
ArialMT	11	behaviour plan and reasonable adjustments have been implemented
ArialMT	11	for the student, including consultation with the student and their family,
ArialMT	11	carers or supporters.
ArialMT	11	• include a duty for principals to report the repeated use of exclusionary discipline
ArialMT	11	involving a student with disability to an escalation point within educational
ArialMT	11	authorities for independent case management
ArialMT	11	• include a robust review or appeals process for students with disability and their
ArialMT	11	families or carers and supporters
ArialMT	11	• ensure students with disability have access to educational materials appropriate
ArialMT	11	to their educational and behavioural needs while subject to exclusionary discipline
ArialMT	11	• support students with disability to re-engage in education post exclusion.
ArialMT	11	State and territory educational authorities should review provisions governing the
ArialMT	11	registration of non-government schools to impose obligations relating to exclusionary
ArialMT	11	discipline in the non-government sector that are commensurate with those of the
ArialMT	11	government sector.
ArialMT	11	Section 22(2)(b) of the Disability Discrimination Act 1992 (Cth) should be amended
ArialMT	11	to cover ‘suspension and exclusion’ as well as expulsions.
DINPro-Medium	13	Recommendation 7.3 Improve policies and procedures on the provision
DINPro-Medium	13	of reasonable adjustments to students with disability
ArialMT	11	a. State and territory educational authorities should develop and make available in
ArialMT	11	accessible form:
ArialMT	11	• guidelines to enable schools, principals and teachers to comply with their
ArialMT	11	statutory obligations to provide adjustments for children and young people
ArialMT	11	with disability
ArialMT	11	• guidelines addressing the relationship between the statutory duty to provide
ArialMT	11	adjustments and duties of care imposed on educational authorities, schools,
ArialMT	11	principals, teachers and staff, such as those imposed by occupational
ArialMT	11	health and safety legislation and the general law
ArialMT	11	• guidelines addressing the processes for identifying, planning, implementing
ArialMT	11	and evaluating adjustments required for individual students with disability
ArialMT	9	240 Royal Commission into Violence, Abuse, Neglect and Exploitation of People with Disability: Final Report
ArialMT	11	• guidelines explaining the nature and content of the obligation under the
Arial-ItalicMT	11	Disability Standards for Education 2005 (Cth) (Education Standards) to
ArialMT	11	consult with students with disability and their parents, carers and supporters
ArialMT	11	• information explaining the sources of funding for providing supports to
ArialMT	11	students with disability and the procedures governing the allocation of funds
ArialMT	11	for that purpose
ArialMT	11	• requirements for schools and principals to keep records and to report on
ArialMT	11	the provision of adjustments for individual students with disability
ArialMT	11	• guidelines for developing individual learning plans for students with
ArialMT	11	disability, including requirements for keeping records on the learning
ArialMT	11	program for each student and for making the records available to parents,
ArialMT	11	carers and supporters
ArialMT	11	• guidelines for ensuring equal access to consent, relationships and sexuality
ArialMT	11	education for students with disability through learning resources, including
ArialMT	11	for neurodiverse students and LGBTIQA+ students.
ArialMT	11	b. State and territory educational authorities should ensure that education providers
ArialMT	11	have greater access to tools and resources to:
ArialMT	11	• assist principals and teachers to adapt the curriculum and teaching and
ArialMT	11	assessment practices to enable diverse learners, especially those with
ArialMT	11	complex communication or support needs, to participate in learning
ArialMT	11	experiences on the same basis as students without disability enrolled in
ArialMT	11	the same course (subject to the unjustifiable hardship qualification in the
Arial-ItalicMT	11	Disability Discrimination Act 1992 (Cth))
ArialMT	11	• support culturally safe adjustments to teaching strategies for particular
ArialMT	11	students with disability, such as First Nations students and students from
ArialMT	11	culturally and linguistically diverse communities.
ArialMT	11	c. The Australian Government, through the responsible minister, should consider
ArialMT	11	whether the Education Standards should be amended to address the proposals
ArialMT	11	in a. and b.. However, any such consideration should not delay state and territory
ArialMT	11	educational authorities implementing a. and b..
DINPro-Medium	13	Recommendation 7.4 Participation in school communities
ArialMT	11	State and territory school educational authorities should:
ArialMT	11	• wherever practicable, locate any new non-mainstream schools and, over
ArialMT	11	time, relocate existing non-mainstream schools within or in close proximity to
ArialMT	11	mainstream schools
ArialMT	11	• facilitate, to the maximum extent feasible, participation by individual students and
ArialMT	11	groups of students enrolled in non-mainstream schools in educational, cultural,
ArialMT	9	Executive Summary, Our vision for an inclusive Australia and Recommendations 241
ArialMT	11	sporting, recreational and celebratory activities with their peers (whether with or
ArialMT	11	without disability) enrolled in mainstream schools
ArialMT	11	• create partnerships between mainstream and non-mainstream schools as a
ArialMT	11	means of encouraging and arranging regular interchange between students
ArialMT	11	enrolled in each setting.
DINPro-Medium	13	Recommendation 7.5 Careers guidance and transition support services
ArialMT	11	State and territory educational authorities should implement a careers guidance and
ArialMT	11	transition support service for students with disability to aid transition from all educational
ArialMT	11	institutions to further education and/or open employment. The service should:
ArialMT	11	• commence transition planning in year 9 in collaboration with students, their
ArialMT	11	parents and carers to help students define and articulate their goals and
ArialMT	11	aspirations beyond school
ArialMT	11	• take into account the diversity of students with disability, including students
ArialMT	11	with higher levels of support needs, First Nations students and students from
ArialMT	11	culturally and linguistically diverse backgrounds
ArialMT	11	• provide students with disability and their families access to clear and accessible
ArialMT	11	information and resources about future study options and labour market opportunities
ArialMT	11	• provide students with opportunities to undertake work experience in open
ArialMT	11	employment aligned with their goals and interests
ArialMT	11	• provide linkages to further education providers, employment service providers and
ArialMT	11	government services (including the National Disability Coordination Officer Program,
ArialMT	11	the National Disability Insurance Scheme (NDIS) School Leaver Employment
ArialMT	11	Support, Disability Employment Services, and NDIS Local Area Coordinators).
DINPro-Medium	13	Recommendation 7.6 Student and parental communication
DINPro-Medium	13	and relationships
ArialMT	11	a. State and territory educational authorities should update their policies and
ArialMT	11	guidance for schools to support the implementation and continuous improvement
ArialMT	11	of requirements for student and parental communication and relationships.
ArialMT	11	These should:
ArialMT	11	• include clear, accessible material for students with disability and their
ArialMT	11	families on their rights and school obligations
ArialMT	11	• target decision-making for individual students and at the whole-of-school-level
ArialMT	11	• cover applications to attend a local school and address how students and
ArialMT	11	parents should expect to be involved in decision making, adjustments and
ArialMT	11	complaints handling and informal resolution processes
ArialMT	9	242 Royal Commission into Violence, Abuse, Neglect and Exploitation of People with Disability: Final Report
ArialMT	11	• indicate types of decisions that require formal parental agreement, such as
ArialMT	11	approaches to behaviour management
ArialMT	11	• be co-designed with people with disability and their families.
ArialMT	11	b. State and territory educational authorities should develop material similar to that
ArialMT	11	outlined in a. specifically for First Nations students with disability in consultation
ArialMT	11	with First Nations students with disability, parents and kinship carers. The cultural
ArialMT	11	diversity and understanding of disability in Aboriginal and Torres Strait Islander
ArialMT	11	cultures should be considered in this process.
ArialMT	11	c. School principals should work with their governing bodies and school
ArialMT	11	communities to establish local school policies, procedures and practices
ArialMT	11	to enable students with disability and their parents, carers and advocates to fully
ArialMT	11	and effectively take part in the school community and decisions that affect a
ArialMT	11	student’s educational experience.
ArialMT	11	d. In undertaking c., school principals should consult with First Nations parents and
ArialMT	11	kinship carers and consider the cultural diversity and understanding of disability
ArialMT	11	in Aboriginal and Torres Strait Islander cultures.
ArialMT	11	e. The Australian Government, through the responsible minister, should consider
Arial-ItalicMT	11	updating the Disability Standards for Education 2005 (Cth) to:
ArialMT	11	• ensure students with disability can participate as fully as possible in an
ArialMT	11	age-appropriate manner in decision making concerning their educational
ArialMT	11	programs and the adjustments they require
ArialMT	11	• entitle parents, supporters and carers of students with disability to be
ArialMT	11	assisted by schools or principals on decisions relating to school-wide
ArialMT	11	adjustments to facilities and classroom practices of particular significance
ArialMT	11	to students with disability.
DINPro-Medium	14	Embedding inclusive education
DINPro-Medium	13	Recommendation 7.7 Inclusive education units and First Nations expertise
ArialMT	11	a. State and territory educational authorities should establish inclusive education
ArialMT	11	units within the relevant departments. These units should provide:
ArialMT	11	• advice to educational authorities, educational institutions and principals
ArialMT	11	on inclusive education issues and policies, and on funding priorities
ArialMT	11	• resources and advice to schools and teachers about implementing
ArialMT	11	inclusive education.
ArialMT	9	Executive Summary, Our vision for an inclusive Australia and Recommendations 243
ArialMT	11	b. Educational authorities should ensure that inclusive education units contain
ArialMT	11	First Nations expertise to allow them to take actions required to improve access
ArialMT	11	to inclusive and culturally appropriate education for First Nations students
ArialMT	11	with disability.
DINPro-Medium	13	Recommendation 7.8 Workforce capabilities, expertise and development
Arial-ItalicMT	11	Knowledge and skills
ArialMT	11	a. The Education Ministers Meeting should commission the Australian Institute
ArialMT	11	for Teaching and School Leadership (AITSL) to review and amend the
ArialMT	11	Australian Professional Standards for Teachers (APST) to embed a human
ArialMT	11	rights based approach to inclusive education for students with disability
ArialMT	11	across teachers’ careers.
ArialMT	11	b. To provide guidance for teachers on the revised APST, the Education
ArialMT	11	Ministers Meeting should instruct AITSL to develop an inclusive education
ArialMT	11	capability framework, setting out the knowledge, skills and attitudes to
ArialMT	11	deliver inclusive education.
Arial-ItalicMT	11	Continuing professional development
ArialMT	11	c. State and territory educational authorities should create and implement professional
ArialMT	11	development strategies based on an inclusive education capability framework for
ArialMT	11	principals, teachers, teaching assistants and teachers of deaf children.
Arial-ItalicMT	11	Disability expertise and skills shortages
ArialMT	11	d. The Education Ministers Meeting should expand the National Teacher Workforce
ArialMT	11	Action Plan to identify actions that can strengthen initial teacher education in
ArialMT	11	inclusive education and attract and retain people with disability and others with
ArialMT	11	expertise in delivering inclusive education.
ArialMT	11	e. State and territory governments should increase access to expertise in inclusive
ArialMT	11	education in government schools by:
ArialMT	11	• employing lead practitioners specialising in inclusive teaching, behavioural
ArialMT	11	support and deaf education to work across schools in a regional catchment
ArialMT	11	to initiate and lead activities that focus on improving educational
ArialMT	11	opportunities for students with disability, including by establishing inclusive
ArialMT	11	learning environments that meet the needs of students
ArialMT	11	• employing skilled and qualified Auslan interpreters
ArialMT	11	• setting employment targets for people with disability in government
ArialMT	11	schools and working with all school sectors in their jurisdiction to increase
ArialMT	11	disability employment.
ArialMT	9	244 Royal Commission into Violence, Abuse, Neglect and Exploitation of People with Disability: Final Report
DINPro-Medium	13	Recommendation 7.9 Data, evidence and building best practice
Arial-ItalicMT	11	Data development and collection
ArialMT	11	a. The Education Ministers Meeting should:
ArialMT	11	• commission a national project to develop data definitions and data
ArialMT	11	collection methods to enable consistent and comparable reporting on
ArialMT	11	educational experiences and outcomes of students with disability
ArialMT	11	• ensure data and information (as detailed at the Appendix and disaggregated
ArialMT	11	by Nationally Consistent Collection of Data on School Students with
ArialMT	11	Disability (NCCD) category, gender, age, stage of schooling, First Nations
ArialMT	11	students, students from culturally and linguistically diverse backgrounds and
ArialMT	11	LGBTIQA+ status) is collected by state and territory departments on:
ArialMT	11	◦ student experiences
ArialMT	11	◦ school outcomes for students with disability
ArialMT	11	◦ progress in addressing barriers to inclusive education practices.
ArialMT	11	b. State and territory governments should enhance data systems and processes
ArialMT	11	to enable all schools to submit at least the minimum data required in the
ArialMT	11	prescribed format.
ArialMT	11	c. State and territory school registration authorities should:
ArialMT	11	• embed data requirements set by the Education Ministers Meeting in
ArialMT	11	registration requirements for all schools in their jurisdiction
ArialMT	11	• require parents registering children with disability for home schooling with
ArialMT	11	the state or territory school regulator to submit standardised information
ArialMT	11	about their child’s educational, social and behavioural progress and support
ArialMT	11	needs to improve understanding of students with disability who are being
ArialMT	11	home schooled and their outcomes.
Arial-ItalicMT	11	Monitoring and reporting
ArialMT	11	d. State and territory education departments should annually report jurisdictional
ArialMT	11	data to the Education Ministers Meeting on minimum data requirements for
ArialMT	11	students with disability. Based on the jurisdictional data, the Education Ministers
ArialMT	11	Meeting should monitor and publicly report annually on:
ArialMT	11	• the educational experiences of students with disability
ArialMT	11	• outcomes of students with disability
ArialMT	11	• progress in addressing barriers to inclusive education practices.
ArialMT	9	Executive Summary, Our vision for an inclusive Australia and Recommendations 245
ArialMT	11	e. To improve reporting of disability data, the Education Ministers Meeting should:
ArialMT	11	• publish school-level NCCD student numbers (by adjustment level) on the
ArialMT	11	My School website, having due regard for privacy issues
ArialMT	11	• commission the Australian Curriculum Assessment and Reporting Authority
ArialMT	11	to work with states and territories on data collection requirements to enable
ArialMT	11	reporting on National Assessments Program – Literacy and Numeracy
ArialMT	11	results for students with disability
ArialMT	11	• include broader school workforce characteristics and information about
ArialMT	11	workforce shortages in state and territory and Australian Government
ArialMT	11	annual inclusive education reporting.
Arial-ItalicMT	11	Improving the evidence base
ArialMT	11	f. To improve the evidence base for best practice for inclusive education, the
ArialMT	11	Education Ministers Meeting should commission the Australian Education
ArialMT	11	Research Organisation to:
ArialMT	11	• develop a research program about inclusive education practices, working
ArialMT	11	with teachers, schools, education systems and people with disability
ArialMT	11	• conduct and coordinate inclusive education research
ArialMT	11	• support schools to translate research into school practices.
DINPro-Medium	13	Recommendation 7.10 Complaint management
ArialMT	11	a. State and territory governments should create or expand existing complaint
ArialMT	11	management offices that operate within educational authorities at arm’s length
ArialMT	11	from schools to help resolve complaints about schools, specifically complaints
ArialMT	11	concerning the treatment of students with disability. These offices should be
ArialMT	11	empowered to:
ArialMT	11	• provide students and parents with information about their rights and options
ArialMT	11	when managing complaints
ArialMT	11	• request information and conduct conciliations, connecting families with
ArialMT	11	advocacy support and specialist disability expertise where needed
ArialMT	11	• initiate a formal investigation if a complaint is serious or otherwise indicates
ArialMT	11	systemic issues
ArialMT	11	• support and assist the complainant in referring matters to the appropriate
ArialMT	11	regulator or independent oversight body if a complaint cannot be
ArialMT	11	effectively resolved
ArialMT	11	• work with schools to analyse complaints and regularly report on how
ArialMT	11	education systems might improve to reduce future complaints
ArialMT	9	246 Royal Commission into Violence, Abuse, Neglect and Exploitation of People with Disability: Final Report
ArialMT	11	• work with school principals to ensure school policies are student-centric,
ArialMT	11	accessible, efficient, safe, trauma-informed and culturally appropriate.
ArialMT	11	b. The Australian Government should include new duties and measures relating to
Arial-ItalicMT	11	complaint management procedures in the Disability Standards for Education 2005
ArialMT	11	(Cth) (Education Standards) to help achieve national quality and consistency, and
ArialMT	11	ensure complaint handling processes are student-centric, accessible, efficient,
ArialMT	11	safe, trauma-informed and culturally appropriate.
ArialMT	11	c. State and territory school registration authorities should embed new complaint
ArialMT	11	handling duties and measures for compliance, as defined in the Education
ArialMT	11	Standards, in registration requirements for all schools in their jurisdiction as
ArialMT	11	a basis to monitor and enforce compliance.
ArialMT	11	d. School principals should ensure their school-level operating policies and
ArialMT	11	procedures for handling complaints:
ArialMT	11	• satisfy the Education Standards requirements
ArialMT	11	• are student-centric, accessible, efficient, safe, trauma-informed and
ArialMT	11	culturally appropriate
ArialMT	11	• are observed in practice.
DINPro-Medium	13	Recommendation 7.11 Stronger oversight and enforcement of school duties
ArialMT	11	a. State and territory governments should strengthen the enforcement of inclusive
ArialMT	11	education practices by expanding school registration requirements to include:
ArialMT	11	• school enrolment policies (see Recommendation 7.1)
ArialMT	11	• procedures to ensure members of the school workforce understand their
ArialMT	11	obligations and are supported to access professional development (see
ArialMT	11	Recommendation 7.8)
ArialMT	11	• procedures to collect, analyse and report on complaints and the use of restrictive
ArialMT	11	practices and exclusionary discipline (see Recommendations 7.2 and 7.10)
ArialMT	11	• reporting on the use of funding for students with disability (see
ArialMT	11	Recommendation 7.12).
ArialMT	11	b. State and territory school registration authorities should monitor compliance with
ArialMT	11	these requirements through cyclical reviews of schools and out-of-cycle reviews
ArialMT	11	in response to individual complaints (or complaint trends) or other information that
ArialMT	11	indicates possible non-compliance with regulatory requirements.
ArialMT	11	c. The Western Australian, Australian Capital Territory and Northern Territory
ArialMT	11	governments should identify appropriate mechanisms to ensure government
ArialMT	11	schools in their jurisdictions are subject to these mandatory obligations, with
ArialMT	11	appropriate monitoring, compliance and enforcement.
ArialMT	9	Executive Summary, Our vision for an inclusive Australia and Recommendations 247
DINPro-Medium	13	Recommendation 7.12 Improving funding
ArialMT	11	a. The Australian Government should work with the Education Ministers Meeting to
ArialMT	11	refine the Nationally Consistent Collection of Data on School Students with Disability
ArialMT	11	(NCCD) levels of adjustments and associated funding for students with disability in
Arial-ItalicMT	11	response to the findings of the Student with disability loading settings review.
ArialMT	11	b. The Australian Government and the Education Ministers Meeting should review
ArialMT	11	disability loading settings and total funding for adjustments every five years to
ArialMT	11	ensure the funding allocated bears a close relationship to the actual cost of
ArialMT	11	supporting students with disability in classrooms and to determine appropriate
ArialMT	11	indexation and distribution of funding.
ArialMT	11	c. State and territory governments should ensure they are using a disability funding
ArialMT	11	model based on strengths and needs that aligns with enhanced NCCD levels of
ArialMT	11	adjustment and Australian Government needs-based funding arrangements to
ArialMT	11	enable students with disability to access and participate in education on an equal
ArialMT	11	basis to their peers.
ArialMT	11	d. State and territory education departments should improve transparency on the
ArialMT	11	use of disability funding in the government school sector by:
ArialMT	11	• developing a methodology and reporting template to record the use of all
ArialMT	11	sources of school funding against defined categories of adjustments and
ArialMT	11	support for students with disability
ArialMT	11	• applying this methodology and template to record expenditure on services
ArialMT	11	and staff commissioned by the department on behalf of schools for students
ArialMT	11	with disability
ArialMT	11	• publicly reporting on how the needs of students with disability are being met
ArialMT	11	from all available resources, with early priority given to capturing the use of
ArialMT	11	disability-specific loadings and other disability-specific program funding.
ArialMT	11	e. State and territory school registration authorities should require schools to
ArialMT	11	complete the funding template mentioned at d. and submit the template to the
ArialMT	11	relevant state or territory education department
DINPro-Medium	13	Recommendation 7.13 National Roadmap to Inclusive Education
ArialMT	11	a. The Education Ministers Meeting should publicly release a ‘National Roadmap
ArialMT	11	to Inclusive Education’ for students with disability. The roadmap should:
ArialMT	11	• detail the outcome measures, targets, actions and milestones for delivering
ArialMT	11	the Royal Commission’s recommendations for inclusive education
ArialMT	11	• provide public transparency on how the recommendations will be
ArialMT	11	implemented and progress tracked and publicly reported.
ArialMT	9	248 Royal Commission into Violence, Abuse, Neglect and Exploitation of People with Disability: Final Report
ArialMT	11	b. State and territory education ministers should report annually to the Education
ArialMT	11	Ministers Meeting on progress against agreed milestones and associated
ArialMT	11	outcome performance measures in the roadmap. Annual progress reports
ArialMT	11	should outline actions to overcome identified barriers to progress and be
ArialMT	11	publicly released.
ArialMT	11	c. The Education Ministers Meeting should identify the National Roadmap to
ArialMT	11	Inclusive Education in its 2024 report to National Cabinet as one of its priorities
ArialMT	11	and include it in its workplan.
DINPro-Medium	14	Achieving inclusion while phasing out special/segregated
DINPro-Medium	14	education settings
DINPro-Medium	13	Recommendation 7.14 Phasing out and ending special/segregated education
ArialMT	11	Commissioners Bennett, Galbally and McEwin recommend:
ArialMT	11	a. The Australian Government and state and territory governments should recognise
ArialMT	11	that inclusive education as required by article 24 of the Convention on the Rights
ArialMT	11	of Persons with Disabilities is not compatible with sustaining special/segregated
ArialMT	11	education as a long-term feature of education systems in Australia.
ArialMT	11	b. As part of the National School Reform Agreement 2025–2029, the Education
ArialMT	11	Ministers Meeting should agree to:
ArialMT	11	• the phasing out of special/segregated education
ArialMT	11	• no new special/segregated schools being built or new special/segregated
ArialMT	11	classes or units being included within schools from 2025
ArialMT	11	• a process for work on milestones and activities related to ceasing special/
ArialMT	11	segregated education by all jurisdictions.
ArialMT	11	c. As part of the National School Reform Agreement 2030–2034, the Education
ArialMT	11	Ministers Meeting should agree to milestones for phasing out and ending special/
ArialMT	11	segregated education settings and financial penalties for failing to meet these
ArialMT	11	milestones, including:
ArialMT	11	• no new enrolments of students with disability in special/segregated schools
ArialMT	11	from 2032
ArialMT	11	• no new placements of students with disability in special/segregated units
ArialMT	11	or classes from 2041
ArialMT	11	• no students remaining in special/segregated schools by the end of 2051.
ArialMT	9	Executive Summary, Our vision for an inclusive Australia and Recommendations 249
ArialMT	11	d. The Education Ministers Meeting should update the Roadmap to Inclusive
ArialMT	11	Education and Australia’s Disability Strategy to incorporate the milestones and
ArialMT	11	actions to phase out and end special/segregated education settings included in
ArialMT	11	the National School Reform Agreement 2030–2034.
ArialMT	11	e. The Australian Government should consider the design of a ‘Transition Fund’
ArialMT	11	under the National School Reform Agreement from 2028 to provide discrete
ArialMT	11	funding to schools that require additional support as part of their transition
ArialMT	11	journey, with clear performance and reporting requirements.
ArialMT	11	f. Consistent with phasing out and ending special/segregated education, states
ArialMT	11	and territories should implement the following recommendations:
ArialMT	11	• when no students are in special/segregated schools, the sunsetting of:
ArialMT	11	◦ measures to prevent gatekeeping (see Recommendation 7.1)
ArialMT	11	◦ provisions to facilitate the engagement of students with disability enrolled
ArialMT	11	in special/segregated schools with students and activities of mainstream
ArialMT	11	schools (see Recommendation 7.4)
ArialMT	11	• to prevent stigmatisation and segregation of students with disability, ensure
ArialMT	11	the careers guidance and transition support program for students with
ArialMT	11	disability (see Recommendation 7.5):
ArialMT	11	◦ is delivered alongside careers guidance for students without disability
ArialMT	11	◦ has clear rules that no student with disability can be referred to work
ArialMT	11	experience or employment through Australian Disability Enterprises.
DINPro-Medium	14	Achieving inclusion and retaining choice
DINPro-Medium	13	Recommendation 7.15 An alternative approach
ArialMT	11	The Chair and Commissioners Mason and Ryan recommend:
ArialMT	11	a. State and territory educational authorities should implement the
ArialMT	11	following measures:
ArialMT	11	• wherever practicable locate new non-mainstream schools (that is, schools
ArialMT	11	that enrol exclusively or primarily children and young people with complex
ArialMT	11	support needs) and relocate existing non-mainstream schools within or in
ArialMT	11	close proximity to mainstream schools
ArialMT	11	• create partnerships between mainstream and non-mainstream schools as
ArialMT	11	a means of encouraging and arranging regular interchange between groups
ArialMT	11	of students enrolled in the schools
ArialMT	9	250 Royal Commission into Violence, Abuse, Neglect and Exploitation of People with Disability: Final Report
ArialMT	11	• facilitate to the maximum extent feasible participation by individual students
ArialMT	11	and groups of students enrolled in non-mainstream schools in educational,
ArialMT	11	cultural, sporting, recreational and celebratory activities with their peers in
ArialMT	11	partnership with mainstream schools and other educational institutions
ArialMT	11	• arrange for students in non-mainstream schools, where practicable,
ArialMT	11	to participate in classes and educational activities with their peers in
ArialMT	11	mainstream schools
ArialMT	11	• establish programs for students enrolled in mainstream schools to
ArialMT	11	participate in activities with their peers in non-mainstream schools
ArialMT	11	• provide, where appropriate, for concurrent enrolment for individual students
ArialMT	11	in both mainstream and non-mainstream schools
ArialMT	11	• assist non-mainstream schools to facilitate where appropriate, the transition
ArialMT	11	of students with disability, particularly those with complex support needs,
ArialMT	11	to mainstream schools, whether on a full-time or part-time basis
ArialMT	11	• provide assistance to mainstream and non-mainstream schools in
ArialMT	11	understanding the strengths and skills of students with disability for
ArialMT	11	post-school transition, including assistance in planning and preparing
ArialMT	11	for further study and training
ArialMT	11	• ensure non-mainstream schools encourage and support students with
ArialMT	11	disability completing their education to seek and obtain employment in
ArialMT	11	the open labour market, rather than in Australian Disability Enterprises
ArialMT	11	or similar environments.
ArialMT	11	b. The National Disability Commission (see Recommendation 5.5) should conduct
ArialMT	11	or arrange for a comprehensive review of progress towards providing inclusive
ArialMT	11	education for children and young people with complex support needs. The review’s
ArialMT	11	assessment should include the matters we have identified.
DINPro-Medium	16	Part B: Inclusive employment
DINPro-Medium	14	Reforming the Disability Employment Service Program
DINPro-Medium	13	Recommendation 7.16 Priorities for inclusion in the new Disability
DINPro-Medium	13	Employment Services model
ArialMT	11	The Australian Government Department of Social Services should ensure that the
ArialMT	11	design of the new Disability Employment Services model:
ArialMT	11	• is developed using inclusive design principles, and co-designed by people with
ArialMT	11	disability who are employed as paid members of the design team
ArialMT	9	Executive Summary, Our vision for an inclusive Australia and Recommendations 251
ArialMT	11	• adopts customised employment models as a core component of service provision
ArialMT	11	• ensures funding arrangements facilitate flexible employment supports, such
ArialMT	11	as customised employment, and support the progress of Disability Employment
ArialMT	11	Services participants in achieving employment goals and long-term
ArialMT	11	employment outcomes
ArialMT	11	• considers options to remove the requirement for a person to have a minimum
ArialMT	11	future work capacity of eight hours a week in order to access the Disability
ArialMT	11	Employment Services program, to facilitate access for all people with disability
ArialMT	11	to the new model.
DINPro-Medium	13	Recommendation 7.17 Develop education and training resources for
DINPro-Medium	13	Disability Employment Services staff
ArialMT	11	The Australian Government Department of Social Services should develop a suite of
ArialMT	11	accessible education and training resources for providers of Disability Employment
ArialMT	11	Services to upskill their staff.
ArialMT	11	Resources should be co-designed by people with disability and involve consultation
ArialMT	11	with advocates, employers and Disability Employment Services providers.
ArialMT	11	Resources should address the gaps we have identified, including in:
ArialMT	11	• disability awareness
ArialMT	11	• cultural competence
ArialMT	11	• human rights
ArialMT	11	• customised employment
ArialMT	11	• employer engagement
ArialMT	11	• Disability Employment Services guidelines and procedures.
DINPro-Medium	14	Increasing public sector employment for people with disability
DINPro-Medium	13	Recommendation 7.18 Establish specific and disaggregated targets for
DINPro-Medium	13	disability employment in the public sector
ArialMT	11	The Australian Government and state and territory governments should adopt specific
ArialMT	11	and disaggregated targets to increase the proportion in the public sector of:
ArialMT	11	• employees with disability at entry and graduate levels
ArialMT	11	• employees with disability at executive levels
ArialMT	11	• employees with cognitive disability.
ArialMT	9	252 Royal Commission into Violence, Abuse, Neglect and Exploitation of People with Disability: Final Report
ArialMT	11	Public sector targets should be supported by:
ArialMT	11	• clear employment pathways into the relevant public services for each target cohort
ArialMT	11	• measures and programs to support the recruitment and progression of
ArialMT	11	each target cohort
ArialMT	11	• provision of appropriate supports.
ArialMT	11	The Australian Public Service Commission and state and territory public service
ArialMT	11	commissions should ensure these targets contribute to their existing overall employment
ArialMT	11	targets for people with disability.
DINPro-Medium	13	Recommendation 7.19 Establish specific disability employment targets for
DINPro-Medium	13	new public service hires in agencies and departments
ArialMT	11	The Australian Government and state and territory government departments and
ArialMT	11	agencies should be required to set a target to ensure that a proportion of new public
ArialMT	11	service hires to their respective workforce are people with disability.
ArialMT	11	The target should be at least 7 per cent by 2025.
ArialMT	11	The target should increase to at least 9 per cent by 2030.
DINPro-Medium	13	Recommendation 7.20 Clarify the application of the merit principle
DINPro-Medium	13	in public sector recruitment
ArialMT	11	The Australian Public Service Commission should incorporate clearer directions
ArialMT	11	in Australian Public Service training and support on applying the merit principle in
ArialMT	11	recruitment. Training and support materials should:
ArialMT	11	• specifically address the importance of having a diverse public sector workforce
ArialMT	11	that reflects the community it serves
ArialMT	11	• provide guidance in considering the need for diversity in the application
ArialMT	11	of the merit principle in recruitment.
DINPro-Medium	13	Recommendation 7.21 Introduce consistent adjustment principles and
DINPro-Medium	13	adjustment passports
ArialMT	11	The Australian Public Service Commission should:
ArialMT	11	a. lead the development of common principles to underpin adjustment policies for
ArialMT	11	providing and managing adjustments in the public sector. This should occur in
ArialMT	11	partnership with state and territory public service commissions. The principles
ArialMT	11	should be used to inform Australian Government and state and territory
ArialMT	11	government department policies and procedures on adjustments. The principles
ArialMT	11	should include:
ArialMT	9	Executive Summary, Our vision for an inclusive Australia and Recommendations 253
ArialMT	11	• clear and accessible processes for staff to request adjustments
ArialMT	11	• timeframes for implementing adjustments and a process for review and
ArialMT	11	seeking feedback on adjustments
ArialMT	11	• clear and accessible processes for making and responding to complaints
ArialMT	11	relating to adjustments (including complaints about refusal to provide
ArialMT	11	an adjustment)
ArialMT	11	• clear policies on handling and sharing information about a person’s
ArialMT	11	disability or adjustments
ArialMT	11	• referrals to internal and external supports in relation to requesting and
ArialMT	11	managing adjustments
ArialMT	11	• requirements to collect data on applications for, and the implementation
ArialMT	11	of, adjustments.
ArialMT	11	b. develop an Australian Public Service-wide adjustment passport to improve the
ArialMT	11	ease with which people with disability can maintain and transfer their adjustments
ArialMT	11	when moving within the Australian Public Service.
DINPro-Medium	13	Recommendation 7.22 Public reporting on public sector disability
DINPro-Medium	13	employment strategies and targets
ArialMT	11	The Australian Public Service Commission and state and territory public service
ArialMT	11	commissions should report annually on the progress of their public sector disability
ArialMT	11	employment strategies, including progress against overall and disaggregated targets
ArialMT	11	for increasing the percentage of employees with disability. These reports should be
ArialMT	11	published and made available in accessible formats.
DINPro-Medium	14	Promoting accessibility through procurement policies
DINPro-Medium	13	Recommendation 7.23 Strengthen disability employment procurement
DINPro-Medium	13	policies
ArialMT	11	The Australian Government and state and territory governments should adopt
ArialMT	11	procurement policies that:
ArialMT	11	a. favour businesses and entities able to demonstrate, in accordance with published
ArialMT	11	criteria, they are providing employment opportunities for people with disability in
ArialMT	11	open, inclusive and accessible settings, including people with intellectual disability
ArialMT	11	or cognitive impairments.
ArialMT	9	254 Royal Commission into Violence, Abuse, Neglect and Exploitation of People with Disability: Final Report
ArialMT	11	b. require all information and communication technology purchases to comply
ArialMT	11	with the current Australian information and communication technology (ICT)
ArialMT	11	accessibility standard (AS EN 301 549:2020 – Accessibility requirements for
ArialMT	11	ICT products and services).
DINPro-Medium	14	Improving the regulatory environment
DINPro-Medium	13	Recommendation 7.24 Convene a Disability Employment Rights Council
ArialMT	11	The Australian Government should convene a Disability Employment Rights Council to
ArialMT	11	improve coordination, consistency and clarity across regulatory bodies and frameworks
ArialMT	11	to improve outcomes for people with disability in employment.
DINPro-Medium	13	Recommendation 7.25 Amend the Fair Work Act 2009 (Cth)
ArialMT	11	The Fair Work Act 2009 (Cth) should be amended to:
ArialMT	11	a. ensure the definition of ‘disability’ is consistent with the Disability Discrimination
Arial-ItalicMT	11	Act 1992 (Cth)
ArialMT	11	b. remove the words ‘physical and mental’ preceding ‘disability’ in sections 351 and 772.
DINPro-Medium	13	Recommendation 7.26 Amend the Disability Discrimination Act 1992 (Cth)
ArialMT	11	Section 21A of the Disability Discrimination Act 1992 (Cth) should be amended to
ArialMT	11	expand the factors to be considered in determining whether a prospective or existing
ArialMT	11	employee would be able to carry out the inherent requirements of a particular role.
ArialMT	11	These factors include the:
ArialMT	11	• nature and extent of any adjustments made
ArialMT	11	• extent of consultation with any person with disability concerned.
DINPro-Medium	13	Recommendation 7.27 Enable a Fair Work Ombudsman referral mechanism
ArialMT	11	The Australian Government should expand the functions of the Fair Work Ombudsman
ArialMT	11	to allow a matter involving an employee with disability to be referred back to the Fair
ArialMT	11	Work Ombudsman by relevant authorities if they:
ArialMT	11	• consider a complaint may be best addressed by the Fair Work Ombudsman
ArialMT	11	• have the complainant’s consent to do so.
ArialMT	11	The referral mechanism should be available in instances where a matter was initially
ArialMT	11	referred by the Fair Work Ombudsman to a relevant authority.
ArialMT	9	Executive Summary, Our vision for an inclusive Australia and Recommendations 255
DINPro-Medium	14	Supporting transitions to inclusive employment
DINPro-Medium	13	Recommendation 7.28 Improve information about wages and the Disability
DINPro-Medium	13	Support Pension
ArialMT	11	The Australian Government should fund Disability Representative Organisations to
ArialMT	11	deliver an information campaign for employees with disability in Australian Disability
ArialMT	11	Enterprises. This campaign should provide information about:
ArialMT	11	• open employment, including wage conditions
ArialMT	11	• how receipt of the Disability Support Pension (DSP) interacts with a person’s
ArialMT	11	wages, including –
ArialMT	11	◦ assistance with financial literacy materials
ArialMT	11	◦ supports for individuals to calculate how changes to their DSP or wages
ArialMT	11	impact their overall income and financial situation
ArialMT	11	• options for a person to suspend their DSP if they are earning above the threshold
ArialMT	11	• who to contact to ask questions or obtain further information.
ArialMT	11	This information should be available in a range of accessible formats.
DINPro-Medium	13	Recommendation 7.29 Embed an ‘open employment first’ approach in the
DINPro-Medium	13	NDIS Participant Employment Strategy
ArialMT	11	Following the conclusion of the NDIS Participant Employment Strategy in 2023,
ArialMT	11	the National Disability Insurance Scheme (NDIS) should adopt an ‘open employment
ArialMT	11	first’ approach in the next iteration of the strategy. The strategy should:
ArialMT	11	• ensure the development of employment goals in participants’ NDIS plans
ArialMT	11	considers employment in open and integrated employment settings as a
ArialMT	11	first option
ArialMT	11	• provide training for Local Area Coordinators, National Disability Insurance
ArialMT	11	Agency planners and support coordinators to build knowledge, resources
ArialMT	11	and capacity to encourage participants to –
ArialMT	11	◦ develop employment goals in open and integrated employment settings as
ArialMT	11	a first option
ArialMT	11	◦ identify appropriate supports available to achieve open employment goals
ArialMT	11	establish a target to increase the proportion of participants in open and
ArialMT	11	integrated employment settings
ArialMT	9	256 Royal Commission into Violence, Abuse, Neglect and Exploitation of People with Disability: Final Report
ArialMT	11	• build the knowledge and capacity of NDIS employment support providers to assist
ArialMT	11	participants to –
ArialMT	11	◦ transition from Australian Disability Enterprises to open and integrated
ArialMT	11	employment settings
ArialMT	11	◦ provide ongoing support in open and integrated employment settings.
DINPro-Medium	13	Recommendation 7.30 Support the transition to inclusive employment
ArialMT	11	The Australian Government Department of Social Services should develop a plan to
ArialMT	11	support people with disability working in Australian Disability Enterprises (ADEs) to move
ArialMT	11	to inclusive, open employment options in a range of settings.
ArialMT	11	The plan should incorporate:
ArialMT	11	• the option for people with disability to continue working in ADEs, with strong and
ArialMT	11	appropriate safeguards, if that is their free and informed choice. Commissioners
ArialMT	11	Bennett, Galbally, Mason and McEwin provide a recommendation to phase
ArialMT	11	out ADEs by 2034 (Recommendation 7.32). They support this element of
ArialMT	11	Recommendation 7.30 until ADEs are phased out
ArialMT	11	• action to increase employment opportunities in open and inclusive settings
ArialMT	11	for people with disability (linking with Recommendation 7.29)
ArialMT	11	• improved information for people with disability about employment supports,
ArialMT	11	opportunities in other settings, wages and the Disability Support Pension (linking
ArialMT	11	with Recommendation 7.28)
ArialMT	11	• active consultation with people with disability, Disability Representative
ArialMT	11	Organisations and Disabled People’s Organisations Australia, and the adoption
ArialMT	11	of inclusive design principles in developing and implementing the plan
ArialMT	11	• the Australian Government working with industry to support people with disability
ArialMT	11	to access more inclusive, open employment options and to transform their
ArialMT	11	segregated employment services to a more comprehensive service offering
ArialMT	11	• improved collaboration between the National Disability Insurance Scheme and
ArialMT	11	Disability Employment Services to ensure different employment services work
ArialMT	11	cohesively to deliver supports for people with intellectual disability and others.
ArialMT	9	Executive Summary, Our vision for an inclusive Australia and Recommendations 257
DINPro-Medium	14	Raising subminimum wages
DINPro-Medium	13	Recommendation 7.31 Raise subminimum wages
ArialMT	11	a. The Australian Government should introduce a scheme to ensure that employees
ArialMT	11	with disability are paid at least half the minimum wage. The scheme
ArialMT	11	should include:
ArialMT	11	• revision of the productivity-based wages calculation to accommodate the
ArialMT	11	move to a new minimum amount of 50 per cent of the current minimum wage
ArialMT	11	• a provision for the Australian Government to subsidise employers for
ArialMT	11	the difference between the wages payable under the relevant award or
ArialMT	11	enterprise agreement and the new minimum wage until 2034.
ArialMT	11	b. A review of the scheme should be undertaken by the Disability Reform Ministerial
ArialMT	11	Council after five years of operation.
ArialMT	11	c. The Australian Government should use the results of the review to develop a
ArialMT	11	model and pathway to lift minimum wages payable to employees with disability
ArialMT	11	to 100 per cent of the minimum wage by 2034.
DINPro-Medium	14	A roadmap for inclusive employment
DINPro-Medium	13	Recommendation 7.32 End segregated employment by 2034
ArialMT	11	a. Commissioners Bennett, Galbally, Mason and McEwin recommend the Australian
ArialMT	11	Government Department of Social Services should develop and implement
ArialMT	11	a National Inclusive Employment Roadmap to transform Australian Disability
ArialMT	11	Enterprises (ADEs) and eliminate subminimum wages for people with disability
ArialMT	11	by 2034.
ArialMT	11	b. The National Inclusive Employment Roadmap should be centred on the
ArialMT	11	following principles:
ArialMT	11	• equal access for people with disability to all opportunities for employment,
ArialMT	11	starting with the Australian Public Service and state and territory public services
ArialMT	11	• increased availability of jobs for people with disability, especially in:
ArialMT	11	◦ Australian and state and territory public services supported by the
ArialMT	11	payment of full minimum wages to all employees, consistent with the
ArialMT	11	public sector acting as a model employer. This recommendation would
ArialMT	11	operate in advance of Recommendation 7.31 to raise all subminimum
ArialMT	11	wages to the full minimum wage by 2034
ArialMT	9	258 Royal Commission into Violence, Abuse, Neglect and Exploitation of People with Disability: Final Report
ArialMT	11	◦ non-government organisations that receive government grants
ArialMT	11	◦ private companies that receive government procurement contracts
ArialMT	11	• availability of evidence-based supports to facilitate job readiness,
ArialMT	11	participation and ongoing development, particularly for people with
ArialMT	11	intellectual disability
ArialMT	11	• better pathways to work for people with disability
ArialMT	11	• as set out in Recommendation 7.31, lifting wages to 50 per cent of the
ArialMT	11	minimum wage, with all people with disability moving to the full minimum
ArialMT	11	wage by 2034 (noting our expectation that the public sector, as a model
ArialMT	11	employer, will pay full minimum wages to employees with disability
ArialMT	11	before that time)
ArialMT	11	• governance and accountability for system change.
ArialMT	11	c. The National Inclusive Employment Roadmap should address:
ArialMT	11	• the reform of ADEs to operate in accordance with the social firm model,
ArialMT	11	providing open workplaces in which employees with disability can receive
ArialMT	11	support in an integrated setting to undertake work tasks, develop skills and
ArialMT	11	transition to further open employment
ArialMT	11	• the establishment of a grant-based Structural Adjustment Fund to support
ArialMT	11	increases in the minimum wage and achieve transformation targets in ADEs
ArialMT	11	• support for people with disability to transition to open employment through
ArialMT	11	programs such as the School Leaver Employment Supports program.
ArialMT	11	d. To support the National Inclusive Employment Roadmap as ADEs transform
ArialMT	11	into social firms, government procurement rules should also be amended to
ArialMT	11	give preference to enterprises that can demonstrate they provide employment
ArialMT	11	opportunities to people with disability in open, inclusive and accessible settings
ArialMT	11	and pay employees with disability at least the full minimum wage at the time
ArialMT	11	of the procurement process (this recommendation would operate in advance of
ArialMT	11	the general recommendation to raise all subminimum wages to the full minimum
ArialMT	11	wage by 2034).
ArialMT	11	e. The implementation of the National Inclusive Employment Roadmap should be
ArialMT	11	monitored by the Disability Reform Ministerial Council.
ArialMT	9	Executive Summary, Our vision for an inclusive Australia and Recommendations 259
DINPro-Medium	16	Part C: Inclusive housing
DINPro-Medium	14	Effective housing and disability policy frameworks
DINPro-Medium	13	Recommendation 7.33 Prioritise people with disability in key national
DINPro-Medium	13	housing and homelessness approaches
ArialMT	11	a. The Australian Government should, in collaboration with state and territory
ArialMT	11	governments, expressly identify people with disability in key housing-related
ArialMT	11	agreements and planning including the:
ArialMT	11	• National Housing and Homelessness Agreement (NHHA), which
ArialMT	11	should include people with disability as a priority group of housing and
ArialMT	11	homelessness reforms
ArialMT	11	• proposed National Housing and Homelessness Plan, which should include
ArialMT	11	people with disability as a priority group, and include the measurement
ArialMT	11	and evaluation of outcomes for people with disability
ArialMT	11	• National Housing Supply and Affordability Council, which should include
ArialMT	11	people with disability as a priority group in the development of housing
ArialMT	11	supply and affordability policy advice, data collection and reporting.
ArialMT	11	b. All state and territory governments should include people with disability in
ArialMT	11	housing and homelessness strategies, policies and action plans developed
ArialMT	11	under the NHHA. This should include people with disability as a priority group,
ArialMT	11	and the monitoring and evaluation of implementation and outcomes for people
ArialMT	11	with disability.
DINPro-Medium	13	Recommendation 7.34 Include homelessness in Australia’s
DINPro-Medium	13	Disability Strategy
ArialMT	11	The Australian Government should increase the focus on homelessness in Australia’s
ArialMT	11	Disability Strategy by:
ArialMT	11	a. ensuring consultations concerning, and reviews of, Australia’s Disability Strategy
ArialMT	11	include people with disability at risk of experiencing homelessness and their
ArialMT	11	representative organisations
ArialMT	11	b. expressly including homelessness as a policy priority within the ‘Inclusive Homes
ArialMT	11	and Communities’ key outcomes.
ArialMT	9	260 Royal Commission into Violence, Abuse, Neglect and Exploitation of People with Disability: Final Report
DINPro-Medium	14	Housing accessibility
DINPro-Medium	13	Recommendation 7.35 Increase the availability and supply of accessible
DINPro-Medium	13	and adaptive housing for people with disability through the National
DINPro-Medium	13	Construction Code
ArialMT	11	State and territory governments should commit to increasing the availability and supply
ArialMT	11	of accessible and adaptive housing for people with disability by:
ArialMT	11	a. immediately adopting the mandatory Australian Building Codes Board (ABCB)
ArialMT	11	Livable Housing Design Standard for all new dwellings if they have not done
ArialMT	11	so already, and developing a plan for the full implementation of the standard,
ArialMT	11	including timeframes and outcomes measures
ArialMT	11	b. adopting the voluntary ABCB Livable Housing Design Standard for all new social
ArialMT	11	housing construction
ArialMT	11	c. auditing the demand for, and accessibility of, current crisis housing (including
ArialMT	11	domestic family violence shelters and refuges, and natural disaster crisis
ArialMT	11	accommodation) to –
ArialMT	11	• determine the appropriate amount, location and cost of crisis housing
ArialMT	11	required to meet the needs of people with disability
ArialMT	11	• set appropriate targets for new crisis housing construction and refurbishment
ArialMT	11	that meet the voluntary ABCB Livable Housing Design Standard.
DINPro-Medium	13	Recommendation 7.36 Improve social housing operational policy
DINPro-Medium	13	and processes
ArialMT	11	State and territory governments should develop and implement accessible and
ArialMT	11	inclusive processes for allocating and modifying social housing for people with disability,
ArialMT	11	including by:
ArialMT	11	a. reviewing and amending application processes to:
ArialMT	11	• identify whether applicants have a disability or accessibility needs, including
ArialMT	11	those relating to communication, housing and access to community/support
ArialMT	11	networks and services
ArialMT	11	• put processes in place to update this information as needs change
ArialMT	11	b. reviewing, amending and publishing (in accessible formats) housing allocation and
ArialMT	11	‘reasonable offer’ policies and procedures to ensure these can be easily understood
ArialMT	11	and do not disadvantage people with disability seeking particular adjustments or
ArialMT	11	modifications, or people who decline housing for accessibility reasons
ArialMT	9	Executive Summary, Our vision for an inclusive Australia and Recommendations 261
ArialMT	11	c. reviewing, amending and publishing (in accessible formats) housing modification
ArialMT	11	policies. The policies should clearly articulate who is responsible for organising
ArialMT	11	and funding housing modifications, expected timeframes, and contacts for
ArialMT	11	following up and raising concerns.
DINPro-Medium	14	Tenancy and other forms of occupancy
DINPro-Medium	13	Recommendation 7.37 Increase tenancy and occupancy protections
DINPro-Medium	13	for people with disability
ArialMT	11	States and territories should review legislation governing the tenancy and occupancy
ArialMT	11	rights of people with disability and adopt the best regulatory and legislative models
ArialMT	11	currently in force, including:
ArialMT	11	a. in the case of tenancies –
ArialMT	11	• enacting legislation to replace landlords’ ‘no-grounds’ termination rights
ArialMT	11	with ‘reasonable grounds’ as currently specified in Victoria, Queensland
ArialMT	11	and Tasmania
ArialMT	11	• for both social housing and private housing tenancies, where a tribunal
ArialMT	11	has discretion whether or not to order termination of the tenancy or that
ArialMT	11	the tenant give up possession, empowering the tribunal to take the tenant’s
ArialMT	11	or a co-occupier’s disability and the nature of that disability into account.
ArialMT	11	b. in the case of non-tenancy accommodation –
ArialMT	11	• adopting the provisions included in the Residential Tenancies Act 1997 (Vic)
ArialMT	11	Part 12A to protect residents of Specialist Disability Accommodation (SDA)
ArialMT	11	under the National Disability Insurance Scheme
ArialMT	11	• introducing ‘occupancy principles’ similar to those under the Boarding
ArialMT	11	Houses Act 2012 (NSW), to cover all non-SDA housing, such as assisted
ArialMT	11	boarding houses in New South Wales and supported residential services
ArialMT	11	in Victoria
ArialMT	11	• extending these occupancy principles to cover ‘general boarding houses’
ArialMT	11	in New South Wales and unsupported boarding and rooming houses in
ArialMT	11	other jurisdictions where many people with disability live. This reform
ArialMT	11	should include conferring jurisdiction on the appropriate tribunal to resolve
ArialMT	11	disputes, particularly in relation to eviction
ArialMT	11	• in hearing disputes about eviction, tribunals be required when determining
ArialMT	11	whether to make an eviction order to consider the occupant’s disability,
ArialMT	11	the nature of that disability, the possibility of retaliatory eviction, and the
ArialMT	11	likelihood of finding suitable alternative accommodation.
ArialMT	9	262 Royal Commission into Violence, Abuse, Neglect and Exploitation of People with Disability: Final Report
DINPro-Medium	14	Safety in supported residential services and their equivalents
DINPro-Medium	13	Recommendation 7.38 Minimum service standards and monitoring and
DINPro-Medium	13	oversight of supported residential services and their equivalents
ArialMT	11	This recommendation applies to state and territory government entities responsible
ArialMT	11	for regulating privately operated and government-funded board and lodging-type
ArialMT	11	supported accommodation services – including supported residential services (SRS)
ArialMT	11	(in Victoria), assisted boarding houses (in New South Wales), Level 3 residential
ArialMT	11	centres (Queensland), and supported residential facilities (SRF) (in South Australia).
ArialMT	11	The entities should develop and implement minimum service and accommodation
ArialMT	11	standards, strengthen oversight mechanisms, and increase service-level monitoring
ArialMT	11	activities and compliance action, as follows:
ArialMT	11	a. Minimum standards should require all SRS providers and their equivalents
ArialMT	11	in other jurisdictions to –
ArialMT	11	• develop support plans for each resident, covering personal care, financial
ArialMT	11	management, medication management, and the use of restrictive practices
ArialMT	11	• keep up-to-date records of how services are delivered in line with support
ArialMT	11	plans, to allow regulatory bodies to more effectively monitor the quality of
ArialMT	11	supports and services by regulatory bodies
ArialMT	11	• establish clear complaint management processes, including how complaints
ArialMT	11	are reported to the central registration body, and a feedback loop for
ArialMT	11	residents, their family and advocates
ArialMT	11	• guarantee access to independent advocacy services through advocacy
ArialMT	11	organisations and community visitor schemes
ArialMT	11	• support residents to access independent advocacy services focused on
ArialMT	11	identifying alternative, longer term accommodation options in recognition
ArialMT	11	of the transitionary nature of these services.
ArialMT	11	b. Monitoring and oversight mechanisms for SRS and their equivalents in other
ArialMT	11	jurisdictions should –
ArialMT	11	• require central registration for all SRS and equivalent services with the
ArialMT	11	relevant state or territory department responsible for SRS standards
ArialMT	11	require all SRS and their equivalents to undergo an initial audit when
ArialMT	11	seeking registration, as well as ongoing audits (minimum yearly) for
ArialMT	9	Executive Summary, Our vision for an inclusive Australia and Recommendations 263
ArialMT	11	monitoring and compliance with all minimum standards. Audits should
ArialMT	11	include direct engagement with people with disability residing in SRS and
ArialMT	11	their equivalents, and should be undertaken centrally by the responsible
ArialMT	11	state or territory department
ArialMT	11	• establish procedures to monitor services in response to complaints and
ArialMT	11	incidents, including when and how the relevant state or territory department
ArialMT	11	will undertake investigations
ArialMT	11	• establish compliance activities in response to audit results and
ArialMT	11	investigations following complaints and incidents, including when
ArialMT	11	registration will be impacted
ArialMT	11	• include the specific rights of community visitor programs to attend and
ArialMT	11	report on standards within SRS and their equivalents
ArialMT	11	• be developed in consultation with other regulatory systems to identify
ArialMT	11	and close regulatory gaps between schemes and settings including SRS,
ArialMT	11	the National Disability Insurance Scheme, and in aged care and mental
ArialMT	11	health services.
ArialMT	11	c. Regulatory entities should have adequate powers to enforce all standards.
ArialMT	11	Up-to-date records of infringements, enforcement action and remedies should
ArialMT	11	be maintained centrally. The regulatory entities should notify substantiated
ArialMT	11	infringements by providers to other oversight bodies with responsibilities for
ArialMT	11	those providers, including the NDIS Quality and Safeguards Commission.
ArialMT	11	d. States and territories should consider whether these recommendations should
ArialMT	11	be implemented in relation to other forms of marginal accommodation for people
ArialMT	11	with disability, including general boarding houses and caravan parks.
DINPro-Medium	14	Preventing and responding to homelessness
DINPro-Medium	13	Recommendation 7.39 Preventing homelessness when people with
DINPro-Medium	13	disability transition from service or institutional settings
ArialMT	11	The Australian Government (including the National Disability Insurance Agency (NDIA))
ArialMT	11	and state and territory governments should commit to a policy of ‘no leaving into
ArialMT	11	homelessness’ for people with disability.
ArialMT	11	The Australian Government (including the NDIA) and state and territory governments
ArialMT	11	should establish or nominate a lead agency with responsibility for planning and
ArialMT	11	coordinating the transition of people with disability from service or institutional settings
ArialMT	11	(including health services, mental health services, correctional facilities, and out-of-home
ArialMT	11	care) directly into safe and appropriate housing.
ArialMT	9	264 Royal Commission into Violence, Abuse, Neglect and Exploitation of People with Disability: Final Report
ArialMT	11	The lead agency should be the NDIA when the person is a National Disability Insurance
ArialMT	11	Scheme (NDIS) participant (consistent with the role of the NDIS under Applied Principles
ArialMT	11	and Tables of Support). If the person is not an NDIS participant, the lead agency should be
ArialMT	11	the agency responsible for the service or institutional setting at the time the person leaves.
ArialMT	11	The role of the lead agency should include:
ArialMT	11	• developing and implementing individual plans for people with disability leaving
ArialMT	11	service or institutional settings to identify housing, services and supports for a
ArialMT	11	successful transition into secure housing
ArialMT	11	• ensuring supports can be put in place before a person with disability leaves
ArialMT	11	the service or institutional setting
ArialMT	11	• coordinating the implementation of the plan until the person with disability
ArialMT	11	has successfully transitioned to safe and appropriate housing.
DINPro-Medium	13	Recommendation 7.40 Address homelessness for people with disability
DINPro-Medium	13	in the National Housing and Homelessness Plan
ArialMT	11	In developing the National Housing and Homelessness Plan, the Australian
ArialMT	11	Government, working with state and territory governments, should:
ArialMT	11	a. identify people with disability, particularly people with intellectual disability or
ArialMT	11	cognitive impairment, as a discrete cohort or cohorts for intensive homelessness
ArialMT	11	support, recognising their needs, circumstances and diversity
ArialMT	11	b. review the adequacy of funding for homelessness, with particular regard to the
ArialMT	11	cost of providing more intensive homelessness support for people with disability
ArialMT	11	and complex needs, and current levels of unmet demand
ArialMT	11	c. expand pathways and support for people with disability out of homelessness,
ArialMT	11	including through Housing First programs
ArialMT	11	d. consider establishing free, independent legal advice and advocacy services
ArialMT	11	for people with disability experiencing homelessness to help them navigate
ArialMT	11	the different homelessness supports to which they are entitled at state or
ArialMT	11	territory and Australian Government levels.
ArialMT	9	Executive Summary, Our vision for an inclusive Australia and Recommendations 265
DINPro-Medium	14	Improving group homes
DINPro-Medium	13	Recommendation 7.41 Group home reform
ArialMT	11	The NDIS Quality and Safeguards Commission should prioritise the implementation of
ArialMT	11	the Own Motion Inquiry into Aspects of Supported Accommodation – Action Plan (the
ArialMT	11	Action Plan) and expand actions to include:
ArialMT	11	a. a specific review of mechanisms to transition away from allowing the same
ArialMT	11	provider to provide Supported Independent Living and Specialist Disability
ArialMT	11	Accommodation services, with interim arrangements to strengthen oversight to
ArialMT	11	address and monitor conflicts of interest (under Action 8)
ArialMT	11	b. strengthening how disability providers implement models of practice, such
ArialMT	11	as Active Supports, to ensure that people with disability living in group homes
ArialMT	11	are actively supported to have opportunities for greater social interaction and
ArialMT	11	community participation and inclusion (under Action 2)
ArialMT	11	c. developing an implementation plan for the Action Plan, with –
ArialMT	11	• explicit timeframes for delivery
ArialMT	11	• annual reporting on progress and outcomes to the Disability Reform
ArialMT	11	Ministerial Council.
DINPro-Medium	14	Access to alternative housing options
DINPro-Medium	13	Recommendation 7.42 Improve access to alternative housing options
ArialMT	11	The National Disability Insurance Agency (NDIA) should work with the Australian
ArialMT	11	Government, and state and territory governments, to expand alternative housing options
ArialMT	11	and support for people with disability to access and transition to these options through a
ArialMT	11	proactive market enablement strategy. This should include:
ArialMT	11	a. an increase in innovative housing options, such as by –
ArialMT	11	• expanding the NDIA Home and Living Demonstration Projects with
ArialMT	11	additional rounds from 2024. These rounds should –
ArialMT	11	◦ focus on exploring diverse market mechanisms for sustainable
ArialMT	11	housing models
ArialMT	11	◦ include ongoing extensive and independent evaluation and dissemination
ArialMT	11	of emerging best practice to help bring new models to scale
ArialMT	11	• establishing a policy unit to co-design, guide and influence the development
ArialMT	11	and implementation of more contemporary accommodation models
ArialMT	9	266 Royal Commission into Violence, Abuse, Neglect and Exploitation of People with Disability: Final Report
ArialMT	11	• conducting comprehensive market research to assess market demand
ArialMT	11	and understand National Disability Insurance Scheme (NDIS) participants’
ArialMT	11	housing preferences to inform state and local governments, housing
ArialMT	11	authorities and developers, and drive innovation.
ArialMT	11	b. reform of NDIS participant funding models, including Supported Independent
ArialMT	11	Living, Specialist Disability Accommodation and Individualised Living Options
ArialMT	11	to provide greater flexibility. In particular, this flexibility should ensure that
ArialMT	11	administrative and pricing mechanisms do not favour group home living over
ArialMT	11	other models of inclusive housing.
ArialMT	11	c. development of clear and supportive transition pathways that provide access to
ArialMT	11	advice, advocacy and support for people with disability to understand and explore
ArialMT	11	their housing options, make decisions about transitioning to the housing of their
ArialMT	11	choice, and receive support for that transition. This should include –
ArialMT	11	• an individualised assessment of a person’s housing needs and preferences,
ArialMT	11	with the option for this to be regularly updated
ArialMT	11	• an update of a person’s NDIS plan to include specific support, including
ArialMT	11	capacity building to support the decision to transition to more independent living
ArialMT	11	• where a person is interested in changing housing, the development of an
ArialMT	11	individual transition plan that identifies current available and emerging
ArialMT	11	alternative housing options, beyond the offerings of their current provider
ArialMT	11	• access to independent advocacy and an independent support coordinator
ArialMT	11	to provide support for and facilitate the transition.
ArialMT	11	d. prioritisation of the implementation of the NDIA Home and Living Framework,
ArialMT	11	including –
ArialMT	11	• establishing explicit timeframes for its implementation that recognise the
ArialMT	11	urgency of these reforms, in relation to realising the rights of people with
Arial-ItalicMT	11	disability under the Convention on the Rights of Persons with Disabilities
ArialMT	11	• continuing work with the disability community to identify key outcomes and
ArialMT	11	measures, and developing a comprehensive monitoring and evaluation plan
ArialMT	11	to measure and report on progress
ArialMT	11	• ensuring the chosen approaches address the key elements set out above
ArialMT	11	in this recommendation, including –
ArialMT	11	◦ providing a dedicated pathway for participants with a current or
ArialMT	11	anticipated high need for home and living supports
ArialMT	11	◦ ensuring participants taking this pathway have appropriate and timely
ArialMT	11	support to explore and design individualised home and living solutions
ArialMT	11	that work for them.
ArialMT	9	Executive Summary, Our vision for an inclusive Australia and Recommendations 267
DINPro-Medium	14	Phasing out group homes
DINPro-Medium	13	Recommendation 7.43 A roadmap to phase out group homes
DINPro-Medium	13	within 15 years
ArialMT	11	Commissioners Bennett, Galbally, Mason and McEwin recommend the Australian
ArialMT	11	Government and state and territory governments develop and implement a comprehensive
ArialMT	11	roadmap to phase out group homes within the next 15 years. This roadmap should
ArialMT	11	address delivering inclusive housing supply to meet demand, transition support for
ArialMT	11	people with disability, and implementation planning for phasing out group homes.
ArialMT	11	It should include:
ArialMT	11	a. delivery of inclusive housing supply to meet demand, by –
ArialMT	11	• undertaking a comprehensive assessment of existing service demand
ArialMT	11	(including people with disability who are currently living in group homes and
ArialMT	11	current unmet needs) and projected service demand (forecasted demand
ArialMT	11	for supported accommodation over the next 30 years)
ArialMT	11	• assessing projected supply of alternative housing to inform planning for the
ArialMT	11	transition of people out of group homes, including conducting a stocktake
ArialMT	11	of existing disability housing assets that may be repurposed or used to
ArialMT	11	increase the supply of inclusive housing
ArialMT	11	• piloting alternative housing models with increased investment to roll out
ArialMT	11	successful models in line with supply and demand modelling to meet future
ArialMT	11	housing needs for people with disability (see also Recommendation 7.42).
ArialMT	11	b. a review of the current Specialist Disability Accommodation (SDA) Pricing and
ArialMT	11	Payments Framework to ensure it remains fit for purpose, focusing on ensuring that –
ArialMT	11	• a data-driven approach is used to direct investment where it has the
ArialMT	11	greatest benefit for participants and the National Disability Insurance
ArialMT	11	Scheme (NDIS)
ArialMT	11	• NDIS funding for specialist accommodation is directed to those participants
ArialMT	11	with significant functional impairment or high support needs for whom
ArialMT	11	specialised housing would deliver a measurable benefit
ArialMT	11	• the needs of people with disability for affordable and accessible housing are
ArialMT	11	prioritised by state and territory governments
ArialMT	11	• prices are set to encourage development of best practice examples of SDA.
ArialMT	11	c. transition support for people currently living in group homes, including through –
ArialMT	11	• a transition pathway that provides access to advice, advocacy and support
ArialMT	11	for people with disability to understand and explore their housing options,
ArialMT	11	make decisions about transitioning to the housing of their choice, and
ArialMT	11	receive support for that transition (see also Recommendation 7.42)
ArialMT	9	268 Royal Commission into Violence, Abuse, Neglect and Exploitation of People with Disability: Final Report
ArialMT	11	• interim improvements in group home oversight and practices to
ArialMT	11	ensure that people with disability living in group homes are safe and
ArialMT	11	have greater choice and control during this transition period (see also
ArialMT	11	Recommendation 7.41)
ArialMT	11	• grandfathering arrangements for those people who wish to stay in their
ArialMT	11	group home, including consideration of additional financial support to
ArialMT	11	maintain financially viable group home arrangements where necessary
ArialMT	11	d. implementation planning undertaken through co-design with people with disability
ArialMT	11	and the disability community, including –
ArialMT	11	• a specific timeframe for ceasing construction of any new group homes
ArialMT	11	(within the next two years)
ArialMT	11	• a specific timeframe for ceasing placement of new residents in group
ArialMT	11	homes (within five years)
ArialMT	11	• a specific timeframe for completing transition of those residents who wish to
ArialMT	11	move from group homes to alternative housing options (within 15 years)
ArialMT	11	• development of an outcomes-based evaluation framework, tool and
ArialMT	11	processes to track short-, medium- and long-term outcomes across the
ArialMT	11	roadmap, and build an understanding of emerging best practice.
DINPro-Medium	13	Recommendation 7.44 A roadmap to phase out group homes over
DINPro-Medium	13	a generational timeframe
ArialMT	11	Commissioner Ryan recommends the Australian Government and state and territory
ArialMT	11	governments commit to phasing out group homes in stages. This commitment should
ArialMT	11	include:
ArialMT	11	a. immediate commitments to reduce the reliance on group homes, including –
ArialMT	11	• not approving new four- to six-bedroom group home models for Specialist
ArialMT	11	Disability Accommodation
ArialMT	11	• only allowing new National Disability Insurance Scheme participants to
ArialMT	11	enter group home accommodation as a last resort
ArialMT	11	• prioritising moving existing residents of group homes to move into smaller
ArialMT	11	groups over time on request, subject to need
ArialMT	11	b. development of a staged approach to phasing out group homes, including
ArialMT	11	consideration of housing availability, transition logistics and financial impacts.
ArialMT	11	Annual progress and outcomes should be reported to the Disability Reform
ArialMT	11	Ministerial Council.
ArialMT	9	Executive Summary, Our vision for an inclusive Australia and Recommendations 269
DINPro-Medium	18	Volume 8, Criminal justice and people with disability
DINPro-Medium	16	The right to humane treatment in criminal justice settings
DINPro-Medium	13	Recommendation 8.1 Conditions in custody for people with disability
ArialMT	11	State and territory governments should uphold the rights of people with disability who
ArialMT	11	are in custody. Consistent with article 14 of the Convention on the Rights of Persons
ArialMT	11	with Disabilities, all corrective service and youth justice agencies should provide people
ArialMT	11	with disability with the disability supports they require to place them in the same position,
ArialMT	11	so far as feasible, as other people in custody.
DINPro-Medium	13	Recommendation 8.2 Disability awareness in OPCAT monitoring
Arial-ItalicMT	11	In implementing the Optional Protocol to the Convention Against Torture and Other
Arial-ItalicMT	11	Cruel, Inhuman or Degrading Treatment or Punishment, the Australian Government,
ArialMT	11	in consultation with the state and territory governments, should support the development
ArialMT	11	of a human rights education and training strategy that includes disability awareness
ArialMT	11	training for National Preventive Mechanisms (NPMs), detention authorities and their
ArialMT	11	staff. NPMs should:
ArialMT	11	• engage with disability organisations about the needs of people with disability
ArialMT	11	in places of detention
ArialMT	11	• obtain training and education for their staff on the types of disability and needs
ArialMT	11	of people with disability in places of detention, including the impact of
ArialMT	11	intersectional disadvantage
ArialMT	11	• obtain the views of people with disability in places of detention by directly
ArialMT	11	engaging with them about their experiences in places of detention
ArialMT	11	• have effective mechanisms for obtaining the views of people with disability
ArialMT	11	in places of detention.
DINPro-Medium	16	Children with disability in youth detention
DINPro-Medium	13	Recommendation 8.3 Prohibiting solitary confinement in youth detention
ArialMT	11	States and territories should:
ArialMT	11	a. introduce legislation to prohibit solitary confinement in youth justice settings
ArialMT	11	(being the enforced isolation or segregation for any purpose of a child or young
ArialMT	11	person for 22 or more hours in any day)
ArialMT	9	270 Royal Commission into Violence, Abuse, Neglect and Exploitation of People with Disability: Final Report
ArialMT	11	b. introduce legislation to prohibit the use of isolation (however described) in youth
ArialMT	11	detention centres as punishment in any circumstance
ArialMT	11	c. review legislation, policy and procedures to ensure children with disability
ArialMT	11	are not subjected to isolation practices amounting to solitary confinement
ArialMT	11	d. ensure legislation authorising isolation (including lockdowns) in youth detention
ArialMT	11	centres provides for its use:
ArialMT	11	• as a temporary response to behaviour that poses a serious and immediate
ArialMT	11	risk of harm to an individual
ArialMT	11	• as a last resort after all other measures to address risk have been exhausted
ArialMT	11	• for a period that must not exceed a specified number of hours in any day
ArialMT	11	e. ensure legislation authorising isolation (including lockdowns) in youth detention
ArialMT	11	centres provides at a minimum the following protections for children with disability:
ArialMT	11	• a requirement to take into account the child’s disability needs before any
ArialMT	11	isolation period is authorised
ArialMT	11	• meaningful human contact during the period of isolation
ArialMT	11	• access to the community equivalent standard of health care, including
ArialMT	11	mental health services during the period of isolation
ArialMT	11	• regular review of the order and circumstances authorising isolation
ArialMT	11	• the creation and keeping of detailed records relevant to the period of
ArialMT	11	isolation and the provision of a copy of such records to the relevant body
ArialMT	11	with independent oversight of places of detention (such as the Inspector
ArialMT	11	of Custodial Services).
DINPro-Medium	13	Recommendation 8.4 Screening and assessment for disability in
DINPro-Medium	13	youth detention
ArialMT	11	State and territory governments should ensure timely screening and expert assessment
ArialMT	11	are available for individual children with cognitive disability involved in the criminal
ArialMT	11	justice system (including, but not limited to, detention settings) and that they receive
ArialMT	11	appropriate responses, including therapeutic and other interventions.
DINPro-Medium	13	Recommendation 8.5 Disability training for staff in youth detention
ArialMT	11	State and territory governments should ensure staff and officials in youth detention
ArialMT	11	centres at all levels receive appropriate initial and ongoing training and support in
ArialMT	11	relation to the needs and experiences of children with disability. This includes training
ArialMT	11	and support on trauma-informed care and culturally appropriate and gender responsive
ArialMT	11	approaches to children with disability in detention.
ArialMT	9	Executive Summary, Our vision for an inclusive Australia and Recommendations 271
DINPro-Medium	13	Recommendation 8.6 Western Australia youth detention staff retention
ArialMT	11	The Department of Justice of Western Australia should immediately review its youth
ArialMT	11	justice staffing and recruitment model to ensure sufficient, suitably trained staff are
ArialMT	11	available to supervise children and young people to minimise lockdowns and prevent
ArialMT	11	the solitary confinement of detainees. This should include developing and implementing
ArialMT	11	a recruitment and retention strategy that:
ArialMT	11	• addresses high staff attrition rates in youth detention
ArialMT	11	• promotes representation at senior management level of staff with disability
ArialMT	11	and First Nations backgrounds
ArialMT	11	• includes measures to help staff access mental health support.
DINPro-Medium	13	Recommendation 8.7 Western Australia youth detention
DINPro-Medium	13	operating philosophy
ArialMT	11	The Department of Justice of Western Australia (through the Corrective Services
ArialMT	11	Division) should:
ArialMT	11	• immediately cease confinement practices at youth detention centres amounting
ArialMT	11	to solitary confinement of children with disability
ArialMT	11	• ensure decisions leading to the isolation of children with disability are made
ArialMT	11	in conformity with legal requirements
ArialMT	11	• implement a new operating philosophy and service model to manage detainees
ArialMT	11	with disability in a therapeutic, non-punitive, non-adversarial, trauma-informed
ArialMT	11	and culturally competent way
ArialMT	11	• ensure the operating philosophy and implementation plan are developed in
ArialMT	11	conjunction with people with disability and First Nations people
ArialMT	11	• release a clear timeline for publication of its new operating philosophy and
ArialMT	11	service model for youth detention in Western Australia and the associated
ArialMT	11	implementation plan
ArialMT	11	• raise awareness at every level of staff in the youth detention centres concerning
ArialMT	11	the support needs of people with cognitive disability and foster respect for the
ArialMT	11	rights of people with disability
ArialMT	11	• ensure lawyers representing detained clients are allowed adequate time
ArialMT	11	and assured of confidentiality at youth detention centres to take instructions,
ArialMT	11	especially where their clients have cognitive disability.
ArialMT	9	272 Royal Commission into Violence, Abuse, Neglect and Exploitation of People with Disability: Final Report
DINPro-MediumItalic	13	Recommendation 8.8 Inspector of Custodial Services Act 2003 (WA)
ArialMT	11	The Western Australian Government should introduce and support legislation amending
Arial-ItalicMT	11	the Inspector of Custodial Services Act 2003 (WA) to provide the Inspector with
ArialMT	11	a discretion to demand a response from the department or other relevant agency,
ArialMT	11	within a specified time, to recommendations of the Inspector included in a report to
ArialMT	11	Parliament. This should include the steps (if any) taken by the agency in response
ArialMT	11	to the recommendations and an explanation of why steps have not been taken
ArialMT	11	(if that be the case).
DINPro-Medium	16	The rights of people found unfit to be tried and indefinite detention
DINPro-Medium	13	Recommendation 8.9 Use of seclusion in New South Wales Justice Health
DINPro-Medium	13	and Forensic Mental Health Network
ArialMT	11	The New South Wales Government should review existing policy regarding the use of
ArialMT	11	seclusion for adults with cognitive disability in the Justice Health and Forensic Mental
ArialMT	11	Health Network, including the use of clearly designated authorisation and mandatory
ArialMT	11	clinical and administrative review.
DINPro-Medium	13	Recommendation 8.10 Transition from custodial supervision
DINPro-Medium	13	in the Northern Territory
ArialMT	11	The Northern Territory Government should provide supported step-down
ArialMT	11	accommodation in community-based settings for people with disability subject to
ArialMT	11	custodial supervision orders.
DINPro-Medium	13	Recommendation 8.11 Information for courts and legal practitioners
ArialMT	11	The Commonwealth, state and territory criminal justice systems should provide
ArialMT	11	information about seeking or making adjustments and supports and services for people
ArialMT	11	with disability, and the circumstances in which they may be required. This information
ArialMT	11	should be made available to judicial officers, legal practitioners and court staff, including
ArialMT	11	through practice notes or bench books.
DINPro-Medium	13	Recommendation 8.12 Implementation of the National Principles
ArialMT	11	The Australian Government, together with state and territory governments, should
Arial-ItalicMT	11	review the National Statement of Principles Relating to Persons Unfit to Plead or Not
Arial-ItalicMT	11	Guilty by Reason of Cognitive or Mental Health Impairment (National Principles) through
ArialMT	11	the Standing Council of Attorneys-General.
ArialMT	9	Executive Summary, Our vision for an inclusive Australia and Recommendations 273
ArialMT	11	The National Principles should be revised to include the following:
ArialMT	11	• Indefinite detention is unacceptable and laws providing for it should be repealed.
ArialMT	11	• Where an order for detention is made, there should be a maximum term
ArialMT	11	of detention nominated beyond which the person cannot be detained
ArialMT	11	(a ‘limiting term’).
ArialMT	11	• The limiting term should not exceed the court’s assessment of the sentence it
ArialMT	11	would have imposed on the defendant had the person been found guilty of the
ArialMT	11	offence in an ordinary trial of criminal proceedings.
ArialMT	11	• In hearings conducted to determine a person’s fitness to stand trial or to plead,
ArialMT	11	the court must consider whether it can modify the trial process or ensure
ArialMT	11	assistance is provided to facilitate the defendant’s understanding and effective
ArialMT	11	participation in the proceedings. This includes any cultural or other trauma-
ArialMT	11	informed supports a First Nations defendant may need to ensure the defendant
ArialMT	11	can participate in a fair trial and understand the proceedings.
ArialMT	11	The Standing Council of Attorneys-General should agree to a timetable for
ArialMT	11	implementation of reforms identified in the review of the National Principles.
ArialMT	11	The Commonwealth, states and territories should amend their legislation on fitness
ArialMT	11	to stand trial to align with the revised National Principles.
ArialMT	11	The Australian Government, and state and territory governments, should build
ArialMT	11	their capacity to provide step-down options, including medium and low secure and
ArialMT	11	community-based accommodation options, for the placement of people in the forensic
ArialMT	11	system to facilitate their progressive transition to less restrictive environments.
DINPro-Medium	13	Recommendation 8.13 Data about people detained in forensic systems
ArialMT	11	The Australian Government and state and territory governments should support
ArialMT	11	legislation requiring the annual collection and publication of data relating to people found
ArialMT	11	unfit to plead or not guilty by reason of cognitive or mental health impairment. The data
ArialMT	11	collected should include:
ArialMT	11	• the number of people under forensic orders in their jurisdiction
ArialMT	11	• the number of people under orders for detention and the numbers subject to:
ArialMT	11	◦ indefinite periods of detention
ArialMT	11	◦ limiting terms (or equivalent)
ArialMT	11	◦ orders extending their order for detention
ArialMT	11	• the number of people under orders for detention by sex, disability, disability type
ArialMT	11	and First Nations status
ArialMT	9	274 Royal Commission into Violence, Abuse, Neglect and Exploitation of People with Disability: Final Report
ArialMT	11	• the number of such people detained in:
ArialMT	11	◦ an adult correctional facility
ArialMT	11	◦ a youth detention facility
ArialMT	11	◦ a forensic mental health or forensic disability facility
ArialMT	11	◦ a general psychiatric unit.
DINPro-Medium	16	Screening, assessing and identifying disability in custody
DINPro-Medium	13	Recommendation 8.14 National practice guidelines for screening in custody
ArialMT	11	State and territory corrective services, youth justice agencies and justice health
ArialMT	11	agencies, through the Corrective Services Administration Council and equivalent
ArialMT	11	youth justice bodies, should develop national practice guidelines and policies relating
ArialMT	11	to screening for disability and identification of support needs in custody. People with
ArialMT	11	disability, including with lived experience of the criminal justice system, and people with
ArialMT	11	expertise in cognitive disability should be involved in the design of the guidelines and
ArialMT	11	contribute to the approaches to implementation. The guidelines and policies should:
ArialMT	11	• explain the essential elements of screening and assessment for people
ArialMT	11	with disability, including a trauma-informed approach to identifying disability
ArialMT	11	and the person’s needs
ArialMT	11	• reduce reliance upon self-disclosure as the primary means of disability
ArialMT	11	identification following admission of a person with disability to custody
ArialMT	11	• require screening upon reception into custody or shortly thereafter both for
ArialMT	11	prisoners and detainees who have been sentenced and for those on remand
ArialMT	11	• promote the consistent collection of data and its use to inform system-wide
ArialMT	11	responses
ArialMT	11	• encourage the development and use of culturally safe disability screening
ArialMT	11	tools that address the particular needs of First Nations people with disability
ArialMT	11	• encourage the development and use of disability screening tools that are
ArialMT	11	culturally appropriate for people with disability from culturally and linguistically
ArialMT	11	diverse communities
ArialMT	11	• encourage investment in initial and ongoing training, education and support
ArialMT	11	of staff about disability identification and awareness
ArialMT	11	• encourage collaborative practices including the engagement of clinicians to
ArialMT	11	conduct assessments to identify the support needs of a person with disability
ArialMT	11	in custody
ArialMT	9	Executive Summary, Our vision for an inclusive Australia and Recommendations 275
ArialMT	11	• require the identification of a disability or impairment to be matched with
ArialMT	11	appropriate support while in custody
ArialMT	11	• promote the use of screening outcomes to develop plans for prisoners
ArialMT	11	and detainees transitioning to the community
ArialMT	11	• contribute to appropriate information sharing among agencies including
ArialMT	11	court-based assessments and reports.
DINPro-Medium	13	Recommendation 8.15 Policies and practices on screening, identifying and
DINPro-Medium	13	diagnosing disability in custody
ArialMT	11	State and territory governments should ensure that policies and practices concerning
ArialMT	11	screening, identification and diagnosis of disability in respect of people with disability in
ArialMT	11	custody are consistent with the national practice guidelines.
DINPro-Medium	13	Recommendation 8.16 Support by First Nations organisations to people
DINPro-Medium	13	in custody
ArialMT	11	State and territory corrective service and youth justice agencies and justice health
ArialMT	11	agencies should engage First Nations organisations, including Aboriginal Community
ArialMT	11	Controlled Health Organisations, to provide culturally safe disability screening and
ArialMT	11	assessment services for First Nations prisoners and detainees.
DINPro-Medium	16	The NDIS and criminal justice interface
DINPro-Medium	13	Recommendation 8.17 NDIS Applied Principles and Tables of Support
DINPro-Medium	13	concerning the justice system
ArialMT	11	Through the Disability Reform Ministerial Council, the Australian Government and state
ArialMT	11	and territory governments should:
Arial-ItalicMT	11	• review the National Disability Insurance Scheme (Supports for Participants)
ArialMT	11	Rules 2013 (Cth) and the Applied Principles and Tables of Support (APTOS) and
ArialMT	11	operational guidelines to align and provide clear parameters in determining which
ArialMT	11	supports will be funded by the National Disability Insurance Scheme (NDIS) for
ArialMT	11	participants involved in the criminal justice system
ArialMT	11	• resolve issues related to the interface between the NDIS and the criminal justice
ArialMT	11	system, particularly the distinction between ‘criminogenic-related supports’ and
ArialMT	11	‘disability-related supports’
ArialMT	11	• where such issues cannot be resolved, agree on a mechanism for joint-funding
ArialMT	11	of individual supports.
ArialMT	9	276 Royal Commission into Violence, Abuse, Neglect and Exploitation of People with Disability: Final Report
Arial-ItalicMT	11	Proposed amendments to the National Disability Insurance Scheme (Supports for
ArialMT	11	Participants) Rules 2013 (Cth) and the APTOS should be agreed by National Cabinet.
DINPro-Medium	13	Recommendation 8.18 Timing of NDIA-funded transition supports
ArialMT	11	The National Disability Insurance Agency (NDIA) should issue guidelines stating
ArialMT	11	expressly that a release date is not a precondition for approving funding for transitional
ArialMT	11	supports for participants in custody. The NDIA’s Justice Operational Guidelines and
ArialMT	11	internal practice guides should be amended to make this clear.
DINPro-Medium	16	Police responses to people with disability
DINPro-Medium	13	Recommendation 8.19 Amendment of the Disability Discrimination Act 1992
DINPro-Medium	13	(Cth) to cover police provision of ‘services’
ArialMT	11	The Disability Discrimination Act 1992 (Cth) should be amended to expressly include
ArialMT	11	‘services provided by police officers in the course of performing policing duties and
ArialMT	11	powers’ in the definition of ‘services’ in section 4.
DINPro-Medium	13	Recommendation 8.20 Improving police responses to people with disability
ArialMT	11	The Australian Government and state and territory governments and police services
ArialMT	11	should collaborate with people with disability in the co-design, implementation and
ArialMT	11	evaluation of strategies to improve police responses to people with disability.
ArialMT	11	All police services should introduce adequate numbers of dedicated disability liaison
ArialMT	11	officers.
ArialMT	11	The Australian Government and state and territory governments should introduce an
ArialMT	11	alternative reporting pathway for people with disability to report crimes to police.
DINPro-Medium	16	Diversion from the criminal justice system
DINPro-Medium	13	Recommendation 8.21 Diversion of people with cognitive disability from
DINPro-Medium	13	criminal proceedings
ArialMT	11	The New South Wales, South Australian, Victorian and Western Australian governments
ArialMT	11	should review and fund their existing court-based diversion programs for people with
ArialMT	11	cognitive disability charged with offences that can be heard in local or magistrates’
ArialMT	11	courts to ensure the programs:
ArialMT	11	• are accessible and culturally appropriate, particularly in regional and remote areas
ArialMT	9	Executive Summary, Our vision for an inclusive Australia and Recommendations 277
ArialMT	11	• provide support for defendants to access the National Disability Insurance
ArialMT	11	Scheme (NDIS)
ArialMT	11	• satisfy service needs, including connecting defendants to appropriate education,
ArialMT	11	housing, employment and other services.
ArialMT	11	The Australian Capital Territory, Northern Territory, Queensland and Tasmanian
ArialMT	11	governments should develop and fund court-based diversion programs for people
ArialMT	11	with disability charged with summary offences in local or magistrates’ courts which:
ArialMT	11	• are accessible and culturally appropriate, particularly in regional and remote areas
ArialMT	11	• provide support for defendants to access the NDIS
ArialMT	11	• satisfy service needs, including connecting defendants to appropriate education,
ArialMT	11	housing, employment and other services.
ArialMT	11	All states and territories should commission independent evaluations of their diversion
ArialMT	11	programs. Any evaluation should assess and, where feasible, quantify economic and
ArialMT	11	social benefits for both individual defendants and the community as a whole.
DINPro-Medium	16	Raising the age of criminal responsibility
DINPro-Medium	13	Recommendation 8.22 Age of criminal responsibility
ArialMT	11	States and territories that have not already done so should introduce legislation to raise
ArialMT	11	the minimum age of criminal responsibility to 14.
DINPro-Medium	13	Recommendation 8.23 Action plan to end violence against women and
DINPro-Medium	13	children with disability
ArialMT	11	The Australian Government and state and territory governments should develop a five-
ArialMT	11	year Action Plan for Women and Children with Disability to accompany the National Plan
ArialMT	11	to End Violence against Women and Children 2022–2032. The Action Plan should:
ArialMT	11	• be developed by and for women with disability
ArialMT	11	• prioritise cohorts at greatest risk of violence
ArialMT	11	• coordinate with other relevant plans and strategies, in particular the forthcoming
ArialMT	11	Aboriginal and Torres Strait Islander Action Plan and Australia’s Disability Strategy
ArialMT	11	2021–2031.
ArialMT	9	278 Royal Commission into Violence, Abuse, Neglect and Exploitation of People with Disability: Final Report
ArialMT	11	The Action Plan should include comprehensive actions and investment to address
ArialMT	11	violence experienced by women and children with disability across the focus areas of:
ArialMT	11	• prevention
ArialMT	11	• early intervention
ArialMT	11	• response
ArialMT	11	• recovery and healing.
DINPro-Medium	13	Recommendation 8.24 Disability-inclusive definition of family
DINPro-Medium	13	and domestic violence
ArialMT	11	In working towards nationally consistent, inclusive definitions of gender-based violence
ArialMT	11	under the National Plan to End Violence against Women and Children 2022–2032,
ArialMT	11	states and territories should amend their legislative definitions of family and domestic
ArialMT	11	violence to include:
ArialMT	11	• all relationships in which people with disability experience family and domestic
ArialMT	11	violence, including but not limited to carer and support worker relationships
ArialMT	11	• disability-based violence and abuse
ArialMT	11	• all domestic settings, including but not limited to supported accommodation
ArialMT	11	such as group homes, respite centres and boarding houses.
ArialMT	11	The Family Law Act 1975 (Cth) and any relevant state and territory laws should
ArialMT	11	also be amended consistently with this recommendation.
DINPro-Medium	18	Volume 9, First Nations people with disability
DINPro-Medium	16	Child protection
DINPro-Medium	13	Recommendation 9.1 Culturally appropriate parenting
DINPro-Medium	13	capacity assessments
ArialMT	11	State and territory governments should work with First Nations child protection services,
ArialMT	11	peak bodies and First Nations people with disability to co-design clear principles and
ArialMT	11	guidelines for parenting capacity assessments for First Nations parents with disability in
ArialMT	11	their jurisdiction, to ensure assessments are culturally appropriate. The principles and
ArialMT	11	guidelines should include:
ArialMT	11	• best practice standards of cultural competence for practitioners conducting
ArialMT	11	parenting capacity assessments of First Nations parents with disability
ArialMT	9	Executive Summary, Our vision for an inclusive Australia and Recommendations 279
ArialMT	11	• guidance to assist practitioners conducting parenting capacity assessments of
ArialMT	11	First Nations parents with disability to identify and address assessment test errors
ArialMT	11	that may result from an insufficient understanding of how cultural factors affect
ArialMT	11	assessments of parenting capacity
ArialMT	11	• a requirement that practitioners conducting parenting capacity assessments of
ArialMT	11	First Nations parents with disability complete mandatory training to implement
ArialMT	11	best practice standards of cultural competence, using testing tools that are
ArialMT	11	culturally appropriate and disability appropriate
ArialMT	11	• establishing a review process to ensure the design and implementation of these
ArialMT	11	standards is consistent across states and territories.
DINPro-Medium	13	Recommendation 9.2 Ages and Stages Questionnaire-Talking about
DINPro-Medium	13	Raising Aboriginal Kids (ASQ-TRAK)
ArialMT	11	State and territory governments should ensure all First Nations children up to five
ArialMT	11	years of age coming into out-of-home care are screened using the culturally adapted
ArialMT	11	developmental screening Ages and Stages Questionnaire-Talking about Raising
ArialMT	11	Aboriginal Kids (ASQ-TRAK) tool. Children who are vulnerable in two or more of
ArialMT	11	the five domains of communication, gross motor, fine motor, problem solving, and
ArialMT	11	personal-social should be supported by an application for an Early Childhood
ArialMT	11	Early Intervention plan.
DINPro-Medium	16	Cultural safety in criminal justice settings
DINPro-Medium	13	Recommendation 9.3 Cultural safety of First Nations people in criminal
DINPro-Medium	13	justice settings
ArialMT	11	By the end of 2024, state and territory governments should review the effectiveness
ArialMT	11	of their strategies, if any, directed to providing and ensuring the cultural safety of First
ArialMT	11	Nations people with disability in criminal justice settings and in doing so take into
ArialMT	11	consideration what the Royal Commission has heard about that issue.
ArialMT	11	The review findings and recommendations should be made public.
ArialMT	9	280 Royal Commission into Violence, Abuse, Neglect and Exploitation of People with Disability: Final Report
DINPro-Medium	16	The unmet potential of the NDIS for First Nations people
DINPro-Medium	16	with disability
DINPro-Medium	13	Recommendation 9.4 Expand community connector programs
ArialMT	11	The National Disability Insurance Agency should increase the number and coverage
ArialMT	11	of the community connector programs for First Nations people with disability in remote
ArialMT	11	areas. The implementation of the programs should be community-led and delivered.
ArialMT	11	This expansion must be accompanied by adequate long-term funding for the programs
ArialMT	11	and organisations delivering the programs, with sufficient training for staff delivering
ArialMT	11	the programs.
ArialMT	11	In regions where English is not the preferred language for First Nations people,
ArialMT	11	the programs should focus on recruiting staff who speak local languages.
DINPro-Medium	16	A community-based approach and alternative funding models
DINPro-Medium	13	Recommendation 9.5 Block funding the community-controlled sector
ArialMT	11	The National Disability Insurance Agency (NDIA) should provide block funding for
ArialMT	11	First Nations Community Controlled Organisations to flexibly deliver supports and
ArialMT	11	services to First Nations people with disability. This could include funding for:
ArialMT	11	• respite or accommodation in connection with their plan or disability services
ArialMT	11	• cultural supports to maintain or improve health and wellbeing
ArialMT	11	• essential supports such as food, bedding and clothing
ArialMT	11	• supports that enable access to therapy, such as transport and fuel
ArialMT	11	• translation or other services to build understanding around disability
ArialMT	11	and the National Disability Insurance Scheme
ArialMT	11	• other matters as agreed by the NDIA and First Nations Community
ArialMT	11	Controlled Organisations.
DINPro-Medium	13	Recommendation 9.6 National Disability Insurance Agency Board
Arial-ItalicMT	11	Section 127 of the National Disability Insurance Scheme Act 2013 (Cth) should be
ArialMT	11	amended to provide that the National Disability Insurance Agency Board must include
ArialMT	11	at least one First Nations person at all times.
ArialMT	9	Executive Summary, Our vision for an inclusive Australia and Recommendations 281
DINPro-Medium	13	Recommendation 9.7 Participation in cultural life
Arial-ItalicMT	11	Sections 3, 4 and 17A of the National Disability Insurance Scheme Act 2013 (Cth)
ArialMT	11	should be amended to refer to participation in cultural life, in addition to participation
ArialMT	11	in social and economic life.
DINPro-Medium	13	Recommendation 9.8 Return to Country
ArialMT	11	In consultation with the First Nations Advisory Council, the National Disability Insurance
ArialMT	11	Agency (NDIA) should:
ArialMT	11	• create a new line item in the Pricing Arrangements recognising cultural supports
ArialMT	11	and return to Country trips
ArialMT	11	• develop guidelines for NDIA staff on including cultural supports and return
ArialMT	11	to Country trips as reasonable and necessary supports in plans
ArialMT	11	• educate First Nations participants about the availability of cultural supports
ArialMT	11	and return to Country trips included in their plans.
DINPro-Medium	13	Recommendation 9.9 Criteria for funding family supports
ArialMT	11	The National Disability Insurance Agency (NDIA), the First Nations Advisory Council
ArialMT	11	and First Nations Community Controlled Organisations should co-design policy
ArialMT	11	guidelines on funding for First Nations family members to provide supports to
ArialMT	11	participants in remote communities. Any policy guidelines should consider:
ArialMT	11	• the risk of financial exploitation, the need for a regulatory framework and
ArialMT	11	oversight, and whether a similar approach would apply to non-First Nations
ArialMT	11	carers in remote communities in similar situations
ArialMT	11	• the availability of suitable services, including culturally safe services
ArialMT	11	• training for NDIA staff on how to apply the policy guidelines, including how
ArialMT	11	staff can support family to apply to be paid for the care provided
ArialMT	11	• building awareness of the circumstances in which participants and their families
ArialMT	11	can apply to be paid
ArialMT	11	• how to build the capacity of family and community members to become part
ArialMT	11	of the local workforce, such as trained support or community workers, which
ArialMT	11	may include connecting family members with a First Nations Community
ArialMT	11	Controlled Organisation.
ArialMT	9	282 Royal Commission into Violence, Abuse, Neglect and Exploitation of People with Disability: Final Report
DINPro-Medium	16	Elevating First Nations disability policy
DINPro-Medium	13	Recommendation 9.10 First Nations Disability Forum
ArialMT	11	The Australian Government and state and territory governments should support
ArialMT	11	the establishment of a First Nations Disability Forum to lead further development
ArialMT	11	and implementation of the Disability Sector Strengthening Plan (DSSP) by the
ArialMT	11	end of March 2024. The Forum should consist of representatives of:
ArialMT	11	• First Peoples Disability Network
ArialMT	11	• First Nations Community Controlled Organisations
ArialMT	11	• both Aboriginal and Torres Strait Islander peak bodies
ArialMT	11	• First Nations people with disability.
ArialMT	11	The Forum should be supported by a First Nations disability investment fund,
ArialMT	11	with the purpose of:
ArialMT	11	• supporting the operation of, and participation in, the Forum
ArialMT	11	• implementing the DSSP
ArialMT	11	• developing the First Nations Disability Workforce.
ArialMT	11	The Forum should have the capacity to direct funding under the DSSP to:
ArialMT	11	• enable First Nations people with disability to provide advice and guidance
ArialMT	11	from their lived experience to the Forum
ArialMT	11	• enable community-controlled organisations to develop their capacity to design
ArialMT	11	and deliver disability-specific services and supports
ArialMT	11	• enable community-controlled organisations to work with other organisations
ArialMT	11	to drive national leadership in disability policy and services reform
ArialMT	11	• enable community-controlled organisations to deliver on specific priority
ArialMT	11	areas as identified in the DSSP
ArialMT	11	• enable the participation of community-controlled organisations not engaged
ArialMT	11	in the Coalition of Aboriginal Peaks process
ArialMT	11	• support First Nations community-based organisations across the health, criminal
ArialMT	11	justice and early childhood sectors to improve workforce disability competency to
ArialMT	11	ensure First Nations people with disability receive appropriate disability support
ArialMT	11	• take into consideration the recommendations of the Royal Commission.
ArialMT	11	The Forum should develop and implement a strategy, supported by the First Nations
ArialMT	11	disability investment fund, to build disability-specific expertise into First Nations
ArialMT	11	Community Controlled Organisations.
ArialMT	9	Executive Summary, Our vision for an inclusive Australia and Recommendations 283
DINPro-Medium	13	Recommendation 9.11 Building on the Disability Sector Strengthening Plan
ArialMT	11	Parties to the National Agreement on Closing the Gap should commit to releasing a
ArialMT	11	revised Disability Sector Strengthening Plan (DSSP) in partnership with the First Nations
ArialMT	11	Disability Forum by the end September of 2024. The revised DSSP should have:
ArialMT	11	• agreed priority areas, determined through consultation with the community-
ArialMT	11	controlled sector under the guidance of First People’s Disability Network
ArialMT	11	• a commitment to future funding and longer timeframes
ArialMT	11	• agreed timeframes for delivering actions and achieving outcomes
ArialMT	11	• annual reporting requirements for government parties to the National Agreement
ArialMT	11	on Closing the Gap.
DINPro-Medium	16	Ensuring culturally safe and responsive services
DINPro-Medium	13	Recommendation 9.12 Disability-inclusive cultural safety standards
ArialMT	11	The Australian Government in partnership with the First Nations Disability Forum should
ArialMT	11	develop disability-inclusive cultural safety standards for the provision of services for First
ArialMT	11	Nations people with disability.
ArialMT	11	Disability service providers that support and have a responsibility for First Nations
ArialMT	11	people with disability, including in the health, criminal justice and early childhood sectors,
ArialMT	11	should incorporate these disability-inclusive cultural safety standards in their practices
ArialMT	11	and organisations.
DINPro-Medium	16	Growing the First Nations disability workforce
DINPro-Medium	13	Recommendation 9.13 Remote workforce development
ArialMT	11	The First Nations Disability Forum and parties to the Disability Sector Strengthening
ArialMT	11	Plan (DSSP) should collaborate to develop a strategy to develop First Nations local
ArialMT	11	workforces in remote communities. The strategy should consider:
ArialMT	11	• funding for community-level assessments to determine:
ArialMT	11	◦ existing infrastructure and resources
ArialMT	11	◦ the capacity and willingness of the First Nations community-controlled
ArialMT	11	sector to support local workforce development
ArialMT	11	◦ the level of demand within the community
ArialMT	9	284 Royal Commission into Violence, Abuse, Neglect and Exploitation of People with Disability: Final Report
ArialMT	11	• that allocation of funding for local workforce development should include funding
ArialMT	11	to build the capacity of family members to provide care
ArialMT	11	• the strategy should be co-developed and co-implemented with First Nations
ArialMT	11	Community Controlled Organisations, noting their capacity, expertise and
ArialMT	11	willingness to be involved. The involvement of First Nations Community Controlled
ArialMT	11	Organisations must be adequately supported and funded.
DINPro-Medium	18	Volume 10, Disability services
DINPro-Medium	16	Part A: Disability service providers
DINPro-Medium	14	Embedding human rights in the design and delivery of disability services
DINPro-Medium	13	Recommendation 10.1 Embedding human rights
ArialMT	11	The NDIS Quality and Safeguards Commission (NDIS Commission) should commission
ArialMT	11	a capacity-building program to support disability service providers to embed human
ArialMT	11	rights in the design and delivery of their services. The program should be co-designed
ArialMT	11	with people with disability, disabled people’s organisations, disability representative
ArialMT	11	organisations including member-led First Nations Community Controlled Organisations,
ArialMT	11	and peak bodies.
ArialMT	11	The program should:
ArialMT	11	• develop opportunities for dialogue between providers and people with disability
ArialMT	11	to address challenges and share promising practices
ArialMT	11	• develop tools, resources and training packages that reflect the diversity of
ArialMT	11	people with disability and disability service providers across Australia
ArialMT	11	• focus on practical, implementable strategies that lead to better outcomes
ArialMT	11	for people with disability
ArialMT	11	• be grounded in the principles of the Convention on the Rights of Persons
ArialMT	11	with Disabilities, and reflect our findings, the NDIS Review, and the NDIS
ArialMT	11	Commission’s own motion inquiries and recent Safeguarding Policy
ArialMT	11	Implementation Plan
ArialMT	11	• enable providers to prepare for, or demonstrate compliance with, current
ArialMT	11	and future legislative and registration requirements associated with the rights
ArialMT	11	of people with disability. This includes responsibilities under the Disability
ArialMT	11	Discrimination Act 1992 (Cth) and the Disability Rights Act (if enacted).
ArialMT	9	Executive Summary, Our vision for an inclusive Australia and Recommendations 285
ArialMT	11	The National Disability Insurance Agency, and state and territory governments involved
ArialMT	11	in providing, regulating or conducting oversight of disability services not funded under
ArialMT	11	the National Disability Insurance Scheme, should actively participate in all stages
ArialMT	11	of the program.
ArialMT	11	The program should begin by 1 July 2025.
DINPro-Medium	14	The role of support coordinators and independent advocates
DINPro-Medium	13	Recommendation 10.2 Independent support coordination
ArialMT	11	To address potential conflicts of interest, the Minister for the National Disability
ArialMT	11	Insurance Scheme (NDIS) should, in consultation with states and territories, create
ArialMT	11	or amend an NDIS Rule to make clear that it is not appropriate for a provider of
ArialMT	11	support coordination to be the provider of any other funded supports in an NDIS
ArialMT	11	participant’s plan.
ArialMT	11	Exceptions to the Rule should be developed in consultation with people with disability,
ArialMT	11	disabled people’s organisations, disability representative organisations including
ArialMT	11	member-led First Nations Community Controlled Organisations, and peak bodies.
ArialMT	11	Exceptions may include situations where there are limited alternative service options
ArialMT	11	for NDIS participants due to thin disability service markets, or where there are limited
ArialMT	11	culturally appropriate or specialised services available.
DINPro-Medium	13	Recommendation 10.3 Adequate support coordination
ArialMT	11	The National Disability Insurance Agency should ensure that participants in the National
ArialMT	11	Disability Insurance Scheme (NDIS) identified as being at heightened risk of violence,
ArialMT	11	abuse, neglect or exploitation, particularly those living in supported accommodation,
ArialMT	11	have funding for support coordination included in their NDIS plans.
ArialMT	11	Funding for support coordination should reflect the NDIS participant’s support and
ArialMT	11	communication needs. Funding for hours of support coordination should also be
ArialMT	11	sufficient to facilitate face-to-face contact at least monthly.
ArialMT	11	NDIS participant plans should be updated by 30 September 2025.
DINPro-Medium	13	Recommendation 10.4 Quality of support coordination
ArialMT	11	The NDIS Quality and Safeguards Commission should examine the quality and
ArialMT	11	consistency of support coordination, with a particular focus on National Disability
ArialMT	11	Insurance Scheme participants who:
ArialMT	9	286 Royal Commission into Violence, Abuse, Neglect and Exploitation of People with Disability: Final Report
ArialMT	11	• live in remote and very remote locations
ArialMT	11	• are First Nations people with disability
ArialMT	11	• are culturally and linguistically diverse
ArialMT	11	• are navigating state or territory housing, health or criminal justice systems
ArialMT	11	• are experiencing housing insecurity or homelessness
ArialMT	11	• are living in supported accommodation
ArialMT	11	• are attending day programs or working in Australian Disability Enterprises.
ArialMT	11	The examination may be part of the proposed own motion inquiry on support
ArialMT	11	coordination.
DINPro-Medium	13	Recommendation 10.5 Advocacy
ArialMT	11	a. The National Disability Insurance Agency (NDIA) should develop a program
ArialMT	11	to connect National Disability Insurance Scheme (NDIS) participants living in
ArialMT	11	supported accommodation with an appropriate disability advocacy organisation.
ArialMT	11	The program should be co-designed with people with disability, disabled people’s
ArialMT	11	organisations, disability representative organisations including member-led First
ArialMT	11	Nations Community Controlled Organisations, and peak bodies.
ArialMT	11	The program should:
ArialMT	11	• promote advocacy in the course of NDIS planning processes
ArialMT	11	• increase awareness of the role of advocacy in disability services among
ArialMT	11	NDIS participants and their families and supporters
ArialMT	11	• strengthen advocacy referral processes when participants and their families
ArialMT	11	and supporters raise concerns, make complaints or report incidents
ArialMT	11	• foster relationships between NDIS participants, their families and
ArialMT	11	supporters,
ArialMT	11	and disability advocacy organisations
ArialMT	11	• strengthen collaboration between disability service providers and disability
ArialMT	11	advocacy organisations to enable advocates to maintain periodic contact
ArialMT	11	with people with disability so they can identify potential or emerging issues.
ArialMT	11	The program should commence by January 2025.
ArialMT	11	Following an evaluation of the program’s impact and outcomes, the NDIA should
ArialMT	11	consider expanding the program to reach other groups of people with disability who
ArialMT	11	are identified as being at heightened risk of violence, abuse, neglect or exploitation.
ArialMT	9	Executive Summary, Our vision for an inclusive Australia and Recommendations 287
ArialMT	11	b. The NDIS Quality and Safeguards Commission, when reviewing complaints
ArialMT	11	and reportable incidents, should also actively promote the value of independent
ArialMT	11	advocacy for NDIS participants identified as being at heightened risk of violence,
ArialMT	11	abuse, neglect or exploitation, and/or those who live in supported accommodation.
DINPro-Medium	14	Choice and control over how services are delivered
DINPro-Medium	13	Recommendation 10.6 Supported decision-making in disability services
ArialMT	11	The NDIS Quality and Safeguards Commissioner should amend the National Disability
Arial-ItalicMT	11	Insurance Scheme (Quality Indicators for NDIS Practice Standards) Guidelines 2018
ArialMT	11	(Cth) to reflect that each participant:
ArialMT	11	• is entitled to support to make everyday life decisions including what services
ArialMT	11	they receive, in what way and from whom
ArialMT	11	• has opportunities to make decisions about their goals and aspirations
ArialMT	11	• is supported to develop their decision-making skills
ArialMT	11	• is supported to communicate their will and preferences
ArialMT	11	• has the right to choose their own supporter.
ArialMT	11	Amendments should be completed by 30 June 2025.
DINPro-Medium	13	Recommendation 10.7 Practical guidance on supported decision-making
ArialMT	11	The NDIS Quality and Safeguards Commission should co-design – with people with
ArialMT	11	disability, disabled people’s organisations, disability representative organisations
ArialMT	11	including member-led First Nations Community Controlled Organisations, and peak
ArialMT	11	bodies – a practice guide on supported decision-making for service providers.
ArialMT	11	This should be consistent with the NDIS Supported Decision Making Policy and
ArialMT	11	the supported decision-making principles outlined in Recommendation 6.6.
ArialMT	9	288 Royal Commission into Violence, Abuse, Neglect and Exploitation of People with Disability: Final Report
DINPro-Medium	14	Encouraging workers to enter and remain in the disability support sector
DINPro-Medium	13	Recommendation 10.8 A national disability support worker
DINPro-Medium	13	registration scheme
ArialMT	11	The Australian Government should establish a national disability support worker
ArialMT	11	registration scheme by 1 July 2028.
ArialMT	11	Consultation about the scope and elements of the national disability support worker
ArialMT	11	registration scheme should begin as soon as possible. The consultations should
ArialMT	11	include people with disability, disabled people’s organisations, disability representative
ArialMT	11	organisations including member-led First Nations Community Controlled Organisations,
ArialMT	11	support workers and their representative bodies, disability service providers, state and
ArialMT	11	territory governments, and peak and regulatory bodies.
ArialMT	11	The design of the scheme should consider:
ArialMT	11	• the definition of ‘disability support worker’
ArialMT	11	• a code of conduct and minimum standards for registered disability support
ArialMT	11	workers, including support coordinators
ArialMT	11	• mandating the NDIS Worker Screening Check for all disability support workers
ArialMT	11	• recognition and accreditation of workers’ qualifications, experience, capabilities
ArialMT	11	and skills
ArialMT	11	• continuing professional development requirements for disability support workers
ArialMT	11	• automatic registration for disability support workers who are registered with other
ArialMT	11	relevant professional bodies
ArialMT	11	• a First Nations workforce pathway to address barriers to First Nations workers
ArialMT	11	entering the sector
ArialMT	11	• an accessible portal to enable people with disability and their supporters
ArialMT	11	to view the profiles and registration status of disability support workers
ArialMT	11	• portable training and leave entitlements.
DINPro-Medium	13	Recommendation 10.9 The Social, Community, Home Care and Disability
DINPro-Medium	13	Services Industry Award
ArialMT	11	Organisations entitled to represent the industrial interests of members of the disability
ArialMT	11	support workforce covered by the Social, Community, Home Care and Disability
ArialMT	11	Services (SCHADS) Industry Award 2010, along with the Australian Government and
ArialMT	11	employers, should consider a joint application to vary the modern award in accordance
ArialMT	11	with section 158 of the Fair Work Act 2009 (Cth).
ArialMT	9	Executive Summary, Our vision for an inclusive Australia and Recommendations 289
ArialMT	11	This would seek to ensure equal remuneration of workers for work of equal or
ArialMT	11	comparable value in accordance with section 302 of the Fair Work Act 2009 (Cth),
ArialMT	11	paying particular attention to employers’ continued use of Schedule E and the
ArialMT	11	‘work value’ of contemporary disability support work.
DINPro-Medium	14	Provider of last resort scheme
DINPro-Medium	13	Recommendation 10.10 Provider of last resort
ArialMT	11	The Australian Government should urgently engage with state and territory governments
ArialMT	11	about funding and arrangements for a provider of last resort scheme. It should
ArialMT	11	also consult with people with disability, disabled people’s organisations, disability
ArialMT	11	representative organisations including member-led First Nations Community Controlled
ArialMT	11	Organisations, and peak bodies about how such a scheme could operate.
ArialMT	11	The scheme should be designed to address:
ArialMT	11	• failed or thin markets, particularly for First Nations people with disability in remote
ArialMT	11	or very remote areas, and consider the use of block funding to guarantee service
ArialMT	11	provision in those communities
ArialMT	11	• access to services for:
ArialMT	11	◦ people in crisis situations
ArialMT	11	◦ people at risk of losing their accommodation and disability services
ArialMT	11	◦ people whose needs cannot be adequately met by existing services
ArialMT	11	• access to case management for people with disability at heightened risk
ArialMT	11	of violence, abuse, neglect or exploitation
ArialMT	11	• clarity about which agency has the lead coordinating role.
ArialMT	11	The Australian Government should put forward a proposal for discussion to
ArialMT	11	the Disability Reform Ministers Council in 2024.
ArialMT	9	290 Royal Commission into Violence, Abuse, Neglect and Exploitation of People with Disability: Final Report
DINPro-Medium	16	Part B: NDIS Quality and Safeguards Commission
DINPro-Medium	14	Improving oversight processes
DINPro-Medium	13	Recommendation 10.11 Internal procedures for monitoring
DINPro-Medium	13	reportable incidents
ArialMT	11	The NDIS Quality and Safeguards Commission should improve its internal procedures
ArialMT	11	for monitoring reportable incidents, paying particular attention to:
ArialMT	11	a. communicating feedback about the quality of providers’ handling of incidents
ArialMT	11	b. seeking clarification from providers, National Disability Insurance Scheme
ArialMT	11	participants and their families when deficiencies or evidentiary gaps are identified,
ArialMT	11	particularly where participants have been harmed or are at immediate risk of harm
ArialMT	11	c. the efficiency of the online portal used by providers to report incidents.
DINPro-Medium	14	Controlling volume of reportable incidents to focus on risk
DINPro-Medium	13	Recommendation 10.12 Introduction of class or kind determinations
ArialMT	11	The Minister for the National Disability Insurance Scheme should, in consultation
Arial-ItalicMT	11	with states and territories, amend the National Disability Insurance Scheme (Incident
Arial-ItalicMT	11	Management and Reportable Incidents) Rules 2018 (Cth) to:
ArialMT	11	a. introduce ‘class or kind’ determinations exempting certain registered providers
ArialMT	11	from notifying less serious types or categories of reportable incidents where
ArialMT	11	they have demonstrated a satisfactory level of competence in managing and
ArialMT	11	investigating incidents
ArialMT	11	b. enable the NDIS Quality and Safeguards Commission to conduct audits to assess
ArialMT	11	compliance with class or kind determinations.
DINPro-Medium	14	Engaging suitably skilled investigators
DINPro-Medium	13	Recommendation 10.13 Creating an independent investigators panel
ArialMT	11	The NDIS Quality and Safeguards Commission (NDIS Commission) should establish
ArialMT	11	a panel of independent investigators with strong credentials in relation to safeguarding,
ArialMT	11	human rights and investigative practice. The NDIS Commission should seek regular
ArialMT	11	feedback from providers about the quality of independent investigators’ work.
ArialMT	9	Executive Summary, Our vision for an inclusive Australia and Recommendations 291
DINPro-Medium	14	Improving provider safeguarding practices
DINPro-Medium	13	Recommendation 10.14 Developing model policies and procedures
ArialMT	11	The NDIS Quality and Safeguards Commission should develop model procedures
ArialMT	11	for National Disability Insurance Scheme (NDIS) providers, including:
ArialMT	11	a. for frontline workers about recognising and reporting incidents, with clear
ArialMT	11	definitions around what incidents must be reported and when
ArialMT	11	b. for incident management incorporating guidance on undertaking causal
ArialMT	11	reviews of incidents and preventive action, as well as implementing wider
ArialMT	11	system improvements
ArialMT	11	c. for complaints articulating person-centred approaches for managing and resolving
ArialMT	11	complaints and providing feedback, and requiring supports for a participant
ArialMT	11	who needs to participate in a complaints process
ArialMT	11	d. that address the need to consider the impact or harm caused to a participant
ArialMT	11	and provide guidance on forms of redress that should be offered to people
ArialMT	11	with disability involved in incidents and complaints.
ArialMT	11	These procedures should be developed in consultation with people with disability,
ArialMT	11	family members, advocates and NDIS providers.
DINPro-Medium	13	Recommendation 10.15 Complaint handling and investigative
DINPro-Medium	13	practice guideline
ArialMT	11	a. The NDIS Quality and Safeguards Commissioner should issue a guideline,
ArialMT	11	by notifiable instrument, addressing accessible and responsive complaint
ArialMT	11	handling and investigative practice. The guideline should:
ArialMT	11	• outline the core components of an accessible and responsive complaint
ArialMT	11	handling and investigative practice involving people with disability,
ArialMT	11	consistent with Recommendation 11.5
ArialMT	11	• be co-designed by people with disability and their representative
ArialMT	11	organisations and involve consultation with National Disability Insurance
ArialMT	11	Scheme (NDIS) provider representatives.
ArialMT	11	b. The Minister for the NDIS should, in consultation with states and territories,
Arial-ItalicMT	11	amend the National Disability Insurance Scheme (Incident Management and
Arial-ItalicMT	11	Reportable Incidents) Rules 2018 (Cth) and National Disability Insurance Scheme
Arial-ItalicMT	11	(Complaints Management and Resolution) Rules 2018 (Cth) to include recognition
ArialMT	11	of, and a requirement for compliance with, the guideline.
ArialMT	9	292 Royal Commission into Violence, Abuse, Neglect and Exploitation of People with Disability: Final Report
DINPro-Medium	13	Recommendation 10.16 Requirement to consider redress
ArialMT	11	a. The Minister for the National Disability Insurance Scheme (NDIS) should, in
ArialMT	11	consultation with states and territories, amend the National Disability Insurance
Arial-ItalicMT	11	Scheme (Incident Management and Reportable Incidents) Rules 2018 (Cth) and
Arial-ItalicMT	11	National Disability Insurance Scheme (Complaints Management and Resolution)
ArialMT	11	Rules 2018 (Cth) to include a requirement for NDIS providers to consider
ArialMT	11	redress and forms of support to an NDIS participant where the NDIS Quality
ArialMT	11	and Safeguards Commission (NDIS Commission) forms the view that the
ArialMT	11	service provider bears responsibility for the violence, abuse, neglect or
ArialMT	11	exploitation experienced by the NDIS participant.
ArialMT	11	b. The NDIS Commission should:
ArialMT	11	• provide practical advice on suitable forms of redress when making
ArialMT	11	the guideline on accessible and responsive complaint handling and
ArialMT	11	investigative practice (see Recommendation 10.15)
ArialMT	11	• consider whether it has power to incorporate in enforceable undertakings
ArialMT	11	a requirement that service providers afford redress to NDIS participants
ArialMT	11	in appropriate cases. If not, it should seek the necessary powers and be
ArialMT	11	prepared to use them where appropriate.
DINPro-Medium	13	Recommendation 10.17 Access to safeguarding indicators and expertise
ArialMT	11	In developing and publishing guidance about best practice governance models
ArialMT	11	for National Disability Insurance Scheme (NDIS) providers, the NDIS Quality and
ArialMT	11	Safeguards Commission should:
ArialMT	11	a. include safeguarding indicators for use by NDIS providers based on the sample
ArialMT	11	indicators outlined in Table 10.8.3
ArialMT	11	b. provide guidance encouraging governing bodies of NDIS providers to have
ArialMT	11	regular access to specialist safeguarding advice in considering issues arising
ArialMT	11	from complaints and incidents.
ArialMT	9	Executive Summary, Our vision for an inclusive Australia and Recommendations 293
DINPro-Medium	14	Improving complaint processes
DINPro-Medium	13	Recommendation 10.18 Improved complaint handling procedures
DINPro-Medium	13	and responses
ArialMT	11	The NDIS Quality and Safeguards Commission should:
ArialMT	11	a. ensure complainants are updated appropriately throughout key stages of the
ArialMT	11	complaint process and their expectations managed
ArialMT	11	b. ensure triage and streamlining models effectively prioritise complaints requiring
ArialMT	11	a more immediate response
ArialMT	11	c. clearly define risk categories, timeframes and procedures for handling
ArialMT	11	these complaints
ArialMT	11	d. establish realistic and achievable metrics for measuring its performance
ArialMT	11	with respect to timeframes.
DINPro-Medium	13	Recommendation 10.19 Requirement to investigate certain complaints
ArialMT	11	The Minister for the National Disability Insurance Scheme should, in consultation
ArialMT	11	with states and territories, amend the National Disability Insurance Scheme
Arial-ItalicMT	11	(Complaints Management and Resolution) Rules 2018 (Cth) to empower the NDIS
ArialMT	11	Quality and Safeguards Commission to require a provider to carry out an investigation
ArialMT	11	into a complaint and report on its contact with the complainant and its findings.
ArialMT	9	294 Royal Commission into Violence, Abuse, Neglect and Exploitation of People with Disability: Final Report
DINPro-Medium	13	Recommendation 10.20 Making complaint processes accessible
ArialMT	11	The NDIS Quality and Safeguards Commission should further enhance the accessibility
ArialMT	11	of its complaint handling processes, having regard to the following steps:
ArialMT	11	a. making information simple and easy to navigate
ArialMT	11	b. adopting a ‘no wrong door’ approach
ArialMT	11	c. accommodating people’s preferred means of communication and making other
ArialMT	11	adjustments as needed
ArialMT	11	d. assisting people to secure advocacy and other supports
ArialMT	11	e. identifying people at risk of abuse
ArialMT	11	f. implementing a strategy for ‘hard to reach’ groups
ArialMT	11	g. ensuring complainants are involved in complaint processes and when this
ArialMT	11	is not possible, recording the reasons for their non-involvement
ArialMT	11	h. examining whether providers are supporting people with disability to access
ArialMT	11	advocates when they make a complaint and where providers conduct investigations.
DINPro-Medium	14	Provider registration
DINPro-Medium	13	Recommendation 10.21 Registration and audit process
ArialMT	11	a. To enhance the registration process, the NDIS Quality and Safeguards
ArialMT	11	Commission (NDIS Commission) should:
ArialMT	11	• develop and implement a framework for sharing relevant information with
ArialMT	11	quality auditors
ArialMT	11	• conduct a comprehensive review of the provider registration process
ArialMT	11	focused on:
ArialMT	11	◦ simplifying the process for smaller providers seeking to renew
ArialMT	11	their registration
ArialMT	11	◦ improving the NDIS Commission’s operating system (COS) portal
ArialMT	11	and online application forms used to submit registration applications
ArialMT	11	◦ removing any duplication of requirements for cohorts of practitioners or
ArialMT	11	organisations working within multiple schemes and for recognising other
ArialMT	11	forms of accreditation
ArialMT	9	Executive Summary, Our vision for an inclusive Australia and Recommendations 295
ArialMT	11	◦ identifying areas where there are workforce shortages or ‘thin provider
ArialMT	11	markets’, and encouraging the use of easier and more cost-effective
ArialMT	11	certification audit processes in these areas
ArialMT	11	◦ assessing whether the number of approved quality auditors accredited
ArialMT	11	for remote auditing and assessment should be increased
ArialMT	11	• collect and publish de-identified data about quality audit outcomes to inform
ArialMT	11	best practice
ArialMT	11	• alert quality auditors to known systemic issues across the NDIS
ArialMT	11	provider market.
ArialMT	11	b. The Minister for the National Disability Insurance Scheme should, in consultation
ArialMT	11	with states and territories, amend the National Disability Insurance Scheme
Arial-ItalicMT	11	(Protection and Disclosure of Information—Commissioner) Rules 2018 (Cth)
ArialMT	11	to clarify the NDIS Commission is able to share relevant information with
ArialMT	11	quality auditors.
DINPro-Medium	13	Recommendation 10.22 Strengthened regulatory requirements
ArialMT	11	a. The Minister for the National Disability Insurance Scheme should, in
ArialMT	11	consultation with states and territories, amend the Core Module of the National
Arial-ItalicMT	11	Disability Insurance Scheme (Provider Registration and Practice Standards)
ArialMT	11	Rules 2018 (Cth) to issue further standards that address complaint handling and
ArialMT	11	incident management.
ArialMT	11	b. The NDIS Quality and Safeguards Commissioner should amend the Core
Arial-ItalicMT	11	Module of the National Disability Insurance Scheme (Quality Indicators for NDIS
ArialMT	11	Practice Standards) Guidelines 2018 (Cth) to strengthen the requirements relating
ArialMT	11	to complaints and incidents (see Table 10.10.2), accountable governance (see
ArialMT	11	Table 10.10.3), and worker capacity and training (see Table 10.10.4).
DINPro-Medium	13	Recommendation 10.23 Publishing data about the unregistered
DINPro-Medium	13	provider market
ArialMT	11	The NDIS Quality and Safeguards Commission (NDIS Commission) should collect
ArialMT	11	and publish data relating to trends and risks identified within the unregistered provider
ArialMT	11	market, including a breakdown of:
ArialMT	11	• the number of complaints received involving unregistered providers
ArialMT	11	• quality and safety issues identified by the NDIS Commission through its
ArialMT	11	oversight of complaints in relation to unregistered providers
ArialMT	11	• the number of compliance matters and investigations commenced by the
ArialMT	11	NDIS Commission in relation to unregistered providers
ArialMT	9	296 Royal Commission into Violence, Abuse, Neglect and Exploitation of People with Disability: Final Report
ArialMT	11	• the number of unregistered providers involved in contraventions identified by the
ArialMT	11	NDIS Commission and the type of breach identified
ArialMT	11	• the number and type of compliance and enforcement actions taken in relation
ArialMT	11	to unregistered providers
ArialMT	11	• the number of workers engaged by unregistered providers involved in complaints,
ArialMT	11	compliance matters or investigations without a worker screening clearance at the
ArialMT	11	time of the alleged conduct or issue.
DINPro-Medium	14	Behaviour support
DINPro-Medium	13	Recommendation 10.24 Improved access to behaviour support practitioners
ArialMT	11	The NDIS Quality and Safeguards Commission should, by December 2024, improve
ArialMT	11	access to behaviour support practitioners by:
ArialMT	11	a. providing incentives for practitioners and National Disability Insurance Scheme
ArialMT	11	providers to provide behaviour support services, including in regional and remote
ArialMT	11	areas in which ‘thin markets’ operate
ArialMT	11	b. forming a partnership with First Nations leaders from the disability and employment
ArialMT	11	services sectors to develop a recruitment strategy targeting First Nations people
ArialMT	11	and others with experience in working with First Nations communities to address
ArialMT	11	behaviour support shortages in regional and remote areas
ArialMT	11	c. exploring with behaviour support practitioners, service providers and people
ArialMT	11	with disability, the merits of an ‘on-the-job’ professional development and
ArialMT	11	accreditation model for behaviour support practitioners
ArialMT	11	d. creating a publicly accessible list of all individual behaviour support practitioners.
DINPro-Medium	14	Strengthening monitoring, compliance and enforcement
DINPro-Medium	13	Recommendation 10.25 Strengthened monitoring, compliance
DINPro-Medium	13	and enforcement
ArialMT	11	The NDIS Quality and Safeguards Commission should review its compliance
ArialMT	11	and enforcement policy and in doing so have regard to:
ArialMT	11	a. where appropriate, transitioning its primary compliance approach from educational
ArialMT	11	and capacity building strategies to stronger compliance and enforcement activities
ArialMT	9	Executive Summary, Our vision for an inclusive Australia and Recommendations 297
ArialMT	11	b. increasing its face-to-face engagement with National Disability Insurance Scheme
ArialMT	11	(NDIS) participants who are at greater risk of experiencing violence, abuse,
ArialMT	11	neglect and exploitation, and site visits to speak with providers and workers
ArialMT	11	c. increasing the use of its enforcement powers and monitoring tools in relation
ArialMT	11	to NDIS providers that:
ArialMT	11	• have a history of non-compliance or repeatedly fail to meet their obligations
ArialMT	11	to provide safe and quality supports and services
ArialMT	11	• have demonstrated a disregard for the safety of people with disability
ArialMT	11	• have caused serious harm to a person or people with disability
ArialMT	11	d. the availability of enforceable undertakings and compliance notices to address
ArialMT	11	non-compliance by NDIS providers.
DINPro-Medium	14	Enhancing data and intelligence
DINPro-Medium	13	Recommendation 10.26 Expanded data reporting and publication
ArialMT	11	a. In addition to data currently published, the NDIS Quality and Safeguards
ArialMT	11	Commission should publish in quarterly activity reports and annual reports:
ArialMT	11	• ‘disaggregated data’ relating to complaints, reportable incidents and
ArialMT	11	behaviour support, having regard to suggested data in Table 10.13.1
ArialMT	11	• a comprehensive analysis of data trends, identifying systemic issues
ArialMT	11	relating to the quality and safety of National Disability Insurance Scheme
ArialMT	11	(NDIS) supports and services
ArialMT	11	• ‘operational performance data’ relating to complaints, reportable incidents,
ArialMT	11	compliance and enforcement, having regard to the suggestions in
ArialMT	11	Table 10.13.2.
ArialMT	11	b. The Minister for the NDIS should, in consultation with states and territories,
ArialMT	11	amend the reporting requirements in the National Disability Insurance Scheme
Arial-ItalicMT	11	(Incident Management and Reportable Incidents) Rules 2018 (Cth) to enable
ArialMT	11	provider investigation outcome data to be collected on a routine basis from
ArialMT	11	NDIS providers.
DINPro-Medium	13	Recommendation 10.27 Strengthened intelligence capacity
ArialMT	11	The NDIS Quality and Safeguards Commission (NDIS Commission) should establish
ArialMT	11	a dedicated intelligence unit within the NDIS Commission to enhance its capacity to
ArialMT	11	collect intelligence, identify and respond to higher risk participants, take action relating
ArialMT	11	to providers where necessary and identify systemic issues.
ArialMT	9	298 Royal Commission into Violence, Abuse, Neglect and Exploitation of People with Disability: Final Report
DINPro-Medium	13	Recommendation 10.28 Information sharing between prescribed bodies
ArialMT	11	a. The Minister for the National Disability Insurance Scheme (NDIS) should, in
ArialMT	11	consultation with states and territories, amend the National Disability Insurance
Arial-ItalicMT	11	Scheme (Protection and Disclosure of Information—Commissioner) Rules 2018
ArialMT	11	(Cth) to include safeguarding bodies with the type of functions described in Table
ArialMT	11	10.13.3 as ‘prescribed bodies’ for the purposes of section 67A(1)(db) of the
Arial-ItalicMT	11	National Disability Insurance Scheme Act 2013 (Cth).
ArialMT	11	b. States and territories should introduce legislative and administrative
ArialMT	11	arrangements that would allow prescribed bodies in each jurisdiction to exchange
ArialMT	11	risk-related information with the NDIS Quality and Safeguards Commission, where
ArialMT	11	the exchange of information will promote the safety of NDIS participants who may
ArialMT	11	be at risk of experiencing violence, abuse, neglect or exploitation.
DINPro-Medium	14	Engagement and capacity building
DINPro-Medium	13	Recommendation 10.29 Establishing a First Nations Unit
ArialMT	11	The NDIS Quality and Safeguards Commission should establish a dedicated First
ArialMT	11	Nations Unit to develop its engagement with and understanding of the issues facing First
ArialMT	11	Nations participants in the National Disability Insurance Scheme, particularly in regional
ArialMT	11	and remote communities.
DINPro-Medium	13	Recommendation 10.30 Engagement and capacity building activities
ArialMT	11	The NDIS Quality and Safeguards Commission should enhance its engagement and
ArialMT	11	capacity building activities with National Disability Insurance Scheme (NDIS) providers by:
ArialMT	11	a. routinely sharing data analysis and insights from its oversight activities with NDIS
ArialMT	11	providers to promote improvements in the quality and safety of services
ArialMT	11	b. facilitating regular industry forums and communities of practice to raise and
ArialMT	11	address critical safeguarding practice issues and share best practice
ArialMT	11	c. expanding its training offerings to NDIS providers, particularly in relation to
ArialMT	11	fulfilling their obligations to recognise, report and investigate incidents and deal
ArialMT	11	appropriately with complaints
ArialMT	11	d. developing a training and resources hub for use by people with disability and their
ArialMT	11	supporters, as well as the NDIS provider workforce.
ArialMT	9	Executive Summary, Our vision for an inclusive Australia and Recommendations 299
DINPro-Medium	14	Worker screening
DINPro-Medium	13	Recommendation 10.31 Continuous monitoring of criminal charges
ArialMT	11	The Australian Government and state and territory governments should amend the
ArialMT	11	Intergovernmental Agreement on Nationally Consistent Worker Screening for the National
ArialMT	11	Disability Insurance Scheme to clarify the role of the Australian Federal Police (or other
ArialMT	11	national bodies) in monitoring new charges relating to disability support workers who hold
ArialMT	11	a clearance, and sharing information with state and territory worker screening units.
DINPro-Medium	13	Recommendation 10.32 Operational framework to guide worker screening
ArialMT	11	The NDIS Quality and Safeguards Commission (NDIS Commission) should, in
ArialMT	11	consultation with state and territory worker screening units, develop an operational
ArialMT	11	framework to guide the efficient and effective provision of information to worker
ArialMT	11	screening units to inform their assessments. In doing so, it should establish criteria
ArialMT	11	to inform the provision of initial monitoring advice to screening bodies to promote
ArialMT	11	consistency and help better inform initial screening actions. Such advice could include:
ArialMT	11	• date of the incident
ArialMT	11	• duration of alleged conduct (if applicable)
ArialMT	11	• description, nature and circumstances of the matter
ArialMT	11	• whether the police are involved (noting that the screening unit will only be alerted
ArialMT	11	via the monitoring system at the point at which charges are laid)
ArialMT	11	• critical information relating to the available evidence (for example, an investigation
ArialMT	11	report from an employer)
ArialMT	11	• relevant information relating to the NDIS Commission’s oversight of the matter
ArialMT	11	(for example, whether the matter is open, closed, substantiated or not and
ArialMT	11	whether further outcomes are pending).
DINPro-Medium	13	Recommendation 10.33 Reviewing information sharing arrangements
ArialMT	11	As part of the National Disability Insurance Scheme worker screening review, the
ArialMT	11	Australian Government, and state and territory governments, should consider the
ArialMT	11	adequacy of information sharing arrangements with regard to:
ArialMT	11	a. the ability of worker screening units to obtain relevant risk-related information
ArialMT	11	from bodies outside of their operating jurisdiction to inform their assessments
ArialMT	11	b. the ability of the NDIS Quality and Safeguards Commission and worker screening
ArialMT	11	units to obtain and share relevant risk-related information (such as misconduct
ArialMT	11	and disciplinary investigation outcomes) held by other safeguarding and complaint
ArialMT	11	handling bodies to inform worker screening decisions.
ArialMT	9	300 Royal Commission into Violence, Abuse, Neglect and Exploitation of People with Disability: Final Report
DINPro-Medium	18	Volume 11, Independent oversight and complaint
DINPro-Medium	18	mechanisms
DINPro-Medium	16	National consistency in adult safeguarding
DINPro-Medium	13	Recommendation 11.1 Nationally consistent adult safeguarding functions
ArialMT	11	States and territories should each:
ArialMT	11	a. introduce legislation to establish nationally consistent adult safeguarding
ArialMT	11	functions, including:
ArialMT	11	• definitions of ‘adult with disability’, ‘violence’, ‘abuse’, ‘neglect’, and
ArialMT	11	‘exploitation’
ArialMT	11	• at a minimum, the principles, functions and powers outlined in Table 11.1.1
ArialMT	11	• data collection and public reporting, including demographic data (for
ArialMT	11	example, relating to First Nations, culturally and linguistically diverse, and
ArialMT	11	LGBTIQA+ people with disability)
ArialMT	11	• a mechanism to review the legislation after a reasonable period to examine
ArialMT	11	its efficacy.
ArialMT	11	b. ensure adult safeguarding functions are operated by adequately resourced
ArialMT	11	independent statutory bodies
ArialMT	11	c. develop a National Adult Safeguarding Framework led by the appointed adult
ArialMT	11	safeguarding bodies
ArialMT	11	d. consider whether to co-locate the adult safeguarding function with the ‘one-stop
ArialMT	11	shop’ independent complaint reporting, referral and support mechanism (see
ArialMT	11	Recommendation 11.3).
DINPro-Medium	13	Recommendation 11.2 An integrated national adult safeguarding framework
ArialMT	11	The Australian Government should incorporate the National Adult Safeguarding
ArialMT	11	Framework proposed in Recommendation 11.1 into the Safety Targeted Action Plan
ArialMT	11	within Australia’s Disability Strategy or another suitable authorising document.
ArialMT	9	Executive Summary, Our vision for an inclusive Australia and Recommendations 301
DINPro-Medium	16	Independent complaint reporting, referral and support
DINPro-Medium	13	Recommendation 11.3 ‘One-stop shop’ complaint reporting, referral
DINPro-Medium	13	and support
ArialMT	11	States and territories should each establish or maintain an independent ‘one-stop shop’
ArialMT	11	complaint reporting, referral and support mechanism to receive reports of violence,
ArialMT	11	abuse, neglect and exploitation of people with disability. This mechanism should perform
ArialMT	11	the following functions:
ArialMT	11	a. receive complaints or reports from anyone concerned about violence, abuse,
ArialMT	11	neglect and exploitation involving a person with disability in any setting
ArialMT	11	b. provide advice and information to people with disability, representative
ArialMT	11	organisations and other interested parties about appropriate reporting options
ArialMT	11	c. with a person’s consent:
ArialMT	11	• make warm referrals to appropriate complaints bodies
ArialMT	11	• make warm referrals to advocacy and other services who can support
ArialMT	11	them in the complaint process
ArialMT	11	d. refer ‘third party’ reports to police, including anonymous reports
ArialMT	11	e. collect, analyse and publicly report annual data on complaints and reports
ArialMT	11	received and on referrals.
ArialMT	11	The mechanism should be co-designed with people with disability to ensure entry
ArialMT	11	points are accessible to and effective for people with a range of abilities, language
ArialMT	11	and communication needs.
ArialMT	11	The mechanism should be placed, if possible, within an existing independent
ArialMT	11	organisation which has appropriate expertise and relationships with services to
ArialMT	11	perform its functions.
DINPro-Medium	13	Recommendation 11.4 Creating accessible complaint pathways
ArialMT	11	The Australian Government should work with states and territories to establish a national
ArialMT	11	1800 number, website and other accessible reporting tools to direct people to the
ArialMT	11	independent complaint and referral mechanism in their state or territory.
ArialMT	9	302 Royal Commission into Violence, Abuse, Neglect and Exploitation of People with Disability: Final Report
DINPro-Medium	16	Guidelines for inclusive and responsive complaint handling
DINPro-Medium	13	Recommendation 11.5 Complaint handling and investigative
DINPro-Medium	13	practice guidelines
ArialMT	11	The Commonwealth Ombudsman should lead a co-design process with the NDIS
ArialMT	11	Quality and Safeguards Commission, state and territory ombudsmen and other
ArialMT	11	bodies with complaint handling and investigation expertise, to develop guidelines
ArialMT	11	for organisations on implementing complaint handling systems that are accessible
ArialMT	11	and responsive to people with disability. The guidelines should reflect the ten
ArialMT	11	core components:
ArialMT	11	• creating a rights-focused complaints culture
ArialMT	11	• encouraging people with disability and others to speak up
ArialMT	11	• making adjustments to enable participation
ArialMT	11	• supporting the person with disability, their family and others in complaint
ArialMT	11	processes
ArialMT	11	• respecting complexity, diversity and cultural difference
ArialMT	11	• providing clear information about how to complain and multiple pathways
ArialMT	11	to complain
ArialMT	11	• working respectfully and effectively alongside police
ArialMT	11	• conducting safe and inclusive investigations that are trauma-informed
ArialMT	11	• providing tailored outcomes and redress
ArialMT	11	• using complaints data to drive continuous improvement in service provision
ArialMT	11	and complaint handling.
DINPro-Medium	16	Achieving OPCAT compliance
DINPro-Medium	13	Recommendation 11.6 Enshrining key provisions of OPCAT in legislation
ArialMT	11	The Australian Government should revisit the Australian Human Rights Commission’s
ArialMT	11	recommendation and introduce legislation enshrining the key provisions of the Optional
Arial-ItalicMT	11	Protocol to the Convention against Torture and Other Cruel, Inhuman or Degrading
ArialMT	11	Treatment or Punishment (OPCAT) and facilitate the national coordination of Australia’s
ArialMT	11	OPCAT response.
ArialMT	9	Executive Summary, Our vision for an inclusive Australia and Recommendations 303
DINPro-Medium	13	Recommendation 11.7 Resourcing and wider definition of places
DINPro-Medium	13	of detention
ArialMT	11	The Australian Government and state and territory governments should:
ArialMT	11	a. agree to provide resources to enable National Preventive Mechanism bodies in all
Arial-ItalicMT	11	jurisdictions to fulfil the Optional Protocol to the Convention against Torture and
Arial-ItalicMT	11	Other Cruel, Inhuman or Degrading Treatment or Punishment’s core functions,
ArialMT	11	including the ‘preventive package’
ArialMT	11	b. enact legislation incorporating a broader definition of ‘places of detention’ to
ArialMT	11	enable all places where people with disability may be deprived of their liberty
ArialMT	11	to be monitored by National Preventive Mechanism bodies.
DINPro-Medium	13	Recommendation 11.8 Legislating National Preventive Mechanisms
ArialMT	11	All state and territory governments should introduce legislation to establish the functions
ArialMT	11	of their National Preventive Mechanism bodies and facilitate inspections by the United
ArialMT	11	Nations Subcommittee on the Prevention of Torture.
DINPro-Medium	13	Recommendation 11.9 Designating National Preventive Mechanism bodies
ArialMT	11	The governments of New South Wales, Victoria and Queensland should designate
ArialMT	11	National Preventive Mechanism bodies in their jurisdictions.
DINPro-Medium	13	Recommendation 11.10 Improved consistency and coordination
ArialMT	11	The Commonwealth Ombudsman should:
ArialMT	11	a. ensure the OPCAT Advisory Group includes people with disability
ArialMT	11	b. lead work with the National Preventive Mechanism Network to:
ArialMT	11	• develop a consistent methodology for determining National Preventive
ArialMT	11	Mechanism inspection priorities
ArialMT	11	• implement a coordinated approach to prioritising inspections of places
ArialMT	11	of detention that pose a high risk to people with disability, focusing on
ArialMT	11	particular practices affecting people with disability across detention settings
ArialMT	11	• develop and adopt common disability inspection standards for use in
ArialMT	11	all jurisdictions
ArialMT	11	• commit to nationally consistent collection and reporting of data about
ArialMT	11	monitoring places of detention.
ArialMT	9	304 Royal Commission into Violence, Abuse, Neglect and Exploitation of People with Disability: Final Report
DINPro-Medium	13	Recommendation 11.11 Disability inclusive approach to implementing OPCAT
ArialMT	11	National Preventive Mechanism (NPM) bodies in all Australian jurisdictions
ArialMT	11	should implement their functions in a disability-inclusive way by:
ArialMT	11	• enabling people with disability in places of detention to share information
ArialMT	11	and experiences with the NPM using a variety of communication forms
ArialMT	11	• ensuring staff participate in ongoing education and training about the Optional
Arial-ItalicMT	11	Protocol to the Convention against Torture and Other Cruel, Inhuman or
ArialMT	11	Degrading Treatment or Punishment, human rights and issues affecting people
ArialMT	11	with disability in places of detention
ArialMT	11	• ensuring staff conducting NPM inspections have the skills and experience
ArialMT	11	to provide reasonable adjustments, communication supports and supported
ArialMT	11	decision-making to people with disability when required
ArialMT	11	• involving people with disability in the inspection of places of detention
ArialMT	11	• collecting and publishing data about people with disability in places of detention,
ArialMT	11	aligned with disability inspection standards.
DINPro-Medium	16	Community visitor schemes
DINPro-Medium	13	Recommendation 11.12 Nationally consistent community visitor schemes
ArialMT	11	States and territories should:
ArialMT	11	a. urgently implement community visitor schemes (CVS) for people with disability,
ArialMT	11	if they have not done so already
ArialMT	11	b. ensure CVS are resourced to conduct frequent visits to individuals who may
ArialMT	11	be at elevated risk of abuse or harm
ArialMT	11	c. agree to make CVS nationally consistent regarding people with disability,
ArialMT	11	including in relation to:
ArialMT	11	• the scope of schemes (who community visitors should visit)
ArialMT	11	• powers to visit people with disability, inspect records and provide
ArialMT	11	information to other relevant bodies
ArialMT	11	• common monitoring standards
ArialMT	11	• the type of data that CVS should capture and report on
ArialMT	9	Executive Summary, Our vision for an inclusive Australia and Recommendations 305
ArialMT	11	d. as a priority, define the scope of CVS with reference to:
ArialMT	11	• ‘visitable services’
ArialMT	11	• mechanisms for identifying factors that may place a person with disability
ArialMT	11	at increased risk of violence, abuse, neglect or exploitation
ArialMT	11	e. ensure CVS legislation enables relevant information to be shared between
ArialMT	11	CVS, the NDIS Quality and Safeguards Commission and the National Disability
ArialMT	11	Insurance Agency.
DINPro-Medium	13	Recommendation 11.13 Integration of community visitor schemes
DINPro-Medium	13	with the NDIS
Arial-ItalicMT	11	a. The Commonwealth should amend the National Disability Insurance Scheme
ArialMT	11	Act 2013 (Cth) to formally recognise community visitor schemes (CVS) as a
ArialMT	11	safeguard for people with disability and provide the authorising environment
ArialMT	11	for information-sharing between the NDIS Quality and Safeguards Commission
ArialMT	11	(NDIS Commission) and CVS.
ArialMT	11	b. The Australian Government should:
ArialMT	11	• enter into a national agreement with states and territories that commits CVS
ArialMT	11	and the NDIS Commission to:
ArialMT	11	◦ sharing relevant information to effectively exercise their respective
ArialMT	11	functions
ArialMT	11	◦ developing common standards for guiding the work of CVS relating to
ArialMT	11	people with disability.
ArialMT	11	• update the NDIS Quality and Safeguarding Framework to formally
ArialMT	11	recognise the important safeguarding role played by CVS.
DINPro-Medium	16	Disability death review schemes
DINPro-Medium	13	Recommendation 11.14 Establishing disability death review schemes
ArialMT	11	States and territories should establish and appropriately resource disability death review
ArialMT	11	schemes. These schemes should include:
ArialMT	11	a. functions to:
ArialMT	11	• receive, assess and record ‘reviewable deaths’ of people with disability,
ArialMT	11	as defined in recommendation 11.15
ArialMT	11	• monitor and review reviewable deaths
ArialMT	9	306 Royal Commission into Violence, Abuse, Neglect and Exploitation of People with Disability: Final Report
ArialMT	11	• formulate recommendations about policies and practices to prevent or
ArialMT	11	reduce reviewable deaths
ArialMT	11	• maintain a register of reviewable deaths
ArialMT	11	• formulate strategies to reduce or remove potentially avoidable risk factors
ArialMT	11	for reviewable deaths
ArialMT	11	• establish and support the work of an expert advisory committee
ArialMT	11	b. powers to:
ArialMT	11	• scrutinise systems for reporting reviewable deaths
ArialMT	11	• undertake detailed reviews of information relating to reviewable deaths
ArialMT	11	• conduct own motion investigations into individual or groups of deaths
ArialMT	11	• analyse data on the causes of reviewable deaths to identify patterns
ArialMT	11	and trends
ArialMT	11	• consult with, and obtain information from, any person or body with relevant
ArialMT	11	information or appropriate expertise
ArialMT	11	• invite and consider information from the deceased person’s family or
ArialMT	11	guardian or advocate when reviewing and/or investigating a death
ArialMT	11	• notify the NDIS Quality and Safeguards Commission of matters relevant to
ArialMT	11	the exercise of its functions
ArialMT	11	• refer identified concerns about conduct or service provision to relevant
ArialMT	11	regulatory bodies for their consideration and appropriate action
ArialMT	11	• publish reports periodically on systemic findings and recommendations
ArialMT	11	arising from all reviewable deaths
ArialMT	11	• make a special report to the relevant state or territory parliament about any
ArialMT	11	matter that the scheme operator considers to be in the public interest.
DINPro-Medium	13	Recommendation 11.15 Disability death review scheme requirements
ArialMT	11	States and territories should ensure legislation establishing disability death
ArialMT	11	review schemes:
ArialMT	11	a. defines ‘reviewable deaths’ to include:
ArialMT	11	• deaths subject to mandatory notification
ArialMT	11	• deaths that a person or body with legitimate interest requests a scheme
ArialMT	11	to review
ArialMT	9	Executive Summary, Our vision for an inclusive Australia and Recommendations 307
ArialMT	11	b. requires deaths that are subject to a mandatory notification requirement include
ArialMT	11	the death of a person with disability:
ArialMT	11	• living in supported accommodation at the time of their death
ArialMT	11	• residing in a licensed boarding house (or equivalent) at the time of
ArialMT	11	their death
ArialMT	11	• residing in custody or in an acute health facility at the time of their death
ArialMT	11	(after the disability death review scheme has operated for a period).
DINPro-Medium	13	Recommendation 11.16 National agreement on disability death reviews
ArialMT	11	The Australian Government and state and territory governments should enter into
ArialMT	11	a national agreement that:
ArialMT	11	a. reflects the functions, powers and definitions outlined in recommendations
ArialMT	11	11.14 and 11.15
ArialMT	11	b. defines the respective roles of state and territory death review schemes and
ArialMT	11	the NDIS Quality and Safeguards Commission (NDIS Commission) in relation
ArialMT	11	to the deaths of people with disability
ArialMT	11	c. articulates the relationship between the functions of the disability death review
ArialMT	11	schemes and the NDIS Commission and ensures the appropriate operational
ArialMT	11	processes are in place to facilitate this
ArialMT	11	d. provides for information sharing between the death review schemes and the
ArialMT	11	NDIS Commission
ArialMT	11	e. commits to nationally consistent disability death data collection and reporting
ArialMT	11	requirements, and the inclusion of disability death data within the proposed
ArialMT	11	National Disability Data Asset.
DINPro-Medium	16	Reportable conduct schemes
DINPro-Medium	13	Recommendation 11.17 Nationally consistent reportable conduct schemes
ArialMT	11	States and territories should:
ArialMT	11	a. establish reportable conduct schemes, where not already in place, in accordance
ArialMT	11	with Recommendation 7.9 of the Royal Commission into Institutional Responses
ArialMT	11	to Child Sexual Abuse and make public their intended timeframe for doing so
ArialMT	11	b. take action to harmonise their reportable conduct schemes
ArialMT	9	308 Royal Commission into Violence, Abuse, Neglect and Exploitation of People with Disability: Final Report
ArialMT	11	c. introduce or amend existing legislation to:
ArialMT	11	• ensure disability service providers that deliver supports or services to
ArialMT	11	children with disability, including NDIS providers, are included in their
ArialMT	11	reportable conduct scheme
ArialMT	11	• include ‘ill-treatment’ in the definition of reportable conduct
ArialMT	11	• enable reportable conduct scheme operators to adopt a common definition
ArialMT	11	of disability
ArialMT	11	• require reportable conduct scheme operators to collect and publicly report
ArialMT	11	consistent data about reportable conduct notifications and outcomes
ArialMT	11	relating to children with disability.
DINPro-Medium	13	Recommendation 11.18 Dual oversight of reportable conduct and incidents
ArialMT	11	State and territory reportable conduct scheme operators and the NDIS Quality and
ArialMT	11	Safeguards Commission should:
ArialMT	11	a. jointly develop guiding principles to support the efficient and effective handling
ArialMT	11	of reportable incidents that are also allegations of reportable conduct
ArialMT	11	b. develop broadly consistent guidance material to assist organisations to
ArialMT	11	better understand key issues relevant to notifying, managing and
ArialMT	11	investigating allegations of reportable conduct and incidents involving
ArialMT	11	children with disability.
DINPro-Medium	18	Volume 12, Beyond the Royal Commission
DINPro-Medium	16	Government responses to Final report recommendations
DINPro-Medium	13	Recommendation 12.1 Government responses to the Final report
ArialMT	11	The Australian Government and state and territory governments should each publish
ArialMT	11	a written response to the Royal Commission’s Final report by 31 March 2024. Their
ArialMT	11	responses should indicate whether the recommendations are accepted, rejected or
ArialMT	11	subject to further consideration. They should include a plan for how the accepted
ArialMT	11	recommendations will be implemented, the reasons for rejecting any recommendations,
ArialMT	11	and a timeframe for any further consideration required.
ArialMT	11	The Australian Government and state and territory governments should table their
ArialMT	11	responses in their respective parliaments and legislative assemblies.
ArialMT	9	Executive Summary, Our vision for an inclusive Australia and Recommendations 309
DINPro-Medium	13	Recommendation 12.2 Implementation of the Final report recommendations
ArialMT	11	The Disability Reform Ministerial Council should oversee the implementation of the
ArialMT	11	Royal Commission’s recommendations across the Australian Government and state
ArialMT	11	and territory governments.
ArialMT	11	The Australian Government and each state and territory government should report to
ArialMT	11	the Disability Reform Ministerial Council every six months. Their reports should detail
ArialMT	11	the implementation status of each recommendation and raise any issues and risks.
ArialMT	11	In its 2024 report to National Cabinet, the Disability Reform Ministerial Council should
ArialMT	11	identify the implementation of the Royal Commission’s recommendations as one of its
ArialMT	11	priorities and include it in its workplan.
DINPro-Medium	13	Recommendation 12.3 Progress reporting on implementation
DINPro-Medium	13	of recommendations
ArialMT	11	Commencing in 2025, the National Disability Commission should table an annual report
ArialMT	11	in the Australian Parliament reporting on the progress of the Australian Government
ArialMT	11	and state and territory governments in implementing the recommendations of the
ArialMT	11	Royal Commission.
ArialMT	11	The report should compare progress across jurisdictions.
ArialMT	11	(For details of the National Disability Commission, see Volume 5, Governing for
ArialMT	11	inclusion, Recommendation 5.5.)
DINPro-Medium	16	Evaluating implementation and effectiveness in
DINPro-Medium	16	improving outcomes
DINPro-Medium	13	Recommendation 12.4 Evaluation of effectiveness in improving outcomes
ArialMT	11	The National Disability Commission should lead independent evaluations of the
ArialMT	11	implementation of the Royal Commission’s recommendations and their effectiveness in
ArialMT	11	improving outcomes for people with disability. The evaluations should examine barriers
ArialMT	11	to and drivers of effective implementation, and suggest measures for improvement.
ArialMT	11	The evaluations should be conducted five and 10 years after the delivery of the
ArialMT	11	Final report, with reports tabled in the Australian Parliament.
ArialMT	9	310 Royal Commission into Violence, Abuse, Neglect and Exploitation of People with Disability: Final Report
DINPro-Medium	16	Improving the collection of disability data
DINPro-Medium	13	Recommendation 12.5 A nationally consistent approach to data collection
ArialMT	11	The Australian Government and state and territory governments, through the Disability
ArialMT	11	Reform Ministerial Council, should address the lack of consistent disability data by
ArialMT	11	developing a nationally consistent approach to collecting disability information.
ArialMT	11	By December 2024, the Australian Government and state and territory governments
ArialMT	11	should agree to a core set of questions to identify disability status to be used across
ArialMT	11	all mainstream services and population surveys. This should be led by the Australian
ArialMT	11	Bureau of Statistics and the Australian Institute for Health and Welfare. The questions
ArialMT	11	should be co-designed with people with disability and their representative
ArialMT	11	organisations, and with First Nations subject matter experts.
DINPro-Medium	13	Recommendation 12.6 Disability flags in data collection for
DINPro-Medium	13	mainstream services
ArialMT	11	The Australian Government and state and territory governments, through the Disability
ArialMT	11	Reform Ministerial Council, should address the lack of available disability data by
ArialMT	11	implementing disability flags in data collections for key mainstream services.
ArialMT	11	By June 2025, the Australian Government and state and territory governments should
ArialMT	11	publish an implementation plan outlining how the core set of questions will be integrated
ArialMT	11	into data collections of priority mainstream services. This should be led by the Australian
ArialMT	11	Bureau of Statistics and the Australian Institute for Health and Welfare.
DINPro-Medium	13	Recommendation 12.7 Improving disability data collection
ArialMT	11	The Australian Government and state and territory governments should support
ArialMT	11	a strategy, led by the Australian Bureau of Statistics and the Australian Institute of
ArialMT	11	Health and Welfare, to extend disability data collection:
ArialMT	11	a. to include people with disability in closed and segregated settings and those
ArialMT	11	with communication support needs
ArialMT	11	b. to improve data on types of impairment
ArialMT	11	c. to improve data for intersectional analysis by enhancing data on women with
ArialMT	11	disability; children and young people with disability; and First Nations, culturally
ArialMT	11	and linguistically diverse, and LGBTIQA+ people with disability.
ArialMT	11	This strategy should form part of the Australia’s Disability Strategy 2021–2031 Data
ArialMT	11	Improvement Plan.
ArialMT	9	Executive Summary, Our vision for an inclusive Australia and Recommendations 311
DINPro-Medium	16	The National Disability Data Asset
DINPro-Medium	13	Recommendation 12.8 Long-term support for the National Disability
DINPro-Medium	13	Data Asset
ArialMT	11	The Australian Government and state and territory governments, through the Disability
ArialMT	11	Reform Ministerial Council, should commit to long-term support to the National Disability
ArialMT	11	Data Asset (NDDA).
ArialMT	11	All governments should:
ArialMT	11	a. by June 2024, commit to continuing funding to establish the NDDA as a national
ArialMT	11	resource for longitudinal analysis of linked data across service systems
ArialMT	11	b. commit to publishing an annual statistical summary of the analyses of the NDDA’s
ArialMT	11	linked data. This should focus on data insights not available from other sources
ArialMT	11	and provide transparency on projects underway. All reported data should be
ArialMT	11	disaggregated as far as possible to enable intersectional analysis
ArialMT	11	c. by December 2024, commence specific data projects using the NDDA that:
ArialMT	11	• identify the factors that put people with disability at greatest risk of violence,
ArialMT	11	abuse, neglect or exploitation
ArialMT	11	• demonstrate the outcomes and experiences of people with disability
ArialMT	11	transitioning between systems, including:
ArialMT	11	◦ education and employment, child protection and justice systems,
ArialMT	11	and housing and health
ArialMT	11	◦ the National Disability Insurance Scheme and mainstream services
ArialMT	11	• evaluate the accuracy of disability status collection in various service
ArialMT	11	settings.
ArialMT	9	312 Royal Commission into Violence, Abuse, Neglect and Exploitation of People with Disability: Final Report
DINPro-Medium	25	Glossary
ArialMT	11	The way we use language can be powerful. The Royal Commission aimed to use current and
ArialMT	11	respectful terminology, mindful that respectful language can promote awareness, inclusion and
ArialMT	11	empowerment.
ArialMT	11	People with disability are the experts when it comes to language in this area. We acknowledge
ArialMT	11	that individuals have their own preferences about how they use language. In deciding on the
ArialMT	11	terms the Royal Commission used, we were guided by the definitions and principles in the
Arial-ItalicMT	11	Convention on the Rights of Persons with Disabilities and have consulted with disability
ArialMT	11	experts. We have taken care to recognise diversity in the terms we used.
ArialMT	11	The definitions here are not strict legal definitions, but reflect the Royal Commission’s
ArialMT	11	understanding of key terms in the context of addressing disability issues and for the purposes
ArialMT	11	of this report. Our understanding of language in this area grew as we continued to listen to
ArialMT	11	what people with disability told us about language and their experiences.
DINPro-Medium	18	Key terms
DINPro-Medium	16	ableism
ArialMT	11	Ableism refers to attitudes and behaviours that label people with disability as different, less
ArialMT	11	than or inferior to people without disability, incapable of exercising choice and control and
ArialMT	11	a burden on society.
DINPro-Medium	16	Aboriginal Community Controlled Organisations
ArialMT	11	An incorporated Aboriginal or Torres Strait Islander organisation that is initiated by, based
ArialMT	11	in and governed by a local First Nations community to deliver holistic, culturally appropriate
ArialMT	11	services to the community that controls it. We also use the term First Nations Community
ArialMT	11	Controlled Organisation.
DINPro-Medium	16	Aboriginal Community Controlled Health Organisations
ArialMT	11	A primary health care service that is operated by a local Aboriginal community to deliver
ArialMT	11	holistic, comprehensive and culturally appropriate health care to the community that controls
ArialMT	11	it, through a locally elected board of management.
DINPro-Medium	16	abuse
ArialMT	11	Acts or omissions causing or likely to cause direct or indirect harm to a person or group of
ArialMT	11	people with disability. Abuse can occur as a single incident or repeated incidents or a pattern
ArialMT	11	of behaviour over a period of time.
ArialMT	9	Executive Summary, Our vision for an inclusive Australia and Recommendations 313
DINPro-Medium	16	accessible
ArialMT	11	Environments, facilities, services, products and information that people are able
ArialMT	11	to use and interact with in a way that suits their needs.
DINPro-Medium	16	adjustments
ArialMT	11	Necessary and appropriate individualised adaptations, modifications or supports to remove
ArialMT	11	or minimise barriers to or enable a person with disability’s participation and inclusion in society.
ArialMT	11	See also ‘reasonable adjustment’.
DINPro-Medium	16	advocacy
ArialMT	11	Disability advocacy refers to acting, speaking or writing to promote, protect and defend the
ArialMT	11	rights and interests of people with disability, including human rights.
DINPro-Medium	16	assistive devices and technologies
ArialMT	11	Devices and technologies designed, made, or adapted to assist people with disability to
ArialMT	11	participate in activities more independently. Examples include wheelchairs, prostheses,
ArialMT	11	hearings aids, visual aids, screen readers and specialised computer software and hardware.
DINPro-Medium	16	audio description
ArialMT	11	An accessibility measure that is an audio narration of what is appearing visually on a stage
ArialMT	11	or screen for people who are blind or have low vision. During gaps in dialogue, the narration
ArialMT	11	describes visual elements such as scenes, settings, actions and costumes.
DINPro-Medium	16	augmented and alternative communication
ArialMT	11	Methods of communication personalised to enable the participation of a person who may
ArialMT	11	experience barriers to spoken communication. They include unaided forms, such as eye
ArialMT	11	contact, gestures, facial expression, vocalisations and sign language, and aided forms that
ArialMT	11	use devices, such as a speech generating device, to communicate.
DINPro-Medium	16	Auslan
ArialMT	11	The name for Australian Sign Language and the main language of Australia’s Deaf community.
DINPro-Medium	16	Australian Disability Enterprise (ADE)
ArialMT	11	Generally a not-for-profit organisation that provides employment for people with moderate
ArialMT	11	to high support needs who need significant support to work.
ArialMT	9	314 Royal Commission into Violence, Abuse, Neglect and Exploitation of People with Disability: Final Report
DINPro-Medium	16	autonomy
ArialMT	11	A person’s right and freedom to make decisions, control their life and exercise choice.
DINPro-Medium	16	block funding
ArialMT	11	Funding that is provided through a contract between governments and disability service
ArialMT	11	providers. It is generally fixed-term funding given to organisations to deliver an agreed
ArialMT	11	amount or type of service for specific cohorts or in specific geographical areas.
DINPro-Medium	16	braille
ArialMT	11	A tactile alphabet for people who are blind, d/Deafblind or who have low vision. It uses raised
ArialMT	11	dots that are interpreted through touch.
DINPro-Medium	16	capacity building supports
ArialMT	11	Supports and services that help NDIS participants build independence. They may relate to
ArialMT	11	social, community and civic participation, employment, relationships, health and wellbeing,
ArialMT	11	choice and control, lifelong learning and daily activity. They may also include support
ArialMT	11	coordination services.
DINPro-Medium	16	capital supports
ArialMT	11	Higher-cost pieces of assistive technology, equipment, or home or vehicle modifications for
ArialMT	11	which NDIS participants can receive funding.
DINPro-Medium	16	captioning
ArialMT	11	The act of converting audio content into text. This can be used in a range of environments,
ArialMT	11	such as for television/streaming broadcast, live event or webcast. While subtitles only contain
ArialMT	11	dialogue, captions identify music, sound effects, background sounds and non-verbal content,
ArialMT	11	such as whether a speaker has an accent.
DINPro-Medium	16	care and support workforce
ArialMT	11	A collective term for the paid workers who provide a range of essential services across
ArialMT	11	Australia’s aged care, disability support and veteran care systems.
DINPro-Medium	16	carer
ArialMT	11	Someone who provides supports to a person with disability on an unpaid basis, often a family
ArialMT	11	member. Some legislation refers to ‘carers’ and some people with disability prefer the term
ArialMT	11	over ‘support person’.
ArialMT	9	Executive Summary, Our vision for an inclusive Australia and Recommendations 315
DINPro-Medium	16	cognitive disability
ArialMT	11	Cognitive disability arises from the interaction between a person with cognitive impairment
ArialMT	11	and attitudinal and environmental barriers that hinder their full and effective participation in
ArialMT	11	society on an equal basis with others.
ArialMT	11	‘Cognitive impairment’ is an umbrella term encompassing actual or perceived differences in
ArialMT	11	cognition, including concentration, processing, remembering, or communicating information,
ArialMT	11	learning, awareness, and/or decision-making.
ArialMT	11	People with cognitive disability may include, but are not limited to, people with intellectual
ArialMT	11	disability, learning disability, dementia or acquired brain injuries, and some people with autism.
DINPro-Medium	16	community settings
ArialMT	11	Places or surroundings that are not associated with organisations or service providers.
ArialMT	11	Examples include private homes and public spaces.
DINPro-Medium	16	community visitor schemes
ArialMT	11	Community visitors (also known as ‘Official Community Visitors’, ‘Official Visitors’ or ‘Official
ArialMT	11	Visitors Disability’ depending on the jurisdiction) are appointed individuals who visit people living
ArialMT	11	in prescribed accommodation to independently monitor the services and facilities provided and
ArialMT	11	assist with resolving issues or complaints. All states and territories except Western Australia
ArialMT	11	and Tasmania have a community visitor scheme (CVS) for people with disability.
DINPro-Medium	16	complaint
ArialMT	11	Disclosure, concern, grievance, information or allegation about violence against, or abuse,
ArialMT	11	neglect or exploitation of, a person with disability. A complaint may give rise to a report of
ArialMT	11	unlawful conduct (see ‘report’).
DINPro-Medium	16	complaint body
ArialMT	11	An agency that has a function to receive, handle, investigate and resolve complaints.
DINPro-Medium	16	complaint mechanism
ArialMT	11	The system used by an organisation to respond to a complaint. A complaint mechanism can
ArialMT	11	be internal to an organisation or may also involve complaints to external authorities, such
ArialMT	11	as referrals to police and notifications to regulatory bodies responsible for overseeing and
ArialMT	11	monitoring complaints involving reportable incidents or reportable conduct.
ArialMT	9	316 Royal Commission into Violence, Abuse, Neglect and Exploitation of People with Disability: Final Report
DINPro-Medium	16	core supports
ArialMT	11	Supports and services that help participants in the National Disability Insurance Scheme
ArialMT	11	(NDIS) with everyday activities and disability-related needs in categories such as daily activities,
ArialMT	11	consumables, community participation and transport.
DINPro-Medium	16	co-design
ArialMT	11	A design process where stakeholders are equal partners and take leadership roles in the
ArialMT	11	design of products, services, systems, policies, laws and research.
DINPro-Medium	16	co-production
ArialMT	11	An extension of ‘co-design’, where stakeholders are involved in the decision-making,
ArialMT	11	implementation and evaluation of products, services, systems, policies, laws and research.
DINPro-Medium	16	cultural safety
ArialMT	11	An outcome that respects, supports and empowers the cultural rights, identity, values, beliefs
ArialMT	11	and expectations of First Nations peoples while providing quality services that meet their needs.
DINPro-Medium	16	culturally and linguistically diverse
ArialMT	11	This broad term describes communities with diverse languages, ethnic backgrounds,
ArialMT	11	nationalities, traditions, societal structures and religions. This includes people with a different
ArialMT	11	heritage or linguistic background than dominant Australian culture and language, people
ArialMT	11	with dual heritage, and people who are migrants and refugees. Some members of the Deaf
ArialMT	11	community and other Auslan users also identify as members of a cultural minority.
DINPro-Medium	16	Deaf
ArialMT	11	‘Deaf’ (with a capital ‘D’) is used to describe people who use sign language such as Auslan to
ArialMT	11	communicate, and who identify culturally as members of the signing Deaf community.
DINPro-Medium	16	deaf
ArialMT	11	The word ‘deaf’ (with a lower case ‘d’) is a broader term than Deaf (with a capital ‘D’). It is
ArialMT	11	used to describe the physical condition of not hearing, and also to describe people who are
ArialMT	11	physically deaf but do not identify as members of the signing Deaf community. See also ‘hard
ArialMT	11	of hearing / hearing impaired’.
ArialMT	9	Executive Summary, Our vision for an inclusive Australia and Recommendations 317
DINPro-Medium	16	d/Deafblind
ArialMT	11	The term ‘d/Deafblind’ refers to people who have some hearing and vision and people who
ArialMT	11	are totally deaf and blind. The most common forms of communication used by people who
ArialMT	11	are d/Deafblind in Australia are:
ArialMT	11	• speech, oral and aural communication
ArialMT	11	• sign language including a variety of ways of receiving sign language such as close range,
ArialMT	11	visual frame and tactile, hand-over hand signing
ArialMT	11	• d/Deafblind fingerspelling.
DINPro-Medium	16	decision-making ability
ArialMT	11	The ability of a person to make a particular decision with the provision of relevant and
ArialMT	11	appropriate support at a time when a decision needs to be made.
DINPro-Medium	16	digital platforms
ArialMT	11	Businesses that provide online services, including connecting support workers with
ArialMT	11	participants in the National Disability Insurance Scheme (NDIS). They are also referred
ArialMT	11	to as ‘platform providers’.
DINPro-Medium	16	dignity of risk
ArialMT	11	Affording a person the right and dignity to take risks.
DINPro-Medium	16	disability
ArialMT	11	An evolving concept that results from the interaction between a person with impairment(s)
ArialMT	11	and attitudinal and environmental barriers that hinder their full and effective participation in
ArialMT	11	society on an equal basis with others.
DINPro-Medium	16	disability advocacy organisation
ArialMT	11	An organisation that provides disability advocacy to people with disability in order to
ArialMT	11	promote, protect and ensure their full and equal enjoyment of all human rights. This includes
ArialMT	11	organisations funded under the Australian Government’s National Disability Advocacy Program.
DINPro-Medium	16	disability representative organisation (DRO)
ArialMT	11	A peak organisation providing systemic advocacy and representation for people with disability.
ArialMT	9	318 Royal Commission into Violence, Abuse, Neglect and Exploitation of People with Disability: Final Report
DINPro-Medium	16	disability sector
ArialMT	11	Collective term to describe disability service providers and workers, disability peak and
ArialMT	11	advocacy bodies, disabled people’s organisations (DPOs), disability representative
ArialMT	11	organisations (DROs) and others involved in or affected by how disability services
ArialMT	11	are designed and delivered.
DINPro-Medium	16	disabled people’s organisation (DPO)
ArialMT	11	An organisation where the majority of members, as well as those on the governing body,
ArialMT	11	are people with disability.
DINPro-Medium	16	disability services
ArialMT	11	Services that people with disability use because of their disability. Disability services are
ArialMT	11	not offered or provided to the general public.
DINPro-Medium	16	disability service provider
ArialMT	11	Individuals and government and non-government (including for profit and not-for-profit)
ArialMT	11	organisations that provide disability services.
DINPro-Medium	16	disability support workforce
ArialMT	11	A collective term for paid workers who provide direct and indirect support to people with
ArialMT	11	disability, including for daily living. They may be employees, contractors or self-employed.
DINPro-Medium	16	Easy Read
ArialMT	11	Easy Read format is a way of presenting written information to make it easier to understand.
ArialMT	11	It typically uses simple words, short sentences, accessible fonts and layouts, and images
ArialMT	11	or photos to assist in illustrating the information.
DINPro-Medium	16	exclusionary discipline
ArialMT	11	Actions by an educational authority or educational institution that results in the withdrawal
ArialMT	11	of education or training from students with disability, including suspensions and expulsions.
DINPro-Medium	16	exploitation
ArialMT	11	Taking or attempting to take improper advantage of a person or group of people with
ArialMT	11	disability for benefit, advantage or gratification, including taking physical, sexual, financial
ArialMT	11	or economic advantage.
ArialMT	9	Executive Summary, Our vision for an inclusive Australia and Recommendations 319
DINPro-Medium	16	family and domestic violence and abuse
ArialMT	11	Family and domestic violence is violence, abuse, neglect and exploitation that takes place
ArialMT	11	in intimate relationships, in families, or in other domestic relationships such as with workers,
ArialMT	11	carers, co-residents or housemates. Family violence is the preferred term in First Nations
ArialMT	11	communities, and incudes the extended kinship networks in which violence can occur.
ArialMT	11	Women are more likely to experience family and domestic violence, and it can be characterised
ArialMT	11	by coercive control, which is repeated behaviour that isolates, and denies someone their
ArialMT	11	autonomy and independence.
DINPro-Medium	16	First Nations peoples
ArialMT	11	The Aboriginal people of mainland Australia, Tasmania and other islands off the continent, and
ArialMT	11	the people of the Torres Strait Islands. This term reflects the social and governance structures
ArialMT	11	and systems in place prior to colonisation.
ArialMT	11	Where people we engaged with identified themselves as either ‘Aboriginal’ or ‘Torres Strait
ArialMT	11	Islander’ or referred to themselves by reference to their language group, we have respected
ArialMT	11	their personal choices.
DINPro-Medium	16	gatekeeping
ArialMT	11	Formally or informally preventing or discouraging, other than for a lawful and proper reason,
ArialMT	11	a child or young person from applying to, or enrolling in, an educational institution.
DINPro-Medium	16	group home
ArialMT	11	A house that accommodates a number of people with disability as their residential home.
ArialMT	11	The term ‘group home’ may also refer collectively to both the physical accommodation and
ArialMT	11	provision of specialist disability supports to residents in the home.
DINPro-Medium	16	guardian
ArialMT	11	Someone who is appointed under a guardianship order to make decisions about another person’s
ArialMT	11	health care, finances, accommodation, services, relationships or some other personal matters.
DINPro-Medium	16	hard of hearing / hearing impaired
ArialMT	11	The terms ‘hard of hearing’ and ‘hearing impaired’ describe people who are unable to hear, have
ArialMT	11	some hearing or become deaf later in life, and whose communication mode is usually speech.
ArialMT	11	The choice between these two terms usually depends on personal preference. People who are
ArialMT	11	hearing impaired or hard of hearing may rely on hearing assistance devices (such as hearing
ArialMT	11	aids or cochlear implants), lip reading and captions, and some may learn Auslan as a second
ArialMT	11	language later. See ‘Deaf’, ‘deaf’.
ArialMT	9	320 Royal Commission into Violence, Abuse, Neglect and Exploitation of People with Disability: Final Report
DINPro-Medium	16	impairment
ArialMT	11	An impairment is a condition or attribute of a person, for example a condition that means a
ArialMT	11	person cannot see. An impairment, in interaction with attitudinal, environmental and social
ArialMT	11	barriers, may result in a disability. See ‘disability’.
DINPro-Medium	16	indefinite detention
ArialMT	11	The detention of an individual without a specific release date.
DINPro-Medium	16	informal supports
ArialMT	11	The social support networks that provide protection for people with disability by increasing
ArialMT	11	connections, relationships and visibility in the wider community.
DINPro-Medium	16	intersectionality
ArialMT	11	A societal response to different social characteristics that expose a person or group of people
ArialMT	11	to multi-layered or ‘intersecting’ forms of discrimination or disadvantage. This can include
ArialMT	11	responses to characteristics such as age, disability, First Nations status, race, gender, gender
ArialMT	11	identity or sexual orientation.
DINPro-Medium	16	investigation
ArialMT	11	A fact-finding process that commences after a complaint has been received. Information
ArialMT	11	is gathered, assessed and weighed up in order to establish the facts and make findings.
ArialMT	11	An investigation may be conducted internally by the organisation or service provider that
ArialMT	11	has received the complaint, or by an external investigator appointed to do so on their behalf.
ArialMT	11	An investigation may also be conducted by a regulatory or oversight body. Police may conduct
ArialMT	11	an investigation if a complaint or report raises criminal allegations.
DINPro-Medium	16	legal capacity
ArialMT	11	A person’s decisions and actions being recognised and respected by the law. It refers to both
ArialMT	11	legal standing (the ability to hold rights and duties, and to be recognised as a legal person) and
ArialMT	11	legal agency (the ability to exercise these rights and duties and to perform acts with legal effects).
DINPro-Medium	16	letters patent
ArialMT	11	An official document issued to establish a royal commission. The letters patent contain terms
ArialMT	11	of reference that define the scope of the inquiry.
ArialMT	9	Executive Summary, Our vision for an inclusive Australia and Recommendations 321
DINPro-Medium	16	local area coordinators (LACs)
ArialMT	11	Local organisations working in partnership with the National Disability Insurance Agency to help
ArialMT	11	people with disability and their families and carers access and navigate the National Disability
ArialMT	11	Insurance Scheme (NDIS).
DINPro-Medium	16	LGBTIQA+
ArialMT	11	An internationally recognised acronym used to describe lesbian, gay, bisexual, trans and gender
ArialMT	11	diverse, intersex, queer, questioning and asexual people and communities.
DINPro-Medium	16	mainstream services
ArialMT	11	Services provided to the Australian public whether or not they have a disability, for example,
ArialMT	11	health care and education.
DINPro-Medium	16	market
ArialMT	11	Supply of disability supports, Specialist Disability Accommodation (SDA) housing, and allied
ArialMT	11	health services under the National Disability Insurance Scheme (NDIS) to meet demand from
ArialMT	11	participants.
DINPro-Medium	16	medical model of disability
ArialMT	11	A deficit approach that views impairment or disability as an individual inadequacy that must be
ArialMT	11	fixed or remediated.
DINPro-Medium	16	mobility aids
ArialMT	11	Tools and technologies that can assist people with disability to be more mobile and independent.
ArialMT	11	Mobility aids include wheelchairs, scooters, walkers, canes (including white canes), guide dogs,
ArialMT	11	crutches and prosthetic devices.
DINPro-Medium	16	National Disability Data Asset (NDDA)
ArialMT	11	The National Disability Data Asset (NDDA) comprises linked, deidentified data about people
ArialMT	11	with disability from multiple Australian Government and state and territory government services
ArialMT	11	and agencies over time. It is being developed to better use data to understand the experiences
ArialMT	11	of people with disability.
DINPro-Medium	16	National Disability Insurance Agency (NDIA)
ArialMT	11	The statutory agency responsible for implementing and managing the National Disability
ArialMT	11	Insurance Scheme (NDIS).
ArialMT	9	322 Royal Commission into Violence, Abuse, Neglect and Exploitation of People with Disability: Final Report
DINPro-Medium	16	National Disability Insurance Scheme (NDIS)
Arial-ItalicMT	11	Scheme established by the National Disability Insurance Scheme Act 2013 (Cth) to provide
ArialMT	11	funding directly to eligible people with disability for supports and services.
DINPro-Medium	16	Nationally Consistent Collection of Data on School Students
DINPro-Medium	16	with Disability (NCCD)
ArialMT	11	An annual collection of information about Australian school students with disability.
ArialMT	11	The Australian Education Regulation 2013 (Cth) requires all schools to report the data
ArialMT	11	collected for the NCCD to the Australian Government on an annual basis.
DINPro-Medium	16	NDIS participant
ArialMT	11	A person with disability who meets the access criteria set out in the National Disability
ArialMT	11	Insurance Scheme Act 2013 (Cth) to become a participant in the National Disability
ArialMT	11	Insurance Scheme (NDIS).
DINPro-Medium	16	NDIS plan
ArialMT	11	A written plan that sets out an NDIS participant’s goals and the supports needed to achieve
ArialMT	11	those goals. The plan is based on a participant’s disability support needs and includes
ArialMT	11	information about NDIS funding and how it can be used.
DINPro-Medium	16	NDIS provider
ArialMT	11	A person or entity who provides supports or services to NDIS participants. We use this term
ArialMT	11	in accordance with the meaning set out in section 9 of the National Disability Insurance
Arial-ItalicMT	11	Scheme Act 2013 (Cth).
DINPro-Medium	16	NDIS Quality and Safeguards Commission (NDIS Commission)
ArialMT	11	The statutory agency established to oversee and monitor the quality and safety of NDIS
Arial-ItalicMT	11	supports and services pursuant to the National Disability Insurance Scheme Act 2013 (Cth).
DINPro-Medium	16	neglect
ArialMT	11	The failure to provide for the physical, emotional, social and cultural wellbeing and development
ArialMT	11	of a person or group of people with disability.
ArialMT	9	Executive Summary, Our vision for an inclusive Australia and Recommendations 323
DINPro-Medium	16	open employment
ArialMT	11	‘Open’ or ‘mainstream’ employment settings refer to work settings where people with
ArialMT	11	and without disability are employed.
DINPro-Medium	16	oversight body
ArialMT	11	An independent agency that has a statutory responsibility to ‘watch over’ a particular group
ArialMT	11	of organisations and hold them to account in relation to specific functions, such as handling
ArialMT	11	complaints or responding to reportable allegations or incidents.
DINPro-Medium	16	physical disability
ArialMT	11	Physical disability arises from the interaction between a person with physical impairment and
ArialMT	11	attitudinal and environmental barriers that hinder their full and effective participation in society
ArialMT	11	on an equal basis with others.
ArialMT	11	A physical impairment is an impairment that affects a person’s mobility, dexterity or speech.
DINPro-Medium	16	psychosocial disability
ArialMT	11	Psychosocial disability arises from the interaction between a person with a long-term mental
ArialMT	11	health condition (that may be episodic) and attitudinal and environmental barriers that hinder
ArialMT	11	their full and effective participation in society on an equal basis with others.
DINPro-Medium	16	public place
ArialMT	11	Real and virtual spaces in the community where people spend their time. They include
ArialMT	11	destinations (such as parks, playgrounds, shops and entertainment venues), pathways
ArialMT	11	(such as streets, shopping centres, public transport and transport hubs) and online platforms
ArialMT	11	(including blogs, dating sites, video-sharing platforms, social media and messaging services).
DINPro-Medium	16	reasonable accommodation
Arial-ItalicMT	11	Article 2 of the Convention on the Rights of Persons with Disabilities defines reasonable
ArialMT	11	accommodation as ‘necessary and appropriate modification and adjustments not imposing
ArialMT	11	a disproportionate or undue burden, where needed in a particular case, to ensure to persons
ArialMT	11	with disabilities the enjoyment or exercise on an equal basis with others of all human rights
ArialMT	11	and fundamental freedoms’.
ArialMT	9	324 Royal Commission into Violence, Abuse, Neglect and Exploitation of People with Disability: Final Report
DINPro-Medium	16	reasonable adjustment
ArialMT	11	The Disability Discrimination Act 1992 (Cth) s 4(1) defines an adjustment to be made by
ArialMT	11	a person as a reasonable adjustment ‘unless making the adjustment would impose an
ArialMT	11	unjustifiable hardship on the person’.
DINPro-Medium	16	redress
ArialMT	11	The actions taken to remedy or rectify a wrong. Redress may be provided to an affected person
ArialMT	11	after a complaint is substantiated. Types of redress may include an apology, counselling or
ArialMT	11	medical treatment, financial compensation (for example, an ex-gratia payment or damages
ArialMT	11	awarded by a court) or a change to a system, policy or process.
DINPro-Medium	16	registered provider
ArialMT	11	A person or provider of supports registered as a provider with the NDIS Quality and Safeguards
ArialMT	11	Commission.
DINPro-Medium	16	regulator / regulatory body
ArialMT	11	An agency that has a legislative function to regulate a particular group of organisations with
ArialMT	11	respect to the delivery of particular services or programs. For example, the NSW Office of the
ArialMT	11	Children’s Guardian regulates the provision of out-of-home care and the NDIS Quality and
ArialMT	11	Safeguards Commission regulates NDIS service providers.
DINPro-Medium	16	report
ArialMT	11	A formal notification of violence against, or abuse, neglect or exploitation of, a person with
ArialMT	11	disability. An internal report may be made by a person working for an organisation (for example,
ArialMT	11	an incident report), or by a service recipient of an organisation or a person acting on their
ArialMT	11	behalf. An external report may be made by an individual or a service provider to a statutory
ArialMT	11	authority (for example, police or the NDIS Quality and Safeguards Commission).
DINPro-Medium	16	reportable conduct
ArialMT	11	Conduct towards, against or in the presence of a child including sexual abuse, sexual
ArialMT	11	misconduct, physical abuse, neglect, ill-treatment and psychological harm. The definition
ArialMT	11	of reportable conduct is included in the operating legislation for the reportable conduct
ArialMT	11	scheme in each state or territory.
ArialMT	9	Executive Summary, Our vision for an inclusive Australia and Recommendations 325
DINPro-Medium	16	reportable conduct schemes
ArialMT	11	Schemes that require the heads of relevant organisations to notify an independent oversight
ArialMT	11	body of allegations of reportable conduct involving their employees. The organisations must
ArialMT	11	investigate the allegation, make a finding and report the outcome to the oversight body.
ArialMT	11	Most states and territories now have a reportable conduct scheme.
DINPro-Medium	16	response
ArialMT	11	A formal reaction from an organisation to a complaint. At a minimum, it consists of advice to
ArialMT	11	the complainant about the outcome of the action taken, if any, in response to a complaint.
ArialMT	11	A response may include conducting an investigation (see ‘investigation’) and/or providing
ArialMT	11	redress (see ‘redress’).
DINPro-Medium	16	restrictive practice
ArialMT	11	Any action, approach or intervention that has the effect of limiting the rights or freedom of
ArialMT	11	movement of a person. Restrictive practices include physical restraints, chemical restraints,
ArialMT	11	mechanical restraints, environmental restraints and seclusion.
DINPro-Medium	16	safeguarding
ArialMT	11	Taking action to protect a person with disability from violence, abuse, neglect or exploitation.
ArialMT	11	The term encompasses both a preventative and reactive response. The term is not intended
ArialMT	11	to imply any element of coercion or to undermine the autonomy of a person with disability.
DINPro-Medium	16	segregation
ArialMT	11	Circumstances where people with disability live, learn, work or socialise in environments
ArialMT	11	designed specifically to cater for people with disability, separate from people without disability.
ArialMT	11	Segregation occurs when people with disability are separated and excluded from the places
ArialMT	11	where the community lives, works, socialises or learns because of the person’s disability.
ArialMT	11	Segregation does not occur in spaces where people with disability choose to come together,
ArialMT	11	share culture and values, seek support for their individual needs, or are encouraged and
ArialMT	11	supported to engage with the broader community. These are the same choices available
ArialMT	11	to people without disability.
ArialMT	9	326 Royal Commission into Violence, Abuse, Neglect and Exploitation of People with Disability: Final Report
DINPro-Medium	16	sensory disability
ArialMT	11	Sensory disability arises from the interaction between a person with sensory impairment and
ArialMT	11	attitudinal and environmental barriers that hinder their full and effective participation in society
ArialMT	11	on an equal basis with others.
ArialMT	11	A sensory impairment affects a person’s ability to see, hear, touch, smell, have spatial
ArialMT	11	awareness or otherwise be aware of and perceive the world around them.
DINPro-Medium	16	Specialist Disability Accommodation (SDA)
ArialMT	11	A type of National Disability Insurance Scheme (NDIS) funding in a participant’s plan for
ArialMT	11	specialist housing. SDA funding is paid directly to SDA providers to cover building and
ArialMT	11	maintenance costs.
DINPro-Medium	16	subminimum wage / supported wage
ArialMT	11	A wage paid to a person with disability that is below the national minimum wage and is
ArialMT	11	determined by a wage assessment tool or by reference to the special national minimum wage.
DINPro-Medium	16	substitute decision-making
ArialMT	11	A range of processes and regimes that involve a person making decisions on another person’s
ArialMT	11	behalf. Substitute decision-making includes appointments of guardians, administrators and
ArialMT	11	financial managers to make certain decisions on another person’s behalf.
DINPro-Medium	16	support
ArialMT	11	Actions, practices, strategies or resources that promote the participation and inclusion
ArialMT	11	of a person or people with disability in society.
DINPro-Medium	16	support coordination
ArialMT	11	An intermediary service designed to assist NDIS participants to make the best use of their
ArialMT	11	NDIS funding. There are three levels of support coordination: support connection, coordination
ArialMT	11	of supports, and specialist support coordination.
DINPro-Medium	16	support person / support worker
ArialMT	11	Someone who provides supports to a person with disability. This may be a family member,
ArialMT	11	friend, or a person contracted for paid or voluntary work. If a person is contracted as a paid
ArialMT	11	or formal voluntary worker, we refer to them as a ‘support worker’.
ArialMT	9	Executive Summary, Our vision for an inclusive Australia and Recommendations 327
DINPro-Medium	16	supported accommodation
ArialMT	11	A type of service that provides housing, care and support.
DINPro-Medium	16	supported decision-making
ArialMT	11	Processes and approaches that assist people to make a decision, including by giving them
ArialMT	11	the tools they need to make the decision for themselves. Supported decision-making does
ArialMT	11	not mean deciding for or on behalf of another person.
DINPro-Medium	16	supported employment
ArialMT	11	Ongoing assistance provided by support workers and managers for employees working in
ArialMT	11	Australian Disability Enterprises (ADEs) or other settings to complete work tasks. Supports
ArialMT	11	provided to people with disability in ADEs and other settings to help them work are called
ArialMT	11	‘supported employment services’, as defined in the Disability Services Act 1986 (Cth).
DINPro-Medium	16	Supported Independent Living (SIL)
ArialMT	11	A type of National Disability Insurance Scheme (NDIS) funding for home and living supports.
ArialMT	11	Supported Independent Living (SIL) is for people with higher support needs who need some
ArialMT	11	level of help at home all the time.
DINPro-Medium	16	terms of reference
ArialMT	11	The Royal Commission’s terms of reference are the nature and scope of our inquiry, as set out
ArialMT	11	in the letters patent. See ‘letters patent’.
DINPro-Medium	16	trauma
ArialMT	11	The lasting adverse impacts that may arise when a person has lived through an event, series
ArialMT	11	of events, or set of circumstances that is experienced as physically or psychologically harmful
ArialMT	11	or life threatening.
DINPro-Medium	16	trauma-informed
ArialMT	11	Frameworks and strategies to ensure that the practices, policies and culture of an organisation
ArialMT	11	and its staff understand, recognise and respond to the effects of trauma and minimise, as far as
ArialMT	11	possible, the risk that people may be re-traumatised.
ArialMT	9	328 Royal Commission into Violence, Abuse, Neglect and Exploitation of People with Disability: Final Report
DINPro-Medium	16	unregistered provider
ArialMT	11	A provider of disability services that is not registered with the NDIS Quality and Safeguards
ArialMT	11	Commission. An unregistered provider can support plan-managed NDIS participants and self-
ArialMT	11	managed NDIS participants.
DINPro-Medium	16	violence
ArialMT	11	The use or threatened use of force or the unjust use of power that causes or is likely to
ArialMT	11	cause harm or fear of harm to a person or group of people with disability.
DINPro-Medium	16	will and preferences
ArialMT	11	‘Will’ means larger life goals, such as political perspectives, emotional and spiritual
ArialMT	11	development, and gender and sexual identity. ‘Preferences’ means choices regarding
ArialMT	11	day-to-day activities, aesthetic preferences, and similar.
ArialMT	9	Executive Summary, Our vision for an inclusive Australia and Recommendations 329
ArialMT	9	330 Royal Commission into Violence, Abuse, Neglect and Exploitation of People with Disability: Final Report
DINPro-Medium	25	Acronyms and abbreviations
ArialMT	11	ABCB – Australian Building Codes Board
ArialMT	11	AC – Companion of the Order of Australia
ArialMT	11	ACCC – Australian Competition and Consumer Commission
ArialMT	11	ACQSC – Aged Care Quality and Safety Commission
ArialMT	11	ACSQHC – Australian Commission on Safety and Quality in Health Care
ArialMT	11	ADE – Australian Disability Enterprise
ArialMT	11	ADS – Australia’s Disability Strategy 2021–2031
ArialMT	11	AERO – Australian Education Research Organisation
ArialMT	11	AGAC – Australian Guardianship and Administration Council
ArialMT	11	AHRC – Australian Human Rights Commission
ArialMT	11	AITSL – Australian Institute for Teaching and School Leadership
ArialMT	11	AM – Member of the Order of Australia
ArialMT	11	AO – Officer of the Order of Australia
ArialMT	11	APSC – Australian Public Service Commission
ArialMT	11	APST – Australian Professional Standards for Teachers
ArialMT	11	APTOS – Applied Principles and Tables of Support
ArialMT	11	ASQ-TRAK – Ages and Stages Questionnaire – Talking about Raising Aboriginal Kids
ArialMT	11	CPD – continuing professional development
Arial-ItalicMT	11	CRC – Convention on the Rights of the Child
Arial-ItalicMT	11	CRPD – Convention on the Rights of Persons with Disabilities
ArialMT	11	CRPD Committee – Committee on the Rights of Persons with Disabilities
ArialMT	11	Cth – Commonwealth
ArialMT	9	Executive Summary, Our vision for an inclusive Australia and Recommendations 331
Arial-ItalicMT	11	DDA – Disability Discrimination Act 1992 (Cth)
ArialMT	11	DES – Disability Employment Service
ArialMT	11	Design Guidelines – Livable Housing Design Guidelines
ArialMT	11	DRA – Disability Rights Act
ArialMT	11	DSP – Disability Support Pension
ArialMT	11	DSSP – Disability Sector Strengthening Plan
ArialMT	11	Guidelines for Tribunals – Guidelines for Australian Tribunals: Maximising the Participation
ArialMT	11	of the Person in Guardianship Proceedings
ArialMT	11	Joint Statement – Joint Statement on the inappropriate use of psychotropic medicines
ArialMT	11	to manage the behaviours of people with disability and older people
ArialMT	11	LGBTIQA+ – Lesbian, Gay, Bisexual, Transgender, Intersex, Queer/Questioning, Asexual
ArialMT	11	NAATI – National Accreditation Authority for Translators and Interpreters
ArialMT	11	National Plan – National Plan to End Violence Against Women and Children 2022–2032
ArialMT	11	National Principles – National Statement of Principles Relating to Persons Unfit to Plead
ArialMT	11	or Found Not Guilty by Reason of Cognitive or Mental Health Impairment
ArialMT	11	National Roadmap – National Roadmap for Improving the Health of People with
ArialMT	11	Intellectual Disability
Arial-ItalicMT	11	NATSIHS – National Aboriginal and Torres Strait Islander Health Survey
ArialMT	11	NCCD – Nationally Consistent Collection of Data on School Students with Disability
ArialMT	11	NDAF – National Disability Advocacy Framework
ArialMT	11	NDDA – National Disability Data Asset
ArialMT	11	NDIA – National Disability Insurance Agency
ArialMT	11	NDIS – National Disability Insurance Scheme
Arial-ItalicMT	11	NDIS Act – National Disability Insurance Scheme Act 2013 (Cth)
ArialMT	11	NDIS Commission – NDIS Quality and Safeguards Commission
ArialMT	9	332 Royal Commission into Violence, Abuse, Neglect and Exploitation of People with Disability: Final Report
ArialMT	11	NDRP – National Disability Research Partnership
ArialMT	11	NPM – National Preventive Mechanism
ArialMT	11	OAM – Medal of the Order of Australia
Arial-ItalicMT	11	OPCAT – Optional Protocol to the Convention against Torture and Other Cruel, Inhuman or
Arial-ItalicMT	11	Degrading Treatment or Punishment
ArialMT	11	PBSP – Positive behaviour support plan
ArialMT	11	PSM – Public Service Medal
Arial-ItalicMT	11	PSS – Personal Safety Survey
ArialMT	11	QC – Queen’s Counsel
Arial-ItalicMT	11	SCHADS Award – Social, Community, Home Care and Disability Services Industry Award
ArialMT	11	SDA – Specialist Disability Accommodation
Arial-ItalicMT	11	SDAC – Survey of Disability, Ageing and Carers
ArialMT	11	SIL – Supported Independent Living
ArialMT	11	SRS – supported residential services
ArialMT	11	UN – United Nations
Arial-ItalicMT	11	UNDRIP – United Nations Declaration on the Rights of Indigenous Peoples
ArialMT	9	Executive Summary, Our vision for an inclusive Australia and Recommendations 333
