TimesNewRomanPSMT	28	28	Government Response | Royal
TimesNewRomanPSMT	28	32	Commission Into The Robodebt
TimesNewRomanPSMT	28	35	Scheme
SegoeUI-Semilight	14	41	November 2023
SegoeUI-Semilight	10	16	© Commonwealth of Australia 2023
SegoeUI-Semilight	10	19	ISBN: 978-1-925365-36-8 (Online)
SegoeUI-Semilight	10	22	ISBN: 978-1-925365-37-5 (Print)
SegoeUI-Semilight	10	25	Copyright Notice
SegoeUI-Semilight	10	27	With the exception of the Commonwealth Coat of Arms, this work is licensed under a Creative Commons
SegoeUI-Semilight	10	29	Attribution 4.0 International licence (CC BY 4.0) (https://creativecommons.org/licenses/by/4.0/).
SegoeUI-Semilight	10	35	Third party copyright
SegoeUI-Semilight	10	38	Wherever a third party holds copyright in this material, the copyright remains with that party. Their
SegoeUI-Semilight	10	40	permission may be required to use the material. Please contact them directly.
SegoeUI-Semilight	10	43	Attribution
SegoeUI-Semilight	10	45	This publication should be attributed as follows:
SegoeUI-Semilight	10	48	© Commonwealth of Australia, Department of the Prime Minister and Cabinet, Royal Commission into
SegoeUI-Semilight	10	50	the Robodebt Scheme – Government Response.
SegoeUI-Semilight	10	52	Use of the Coat of Arms
SegoeUI-Semilight	10	55	The terms under which the Coat of Arms can be used are detailed on the following website:
SegoeUI-Semilight	10	57	https://pmc.gov.au/cca
SegoeUI	9	95	GOVERNMENT RESPONSE | ROYAL COMMISSION INTO THE ROBODEBT SCHEME 2
TimesNewRomanPSMT	12	11	Ministerial Foreword
SegoeUI-SemilightItalic	10	13	“Robodebt was a crude and cruel mechanism, neither fair nor legal, and it made many people feel
SegoeUI-SemilightItalic	10	15	like criminals. In essence, people were traumatised on the off-chance they might owe money. It
SegoeUI-SemilightItalic	10	17	was a costly failure of public administration, in both human and economic terms.”1
SegoeUI-Semilight	10	20	With those words, the Royal Commission summed up the human tragedy that was the Robodebt
SegoeUI-Semilight	10	22	Scheme – a Budget measure introduced by the Abbott Government, expanded by the Turnbull
SegoeUI-Semilight	10	23	Government and defended, until the last minute, by the Morrison Government.
SegoeUI-Semilight	10	26	The Robodebt Scheme was not an innocent mistake.
SegoeUI-Semilight	10	29	The Royal Commission found that “[t]he beginning of 2017 was the point at which Robodebt’s
SegoeUI-Semilight	10	30	unfairness, probable illegality and cruelty became apparent”2. But, instead of abandoning or revising
SegoeUI-Semilight	10	32	the Scheme, the Royal Commission found that the path taken by the former government “was to
SegoeUI-Semilight	10	34	double down, to go on the attack in the media against those who complained and to maintain the
SegoeUI-Semilight	10	35	falsehood that in fact the system had not changed at all”3.
SegoeUI-Semilight	10	38	It was not until mid-2020 that the Robodebt Scheme finally came to an end. Not because the former
SegoeUI-Semilight	10	40	government saw the error of its ways or finally came to its senses – but because the Federal Court
SegoeUI-Semilight	10	42	found that the Scheme was unlawful. And yet to this day, people who served as senior Cabinet
SegoeUI-Semilight	10	43	ministers in the former government continue to maintain that “[w]hen the problems were brought to
SegoeUI-Semilight	10	45	the attention of the government at the time, the program was stopped”4. Such claims are
SegoeUI-Semilight	10	47	demonstrably false and an insult to the hundreds of thousands of Australians harmed by the
SegoeUI-Semilight	10	49	Robodebt Scheme – most of whom were targeted after the point at which the Royal Commission
SegoeUI-Semilight	10	50	found the Scheme’s “unfairness, probable illegality and cruelty became apparent”5. Those who shared
SegoeUI-Semilight	10	52	their stories with the Royal Commission and who campaigned tirelessly to raise the alarm bells about
SegoeUI-Semilight	10	54	the gross betrayal that was the Robodebt Scheme deserve better.
SegoeUI-Semilight	10	57	While ministers of the former government bear ultimate responsibility for the Robodebt Scheme, the
SegoeUI-Semilight	10	58	Royal Commission found serious failings within the Australian Public Service and with the institutional
SegoeUI-Semilight	10	60	checks and balances that should have put a stop to the Robodebt Scheme long before the Federal
SegoeUI-Semilight	10	62	Court found it unlawful.
SegoeUI-Semilight	10	64	Commissioner Holmes AC SC made 56 recommendations for reform.
SegoeUI-Semilight	10	67	We have worked through the Commissioner’s recommendations carefully. The Australian Government
SegoeUI-Semilight	10	69	has accepted or accepted in principle all 56 recommendations. This is backed up by resources to
SegoeUI-Semilight	10	71	ensure we deliver meaningful change. For some recommendations, we have gone further than the
SegoeUI-Semilight	10	79	1 Royal Commission into the Robodebt Scheme, Report, page xxix.
SegoeUI-Semilight	10	81	2 Royal Commission into the Robodebt Scheme, Report, page xxvii.
SegoeUI-Semilight	10	82	3 Royal Commission into the Robodebt Scheme, Report, page xxvii.
SegoeUI-Semilight	10	84	4 9news, 9 July 2023.
SegoeUI-Semilight	10	86	5 Royal Commission into the Robodebt Scheme, Report, page xxvii. Most people were targeted after
SegoeUI-Semilight	10	87	early 2017: Royal Commission into the Robodebt Scheme Exhibit 8538 – Response to NTG-0097 (681,292
SegoeUI-Semilight	10	89	reviews for EIC program from early 2017 and 247,459 reviews from October 2018 for CUPI program,
SegoeUI-Semilight	10	90	compared to 220,439 reviews prior to 2017 for OCI program).
SegoeUI	9	95	GOVERNMENT RESPONSE | ROYAL COMMISSION INTO THE ROBODEBT SCHEME 3
SegoeUI-Semilight	10	11	Commissioner recommended. For others, we are implementing them in a way that achieves the
SegoeUI-Semilight	10	13	objective and ensures lasting effectiveness.
SegoeUI-Semilight	10	15	The Australian Government thanks Commissioner Holmes and her team for their dedication,
SegoeUI-Semilight	10	17	professionalism and forensic work on the Royal Commission.
SegoeUI-Semilight	10	20	To those who shared their stories with the Royal Commission – thank you.
SegoeUI-Semilight	10	23	Throughout the Royal Commission we saw courage, leadership and ethics on display from victims,
SegoeUI-Semilight	10	24	advocates and whistleblowers.
SegoeUI-Semilight	10	27	To the millions of Australians who interact with government services every day – we are committed to
SegoeUI-Semilight	10	29	putting you back at the centre of policy design and service delivery. We are here to serve you
SegoeUI-Semilight	10	30	respectfully and responsively, with your needs and aspirations at the heart of what we do.
SegoeUI-Semilight	10	33	To the Australian Public Servants delivering services, and to those developing policy and programs –
SegoeUI-Semilight	10	35	your work matters. Your integrity matters. Each day dedicated to public service is a day dedicated to
SegoeUI-Semilight	10	37	working for Australians and making their lives better.
SegoeUI-Semilight	10	39	The Australian Government and Ministers must act in the best interests of the Australian community.
SegoeUI-Semilight	10	41	Many of the Royal Commission’s findings align with the priorities and reforms the Australian
SegoeUI-Semilight	10	43	Government took to the Australian people at the last election – building trust in government,
SegoeUI-Semilight	10	45	investing in a capable public sector, delivering strong institutions and ensuring humans are put back
SegoeUI-Semilight	10	46	at the centre of human services and service delivery.
SegoeUI-Semilight	10	49	This Response reinforces the Australian Government’s reform agenda – an agenda founded on
SegoeUI-Semilight	10	51	integrity and a commitment to leave no-one behind. We are putting in place changes that will deliver
SegoeUI-Semilight	10	52	enduring benefits for all Australians. The Australian people deserve no less.
SegoeUI-Semilight	10	57	Attorney-General Minister for the Public Service
SegoeUI-Semilight	10	60	The Hon Mark Dreyfus KC MP Senator the Hon Katy Gallagher
SegoeUI	9	95	GOVERNMENT RESPONSE | ROYAL COMMISSION INTO THE ROBODEBT SCHEME 4
SegoeUI-Semilight	14	11	Australian Government Response to the
SegoeUI-Semilight	14	14	Report of the Royal Commission into the Robodebt Scheme
SegoeUI-Semilight	11	17	On 7 July 2023, the Royal Commission into the Robodebt Scheme delivered its Report to the
SegoeUI-Semilight	11	19	Governor-General. It was tabled in the Australian Parliament the same day.
SegoeUI-Semilight	11	21	In the words of Commissioner Holmes AC SC, the Royal Commission “served the purpose of
SegoeUI-SemilightItalic	11	23	bringing into the open an extraordinary saga, illustrating a myriad of ways that things can go
SegoeUI-SemilightItalic	11	25	wrong through venality, incompetence and cowardice”6. The Commission produced 56 valuable
SegoeUI-Semilight	11	27	recommendations, which are principally directed at strengthening the Australian Public Service
SegoeUI-Semilight	11	29	and capability of oversight agencies. This document provides the Government’s response to
SegoeUI-Semilight	11	31	those recommendations.
SegoeUI-Semilight	11	34	However, before turning to the recommendations, it is important to place the Government’s
SegoeUI-Semilight	11	35	response in its proper context.
SegoeUI-Semilight	11	38	While important, the recommendations are not – in and of themselves – enough to prevent
SegoeUI-Semilight	11	40	another Robodebt Scheme. As Commissioner Holmes notes in the Preface to the Report,
SegoeUI-SemilightItalic	11	42	“whether a public service can be developed with sufficient robustness to ensure that something of
SegoeUI-SemilightItalic	11	44	the like of the Robodebt scheme could not occur again will depend on the will of the government
SegoeUI-Semilight	11	46	of the day, because culture is set from the top down”.7
SegoeUI-Semilight	11	49	The Government agrees.
SegoeUI-Semilight	11	51	The former government’s neglect of, and at times open hostility towards, our public institutions
SegoeUI-Semilight	11	53	was arguably unprecedented. Examples abound. The debasement of the Administrative
SegoeUI-Semilight	11	55	Appeals Tribunal, the defunding of the Administrative Review Council and the attempted
SegoeUI-Semilight	11	57	abolition of the Office of the Australian Information Commissioner and the Independent
SegoeUI-Semilight	11	58	National Security Legislation Monitor. The contempt for journalists, public interest reporting
SegoeUI-Semilight	11	60	and whistleblowers. The devaluing of the Australian Public Service. The list goes on and on.
SegoeUI-Semilight	11	63	Since the 2022 Federal Election, the Albanese Government has embarked on a series of reforms
SegoeUI-Semilight	11	64	to restore the public’s trust and faith in government and its institutions – reforms that put
SegoeUI-Semilight	11	66	people at the centre and promote integrity. This work includes:
SegoeUI-Semilight	11	69	• The establishment of the National Anti-Corruption Commission (NACC) with extensive
SegoeUI-Semilight	11	71	powers to investigate Commonwealth public officials, Ministers, their staff, and any person
SegoeUI-Semilight	11	73	that may adversely affect how a public official carries out their official duties honestly and
SegoeUI-Semilight	11	75	impartially.
SegoeUI-Semilight	10	84	6 Royal Commission into the Robodebt Scheme, Report, page 659.
SegoeUI-Semilight	10	86	7 Royal Commission into the Robodebt Scheme, Report, page iii.
SegoeUI	9	95	GOVERNMENT RESPONSE | ROYAL COMMISSION INTO THE ROBODEBT SCHEME 5
SegoeUI-Semilight	11	11	• The APS Reform agenda – putting strong foundations in place for a world-class and future
SegoeUI-Semilight	11	13	fit Australian Public Service that delivers better outcomes for the community and
SegoeUI-Semilight	11	15	contributes to a fairer and more inclusive Australia.
SegoeUI-Semilight	11	17	• The Prime Minister has put in place a robust Code of Conduct8 which requires Ministers to
SegoeUI-Semilight	11	19	act with due regard for integrity and legality, fairness, accountability, responsibility and the
SegoeUI-Semilight	11	21	public interest; and underscores that Ministers are accountable for the exercise of their
SegoeUI-Semilight	11	23	powers and functions to the Parliament and to the public.
SegoeUI-Semilight	11	24	• Strengthening Australia’s public sector whistleblowing framework and achieving strong,
SegoeUI-Semilight	11	26	effective and accessible whistleblower protections in two stages (with the first stage of
SegoeUI-Semilight	11	28	reform commencing from 1 July 2023).
SegoeUI-Semilight	11	30	• The abolition and replacement of the Administrative Appeals Tribunal – a landmark reform
SegoeUI-Semilight	11	32	that will lead to the creation of a new system of administrative review that is user-focussed,
SegoeUI-Semilight	11	34	efficient, accessible and fair.
SegoeUI-Semilight	11	37	In addition, in response to recommendations of the Royal Commission, the Government is
SegoeUI-Semilight	11	39	committed to:
SegoeUI-Semilight	11	41	• bringing forward legislative reforms to enhance the powers of the Commonwealth
SegoeUI-Semilight	11	43	Ombudsman and impose statutory obligations on officials responding to Commonwealth
SegoeUI-Semilight	11	45	Ombudsman investigations, and
SegoeUI-Semilight	11	47	• reinstating the Administrative Review Council to support ongoing improvements to
SegoeUI-Semilight	11	49	administrative decision-making across government.
SegoeUI-Semilight	11	52	A Government committed to a strong social security safety net - Re-humanising the delivery of
SegoeUI-Semilight	11	54	government payments
SegoeUI-Semilight	11	57	In the Royal Commission Report, Commissioner Holmes referred to the way in which
SegoeUI-Semilight	11	59	Australians receiving income support payments have been stigmatised in recent years,
SegoeUI-Semilight	11	61	explaining that they have been often made to feel “shame, oppression, isolation, and
SegoeUI-Semilight	11	62	dehumanisation”9. By no means the only example, but perhaps the most infamous, occurred in
SegoeUI-Semilight	11	64	December 2016 as the Robodebt scheme was being ramped up, when the then-Minister for
SegoeUI-Semilight	11	66	Human Services Alan Tudge said on national television:
SegoeUI-SemilightItalic	11	68	“We will find you, we will track you down, and you will have to repay those debts, and you
SegoeUI-SemilightItalic	11	70	may end up in prison.”10
SegoeUI-Semilight	11	73	The Royal Commission called for politicians to lead a change in attitudes to people receiving
SegoeUI-Semilight	11	75	income support payments, including abandoning the simple narrative of the taxpayer versus
SegoeUI-Semilight	10	83	8 Australian Government Code of Conduct for Ministers, 8 July 2022.
SegoeUI-Semilight	10	84	9 Royal Commission into the Robodebt Scheme, Report, page 330.
SegoeUI-Semilight	10	86	10 Royal Commission into the Robodebt Scheme, Report, page 140.
SegoeUI	9	95	GOVERNMENT RESPONSE | ROYAL COMMISSION INTO THE ROBODEBT SCHEME 6
SegoeUI-Semilight	11	11	the welfare recipient.11 The Commissioner remarked that the evidence before the Commission
SegoeUI-Semilight	11	13	was that fraud in the system was miniscule, ”but that is not the impression one would get from
SegoeUI-Semilight	11	14	what ministers responsible for social security payments have said over the years”12.
SegoeUI-Semilight	11	17	The social security system is a vital safety net, providing both income support and access to
SegoeUI-Semilight	11	19	services for Australians who need it. Many Australians need this support at different times in
SegoeUI-Semilight	11	21	their lives, for many different reasons. There is no shame in this.
SegoeUI-Semilight	11	23	The social security system safety net is also fundamental to our economy. The system allows
SegoeUI-Semilight	11	25	Australians to get on with their lives in the understanding that support is available if
SegoeUI-Semilight	11	27	circumstances change. This empowers people and helps build prosperity.
SegoeUI-Semilight	11	30	The Government is committed to putting people back at the centre of program design and
SegoeUI-Semilight	11	31	service delivery. The Department of Social Services and Services Australia are investing in more
SegoeUI-Semilight	11	33	training for officials and will seek regular feedback on service and program delivery from front-
SegoeUI-Semilight	11	35	line staff and the community.
SegoeUI-Semilight	11	37	The Government will continue to implement administrative changes to improve payment
SegoeUI-Semilight	11	39	accuracy and reduce the number of overpayments. The Government will also improve social
SegoeUI-Semilight	11	41	security debt arrangements to ensure that debt raising and recovery practices are timely, fair
SegoeUI-Semilight	11	43	and conducted with empathy and respect.
SegoeUI-Semilight	11	45	The deployment and adoption of safe and responsible automation and artificial intelligence
SegoeUI-Semilight	11	47	presents significant opportunities for Australia to improve economic and social outcomes.
SegoeUI-Semilight	11	49	Across society, the considered and ethical use of technology can help to deliver better services
SegoeUI-Semilight	11	51	to the community, including government services.
SegoeUI-Semilight	11	53	The Government will continue to implement the Digital Service Standard, which sets out best
SegoeUI-Semilight	11	55	practice principles for the inclusive, adaptable and ethical design and delivery of government
SegoeUI-Semilight	11	57	services. The Standard includes criteria that promote a human-centred and inclusive approach
SegoeUI-Semilight	11	58	to design.
SegoeUI-Semilight	11	61	In response to the Commission’s recommendations, the Government will also consider
SegoeUI-Semilight	11	63	opportunities to progress legislative reforms to ensure that government decisions involving
SegoeUI-Semilight	11	65	automation are made under a consistent legal framework which is clear and transparent, while
SegoeUI-Semilight	11	66	harnessing the speed, cost and efficiency benefits of technological advances in artificial
SegoeUI-Semilight	11	68	intelligence and automation. The Government has committed to developing a comprehensive
SegoeUI-Semilight	11	70	and consistent legal framework to support automated decision-making, consistent with the
SegoeUI-Semilight	11	72	principles recommended by the Royal Commission.
SegoeUI-Semilight	11	74	The Government also remains committed to ensuring Australians have greater control over
SegoeUI-Semilight	11	76	their own personal information. In the Government response to the Privacy Act Review the
SegoeUI-Semilight	11	78	Government has committed to reforms that will provide stronger privacy protections while
SegoeUI-Semilight	11	79	encouraging digital innovation.13
SegoeUI-Semilight	10	87	11 Royal Commission into the Robodebt Scheme, Report, page iii.
SegoeUI-Semilight	10	89	12 Royal Commission into the Robodebt Scheme, Report, page iii.
SegoeUI-Semilight	10	90	13 Government response to the Privacy Act Review Report | Attorney-General's Department (ag.gov.au).
SegoeUI	9	95	GOVERNMENT RESPONSE | ROYAL COMMISSION INTO THE ROBODEBT SCHEME 7
SegoeUI-Semilight	11	11	Government Response to Recommendations
SegoeUI-Semilight	11	14	The Royal Commission into the Robodebt Scheme made 56 recommendations and one closing
SegoeUI-Semilight	11	16	observation.
SegoeUI-Semilight	11	18	In relation to the Commissioner’s closing observation, the Freedom of Information Act 1982 (Cth)
SegoeUI-Semilight	11	20	(FOI Act) promotes accountability in government decision-making by providing the community
SegoeUI-Semilight	11	22	with access to government documents, subject to some exemptions. The confidentiality of
SegoeUI-Semilight	11	24	Cabinet documents is one of those exemptions.
SegoeUI-Semilight	11	27	The Australian Government believes that it is critical that the Cabinet, the key decision-making
SegoeUI-Semilight	11	29	body of Government, is comprehensively informed in its deliberations. To achieve this, the
SegoeUI-Semilight	11	31	Cabinet must have the benefit of frank and fearless advice from Ministers and senior public
SegoeUI-Semilight	11	33	servants. The decisions taken by the Cabinet are collective. As set out in the Cabinet Handbook:
SegoeUI-SemilightItalic	11	35	The principle of collective responsibility requires that ministers should be able to express
SegoeUI-SemilightItalic	11	37	their views frankly in Cabinet meetings in the expectation that they can argue freely in
SegoeUI-SemilightItalic	11	39	private while maintaining a united front in public when decisions have been reached. This
SegoeUI-SemilightItalic	11	41	in turn requires that opinions expressed in the Cabinet and Cabinet Committees,
SegoeUI-SemilightItalic	11	43	including in documents and any correspondence, are treated as confidential.14
SegoeUI-Semilight	11	46	For these reasons, the Government does not consider that section 34 of the FOI Act should be
SegoeUI-Semilight	11	48	repealed.
SegoeUI-Semilight	11	50	In relation to the Commissioner’s recommendations, the Australian Government accepts or
SegoeUI-Semilight	11	52	accepts in principle all 56 recommendations. Where a recommendation has been accepted in
SegoeUI-Semilight	11	54	principle, the Government is committed to achieve the objective of the recommendation but
SegoeUI-Semilight	11	56	has either identified an alternative means of doing so, or considers that further consideration is
SegoeUI-Semilight	11	58	needed.
SegoeUI-Semilight	10	90	14 Cabinet Handbook - 15th edition | PM&C (pmc.gov.au), para 21.
SegoeUI	9	95	GOVERNMENT RESPONSE | ROYAL COMMISSION INTO THE ROBODEBT SCHEME 8
SegoeUI-Semilight	11	11	Recommendation 10.1: Design policies and processes with emphasis on the people they are
SegoeUI-Semilight	11	13	meant to serve
SegoeUI-Semilight	11	16	Services Australia design its policies and processes with a primary emphasis on the recipients it
SegoeUI-Semilight	11	18	is meant to serve. That should entail:
SegoeUI-Semilight	11	21	• avoiding language and conduct which reinforces feelings of stigma and shame associated
SegoeUI-Semilight	11	23	with the receipt of government support when it is needed
SegoeUI-Semilight	11	25	• facilitating easy and efficient engagement with options of online, in person and telephone
SegoeUI-Semilight	11	27	communication which is sensitive to the particular circumstances of the customer cohort,
SegoeUI-Semilight	11	29	including itinerant lifestyles, lack of access to technology, lack of digital literacy and the
SegoeUI-Semilight	11	31	particular difficulties rural and remote living
SegoeUI-Semilight	11	34	• explaining processes in clear terms and plain language in communication to customers, and
SegoeUI-Semilight	11	37	• acting with sensitivity to financial and other forms of stress experienced by the customer
SegoeUI-Semilight	11	39	cohort and taking all practicable steps to avoid the possibility that interactions with the
SegoeUI-Semilight	11	41	government might exacerbate those stresses or introduce new ones.
SegoeUI-Semilight	11	44	The Government accepts this recommendation.
SegoeUI-Semilight	11	47	The Government recognises the importance of designing policies and government services that
SegoeUI-Semilight	11	48	focus on the needs of recipients. This includes making services as accessible as possible and
SegoeUI-Semilight	11	50	delivering them in a way that meets the needs of individuals and the community.
SegoeUI-Semilight	11	53	The Government will continue to improve the delivery of services for Australians. When
SegoeUI-Semilight	11	55	considering a change to a service, before policy, investment and service delivery decisions are
SegoeUI-Semilight	11	57	made, the Government will gather an evidence-based understanding of the needs of recipients,
SegoeUI-Semilight	11	59	which is based on the views of recipients, and explore how the proposed changes may impact
SegoeUI-Semilight	11	61	recipients. The Department of Social Services and Services Australia will work together to
SegoeUI-Semilight	11	63	ensure customer and staff feedback is considered in the design of policy and processes.
SegoeUI-Semilight	11	66	Priority 2 of the Government’s Australian Public Sector Reform agenda is to put people and
SegoeUI-Semilight	11	67	business at the centre of policy and services.15 In partnership with the broader APS and
SegoeUI-Semilight	11	69	government services users, Services Australia has developed a whole of service vision for user-
SegoeUI-Semilight	11	71	centred service excellence: “reliable and accessible services when and how you need them”16.
SegoeUI-Semilight	11	73	The vision supports coherent leadership in the design and delivery of government programs,
SegoeUI-Semilight	11	75	services and payments; service alignment; and shared execution. It is intended to complement
SegoeUI-Semilight	11	77	the service delivery principles, standards and charters of individual departments and agencies.
SegoeUI-Semilight	10	89	15 APS Reform outcomes and initiatives (apsreform.gov.au).
SegoeUI-Semilight	10	90	16 APS Vision for user-centred service excellence | APS Reform (apsreform.gov.au).
SegoeUI	9	95	GOVERNMENT RESPONSE | ROYAL COMMISSION INTO THE ROBODEBT SCHEME 9
SegoeUI-Semilight	11	11	Recommendation 11.1: Clear documentation of exclusion criteria
SegoeUI-Semilight	11	14	Services Australia should ensure that for any cohort of recipients that is intended to be
SegoeUI-Semilight	11	16	excluded from a compliance process or activity, there is clear documentation of the exclusion
SegoeUI-Semilight	11	18	criteria, and, unless there is a technical reason it cannot be, the mechanism by which that is to
SegoeUI-Semilight	11	20	occur should be reflected in the relevant technical specification documents.
SegoeUI-Semilight	11	23	The Government accepts this recommendation.
SegoeUI-Semilight	11	26	The Government supports the need for clear documentation that specifies the circumstances
SegoeUI-Semilight	11	27	when an individual may be excluded from a compliance process.
SegoeUI-Semilight	11	30	Services Australia will produce clear documentation for any exclusion criteria when any cohort
SegoeUI-Semilight	11	32	of recipients is intended to be excluded from compliance or debt related activities. This includes
SegoeUI-Semilight	11	34	recording any associated exclusions within any compliance activity business process
SegoeUI-Semilight	11	35	specifications and compliance program documents.
SegoeUI-Semilight	11	39	Recommendation 11.2: Identification of circumstances affecting the capacity to engage with
SegoeUI-Semilight	11	41	compliance activity
SegoeUI-Semilight	11	44	Services Australia should ensure that its processes and policies in relation to the identification
SegoeUI-Semilight	11	46	of potential vulnerabilities extend to the identification of circumstances affecting a recipient’s
SegoeUI-Semilight	11	48	capacity to engage with any form of compliance activity.
SegoeUI-Semilight	11	51	To this end, circumstances likely to affect a recipient’s capacity to engage with compliance
SegoeUI-Semilight	11	53	activities should be recorded on their file regardless of whether they are in receipt of a payment
SegoeUI-Semilight	11	55	that gives rise to mutual obligations.
SegoeUI-Semilight	11	58	The Government accepts this recommendation.
SegoeUI-Semilight	11	60	The Government agrees that individual circumstances that might impact on an individual’s
SegoeUI-Semilight	11	62	capacity to engage with government services, or reviews of payments and services, should be
SegoeUI-Semilight	11	64	taken into account during service delivery and customer engagements.
SegoeUI-Semilight	11	67	Disclosure of individual circumstances is voluntary in most cases, particularly when this detail
SegoeUI-Semilight	11	68	may not be required to establish an entitlement to a payment or service. Noting this, in some
SegoeUI-Semilight	11	70	circumstances it may not be possible for delivery agencies to proactively identify all
SegoeUI-Semilight	11	72	circumstances that might affect a person’s ability to engage with a compliance activity.
SegoeUI-Semilight	11	75	In recognition, Services Australia has developed internal guidance to support staff to engage
SegoeUI-Semilight	11	76	with customers, build the agency’s capability to identify customers experiencing vulnerability,
SegoeUI-Semilight	11	78	and support customers to safely disclose their circumstances and access appropriate
SegoeUI-Semilight	11	80	information, services and support. Issued in July 2021, the ‘Our vulnerability strategy’ is being
SegoeUI-Semilight	11	81	implemented across Services Australia.
SegoeUI	9	95	GOVERNMENT RESPONSE | ROYAL COMMISSION INTO THE ROBODEBT SCHEME 10
SegoeUI-Semilight	11	11	Where an individual discloses a vulnerability, this will inform the way the agency engages with
SegoeUI-Semilight	11	13	the individual in the delivery of programs and services, including connecting the customer with
SegoeUI-Semilight	11	15	any additional support services. To support this, information about circumstances affecting a
SegoeUI-Semilight	11	16	recipient’s capacity to engage is recorded on customer records. This information is also
SegoeUI-Semilight	11	18	accessible to service delivery partners.
SegoeUI-Semilight	11	21	Services Australia will continue to engage with customers in a way that supports proper
SegoeUI-Semilight	11	22	consideration of individual circumstances, and to support customers to disclose any
SegoeUI-Semilight	11	24	vulnerabilities impacting them.
SegoeUI-Semilight	11	29	Recommendation 11.3: Engagement prior to removing a vulnerability indicator from a file
SegoeUI-Semilight	11	32	Services Australia should ensure that its processes and policies in relation to the identification
SegoeUI-Semilight	11	34	of potential vulnerabilities require staff to engage with a recipient prior to the removal of an
SegoeUI-Semilight	11	35	indicator on their file. For this purpose, Services Australia should remove any feature that would
SegoeUI-Semilight	11	37	allow for the automatic expiry of a vulnerability indicator (or equivalent flagging tool). An
SegoeUI-Semilight	11	39	indicator should only be removed where a recipient, or evidence provided to the Agency in
SegoeUI-Semilight	11	41	relation to the recipient, confirms that they are no longer suffering from the vulnerability to
SegoeUI-Semilight	11	43	which the indicator relates.
SegoeUI-Semilight	11	46	The Government accepts this recommendation.
SegoeUI-Semilight	11	49	Operational guidance material and the ‘Our vulnerability strategy’ support Services Australia
SegoeUI-Semilight	11	51	service officers to identify when customers’ circumstances should be recorded and updated on
SegoeUI-Semilight	11	52	a customer’s record. This includes when vulnerabilities are identified, require updates due to a
SegoeUI-Semilight	11	54	change in the customer’s circumstances, or are no longer impacting the customer.
SegoeUI-Semilight	11	57	Records held by Services Australia contain notes that alert staff to circumstances where a
SegoeUI-Semilight	11	58	recipient is experiencing difficulties that might affect their ability to meet mutual obligation
SegoeUI-Semilight	11	60	requirements. Where an individual discloses a vulnerability, staff will use this knowledge to
SegoeUI-Semilight	11	62	tailor the discussion and interaction, including the promotion of appropriate programs and
SegoeUI-Semilight	11	64	services, and connect the customer to specialist supports and/or referrals to local service
SegoeUI-Semilight	11	65	providers. To support this, information about circumstances affecting a person’s capacity to
SegoeUI-Semilight	11	67	engage in mutual obligation requirements is recorded on customer files.
SegoeUI-Semilight	11	70	Notes are generally applied on the basis of information provided by individuals through their
SegoeUI-Semilight	11	72	engagement with the agency. A record of a person’s circumstances is maintained on their
SegoeUI-Semilight	11	73	customer file and accessible if they have future interactions with the agency.
SegoeUI	9	95	GOVERNMENT RESPONSE | ROYAL COMMISSION INTO THE ROBODEBT SCHEME 11
SegoeUI-Semilight	11	11	Recommendation 11.4: Consideration of vulnerabilities affected by each compliance program,
SegoeUI-Semilight	11	13	including consultation with advocacy bodies
SegoeUI-Semilight	11	16	Services Australia should incorporate a process in the design of compliance programs to
SegoeUI-Semilight	11	18	consider and document the categories of vulnerable recipients who may be affected by the
SegoeUI-Semilight	11	19	program, and how those recipients will be dealt with. Services Australia should consult
SegoeUI-Semilight	11	21	stakeholders (including peak advocacy bodies) as part of this process to ensure that adequate
SegoeUI-Semilight	11	23	provision is made to accommodate vulnerable recipients who may encounter particular
SegoeUI-Semilight	11	25	difficulties engaging with the program.
SegoeUI-Semilight	11	28	The Government accepts this recommendation.
SegoeUI-Semilight	11	30	The Government recognises the importance of considering an individual’s capacity to engage
SegoeUI-Semilight	11	32	with government services and any reviews of their circumstances that might impact eligibility
SegoeUI-Semilight	11	34	for a payment or services.
SegoeUI-Semilight	11	36	Services Australia uses established forums to support engagements with advocacy groups
SegoeUI-Semilight	11	38	including the National Multicultural Advisory Group, Disability Peak Bodies, Stakeholder
SegoeUI-Semilight	11	40	Consultative Group and the Civil Society Advisory Group. Engagements through these forums
SegoeUI-Semilight	11	42	have informed changes to the agency’s service delivery and support services.
SegoeUI-Semilight	11	44	Services Australia will continue to seek advice and input from civil society stakeholders to
SegoeUI-Semilight	11	46	improve service delivery, particularly where changes are being made and there are
SegoeUI-Semilight	11	48	opportunities for co-design.
SegoeUI-Semilight	11	52	Recommendation 12.1: Easier engagement with Centrelink
SegoeUI-Semilight	11	55	Options for easier engagement with Centrelink by advocacy groups – for example, through the
SegoeUI-Semilight	11	56	creation of a national advocate’s line – should be considered.
SegoeUI-Semilight	11	59	The Government accepts this recommendation.
SegoeUI-Semilight	11	62	The Government recognises the important role advocates play in the administration of
SegoeUI-Semilight	11	64	government services and undertakes regular engagements with peak advocacy groups.
SegoeUI-Semilight	11	66	Services Australia will actively identify opportunities to engage with advocacy groups. To
SegoeUI-Semilight	11	68	support engagement between Services Australia and advocacy groups, the agency has a
SegoeUI-Semilight	11	70	number of established forums through which advocacy groups can engage directly with the
SegoeUI-Semilight	11	72	agency. These forums provide a channel for advocacy groups to raise concerns and provide
SegoeUI-Semilight	11	73	feedback to the agency.
SegoeUI-Semilight	11	76	Services Australia will pilot an ‘advocates’ channel for legal advocates. This pilot will help inform
SegoeUI-Semilight	11	78	the suitability of channels for advocacy groups acting on behalf of vulnerable customers, and to
SegoeUI-Semilight	11	80	inform a longer-term scalable solution. The pilot will be progressed in conjunction with
SegoeUI-Semilight	11	81	Economic Justice Australia (EJA).
SegoeUI	9	95	GOVERNMENT RESPONSE | ROYAL COMMISSION INTO THE ROBODEBT SCHEME 12
SegoeUI-Semilight	11	11	Recommendation 12.2: Customer experience reference group
SegoeUI-Semilight	11	14	The government should consider establishing a customer experience reference group, which
SegoeUI-Semilight	11	16	would provide streamlined insight to government regarding the experiences of people
SegoeUI-Semilight	11	18	accessing income support.
SegoeUI-Semilight	11	20	The Government accepts in principle this recommendation.
SegoeUI-Semilight	11	23	Government agencies provide vital services and information for the community. Service design
SegoeUI-Semilight	11	25	should respond to community need, and the methods of service delivery should be as effective
SegoeUI-Semilight	11	27	and efficient as possible.
SegoeUI-Semilight	11	29	In partnership with the broader APS and government services users, Services Australia has
SegoeUI-Semilight	11	31	developed a whole of service vision for user-centred service excellence: “reliable and accessible
SegoeUI-Semilight	11	33	services when and how you need them”17. This vision forms part of Priority 2 of the
SegoeUI-Semilight	11	35	Government’s Australian Public Sector Reform agenda, and puts people and business at the
SegoeUI-Semilight	11	36	centre of policy and services. The vision supports coherent leadership in the design and delivery
SegoeUI-Semilight	11	38	of government programs, services and payments; service alignment; and shared execution. It is
SegoeUI-Semilight	11	40	intended to complement the service delivery principles, standards and charters of individual
SegoeUI-Semilight	11	41	departments and agencies.
SegoeUI-Semilight	11	44	The Australian Public Sector Reform Office and Services Australia are also partnering to develop
SegoeUI-Semilight	11	46	whole-of-government Service Design Standards to support agencies to design, administer and
SegoeUI-Semilight	11	48	improve new and existing services and payments. The Standards will be evidence-based and
SegoeUI-Semilight	11	49	informed by the needs and expectations of the Australian community.
SegoeUI-Semilight	11	53	Recommendation 12.3: Consultation
SegoeUI-Semilight	11	56	Peak advocacy bodies should be consulted prior to the implementation of projects involving
SegoeUI-Semilight	11	58	the modification of the social security system.
SegoeUI-Semilight	11	61	The Government accepts this recommendation.
SegoeUI-Semilight	11	64	The Government will consult with peak advocacy groups when implementing modifications to
SegoeUI-Semilight	11	66	the social security system.
SegoeUI-Semilight	11	68	Building and expanding on existing engagement mechanisms, including with organisations like
SegoeUI-Semilight	11	70	Economic Justice Australia and the Australian Council of Social Service, the Department of
SegoeUI-Semilight	11	72	Social Services and Services Australia will engage with peak advocacy bodies to determine the
SegoeUI-Semilight	11	74	most effective way to seek their views on the design and implementation of projects where
SegoeUI-Semilight	11	75	there are likely to be implications for users of the social security system.
SegoeUI-Semilight	10	90	17 APS Vision for user-centred service excellence | APS Reform (apsreform.gov.au).
SegoeUI	9	95	GOVERNMENT RESPONSE | ROYAL COMMISSION INTO THE ROBODEBT SCHEME 13
SegoeUI-Semilight	11	11	Recommendation 12.4: Regard for funding for legal aid commissions and community legal
SegoeUI-Semilight	11	13	centres
SegoeUI-Semilight	11	16	When it next conducts a review of the National Legal Assistance Partnership, the
SegoeUI-Semilight	11	18	Commonwealth should have regard, in considering funding for legal aid commissions and
SegoeUI-Semilight	11	19	community legal centres, to the importance of the public interest role played by those services
SegoeUI-Semilight	11	21	as exemplified in their work during the Scheme.
SegoeUI-Semilight	11	24	The Government accepts this recommendation.
SegoeUI-Semilight	11	27	Legal assistance plays a vital role in ensuring more equal access to the justice system which is
SegoeUI-Semilight	11	29	fundamental to our democratic society and the rule of law. Not only does legal assistance
SegoeUI-Semilight	11	30	facilitate improved outcomes for individuals, it also generates broader benefits to society.
SegoeUI-Semilight	11	33	The independent review of the National Legal Assistance Partnership 2020-25 (NLAP)
SegoeUI-Semilight	11	34	commenced in June 2023.18 The Terms of Reference for the review are broad, and require the
SegoeUI-Semilight	11	36	review to evaluate whether the objectives, outcomes and outputs of the NLAP have been
SegoeUI-Semilight	11	38	achieved.19
SegoeUI-Semilight	11	41	The Issues Paper published by the independent reviewer states that recommendation 12.4 is
SegoeUI-Semilight	11	42	within the scope of the Terms of Reference, and will be considered as part of the review.20 The
SegoeUI-Semilight	11	44	findings and recommendations of the review will inform future funding arrangements for legal
SegoeUI-Semilight	11	46	assistance.
SegoeUI-Semilight	11	50	Recommendation 13.1: Consultation process
SegoeUI-Semilight	11	53	Services Australia should put in place processes for genuine and receptive consultation with
SegoeUI-Semilight	11	55	front-line staff when new programs are being designed and implemented.
SegoeUI-Semilight	11	58	The Government accepts this recommendation.
SegoeUI-Semilight	11	60	The Government supports undertaking consultation with front-line staff when designing and
SegoeUI-Semilight	11	62	implementing new programs, noting their expertise in engaging with customers.
SegoeUI-Semilight	11	65	Services Australia will ensure the experiences of front-line staff are sought and fed into design
SegoeUI-Semilight	11	67	practice and service delivery policy.
SegoeUI-Semilight	10	87	18 Independent Review of the National Legal Assistance Partnership (ag.gov.au).
SegoeUI-Semilight	10	89	19 The Independent Review of the NLAP (nlapreview.com.au).
SegoeUI-Semilight	10	90	20 Issues Paper | NLAP review (nlapreview.com.au).
SegoeUI	9	95	GOVERNMENT RESPONSE | ROYAL COMMISSION INTO THE ROBODEBT SCHEME 14
SegoeUI-Semilight	11	11	Recommendation 13.2: Feedback processes
SegoeUI-Semilight	11	14	Better feedback processes should be put in place so that front-line staff can communicate their
SegoeUI-Semilight	11	16	feedback in an open and consultative environment. Management should have constructive
SegoeUI-Semilight	11	18	processes in place to review and respond to staff feedback.
SegoeUI-Semilight	11	20	The Government accepts this recommendation.
SegoeUI-Semilight	11	23	The Government commits to ensuring agencies have processes in place to gather feedback
SegoeUI-Semilight	11	25	from front-line staff, noting their first-hand experiences in engaging with the community.
SegoeUI-Semilight	11	28	Services Australia has a variety of mechanisms in place for staff to provide feedback, given the
SegoeUI-Semilight	11	29	variability of services provided by the agency. Services Australia is committed to supporting
SegoeUI-Semilight	11	31	staff input into the delivery of programs, both specific and systemic delivery considerations, and
SegoeUI-Semilight	11	33	insights on emerging issues for policy design and program delivery.
SegoeUI-Semilight	11	37	Recommendation 13.3: “Face-to-face” support
SegoeUI-Semilight	11	40	More “face-to-face” customer service support options should be available for vulnerable
SegoeUI-Semilight	11	41	recipients needing support.
SegoeUI-Semilight	11	44	The Government accepts in principle this recommendation.
SegoeUI-Semilight	11	47	The Government recognises the importance of designing services to meet the needs of
SegoeUI-Semilight	11	49	individuals, particularly vulnerable recipients. This includes making services as accessible as
SegoeUI-Semilight	11	50	possible, including for individuals located in remote areas, through the preferred channel of the
SegoeUI-Semilight	11	52	individual.
SegoeUI-Semilight	11	55	The Australian Public Sector Reform Office and Services Australia are partnering to develop
SegoeUI-Semilight	11	57	whole-of-government service delivery attributes and Service Design Standards to support
SegoeUI-Semilight	11	58	agencies to design and administer new and existing services and payments. The Standards will
SegoeUI-Semilight	11	60	be evidence-based and informed by the needs and expectations of the Australian community.
SegoeUI-Semilight	11	63	The Government recognises the importance of having face-to-face services available to
SegoeUI-Semilight	11	65	Australians when required. Services Australia has been transforming its face-to-face services
SegoeUI-Semilight	11	66	since 2019-20. Improvements have been made to the service environment including in person
SegoeUI-Semilight	11	68	and online. Services Australia will continue to adopt a customer-centred approach. The
SegoeUI-Semilight	11	70	ongoing efforts to transform service delivery will be directed toward better assisting customers
SegoeUI-Semilight	11	71	to navigate services tailored to their needs, including through identifying opportunities to
SegoeUI-Semilight	11	73	engage and collaborate with government service delivery partners and support more
SegoeUI-Semilight	11	75	customers to access government services from a single location.
SegoeUI	9	95	GOVERNMENT RESPONSE | ROYAL COMMISSION INTO THE ROBODEBT SCHEME 15
SegoeUI-Semilight	11	11	Recommendation 13.4: Increased number of social workers
SegoeUI-Semilight	11	14	Increased social worker support (for both recipients and staff), and better referral processes to
SegoeUI-Semilight	11	16	enable this support, should be implemented.
SegoeUI-Semilight	11	19	The Government accepts in principle this recommendation.
SegoeUI-Semilight	11	21	The Government recognises the important role social workers play in supporting our
SegoeUI-Semilight	11	23	community, and connecting Australians with services that support their needs.
SegoeUI-Semilight	11	26	The Services Australia Social Work Servicing Strategy (2021-2025) outlines how the agency is
SegoeUI-Semilight	11	28	transforming the way it delivers social work services. The Strategy was developed in
SegoeUI-Semilight	11	29	consultation with Services Australia social workers, and draws on their expertise and experience.
SegoeUI-Semilight	11	31	The vision identified in the Strategy is to ensure “a progressive social work service committed to
SegoeUI-Semilight	11	33	social justice and helping individuals, families and communities so people can get on with their
SegoeUI-Semilight	11	35	lives” consistent with the agency’s Master Plan, and to provide world-class services to citizens
SegoeUI-Semilight	11	36	through increased social worker accessibility.
SegoeUI-Semilight	11	39	To maximise access to social work support for customers and staff, Services Australia is also
SegoeUI-Semilight	11	41	exploring additional delivery methods to support connections with customers and continues to
SegoeUI-Semilight	11	42	respond to customer needs through their preferred method of contact.
SegoeUI-Semilight	11	46	Recommendation 15.1: Legislative change better defined in New Policy Proposals
SegoeUI-Semilight	11	49	The Budget Process Operational Rules should include a requirement that all New Policy
SegoeUI-Semilight	11	51	Proposals contain a statement as to whether the proposal requires legislative change in order
SegoeUI-Semilight	11	53	to be lawfully implemented, as distinct from legislative change to authorise expenditure.
SegoeUI-Semilight	11	56	The Government accepts this recommendation.
SegoeUI-Semilight	11	58	In providing advice to Cabinet, Ministers, departments and agencies should indicate whether a
SegoeUI-Semilight	11	60	new policy proposal will require legislative change in order for it to be lawfully implemented, in
SegoeUI-Semilight	11	62	addition to giving advice on whether legislation is required to authorise expenditure. In
SegoeUI-Semilight	11	64	circumstances where it has not been possible to determine whether legislative change is
SegoeUI-Semilight	11	65	required, this should also be clearly stated. Relevant Cabinet procedures will be updated to
SegoeUI-Semilight	11	67	reflect this.
SegoeUI-Semilight	11	70	This recommendation will be implemented by the Department of the Prime Minister and
SegoeUI-Semilight	11	71	Cabinet, the Department of Finance and the Treasury, in consultation with the
SegoeUI-Semilight	11	73	Attorney-General’s Department.
SegoeUI	9	95	GOVERNMENT RESPONSE | ROYAL COMMISSION INTO THE ROBODEBT SCHEME 16
SegoeUI-Semilight	11	11	Recommendation 15.2: Include legal advices with New Policy Proposals
SegoeUI-Semilight	11	14	The Budget Process Operational Rules should include a requirement that any legal advice
SegoeUI-Semilight	11	16	(either internal or external) relating to whether the proposal requires legislative change in order
SegoeUI-Semilight	11	18	to be implemented be included with the New Policy Proposal in any versions of the Portfolio
SegoeUI-Semilight	11	20	Budget Submission circulated to other agencies or Cabinet ministers.
SegoeUI-Semilight	11	23	The Government accepts in principle this recommendation.
SegoeUI-Semilight	11	26	The Government agrees that Cabinet should be clearly informed of identifiable legal issues
SegoeUI-Semilight	11	27	associated with the implementation of new policy proposals. The Government considers that
SegoeUI-Semilight	11	29	clear, concise and succinct summaries of legal issues are likely to be of greater assistance to
SegoeUI-Semilight	11	31	entities and Ministers than copies of entire legal advices. Relevant Cabinet procedures will be
SegoeUI-Semilight	11	33	updated to reflect this.
SegoeUI-Semilight	11	35	This recommendation will be implemented by the Department of the Prime Minister and
SegoeUI-Semilight	11	37	Cabinet, the Department of Finance and the Treasury, in consultation with the
SegoeUI-Semilight	11	39	Attorney-General’s Department.
SegoeUI-Semilight	11	43	Recommendation 15.3: Australian Government Solicitor statement in the NPP
SegoeUI-Semilight	11	46	The Budget Process Operational Rules should include a requirement that where legal advice
SegoeUI-Semilight	11	47	has been given in relation to whether the proposal requires legislative change in order to be
SegoeUI-Semilight	11	49	implemented, the New Policy Proposal includes a statement as to whether the Australian
SegoeUI-Semilight	11	51	Government Solicitor has reviewed and agreed with the advice.
SegoeUI-Semilight	11	54	The Government accepts this recommendation.
SegoeUI-Semilight	11	56	Sponsoring Ministers and entities are responsible for ensuring that they present clear
SegoeUI-Semilight	11	58	information on what is required to implement a new policy proposal. Where legal advice is
SegoeUI-Semilight	11	60	provided on a new policy proposal, Cabinet should receive complete and accurate information,
SegoeUI-Semilight	11	62	particularly regarding whether or not the Australian Government Solicitor has reviewed and
SegoeUI-Semilight	11	63	agreed with any legal advice on whether legislative change is required. Relevant Cabinet
SegoeUI-Semilight	11	65	procedures will be updated to reflect this.
SegoeUI-Semilight	11	68	This recommendation will be implemented by the Department of the Prime Minister and
SegoeUI-Semilight	11	69	Cabinet, the Department of Finance and the Treasury, in consultation with the
SegoeUI-Semilight	11	71	Attorney-General’s Department.
SegoeUI	9	95	GOVERNMENT RESPONSE | ROYAL COMMISSION INTO THE ROBODEBT SCHEME 17
SegoeUI-Semilight	11	11	Recommendation 15.4: Standard, specific language on legal risks in the NPP
SegoeUI-Semilight	11	14	The standard language used in the NPP Checklist should be sufficiently specific to make it
SegoeUI-Semilight	11	16	obvious on the face of the document what advice is being provided, in respect of what legal
SegoeUI-Semilight	11	18	risks and by whom it is being provided.
SegoeUI-Semilight	11	20	The Government accepts this recommendation.
SegoeUI-Semilight	11	23	Cabinet should receive clear and accurate advice on new policy proposals, to ensure it fully
SegoeUI-Semilight	11	25	understands associated legal issues and risks. Relevant Cabinet procedures will be updated to
SegoeUI-Semilight	11	27	make it clear what legal advice has been obtained, in respect of what risks, and by whom it was
SegoeUI-Semilight	11	28	provided. The updates will provide clearer information on legislative authority issues relating to
SegoeUI-Semilight	11	30	spending, and on legal issues relating to other aspects of the proposal.
SegoeUI-Semilight	11	33	This recommendation will be implemented by the Department of the Prime Minister and
SegoeUI-Semilight	11	35	Cabinet, in consultation with the Department of Finance, the Treasury and the
SegoeUI-Semilight	11	36	Attorney-General’s Department.
SegoeUI-Semilight	11	40	Recommendation 15.5: Documented assumptions for compliance Budget measures
SegoeUI-Semilight	11	43	That in developing compliance Budget measures, Services Australia and DSS document the
SegoeUI-Semilight	11	45	basis for the assumptions and inputs used, including the sources of the data relied on.
SegoeUI-Semilight	11	48	The Government accepts this recommendation.
SegoeUI-Semilight	11	50	All Ministers, departments and agencies are expected and required to comply with the rules
SegoeUI-Semilight	11	52	outlined in the Cabinet Handbook and the Budget Process Operational Rules when developing
SegoeUI-Semilight	11	54	new policy proposals and measures with financial implications.
SegoeUI-Semilight	11	57	The Department of Social Services and Services Australia will ensure budget initiatives are
SegoeUI-Semilight	11	58	progressed in consultation with the Department of Finance, and in compliance with the Budget
SegoeUI-Semilight	11	60	Process Operational Rules. Data sources will be identified, and assumptions will be required to
SegoeUI-Semilight	11	62	be documented and provided in a transparent manner.
SegoeUI-Semilight	11	65	The Digital Transformation Agency is also assisting agencies articulate and measure the
SegoeUI-Semilight	11	66	benefits of investment in technology, including as they relate to technology-enabled
SegoeUI-Semilight	11	68	compliance measures.
SegoeUI	9	95	GOVERNMENT RESPONSE | ROYAL COMMISSION INTO THE ROBODEBT SCHEME 18
SegoeUI-Semilight	11	11	Recommendation 15.6: Documentation on the basis for assumptions provided to Finance
SegoeUI-Semilight	11	14	That in seeking agreement from Finance for costings of compliance Budget measures, Services
SegoeUI-Semilight	11	16	Australia and DSS provide Finance with documentation setting out the basis for the
SegoeUI-Semilight	11	18	assumptions and inputs used, including related data sources, to allow Finance to properly
SegoeUI-Semilight	11	20	investigate and test those assumptions and inputs.
SegoeUI-Semilight	11	23	The Government accepts this recommendation.
SegoeUI-Semilight	11	26	All Ministers, departments and agencies are expected and required to comply with the rules
SegoeUI-Semilight	11	27	outlined within the Cabinet Handbook and the Budget Process Operational Rules when
SegoeUI-Semilight	11	29	developing new policy proposals and measures with financial implications.
SegoeUI-Semilight	11	32	The Department of Social Services and Services Australia will ensure budget initiatives are
SegoeUI-Semilight	11	33	progressed in consultation with the Department of Finance, and in compliance with the Budget
SegoeUI-Semilight	11	35	Process Operational Rules. Data sources will be identified, and assumptions and inputs will be
SegoeUI-Semilight	11	37	provided for compliance measures. These will be required to be documented and provided in a
SegoeUI-Semilight	11	39	transparent manner.
SegoeUI-Semilight	11	43	Recommendation 16.1: Legal advice on end-to-end data exchanges
SegoeUI-Semilight	11	46	The Commonwealth should seek legal advice on the end-to-end data exchange processes
SegoeUI-Semilight	11	48	which are currently operating between Services Australia and the ATO to ensure they are lawful.
SegoeUI-Semilight	11	51	The Government accepts this recommendation.
SegoeUI-Semilight	11	53	The collection, use, storage and disclosure of personal information is fundamental to the
SegoeUI-Semilight	11	55	effective administration of government agencies and departments. It is therefore critical the
SegoeUI-Semilight	11	57	public have trust and confidence that agencies and departments are adhering to the robust
SegoeUI-Semilight	11	58	legislative frameworks in place which protect personal privacy.
SegoeUI-Semilight	11	61	Government agencies and departments have obligations to protect an individual’s information
SegoeUI-Semilight	11	63	under the Privacy Act 1988 (Cth), the Australian Privacy Principles and relevant guidelines issued
SegoeUI-Semilight	11	65	by the Office of the Australian Information Commissioner. Recognising the importance the
SegoeUI-Semilight	11	66	protection of personal information has in the administration of the tax and social security
SegoeUI-SemilightItalic	11	68	systems, the Taxation Administration Act 1953 (Cth) and Social Security (Administration) Act 1999
SegoeUI-Semilight	11	70	(Cth) also contain provisions that protect an individual’s information.
SegoeUI-Semilight	11	73	The Australian Taxation Office and Services Australia have obtained independent, external legal
SegoeUI-Semilight	11	74	advice in respect of the Pay As You Go (PAYG) and Single Touch Payroll (STP) data exchange
SegoeUI-Semilight	11	76	programs, which confirm that both agencies are complying with the required legislative
SegoeUI-Semilight	11	78	frameworks governing each aspect of the data exchange, specifically, the confidentiality and
SegoeUI-Semilight	11	79	Tax File Number (TFN) provisions in the Taxation Administration Act 1953, the confidentiality
SegoeUI-SemilightItalic	11	81	provisions of the Social Security (Administration) Act 1999, and the Privacy Act 1988.
SegoeUI	9	95	GOVERNMENT RESPONSE | ROYAL COMMISSION INTO THE ROBODEBT SCHEME 19
SegoeUI-Semilight	11	11	Recommendation 16.2: Review and strengthen governance of data-matching programs
SegoeUI-Semilight	11	14	The ATO and DHS should take immediate steps to review and strengthen their operational
SegoeUI-Semilight	11	16	governance practices as applied to jointly conducted data-matching programs. This should
SegoeUI-Semilight	11	18	include:
SegoeUI-Semilight	11	21	• reviews to ensure that all steps and operations relating to existing or proposed data-
SegoeUI-Semilight	11	23	matching programs are properly documented
SegoeUI-Semilight	11	24	• a review of all existing framework documents for existing or proposed data-matching
SegoeUI-Semilight	11	27	programs
SegoeUI-Semilight	11	28	• a review of the operations of the ATO/DHS Consultative Forum and the ATO/DHS Data
SegoeUI-Semilight	11	30	Management Forum
SegoeUI-Semilight	11	32	• a review of the existing Head Agreement/s, Memoranda of Understanding and Services
SegoeUI-Semilight	11	34	Schedule
SegoeUI-Semilight	11	36	• a joint review of any existing or proposed data-matching program protocols to ensure they
SegoeUI-Semilight	11	38	are legally compliant in respect of their provision for the data exchanges contemplated for
SegoeUI-Semilight	11	40	the relevant data-matching program.
SegoeUI-Semilight	11	43	The Government accepts this recommendation.
SegoeUI-Semilight	11	46	The Government recognises the importance governance frameworks have in providing an
SegoeUI-Semilight	11	47	effective level of oversight of joint programs operating between government agencies. These
SegoeUI-Semilight	11	49	frameworks provide agencies with appropriate issues resolution pathways, clearly articulate the
SegoeUI-Semilight	11	51	objectives of the arrangement and outline the expectations and responsibilities of each party.
SegoeUI-Semilight	11	54	The Australian Taxation Office and Services Australia are reviewing all existing data exchanges
SegoeUI-Semilight	11	55	operating between the agencies to ensure all legal and ethical requirements are met, and that
SegoeUI-Semilight	11	57	the governance arrangements and supporting framework documentation, including
SegoeUI-Semilight	11	59	Memoranda of Understanding and joint forum terms of reference, are in place and accurately
SegoeUI-Semilight	11	60	reflect the processes and procedures of the exchange.
SegoeUI-Semilight	11	63	The Australian Taxation Office and Services Australia will review new and existing data sharing
SegoeUI-Semilight	11	65	arrangements in line with guidance material issued by the Office of the Australian Information
SegoeUI-Semilight	11	67	Commissioner and the Office of the National Data Commissioner, and will consult with these
SegoeUI-Semilight	11	68	oversight bodies where required.
SegoeUI	9	95	GOVERNMENT RESPONSE | ROYAL COMMISSION INTO THE ROBODEBT SCHEME 20
SegoeUI-Semilight	11	11	Recommendation 17.1: Reform of legislation and implementation of regulation
SegoeUI-Semilight	11	14	The Commonwealth should consider legislative reform to introduce a consistent legal
SegoeUI-Semilight	11	16	framework in which automation in government services can operate. Where automated
SegoeUI-Semilight	11	18	decision-making is implemented:
SegoeUI-Semilight	11	21	• there should be a clear path for those affected by decisions to seek review
SegoeUI-Semilight	11	22	• departmental websites should contain information advising that automated decision-making
SegoeUI-Semilight	11	25	is used and explaining in plain language how the process works
SegoeUI-Semilight	11	26	• business rules and algorithms should be made available, to enable independent expert
SegoeUI-Semilight	11	28	scrutiny.
SegoeUI-Semilight	11	31	The Government accepts this recommendation.
SegoeUI-Semilight	11	34	The safe and responsible development and deployment of automated decision-making
SegoeUI-Semilight	11	36	provides important opportunities to deliver timely and efficient services for Australians.
SegoeUI-Semilight	11	39	The Government will consider opportunities for legislative reform to introduce a consistent
SegoeUI-Semilight	11	40	legal framework in which automation in government services can operate ethically, without bias
SegoeUI-Semilight	11	42	and with appropriate safeguards, which will include consideration of:
SegoeUI-Semilight	11	45	• review pathways for those affected by decisions, and
SegoeUI-Semilight	11	47	• transparency about the use of automated decision-making, and how such decision-
SegoeUI-Semilight	11	49	making processes operate, for persons affected by decisions and to enable independent
SegoeUI-Semilight	11	51	scrutiny.
SegoeUI-Semilight	11	54	The reforms agreed to in the Government response to the Privacy Act Review Report, released
SegoeUI-Semilight	11	56	28 September 2023, will also increase the transparency and integrity of decisions made using
SegoeUI-Semilight	11	57	automated decision-making that uses personal information. Privacy policies will be required to
SegoeUI-Semilight	11	59	set out the types of personal information used in automated decision-making systems that
SegoeUI-Semilight	11	61	have a legal or similarly significant effect on an individual’s rights. There will also be a right for
SegoeUI-Semilight	11	63	individuals to request meaningful information about how these decisions are made.21
SegoeUI-Semilight	10	90	21 Government response to the Privacy Act Review Report, 2023.
SegoeUI	9	95	GOVERNMENT RESPONSE | ROYAL COMMISSION INTO THE ROBODEBT SCHEME 21
SegoeUI-Semilight	11	11	Recommendation 17.2: Establishment of a body to monitor and audit automated decision-
SegoeUI-Semilight	11	13	making
SegoeUI-Semilight	11	16	The Commonwealth should consider establishing a body, or expanding an existing body, with
SegoeUI-Semilight	11	18	the power to monitor and audit automate decision-making processes with regard to their
SegoeUI-Semilight	11	20	technical aspects and their impact in respect of fairness, the avoiding of bias, and client
SegoeUI-Semilight	11	22	usability.
SegoeUI-Semilight	11	25	The Government accepts this recommendation.
SegoeUI-Semilight	11	27	The Government agrees that ethical considerations and principles of administrative law must be
SegoeUI-Semilight	11	29	taken into account in the design of automated decision-making processes and there should be
SegoeUI-Semilight	11	31	proper oversight of these arrangements.
SegoeUI-Semilight	11	34	The Government will ensure there is appropriate oversight of the use of automation in service
SegoeUI-Semilight	11	35	delivery. This includes oversight of technical aspects to identify potential bias and ensure the
SegoeUI-Semilight	11	37	use of automated decision-making or artificial intelligence is ethical and in accordance with
SegoeUI-Semilight	11	39	legislative protections. In implementing this recommendation, the Government will consider
SegoeUI-Semilight	11	41	establishing a body, or expanding the functions of an existing body, with the power to monitor
SegoeUI-Semilight	11	42	and audit automated decision-making processes.
SegoeUI-Semilight	11	45	The Government will examine existing regulatory frameworks that provide safeguards for
SegoeUI-Semilight	11	47	artificial intelligence and automated decision-making to ensure a consistent legal, ethical and
SegoeUI-Semilight	11	48	governance framework in which automation in government services can operate with
SegoeUI-Semilight	11	50	appropriate safeguards.
SegoeUI-Semilight	11	53	The Government commits to ensuring new technologies are integrated in a safe and
SegoeUI-Semilight	11	54	responsible manner. The Government's Data and Digital Government Strategy22 includes a
SegoeUI-Semilight	11	56	Government commitment to empower departments and agencies to safely engage with
SegoeUI-Semilight	11	58	emerging technologies like artificial intelligence and ensure they remain transparent about how
SegoeUI-Semilight	11	60	these technologies are used in the functioning of government and the delivery of government
SegoeUI-Semilight	11	62	programs, payments and services. Governance of automated decision-making will also be
SegoeUI-Semilight	11	63	further considered as part of current work to develop appropriate whole-of-government
SegoeUI-Semilight	11	65	assurance and governance of artificial intelligence.
SegoeUI-Semilight	10	90	22 Data and Digital Government Strategy, 2023.
SegoeUI	9	95	GOVERNMENT RESPONSE | ROYAL COMMISSION INTO THE ROBODEBT SCHEME 22
SegoeUI-Semilight	11	11	Recommendation 18.1: Comprehensive debt recovery policy for Services Australia
SegoeUI-Semilight	11	14	Services Australia should develop a comprehensive debt recovery management policy which
SegoeUI-Semilight	11	16	among other things should incorporate the Guideline for Collectors and Creditors’ issued by
SegoeUI-Semilight	11	18	the Australian Competition and Consumer Commission (ACCC) and the Australian Securities
SegoeUI-Semilight	11	20	and Investments Commission (ASIC). Examples of such documents already exist at both federal
SegoeUI-Semilight	11	22	and state levels. Any such policy should also prescribe how Services Australia undertakes to
SegoeUI-Semilight	11	24	engage with debtors, including that staff must:
SegoeUI-Semilight	11	26	• ensure any debt recovery action is always ethical, proportionate, consistent and transparent
SegoeUI-Semilight	11	28	• treat all recipients fairly and with dignity, taking each person’s circumstances into account
SegoeUI-Semilight	11	30	before commencing recovery action
SegoeUI-Semilight	11	32	• subject to any express legal authority to do so, refrain from commencing or continuing
SegoeUI-Semilight	11	34	recovery action while a debt is being reviewed or disputed, and
SegoeUI-Semilight	11	36	• in accordance with legal authority, consider and respond appropriately and proportionately
SegoeUI-Semilight	11	38	to cases of hardship.
SegoeUI-Semilight	11	41	Services Australia should ensure that recipients are given ample and appropriate opportunities
SegoeUI-Semilight	11	43	to challenge, review and seek guidance on any proposed debts before they are referred for
SegoeUI-Semilight	11	45	debt recovery.
SegoeUI-Semilight	11	48	The Government accepts this recommendation.
SegoeUI-Semilight	11	50	The Government commits to ensuring income support and other services are available to
SegoeUI-Semilight	11	52	vulnerable Australians when they need it, without stigma; and that debt recovery practices are
SegoeUI-Semilight	11	54	undertaken in a manner that is fair, empathetic and respectful, and takes into account individual
SegoeUI-Semilight	11	56	circumstances.
SegoeUI-Semilight	11	58	The Government will continue to implement changes to improve debt recovery policy and
SegoeUI-Semilight	11	60	practice, within the underpinning legal framework.
SegoeUI-Semilight	11	64	Recommendation 18.2: Reinstate the limitation of six years on debt recovery
SegoeUI-Semilight	11	67	The Commonwealth should repeal s 1234B of the Social Security Act and reinstate the effective
SegoeUI-Semilight	11	69	limitation period of six years for the bringing of proceedings to recover debts under Part 5.2 of
SegoeUI-Semilight	11	71	the Act formerly contained in s 1232 and s 1236 of that Act, before repeal of the relevant sub-
SegoeUI-Semilight	11	73	sections by the Budget Savings (Omnibus) Act (No 55) 2016 (Cth). There is no reason that
SegoeUI-Semilight	11	75	current and former social security recipients should be on any different footing from other
SegoeUI-Semilight	11	77	debtors.
SegoeUI-Semilight	11	80	The Government accepts in principle this recommendation.
SegoeUI-Semilight	11	82	The Government will improve social security debt arrangements and is committed to ensuring
SegoeUI-Semilight	11	84	debt raising and recovery is undertaken in a timely, fair and respectful manner.
SegoeUI-Semilight	11	87	Any reform to the approach of raising and recovering social security debts should be
SegoeUI-Semilight	11	88	undertaken in a systematic way, with careful consideration of the unique circumstances of social
SegoeUI-Semilight	11	90	security debtors. The Government will carefully consider options for legislative reform, including
SegoeUI	9	95	GOVERNMENT RESPONSE | ROYAL COMMISSION INTO THE ROBODEBT SCHEME 23
SegoeUI-Semilight	11	11	appropriate statutory limitation periods for the raising and recovery of social security debts to
SegoeUI-Semilight	11	13	comprehensively address the issues identified by the Royal Commission.
SegoeUI-Semilight	11	15	The Government is committed to improving social security debt arrangements to ensure that
SegoeUI-Semilight	11	17	debt recovery practices are clear and conducted in a respectful manner.
SegoeUI-Semilight	11	20	The Government will continue to implement administrative changes to make the system fairer
SegoeUI-Semilight	11	22	for those who incur debts, and to reduce the likelihood of recipients incurring a debt in the first
SegoeUI-Semilight	11	23	place.
SegoeUI-Semilight	11	26	If social security recipients do not agree with a debt decision, they can seek an explanation
SegoeUI-Semilight	11	28	from Services Australia and/or apply for a formal review. Information about opportunities for
SegoeUI-Semilight	11	30	review is included in Services Australia debt notices and is also available on the Services
SegoeUI-Semilight	11	31	Australia website. In addition, social security recipients may request an appointment with a
SegoeUI-Semilight	11	33	Services Australia social worker who can refer them to financial counselling and support
SegoeUI-Semilight	11	35	services.
SegoeUI-Semilight	11	37	Measures to improve the accuracy of social security payments are being implemented as a
SegoeUI-Semilight	11	39	priority for the Government, reducing the likelihood of debts being incurred due to
SegoeUI-Semilight	11	41	overpayments. These include the use of Single Touch Payroll (STP) for reporting of employment
SegoeUI-Semilight	11	43	income. STP has now been implemented for the majority of employers, enabling the pre-filling
SegoeUI-Semilight	11	44	of social security recipients’ employment income reports, and supporting faster and more
SegoeUI-Semilight	11	46	accurate actual income reporting.
SegoeUI-Semilight	11	49	The Australian National Audit Office has also recently completed a performance audit on the
SegoeUI-Semilight	11	51	accuracy and timeliness of income support, and Services Australia and the Department of Social
SegoeUI-Semilight	11	52	Services are implementing the agreed recommendations.
SegoeUI-Semilight	11	56	Recommendation 19.1: Selection of chief counsel
SegoeUI-Semilight	11	59	The selection panel for the appointment of chief counsel of Services Australia or DSS (chief
SegoeUI-Semilight	11	61	counsel being the head of the entity’s legal practice) should include as a member of the panel,
SegoeUI-Semilight	11	63	the Australian Government Solicitor.
SegoeUI-Semilight	11	66	The Government accepts this recommendation.
SegoeUI-Semilight	11	69	The Government recognises the specialist input the Australian Government Solicitor or their
SegoeUI-Semilight	11	70	representative could provide in the selection of the chief legal officers of Services Australia and
SegoeUI-Semilight	11	72	the Department of Social Services.
SegoeUI	9	95	GOVERNMENT RESPONSE | ROYAL COMMISSION INTO THE ROBODEBT SCHEME 24
SegoeUI-Semilight	11	11	Recommendation 19.2: Training for lawyers – Services Australia
SegoeUI-Semilight	11	14	Services Australia should provide regular training to its in-house lawyers on the core duties and
SegoeUI-Semilight	11	16	responsibilities set out in the Legal Practice Standards, including:
SegoeUI-Semilight	11	19	• an emphasis on the duty to avoid any compromise to their integrity and professional
SegoeUI-Semilight	11	21	independence and the challenges that may be presented to a government lawyer in fulfilling
SegoeUI-Semilight	11	23	that obligation.
SegoeUI-Semilight	11	24	• appropriate statutory and case authority references in advice writing.
SegoeUI-Semilight	11	28	The Government accepts this recommendation.
SegoeUI-Semilight	11	30	The Government recognises the importance of providing training and development to its in-
SegoeUI-Semilight	11	32	house legal officers, to ensure that they are able to deliver services in line with Legal Practice
SegoeUI-Semilight	11	34	Standards.
SegoeUI-Semilight	11	36	Services Australia legal staff are subject to Legal Practice Directions issued by the Chief Counsel
SegoeUI-Semilight	11	38	which set out the obligations and requirements of agency legal staff, including a requirement to
SegoeUI-Semilight	11	40	undertake regular training. In addition, performance agreements for all Services Australia legal
SegoeUI-Semilight	11	42	staff will require staff to comply with the Legal Practice Directions.
SegoeUI-Semilight	11	44	Services Australia has also engaged with the Department of Social Services and other agencies
SegoeUI-Semilight	11	46	within the Social Services portfolio on shared training for legal staff across the social services
SegoeUI-Semilight	11	48	portfolio. Areas in focus include training on legal ethics, obligations of in-house lawyers and
SegoeUI-Semilight	11	50	principles of advice writing. This training is additional to the obligations of in-house lawyers to
SegoeUI-Semilight	11	51	complete mandatory Continuing Legal Education (CLE) to maintain their practising certificates.
SegoeUI-Semilight	11	55	Recommendation 19.3: Legal practice standards – Social Services
SegoeUI-Semilight	11	58	DSS should develop Legal Practice Standards which set out the core duties and responsibilities
SegoeUI-Semilight	11	60	of all legal officers working at DSS.
SegoeUI-Semilight	11	63	The Government accepts this recommendation.
SegoeUI-Semilight	11	66	The Government recognises the importance of having clear Legal Practice Standards in place
SegoeUI-Semilight	11	68	that outline the core duties and responsibilities of in-house government lawyers.
SegoeUI-Semilight	11	70	The Department of Social Services (DSS) has developed a new package of legal practice
SegoeUI-Semilight	11	72	governance documents, which include updates to the Legal Practice Manual issued by the Chief
SegoeUI-Semilight	11	74	Counsel that set out the core duties and responsibilities of all legal officers working at DSS.
SegoeUI-Semilight	11	76	Compliance with these duties and obligations will be included in the performance agreements
SegoeUI-Semilight	11	77	for all legal staff.
SegoeUI	9	95	GOVERNMENT RESPONSE | ROYAL COMMISSION INTO THE ROBODEBT SCHEME 25
SegoeUI-Semilight	11	11	Recommendation 19.4: Training for lawyers – Social Services
SegoeUI-Semilight	11	14	DSS should provide regular training on the core duties and responsibilities to be set out in the
SegoeUI-Semilight	11	16	Legal Practice Standards which should include: an emphasis on the duty to avoid any
SegoeUI-Semilight	11	18	compromise to their integrity and professional independence and the challenges that may be
SegoeUI-Semilight	11	20	presented to a government lawyer in fulfilling that obligation appropriate statutory and case
SegoeUI-Semilight	11	22	authority references in advice writing.
SegoeUI-Semilight	11	25	The Government accepts this recommendation.
SegoeUI-Semilight	11	27	The Government recognises the importance of providing training and development to its in-
SegoeUI-Semilight	11	29	house legal officers, to ensure that they are able to deliver services in line with Legal Practice
SegoeUI-Semilight	11	31	Standards.
SegoeUI-Semilight	11	34	The Department of Social Services (DSS) is establishing a regular training program for in-house
SegoeUI-Semilight	11	35	lawyers that will include a focus on core studies and responsibilities laid down in DSS Legal
SegoeUI-Semilight	11	37	Practice Standards. DSS is also actively taking steps to engage providers to deliver integrity and
SegoeUI-Semilight	11	39	professional independence training for all lawyers in the Department. This training will be in
SegoeUI-Semilight	11	41	addition to the lawyers’ obligation to complete Continuing Legal Education (CLE) associated
SegoeUI-Semilight	11	42	with maintaining the required Practising Certificate.
SegoeUI-Semilight	11	45	DSS has also engaged with Services Australia and other agencies within the social services
SegoeUI-Semilight	11	47	portfolio regarding the opportunities for shared training for legal staff across the social services
SegoeUI-Semilight	11	48	portfolio. Areas in focus include training on legal ethics, obligations of in-house lawyers and
SegoeUI-Semilight	11	50	principles of advice writing.
SegoeUI-Semilight	11	54	Recommendation 19.5: Draft advice – Social Services
SegoeUI-Semilight	11	57	DSS should issue a further direction providing that, if the administering agency decides that a
SegoeUI-Semilight	11	59	draft advice need not be provided in final form, that decision and the reasons for it must be
SegoeUI-Semilight	11	61	documented. One of those steps – finalisation, or a documented decision against finalisation –
SegoeUI-Semilight	11	63	should have been taken within three months of the receipt of the draft advice.
SegoeUI-Semilight	11	66	The Government accepts this recommendation.
SegoeUI-Semilight	11	69	The Government agrees that legal advice cannot be disregarded because it is in draft form and
SegoeUI-Semilight	11	70	it is never acceptable for legal advice not to be finalised on the basis that the advice may be
SegoeUI-Semilight	11	72	inconvenient or unwelcome.
SegoeUI-Semilight	11	75	The Secretary of the Department of Social Services issued guidance on the practice of
SegoeUI-Semilight	11	76	requesting, clarifying and finalising legal advice on 14 November 2022. The Chief Counsel of the
SegoeUI-Semilight	11	78	Department of Social Services has also issued Legal Services Practice guidance on obtaining
SegoeUI-Semilight	11	80	external legal advice, including draft advice, clearly articulating that external advice is not to be
SegoeUI-Semilight	11	82	left in draft form indefinitely, but should be finalised as soon as is practicable.
SegoeUI-Semilight	11	84	The Government also considers it is important that the treatment of draft legal advice is
SegoeUI-Semilight	11	86	consistent across agencies. On 15 May 2023, the Secretary of the Attorney-General’s
SegoeUI-Semilight	11	88	Department circulated initial guidance to all the heads of legal services functions across the APS
SegoeUI-Semilight	11	90	on the use of draft legal advice within government, making it clear that legal advice cannot be
SegoeUI	9	95	GOVERNMENT RESPONSE | ROYAL COMMISSION INTO THE ROBODEBT SCHEME 26
SegoeUI-Semilight	11	11	disregarded because it is in draft form and that it is never acceptable for legal advice not to be
SegoeUI-Semilight	11	13	finalised on the basis that the advice may be inconvenient or unwelcome. The
SegoeUI-Semilight	11	15	Attorney-General’s Department is reviewing the guidance in light of the observations made by
SegoeUI-Semilight	11	16	the Royal Commission.
SegoeUI-Semilight	11	20	Recommendation 19.6: Draft advice – Services Australia
SegoeUI-Semilight	11	23	Services Australia should issue a direction that legal advice is to be left in draft form only to the
SegoeUI-Semilight	11	25	extent that the administrative step of finalising it has not yet been undertaken by lawyers or
SegoeUI-Semilight	11	27	there are remaining questions to be answered in relation to the issues under consideration and
SegoeUI-Semilight	11	29	that, if the administering agency decides that a draft advice need not be provided in final form,
SegoeUI-Semilight	11	31	that decision and the reasons for it must be documented. One of those steps – finalisation, or a
SegoeUI-Semilight	11	33	documented decision against finalisation – should have been taken within three months of the
SegoeUI-Semilight	11	35	receipt of the draft advice.
SegoeUI-Semilight	11	38	The Government accepts this recommendation.
SegoeUI-Semilight	11	40	The Government agrees that legal advice cannot be disregarded because it is in draft form and
SegoeUI-Semilight	11	42	it is never acceptable for legal advice not to be finalised on the basis that the advice may be
SegoeUI-Semilight	11	44	inconvenient or unwelcome.
SegoeUI-Semilight	11	47	The Chief Counsel of Services Australia has issued internal Legal Practice Standards on
SegoeUI-Semilight	11	48	obtaining external legal advice, including draft advice. Legal Officers are required to have
SegoeUI-Semilight	11	50	regard to the Chief Counsel’s expectation that draft legal advice will ordinarily be finalised, that
SegoeUI-Semilight	11	52	legal advice cannot be disregarded on the basis that it is in draft form, that it is never
SegoeUI-Semilight	11	53	acceptable for draft legal advice not to be finalised because it may be unwelcome or
SegoeUI-Semilight	11	55	inconvenient, and that draft legal advice should be finalised before it is relied upon to make
SegoeUI-Semilight	11	57	decisions. Where finalisation of draft advice is not practicable, Legal Officers must place a file
SegoeUI-Semilight	11	59	note on the relevant file confirming the reason the advice was not finalised.
SegoeUI-Semilight	11	61	The Government also considers it is important that the treatment of draft legal advice is
SegoeUI-Semilight	11	63	consistent across agencies. On 15 May 2023, the Secretary of the Attorney-General’s
SegoeUI-Semilight	11	65	Department circulated initial guidance to all the heads of legal services functions across the APS
SegoeUI-Semilight	11	67	on the use of draft legal advice within government, making it clear that legal advice cannot be
SegoeUI-Semilight	11	68	disregarded because it is in draft form and that it is never acceptable for legal advice not to be
SegoeUI-Semilight	11	70	finalised on the basis that the advice may be inconvenient or unwelcome. The
SegoeUI-Semilight	11	72	Attorney-General’s Department is reviewing the guidance in light of the observations made by
SegoeUI-Semilight	11	74	the Royal Commission.
SegoeUI-Semilight	11	78	Recommendation 19.7: The Directions
SegoeUI-Semilight	11	80	The Legal Services Directions 2017 should be reviewed and simplified.
SegoeUI-Semilight	11	84	The Government accepts this recommendation.
SegoeUI-Semilight	11	86	The Legal Services Directions 2017 play an important function setting out the requirements for
SegoeUI-Semilight	11	88	sound practice in the provision of legal services to the Australian Government.
SegoeUI	9	95	GOVERNMENT RESPONSE | ROYAL COMMISSION INTO THE ROBODEBT SCHEME 27
SegoeUI-Semilight	11	11	The Government will review and redraft aspects of the Legal Services Directions 2017 with a view
SegoeUI-Semilight	11	13	to ensuring the Directions are fit-for-purpose in supporting agencies to undertake
SegoeUI-Semilight	11	15	Commonwealth legal work and manage legal risk in an effective, consistent and
SegoeUI-Semilight	11	16	whole-of-Commonwealth manner.
SegoeUI-Semilight	11	19	The Attorney-General’s Department will lead implementation of this recommendation.
SegoeUI-Semilight	11	23	Recommendation 19.8: Office of Legal Services Coordination to assist agencies with significant
SegoeUI-Semilight	11	25	issues reporting
SegoeUI-Semilight	11	28	The OLSC should provide more extensive information and feedback to assist agencies with the
SegoeUI-Semilight	11	30	significant legal issues process.
SegoeUI-Semilight	11	33	The Government accepts this recommendation.
SegoeUI-Semilight	11	35	The Government recognises the important function that the Office of Legal Services
SegoeUI-Semilight	11	37	Coordination performs for the APS and supports the provision of any guidance that would
SegoeUI-Semilight	11	39	further strengthen the reporting of significant legal issues.
SegoeUI-Semilight	11	41	The significant issues reporting and settlement regime in the Legal Services Directions 2017
SegoeUI-Semilight	11	43	allows the Attorney-General as First Law Officer to have visibility of, and the ability to influence,
SegoeUI-Semilight	11	45	key legal matters across the Commonwealth. The Attorney-General’s Department will review its
SegoeUI-Semilight	11	47	practices to provide improved guidance and support to better enable agencies to identify
SegoeUI-Semilight	11	49	significant issues arising in their legal work, and to provide the relevant information at the
SegoeUI-Semilight	11	50	appropriate time to support the Attorney-General perform the functions of the First Law
SegoeUI-Semilight	11	52	Officer.
SegoeUI-Semilight	11	55	The Government is providing $5.2 million over the forward estimates and $1.1 million per year,
SegoeUI-Semilight	11	56	ongoing, including additional ongoing staff for the Attorney-General’s Department, to provide
SegoeUI-Semilight	11	58	improved support and guidance on the significant legal issues regime.
SegoeUI-Semilight	11	62	Recommendation 19.9: Recording of reporting obligations
SegoeUI-Semilight	11	65	The OLSC should ensure a documentary record is made of substantive inquiries made with and
SegoeUI-Semilight	11	67	responses given by agencies concerning their obligations to report significant issues pursuant
SegoeUI-Semilight	11	69	to para 3.1 of the Directions.
SegoeUI-Semilight	11	72	The Government accepts this recommendation.
SegoeUI-Semilight	11	75	The Attorney-General’s Department will build on existing work to ensure it has appropriate
SegoeUI-Semilight	11	76	processes to document and record all inquiries with agencies on whether a legal issue is
SegoeUI-Semilight	11	78	required to be reported.
SegoeUI	9	95	GOVERNMENT RESPONSE | ROYAL COMMISSION INTO THE ROBODEBT SCHEME 28
SegoeUI-Semilight	11	11	Recommendation 19.10: The Directions 2
SegoeUI-Semilight	11	14	The OLSC should issue guidance material on the obligations to consult on and disclose advice
SegoeUI-SemilightItalic	11	16	in clause 10 of the Legal Services Directions 2017.
SegoeUI-Semilight	11	19	The Government accepts this recommendation.
SegoeUI-Semilight	11	22	The Government recognises the important function that the Office of Legal Services
SegoeUI-Semilight	11	23	Coordination performs for the Australian Public Service and supports the provision of any
SegoeUI-Semilight	11	25	guidance that would further strengthen the reporting of significant legal issues.
SegoeUI-Semilight	11	28	The Attorney-General’s Department will develop new guidance material to support agencies'
SegoeUI-Semilight	11	29	understanding of and compliance with the obligations in paragraph 10 of the Legal Services
SegoeUI-Semilight	11	31	Directions 2017 on the consultation on and sharing of legal advices.
SegoeUI-Semilight	11	35	Recommendation 19.11: Resourcing the Office of Legal Services Coordination
SegoeUI-Semilight	11	38	The OLSC should be properly resourced to deliver these functions.
SegoeUI-Semilight	11	41	The Government accepts this recommendation.
SegoeUI-Semilight	11	44	The Government recognises the important function that the Office of Legal Services
SegoeUI-Semilight	11	46	Coordination performs for the Australian Public Service and that it be properly resourced.
SegoeUI-Semilight	11	49	The Office of Legal Services Coordination in the Attorney-General’s Department performs a
SegoeUI-Semilight	11	51	critical function in supporting the Attorney-General as First Law Officer in having overarching
SegoeUI-Semilight	11	52	responsibility for all Commonwealth legal work, and supporting agencies to manage legal risk
SegoeUI-Semilight	11	54	in a collaborative and whole-of-Commonwealth manner. The Government will ensure that
SegoeUI-Semilight	11	56	OLSC is adequately resourced to perform its functions, which will enable it to provide the
SegoeUI-Semilight	11	57	support necessary for agencies to manage legal issues effectively.
SegoeUI-Semilight	11	62	Recommendation 19.12: Chief counsel
SegoeUI-Semilight	11	64	The Australian Government Legal Service’s General Counsel Charter be amended to place a
SegoeUI-Semilight	11	66	positive obligation on chief counsel to ensure that the Legal Services Directions 2017 (Cth) are
SegoeUI-Semilight	11	68	complied with and to document interactions with OLSC about inquiries made, and responses
SegoeUI-Semilight	11	70	given, concerning reporting obligations under those Directions.
SegoeUI-Semilight	11	73	The Government accepts this recommendation.
SegoeUI-Semilight	11	76	The Government recognises that the General Counsel or Chief Counsel in a government agency
SegoeUI-Semilight	11	78	plays an important role in the management of Commonwealth legal risk.
SegoeUI-Semilight	11	80	The General Counsel Charter, established in January 2022, establishes a set of common
SegoeUI-Semilight	11	82	expectations for General Counsel, and creates a relationship between General Counsel and the
SegoeUI-Semilight	11	84	Attorney-General’s Department Secretary as the head of the Australian Government Legal
SegoeUI-Semilight	11	85	Service (AGLS).
SegoeUI	9	95	GOVERNMENT RESPONSE | ROYAL COMMISSION INTO THE ROBODEBT SCHEME 29
SegoeUI-Semilight	11	11	The Attorney-General’s Department, in consultation with the AGLS Board and General Counsel,
SegoeUI-Semilight	11	13	will review and update the General Counsel Charter in light of the recommendations and
SegoeUI-Semilight	11	15	observations of the Royal Commission.
SegoeUI-Semilight	11	19	Recommendation 19.13: Review of the Bilateral Management Agreement
SegoeUI-Semilight	11	21	The revised Bilateral Management Agreement should set out the requirement to consult on
SegoeUI-Semilight	11	23	and disclose legal advices between the two agencies where any intersection of work is
SegoeUI-Semilight	11	25	identified.
SegoeUI-Semilight	11	28	The Government accepts this recommendation.
SegoeUI-Semilight	11	31	In April 2023, the Secretary of the Department of Social Services and the Chief Executive Officer
SegoeUI-Semilight	11	33	of Services Australia executed a new Head Agreement to support the Bilateral Management
SegoeUI-Semilight	11	34	Arrangement. Under that agreement both committed to reviewing all Protocols, Service
SegoeUI-Semilight	11	36	Arrangements and Service Schedules entered into under the former Head Agreement.
SegoeUI-Semilight	11	39	Work is underway by both agencies to include the requirement to consult on and disclose
SegoeUI-Semilight	11	41	relevant legal advices in an updated Protocol. In conjunction, Chief Counsels within the social
SegoeUI-Semilight	11	42	services portfolio have updated the advice-sharing arrangements agreed in 2021. Chief
SegoeUI-Semilight	11	44	Counsels also have regular dialogue on significant legal issues and portfolio-level responses,
SegoeUI-Semilight	11	46	including through a regular Chief Counsel Forum.
SegoeUI-Semilight	11	50	Recommendation 20.1: AAT cases with significant legal and policy issues
SegoeUI-Semilight	11	53	Services Australia should put in place a system for identifying AAT cases which raise significant
SegoeUI-Semilight	11	55	legal and policy issues and ensuring that they are brought to the attention of senior DSS and
SegoeUI-Semilight	11	57	Services Australia officers.
SegoeUI-Semilight	11	60	The Government accepts this recommendation.
SegoeUI-Semilight	11	62	The Government recognises the importance of this recommendation and supports the work
SegoeUI-Semilight	11	64	underway within the Department of Social Services (DSS) and Services Australia to strengthen
SegoeUI-Semilight	11	66	their processes and ensure greater transparency in the reporting of information relating to
SegoeUI-Semilight	11	68	Administrative Appeals Tribunal (AAT) cases to senior officers of both agencies.
SegoeUI-Semilight	11	70	Services Australia and DSS legal areas are updating their Standing Operational Statement which
SegoeUI-Semilight	11	72	prescribes arrangements to ensure matters which raise significant legal and policy issues are
SegoeUI-Semilight	11	74	brought to the attention of senior officials, and are also raised with the Office of Legal Services
SegoeUI-Semilight	11	75	Coordination when required.
SegoeUI-Semilight	11	78	Services Australia will also review any revised settings and approaches required, including
SegoeUI-Semilight	11	80	systems implementation, to support the establishment of the new federal administrative review
SegoeUI-Semilight	11	82	body, and its procedures, once established.
SegoeUI	9	95	GOVERNMENT RESPONSE | ROYAL COMMISSION INTO THE ROBODEBT SCHEME 30
SegoeUI-Semilight	11	11	Recommendation 20.2: Training for DHS legal officers
SegoeUI-Semilight	11	14	Services Australia legal officers whose duties involve the preparation of advices in relation to
SegoeUI-Semilight	11	16	AAT decisions should receive training which emphasises the requirements of the Standing
SegoeUI-Semilight	11	18	Operational Statements in relation to appeal recommendations and referral to DSS; Services
SegoeUI-Semilight	11	20	Australia’s obligations as a model litigant; and the obligation to pay due regard to AAT
SegoeUI-Semilight	11	22	decisions and directions.
SegoeUI-Semilight	11	25	The Government accepts this recommendation.
SegoeUI-Semilight	11	27	The Government recognises the importance of providing training and development to legal
SegoeUI-Semilight	11	29	officers, to ensure that they are able to deliver services in line with the Commonwealth model
SegoeUI-Semilight	11	31	litigant obligations.
SegoeUI-Semilight	11	34	The Australian Government Legal Service (AGLS) is the overarching, formal professional
SegoeUI-Semilight	11	35	network for government lawyers. The AGLS supports coherent and consistent legal services
SegoeUI-Semilight	11	37	across the Commonwealth and provides a professional network for collaboration including on
SegoeUI-Semilight	11	39	training modules and legal standards. In addition, the Statement of Expectations of Australian
SegoeUI-Semilight	11	41	Government Lawyers sets out the expectations of government lawyers and provides guidance
SegoeUI-Semilight	11	42	for government lawyers in fulfilling their duties in a government context.23
SegoeUI-Semilight	11	45	Services Australia will update its training packages and provide specific training to lawyers
SegoeUI-Semilight	11	47	within the Litigation Branch on the Model Litigant Obligations under the Legal Services
SegoeUI-Semilight	11	48	Directions 2017, as well as the Standing Operational Statement with the Department of Social
SegoeUI-Semilight	11	50	Services (DSS).
SegoeUI-Semilight	11	53	DSS has also engaged with Services Australia and other agencies within the social services
SegoeUI-Semilight	11	55	portfolio regarding the opportunities for shared training for legal staff across the social services
SegoeUI-Semilight	11	56	portfolio. The initial focus of discussion will be for training in areas of legal ethics, obligations of
SegoeUI-Semilight	11	58	in-house lawyers and principles of advice writing. In addition, all in-house lawyers admitted to
SegoeUI-Semilight	11	60	practice are required to complete mandatory Continuing Legal Education and provide monthly
SegoeUI-Semilight	11	62	reports of active significant matters.
SegoeUI-Semilight	11	66	Recommendation 20.3: Identifying significant AAT decisions
SegoeUI-Semilight	11	69	DSS should establish, or if it is established, maintain, a system for identifying all significant AAT
SegoeUI-Semilight	11	70	decisions and bringing them to the attention of its secretary.
SegoeUI-Semilight	11	73	The Government accepts this recommendation.
SegoeUI-Semilight	11	76	The Government recognises the importance of this recommendation and supports the work
SegoeUI-Semilight	11	78	presently underway within the Department of Social Service (DSS) and Services Australia to
SegoeUI-Semilight	11	80	strengthen their processes and ensure greater transparency in the reporting of information
SegoeUI-Semilight	11	81	relating to Administrative Appeals Tribunal (AAT) cases to senior officers of both agencies.
SegoeUI-Semilight	10	90	23 Statement of expectations of Australian Government lawyers. February 2022.
SegoeUI	9	95	GOVERNMENT RESPONSE | ROYAL COMMISSION INTO THE ROBODEBT SCHEME 31
SegoeUI-Semilight	11	11	Identification and reporting on significant AAT decisions is governed by Services Australia and
SegoeUI-Semilight	11	13	the Department of Social Services Standing Operational Statement. The Statement requires
SegoeUI-Semilight	11	15	Services Australia to notify DSS of significant AAT decisions and provide monthly reporting of
SegoeUI-Semilight	11	17	active matters.
SegoeUI-Semilight	11	20	DSS and Services Australia will consider the impact of the establishment of the new federal
SegoeUI-Semilight	11	21	administrative review body on its processes for identifying significant matters and will further
SegoeUI-Semilight	11	23	adjust any processes as required.
SegoeUI-Semilight	11	27	Recommendation 20.4: Publication of first instance AAT decisions
SegoeUI-Semilight	11	30	The federal administrative review body which replaces the AAT should devise a system for
SegoeUI-Semilight	11	32	publication on a readily accessible platform of first instance social security decisions which
SegoeUI-Semilight	11	34	involve significant conclusions of law or have implications for social security policy.
SegoeUI-Semilight	11	37	The Government accepts this recommendation.
SegoeUI-Semilight	11	40	On 29 September 2023, the Government announced that by the end of the year it will
SegoeUI-Semilight	11	42	introduce legislation to abolish the Administrative Appeals Tribunal (AAT) and replace it with a
SegoeUI-Semilight	11	43	new body, the Administrative Review Tribunal (ART).
SegoeUI-Semilight	11	46	The Government is developing legislation to repeal the Administrative Appeals Tribunal Act 1975
SegoeUI-Semilight	11	48	(Cth) and to establish the ART.
SegoeUI-Semilight	11	51	The legislation is being informed by public consultation with a wide range of stakeholders
SegoeUI-Semilight	11	52	including the Expert Advisory Group on the administrative review reforms, representatives of
SegoeUI-Semilight	11	54	the legal, disability, veterans, social security, migration and refugee sectors, and users of the
SegoeUI-Semilight	11	56	current AAT.
SegoeUI-Semilight	11	59	The Government’s proposed legislation to establish the new administrative review body will
SegoeUI-Semilight	11	60	provide for decisions of the new administrative review body to be published, and will require
SegoeUI-Semilight	11	62	the publication of decisions that involve a significant conclusion of law or have significant
SegoeUI-Semilight	11	64	implications for Commonwealth policy or administration. Decisions could also be de-identified
SegoeUI-Semilight	11	66	before being published if non-disclosure requirements and privacy considerations apply in a
SegoeUI-Semilight	11	67	particular matter.
SegoeUI-Semilight	11	71	Recommendation 20.5: Administrative Review Council
SegoeUI-Semilight	11	74	Re-instate the Administrative Review Council or a body with similar membership and similar
SegoeUI-Semilight	11	76	functions, with consideration given to a particular role in review of Commonwealth
SegoeUI-Semilight	11	78	administrative decision-making processes.
SegoeUI-Semilight	11	81	The Government accepts this recommendation.
SegoeUI-Semilight	11	84	As noted in the response to recommendation 20.4, on 29 September 2023, the Government
SegoeUI-Semilight	11	86	announced that by the end of the year it will introduce legislation to abolish the Administrative
SegoeUI-Semilight	11	87	Appeals Tribunal (AAT) and replace it with a new body, the Administrative Review Tribunal
SegoeUI	9	95	GOVERNMENT RESPONSE | ROYAL COMMISSION INTO THE ROBODEBT SCHEME 32
SegoeUI-Semilight	11	11	(ART). The Government is developing legislation to repeal the Administrative Appeals Tribunal
SegoeUI-Semilight	11	13	Act 1975 (Cth) and to establish the ART.
SegoeUI-Semilight	11	15	The Administrative Review Council (ARC) will be re-established under the new legislation as an
SegoeUI-Semilight	11	17	expert body to monitor and advise on the operation and integrity of the Commonwealth
SegoeUI-Semilight	11	19	administrative review system.
SegoeUI-Semilight	11	22	The ARC will provide expertise to improve the quality of government decision-making through
SegoeUI-Semilight	11	23	the development of guidance, as well as reports to provide early identification of systemic
SegoeUI-Semilight	11	25	issues and opportunities for improvement across government.
SegoeUI-Semilight	11	28	Legislation is expected to be introduced in late-2023. The process to appoint ARC members
SegoeUI-Semilight	11	30	would commence following passage of the legislation.
SegoeUI-Semilight	11	34	Recommendation 21.1: Statutory duty to assist
SegoeUI-Semilight	11	36	A statutory duty be imposed on departmental secretaries and agency chief executive officers to
SegoeUI-Semilight	11	38	ensure that their department or agency use its best endeavours to assist the Ombudsman in
SegoeUI-Semilight	11	40	any investigation concerning it, with a corresponding statutory duty on the part of
SegoeUI-Semilight	11	42	Commonwealth public servants within a department or agency being investigated to use their
SegoeUI-Semilight	11	44	best endeavours to assist the Ombudsman in the investigation.
SegoeUI-Semilight	11	47	The Government accepts this recommendation.
SegoeUI-Semilight	11	50	The Government recognises the importance of ensuring agencies and departments are
SegoeUI-Semilight	11	52	accountable and act in a manner that is lawful, fair and transparent. A properly resourced,
SegoeUI-Semilight	11	53	independent, impartial and robust Ombudsman is vital to safeguarding the community in their
SegoeUI-Semilight	11	55	dealings with government agencies.
SegoeUI-Semilight	11	58	The Government agrees that a clearly stated statutory duty, imposed on departmental
SegoeUI-Semilight	11	59	secretaries and agency chief executive officers, to ensure that their department or agency use
SegoeUI-Semilight	11	61	its best endeavours to assist the Ombudsman would reinforce the responsibility on heads of
SegoeUI-Semilight	11	63	agencies to ensure their agency engages in good faith and proactively assists the
SegoeUI-Semilight	11	65	Commonwealth Ombudsman.
SegoeUI-Semilight	11	67	The Government agrees that a corresponding statutory duty on Commonwealth public servants
SegoeUI-Semilight	11	69	within a department or agency being investigated to use their best endeavours to assist the
SegoeUI-Semilight	11	71	Commonwealth Ombudsman would ensure the responsibility to assist is clearly individually
SegoeUI-Semilight	11	73	borne by each of those responsible.
SegoeUI-Semilight	11	75	The Government also recognises the importance of the Inspector-General of Taxation and
SegoeUI-Semilight	11	77	Taxation Ombudsman (IGTO) in providing assurance to the community that taxation laws are
SegoeUI-Semilight	11	79	being administered with integrity. The Government supports also introducing equivalent
SegoeUI-Semilight	11	80	statutory duties to investigations conducted by the IGTO.
SegoeUI-Semilight	11	83	The Government will progress amendments to relevant legislation to introduce these statutory
SegoeUI-Semilight	11	85	duties.
SegoeUI	9	95	GOVERNMENT RESPONSE | ROYAL COMMISSION INTO THE ROBODEBT SCHEME 33
SegoeUI-Semilight	11	11	Recommendation 21.2: Another power to obtain information
SegoeUI-Semilight	11	14	The Ombudsman Act be amended to confer on the Ombudsman a power in equivalent terms
SegoeUI-Semilight	11	16	to that in s 33(3) of the Auditor-General Act.
SegoeUI-Semilight	11	19	The Government accepts this recommendation.
SegoeUI-Semilight	11	22	The Government recognises the importance of ensuring that the Office of the Commonwealth
SegoeUI-Semilight	11	23	Ombudsman has the legislative powers to undertake full, independent and transparent
SegoeUI-Semilight	11	25	investigations. The Government also recognises that in order to provide assurance that an
SegoeUI-Semilight	11	27	Ombudsman investigation is independent, the Ombudsman needs powers to obtain full, free
SegoeUI-Semilight	11	29	and direct access to agency records as part of an investigation.
SegoeUI-Semilight	11	31	The Government will introduce legislation to establish a statutory power equivalent to that of
SegoeUI-Semilight	11	33	subsection 33(3) of the Auditor-General Act 1997 (Cth). This would ensure the Ombudsman is
SegoeUI-Semilight	11	35	not dependent upon agencies to undertake searches and provide documents and information,
SegoeUI-Semilight	11	37	and will complement the Ombudsman’s existing powers to request and compel agencies to
SegoeUI-Semilight	11	38	provide information.
SegoeUI-Semilight	11	41	The Government will also seek to introduce an equivalent power for the Inspector-General of
SegoeUI-Semilight	11	43	Taxation and Taxation Ombudsman.
SegoeUI-Semilight	11	47	Recommendation 21.3: Oversight of the legal services division
SegoeUI-Semilight	11	50	Departmental and agency responses to own motion investigations by the Ombudsman should
SegoeUI-Semilight	11	52	be overseen by the legal services division of the relevant department or agency.
SegoeUI-Semilight	11	55	The Government accepts in principle this recommendation.
SegoeUI-Semilight	11	57	The Government agrees that agency and departmental responses to Ombudsman
SegoeUI-Semilight	11	59	investigations must be accurate, complete and provided in a timely manner. This needs to be
SegoeUI-Semilight	11	61	appropriately balanced with the fact that not all departments or agencies have a legal services
SegoeUI-Semilight	11	63	division to provide oversight of responses. It would also not be appropriate for a legal division
SegoeUI-Semilight	11	64	to provide oversight of a response in circumstances where the Ombudsman is investigating
SegoeUI-Semilight	11	66	matters in which a legal area within a department or agency has been directly involved.
SegoeUI-Semilight	11	69	The Government has accepted recommendation 21.1, and will progress legislative amendments
SegoeUI-Semilight	11	70	to require that departmental secretaries and agency chief executive officers ensure that their
SegoeUI-Semilight	11	72	department or agency use its best endeavours to assist the Ombudsman. Consistent with this
SegoeUI-Semilight	11	74	obligation, departmental secretaries and chief executive officers will ensure responses to
SegoeUI-Semilight	11	76	Ombudsman investigations are not led or overseen by individuals or divisions directly involved
SegoeUI-Semilight	11	77	in matters under investigation.
SegoeUI	9	95	GOVERNMENT RESPONSE | ROYAL COMMISSION INTO THE ROBODEBT SCHEME 34
SegoeUI-Semilight	11	11	Recommendation 21.4: Log of communications
SegoeUI-Semilight	11	14	The Ombudsman maintain a log, recording communications with a department or agency for
SegoeUI-Semilight	11	16	the purposes of an own motion investigation.
SegoeUI-Semilight	11	19	The Government accepts this recommendation.
SegoeUI-Semilight	11	22	The Commonwealth Ombudsman is committed to effective information and records
SegoeUI-Semilight	11	23	management systems that meet business needs, accountability requirements and stakeholder
SegoeUI-Semilight	11	25	expectations. As a public administration oversight and educative body, the Commonwealth
SegoeUI-Semilight	11	27	Ombudsman should maintain excellent records and demonstrate a high standard of
SegoeUI-Semilight	11	29	information management.
SegoeUI-Semilight	11	31	The Commonwealth Ombudsman requires investigators to maintain a log of communications
SegoeUI-Semilight	11	33	with agencies under investigation when conducting own motion investigations.
SegoeUI-Semilight	11	37	Recommendation 21.5: Powers of referral
SegoeUI-Semilight	11	40	The AAT is soon to be replaced by a new administrative review body. S 10A and s 11 of the
SegoeUI-Semilight	11	42	Ombudsman Act should be amended so as to ensure the Ombudsman has the powers of
SegoeUI-Semilight	11	44	referral and recommendation of referral in respect of that new administrative review body.
SegoeUI-Semilight	11	47	The Government accepts this recommendation.
SegoeUI-Semilight	11	49	The Commonwealth Ombudsman has the power under section 10A of the Ombudsman Act
SegoeUI-Semilight	11	51	1976 (Cth) to refer questions of law arising in an investigation for the opinion of the
SegoeUI-Semilight	11	53	Administrative Appeals Tribunal (AAT). The Ombudsman also has a related power, under
SegoeUI-Semilight	11	55	section 11 of the Ombudsman Act 1976 (Cth) to recommend that the principal officer of a
SegoeUI-Semilight	11	57	department make such a referral. These powers are integral to ensuring there are not
SegoeUI-Semilight	11	58	unresolved matters of law in respect of an agency’s actions under investigation by the
SegoeUI-Semilight	11	60	Ombudsman.
SegoeUI-Semilight	11	63	The Government is developing legislation to repeal the Administrative Appeals Tribunal Act
SegoeUI-Semilight	11	64	1975 (Cth) and to establish a new administrative review body. The Government will introduce
SegoeUI-Semilight	11	66	consequential amendments to sections 10A and 11 of the Ombudsman Act 1976 (Cth) to retain
SegoeUI-Semilight	11	68	the power for the Commonwealth Ombudsman to refer or recommend referral of matters to
SegoeUI-Semilight	11	70	that new body.
SegoeUI-Semilight	11	72	These amendments will enable two important elements of the Commonwealth’s administrative
SegoeUI-Semilight	11	74	law scheme to work together to resolve issues of significance to the community.
SegoeUI	9	95	GOVERNMENT RESPONSE | ROYAL COMMISSION INTO THE ROBODEBT SCHEME 35
SegoeUI-Semilight	11	11	Recommendation 23.1: Structure of government departments
SegoeUI-Semilight	11	14	The Australian Government should undertake an immediate and full review to examine whether
SegoeUI-Semilight	11	16	the existing structure of the social services portfolio, and the status of Services Australia as an
SegoeUI-Semilight	11	18	entity, are optimal.
SegoeUI-Semilight	11	21	The Government accepts in principle this recommendation.
SegoeUI-Semilight	11	24	The Government agrees that portfolio structures should support the effective delivery of
SegoeUI-Semilight	11	25	government services and programs. The Government will be guided by the Royal Commission’s
SegoeUI-Semilight	11	27	findings when considering the most optimal arrangement of functions and responsibilities
SegoeUI-Semilight	11	29	between the Department of Social Services and agencies in the social services portfolio, and the
SegoeUI-Semilight	11	31	status of Services Australia.
SegoeUI-Semilight	11	35	Recommendation 23.2: Obligations of public servants
SegoeUI-Semilight	11	38	The APSC should, as recommended by the Thodey Review, deliver whole-of-service induction
SegoeUI-Semilight	11	39	on essential knowledge required for public servants.
SegoeUI-Semilight	11	42	The Government accepts this recommendation.
SegoeUI-Semilight	11	45	The Government recognises the importance of building the skills and knowledge which are
SegoeUI-Semilight	11	47	unique and essential to working in the APS.
SegoeUI-Semilight	11	50	The APS Academy, within the Australian Public Service Commission, is a networked hub of
SegoeUI-Semilight	11	51	learning and development; working with APS and industry partners to build the capability and
SegoeUI-Semilight	11	53	performance of the APS workforce. The APS Induction Pathway (which includes an induction
SegoeUI-Semilight	11	55	training suite and mandatory modules) provides essential information and guidance to assist
SegoeUI-Semilight	11	57	new and returning officers to work effectively in the APS.
SegoeUI-Semilight	11	61	Recommendation 23.3: Fresh focus on “customer service”
SegoeUI-Semilight	11	63	Services Australia and DSS should introduce mechanisms to ensure that all new programs and
SegoeUI-Semilight	11	65	schemes are developed with a customer centric focus, and that specific testing is done to
SegoeUI-Semilight	11	67	ensure that recipients are at the forefront of each new initiative.
SegoeUI-Semilight	11	70	The Government accepts this recommendation.
SegoeUI-Semilight	11	73	The Government recognises the importance of designing policies and processes of government
SegoeUI-Semilight	11	75	services that focus on the needs of the individuals engaging in those services. This includes
SegoeUI-Semilight	11	76	making services as accessible as possible through a channel that meets the needs of the
SegoeUI-Semilight	11	78	individual.
SegoeUI-Semilight	11	81	There has been a substantial change to the way Services Australia approaches service delivery.
SegoeUI-Semilight	11	83	When considering a change or improvement to delivery of a service an evidence-based
SegoeUI-Semilight	11	84	understanding of the needs of customers is formed based on their feedback, and with full
SegoeUI-Semilight	11	86	exploration of how the proposed changes may impact them, before investment or service
SegoeUI-Semilight	11	88	delivery decisions are made. Services Australia will continue to embed the customer voice in the
SegoeUI-Semilight	11	90	earliest stages of decision-making, and draw on customer feedback to improve service delivery.
SegoeUI	9	95	GOVERNMENT RESPONSE | ROYAL COMMISSION INTO THE ROBODEBT SCHEME 36
SegoeUI-Semilight	11	11	The Department of Social Services has also established mechanisms to consult with
SegoeUI-Semilight	11	13	representative bodies and ensure feedback from recipients is considered in the development of
SegoeUI-Semilight	11	15	new policies and programs. These mechanisms include regular engagements with the
SegoeUI-Semilight	11	16	Australian Council of Social Service (ACOSS), Economic Justice Australia (EJA) and the
SegoeUI-Semilight	11	18	Federation of Ethnic Communities' Councils of Australia (FECCA).
SegoeUI-Semilight	11	22	Recommendation 23.4: Administrative Review Council
SegoeUI-Semilight	11	25	The reinstated Administrative Review Council (or similar body) should provide training and
SegoeUI-Semilight	11	27	develop resources to inform APS members about the Commonwealth administrative law
SegoeUI-Semilight	11	29	system.
SegoeUI-Semilight	11	32	The Government accepts this recommendation.
SegoeUI-Semilight	11	34	The Government agrees that access to training and resources on the Commonwealth
SegoeUI-Semilight	11	36	administrative law system would support proper and lawful administrative decision-making
SegoeUI-Semilight	11	38	across the public service. The Government will consider the most effective means through
SegoeUI-Semilight	11	40	which to deliver this training and guidance.
SegoeUI-Semilight	11	42	The Government is committed to restoring trust and confidence in Australia’s system of
SegoeUI-Semilight	11	44	administrative review – beginning with the establishment of a new administrative review body
SegoeUI-Semilight	11	46	that is user-focused, efficient, accessible, independent and fair. As outlined in the Government’s
SegoeUI-Semilight	11	48	response to recommendation 20.5, the Government will introduce legislation to repeal the
SegoeUI-Semilight	11	49	Administrative Appeals Tribunal Act 1975 (Cth) and to establish a new administrative review
SegoeUI-Semilight	11	51	body. The Administrative Review Council (ARC) will be re-established under the new legislation.
SegoeUI-Semilight	11	53	Legislation is expected to be introduced in late-2023. The process to appoint ARC members
SegoeUI-Semilight	11	55	would commence following passage of the legislation.
SegoeUI-Semilight	11	59	Recommendation 23.5: “Knowledge College”
SegoeUI-Semilight	11	61	The Commonwealth should explore the feasibility of establishing an internal college within
SegoeUI-Semilight	11	63	Services Australia to provide training and development to staff linked to the skills and
SegoeUI-Semilight	11	65	knowledge required to undertake their duties.
SegoeUI-Semilight	11	68	The Government accepts this recommendation.
SegoeUI-Semilight	11	71	The Government supports providing training, development and the skills that support staff to
SegoeUI-Semilight	11	73	deliver high quality services on behalf of the government.
SegoeUI-Semilight	11	75	In 2022, Services Australia formed the Services Australia Learning Academy. The Learning
SegoeUI-Semilight	11	77	Academy is a networked model of learning faculties and specialist enterprise learning teams,
SegoeUI-Semilight	11	79	working in partnership to drive connected, professional and consistent learning practice across
SegoeUI-Semilight	11	81	the agency. This represents a substantial investment in providing all staff with the support, skills
SegoeUI-Semilight	11	82	and information needed to deliver critical services to the Australian public and to respond to
SegoeUI-Semilight	11	84	emerging demands on Services Australia. The focus on building capability is reflective of the
SegoeUI-Semilight	11	86	agency’s approach to supporting staff to deliver world-class customer service, through all
SegoeUI-Semilight	11	88	methods of customer engagement. This includes providing staff access to training that
SegoeUI-Semilight	11	89	supports service delivery to customers that may be vulnerable or require additional assistance.
SegoeUI	9	95	GOVERNMENT RESPONSE | ROYAL COMMISSION INTO THE ROBODEBT SCHEME 37
SegoeUI-Semilight	11	11	Services Australia will continue to review and assess the need for additional or supplementary
SegoeUI-Semilight	11	13	training programs that focus on elements of service delivery, where more formal training or a
SegoeUI-Semilight	11	15	qualification may be of benefit.
SegoeUI-Semilight	11	19	Recommendation 23.6: Front-line Service
SegoeUI-Semilight	11	21	SES staff at Services Australia should spend some time in a front-line service delivery role and
SegoeUI-Semilight	11	23	with other community partnerships.
SegoeUI-Semilight	11	26	The Government accepts this recommendation.
SegoeUI-Semilight	11	29	The Government supports Senior Executive Service officials spending time in a front-line service
SegoeUI-Semilight	11	31	delivery setting or with other community partnerships, to gain exposure and insights to the
SegoeUI-Semilight	11	33	delivery of government services.
SegoeUI-Semilight	11	36	Senior Executive Service officials within Services Australia regularly spend time in a front-line
SegoeUI-Semilight	11	38	service delivery setting, including the face-to-face and telephony environments, to gain insight
SegoeUI-Semilight	11	40	into the experiences of both customers and staff.
SegoeUI-Semilight	11	42	Services Australia is also supportive of providing experience of front-line service delivery more
SegoeUI-Semilight	11	44	broadly to Australian Public Service and Senior Executive Service officials responsible for policy
SegoeUI-Semilight	11	46	development to assist when formulating policy/legislative changes and program delivery.
SegoeUI-Semilight	11	51	Recommendation 23.7: Agency heads being held to account
SegoeUI-Semilight	11	53	The Public Service Act should be amended to make it clear that the Australian Public Service
SegoeUI-Semilight	11	55	Commissioner can inquire into the conduct of former Agency Heads. Also, the Public Service
SegoeUI-Semilight	11	57	Act should be amended to allow for a disciplinary declaration to be made against former APS
SegoeUI-Semilight	11	59	employees and former Agency Heads.
SegoeUI-Semilight	11	62	The Government accepts this recommendation.
SegoeUI-Semilight	11	65	Secretaries and agency heads must be accountable for their actions.
SegoeUI-Semilight	11	68	The Government will require the performance process and framework for secretaries and
SegoeUI-Semilight	11	70	agency heads to be published.
SegoeUI-Semilight	11	72	The Government will introduce legislative amendments to the Public Service Act 1999 (Cth) to
SegoeUI-Semilight	11	74	provide the Australian Public Service (APS) Commissioner with a new power to commence own
SegoeUI-Semilight	11	76	motion reviews and investigations into Code of Conduct matters. The APS Commissioner will
SegoeUI-Semilight	11	78	no longer have to wait for a referral before commencing an inquiry.
SegoeUI-Semilight	11	81	The Government will also progress amendments to extend the APS Commissioner’s powers to
SegoeUI-Semilight	11	83	former secretaries, agency heads and APS employees. These amendments will also provide for
SegoeUI-Semilight	11	85	disciplinary declarations to be made against past secretaries, agency heads and APS
SegoeUI-Semilight	11	87	employees. This will ensure that inquiries into the conduct of former public servants can be
SegoeUI-Semilight	11	89	commenced and undertaken, and sanctions applied, following the end of their tenure.
SegoeUI	9	95	GOVERNMENT RESPONSE | ROYAL COMMISSION INTO THE ROBODEBT SCHEME 38
SegoeUI-Semilight	11	11	The Government is committed to robust and transparent arrangements for the employment of
SegoeUI-Semilight	11	13	department secretaries and agency heads. The Government will require the APS Commissioner
SegoeUI-Semilight	11	15	and the Secretary of the Department of the Prime Minister and Cabinet to have regard to the
SegoeUI-Semilight	11	17	outcome of a merit-based appointments process when providing a report to the Prime Minister
SegoeUI-Semilight	11	19	on a secretary appointment.
SegoeUI-Semilight	11	23	Recommendation 23.8: Documenting decisions and discussions
SegoeUI-Semilight	11	26	The Australian Public Service Commission should develop standards for documenting
SegoeUI-Semilight	11	28	important decisions and discussions, and the delivery of training on those standards.
SegoeUI-Semilight	11	31	The Government accepts this recommendation.
SegoeUI-Semilight	11	33	The Government supports the implementation of standards for documenting important
SegoeUI-Semilight	11	35	decisions and discussions across the APS.
SegoeUI-Semilight	11	38	The Australian Public Service Commission will implement a coordinated, APS-wide
SegoeUI-Semilight	11	40	communications strategy (in consultation with the Office of the Australian Information
SegoeUI-Semilight	11	42	Commissioner and National Archives of Australia (NAA)) that highlights the connection
SegoeUI-Semilight	11	44	between integrity and recordkeeping, in line with the latest NAA guidance; articulates support
SegoeUI-Semilight	11	46	from senior leadership for best practice in recordkeeping; and promotes existing training and
SegoeUI-Semilight	11	48	resources to enhance capability and culture around recordkeeping, including for ministers’
SegoeUI-Semilight	11	50	offices.
SegoeUI-Semilight	11	53	The Australian Public Service Commission, through the APS Academy, is also developing in
SegoeUI-Semilight	11	54	partnership with the NAA an online Record Keeping Module as part of its induction program.
SegoeUI-Semilight	11	56	This will include a range of case studies and scenarios to equip public servants to understand
SegoeUI-Semilight	11	58	their obligations for documenting important decisions and discussions.
SegoeUI	9	95	GOVERNMENT RESPONSE | ROYAL COMMISSION INTO THE ROBODEBT SCHEME 39
