RobotoSlab-Regular	18	21	Australian Government Response
RobotoSlab-Regular	18	24	to the Final Report of the Royal Commission
RobotoSlab-Regular	18	27	into Defence and Veteran Suicide
OpenSans-Semibold	16	36	December 2024
OpenSans-Semibold	10	24	Acknowledgement of Country
OpenSans-Light	9	26	We acknowledge the Traditional Custodians of Country
OpenSans-Light	9	27	throughout Australia. We pay our respects to Elders
OpenSans-Light	9	29	past and present.
OpenSans-Light	9	31	We recognise and celebrate Aboriginal and Torres
OpenSans-Light	9	32	Strait Islander people as the First Peoples of Australia
OpenSans-Light	9	34	and their continuing spiritual and cultural connection
OpenSans-Light	9	36	to land, sea and community.
OpenSans-Semibold	10	39	Acknowledgement of Service
OpenSans-Light	10	41	We respect and give thanks to all who have served in About this document
OpenSans-Light	9	42	our defence force and their families.
OpenSans-Light	9	43	Enquiries about this publication should be directed
OpenSans-Light	9	44	We acknowledge the unique nature of military service to Department of Defence, Russell Offices, Canberra
OpenSans-Light	9	46	and the sacrifice demanded of all who commit to ACT 2600.
OpenSans-Light	9	48	defend our nation.
OpenSans-Light	9	48	This publication is available online at
OpenSans-Light	9	50	We undertake to preserve the memory and deeds of defence.gov.au/about/reviews-inquiries
OpenSans-Light	9	51	all who have served and promise to welcome, embrace,
OpenSans-Light	10	53	and support all military veterans as respected and Department of Defence Contact Details
OpenSans-Light	9	54	valued members of our community.
OpenSans-Light	9	55	Telephone: 1800 DEFENCE (1800 333 362)
OpenSans-Light	9	56	For what they have done, this we will do. The telephone enquiries service is available:
OpenSans-Light	9	58	7.30am to 7pm, Monday, Wednesday to Friday.
OpenSans-Light	9	59	7.30am to 10pm, Tuesday
OpenSans-Light	9	61	Published by the Department of Defence,
OpenSans-Light	9	62	Mail: Department of Defence, Russell Offices,
OpenSans-Light	9	63	© Commonwealth of Australia, 2024
OpenSans-Light	9	63	Canberra ACT 2600
OpenSans-Light	9	65	ISBN: 978-1-925890-98-3 (Print)
OpenSans-Light	9	65	Website: defence.gov.au
OpenSans-Light	9	66	ISBN: 978-1-925890-99-0 (Online)
OpenSans-Light	9	68	Social media: defence.gov.au/social-media
OpenSans-Semibold	10	69	Copyright Notice
OpenSans-Semibold	10	71	Department of Veterans’ Affairs contact details
OpenSans-Light	9	71	With the exception of the Commonwealth Coat of
OpenSans-Light	9	73	Arms, this document is licensed under a Creative Telephone: 1800 VETERAN (1800 838 372)
OpenSans-Light	9	74	Commons Attribution 4.0 International licence The telephone enquiries service is available between
OpenSans-Light	9	76	(CC BY 4.0) (creativecommons.org/licenses/by/4.0/). 8am and 5pm, Monday to Friday. A call back can
OpenSans-Light	9	77	be requested through the DVA website or through
OpenSans-Semibold	10	79	Use of the Coat of Arms MyService.
OpenSans-Light	9	81	The terms under which the Coat of Arms can be used Mail: Department of Veterans’ Affairs,
OpenSans-Light	9	83	are detailed on the following website pmc.gov.au/cca. GPO Box 9998, Brisbane QLD 4001
OpenSans-Light	9	85	Website: dva.gov.au
OpenSans-Semibold	10	86	Attribution
OpenSans-Light	9	87	Social media: dva.gov.au/about/media/social-media
OpenSans-Light	9	88	This publication should be attributed as follows:
OpenSans-Light	9	89	© Commonwealth of Australia, Australian Government Information on other ways to contact DVA, including
OpenSans-Light	9	91	Response to the Final Report of the Royal Commission media and provider enquiries, is available at
OpenSans-Light	9	92	into Defence and Veteran Suicide, 2024 dva.gov.au/contact.
OpenSans	6	97	CG: SEP025-24
TimesNewRomanPS-BoldMT	14	30	Australian Government
RobotoSlab-Regular	18	40	Australian Government Response
RobotoSlab-Regular	18	43	to the Final Report of the Royal Commission
RobotoSlab-Regular	18	46	into Defence and Veteran Suicide
RobotoSlab-Regular	21	67	Content Warning
OpenSans-Light	9	71	This publication contains information about suicide and suicidality
OpenSans-Light	9	73	and lived experiences that may be distressing to readers.
OpenSans-Bold	9	75	Support is always available. We encourage those affected
OpenSans-Light	9	76	to seek help and support, information on support services is
OpenSans-Light	9	78	provided on the next page to help find the right avenue for you.
OpenSans-Light	9	80	Always call 000 for support in an emergency.
RobotoSlab-Regular	21	11	Support Services
OpenSans-Bold	10	16	Open Arms—Veterans & Families Counselling 1800 011 046 | www.OpenArms.gov.au
OpenSans	10	17	A national service that provides free mental health and wellbeing support to anyone who has served at
OpenSans	9	19	least one day of continuous fulltime service in the ADF and their immediate families.
OpenSans	10	20	Open Arms is available 24/7 call 1800 011 046 or go to www.OpenArms.gov.au
OpenSans-Bold	10	24	Safe Zone Support 1800 142 072
OpenSans	10	25	A free and anonymous counselling line for all current and ex-serving ADF personnel, veterans and their
OpenSans	9	27	families. Safe Zone is hosted by Open Arms but is a separate service.
OpenSans	10	29	Safe Zone is available 24/7 call 1800 142 072
OpenSans-Bold	10	32	Lifeline 13 11 14 | www.lifeline.org.au/crisis-chat
OpenSans	10	33	A national support service providing all Australians experiencing emotional distress with access to
OpenSans	9	35	24 hour crisis support and suicide prevention services. Lifeline’s nightly text line can also be reached at
OpenSans	10	37	0477 13 11 14, or you can chat via the Lifeline Crisis Online Chat Service - www.lifeline.org.au/crisis-chat
OpenSans-Bold	10	40	1800RESPECT 1800 737 732 | Text 0458 737 732
OpenSans	10	41	Australia’s national counselling, information and support service for anyone affected by domestic,
OpenSans	10	43	family and sexual violence. It is available 24 hours a day, 7 days a week.
OpenSans-Bold	10	46	Beyond Blue 1300 224 636
OpenSans	10	48	An organisation that provides a free online and telephone helpline for people with depression, anxiety
OpenSans	10	50	or other mental health issues. You can talk to trained mental health professionals who can give you
OpenSans	10	51	support and advice. Beyond Blue can also help you find mental health services near you.
OpenSans-Bold	10	55	Kids Helpline 1800 55 1800 | kidshelpline.com.au
OpenSans	10	56	Australia’s only free (even from a mobile), confidential online and phone counselling service for young
OpenSans	10	58	people aged 5 to 25. Kids Helpline is available anytime (24/7) and for any reason, via phone or web chat
OpenSans	10	59	at www.kidshelpline.com.au
OpenSans-Semibold	10	62	Additional support available through Defence and DVA
OpenSans	10	64	The following additional support and services are available for ADF members and their families.
OpenSans	10	66	Further information can also be found on the Defence wellbeing and support webpage -
OpenSans	10	68	www.defence.gov.au/defence-wellbeing-support.
OpenSans-Bold	10	71	Defence Member and Family Support 1800 624 608
OpenSans	10	73	The first point of call 24/7 for Defence families seeking support, information or connection with
OpenSans	10	74	their community.
OpenSans-Bold	10	77	Defence All-hours Support Line (ASL) 1800 628 036
OpenSans	10	79	A 24/7 confidential service triaging access to medical, psychology and social work services.
OpenSans-Bold	10	82	Defence’s Sexual Misconduct Prevention and Response Office 1800 SEMPRO
OpenSans	10	84	A 24/7 confidential phone service for those affected by sexual misconduct at home or work.
OpenSans	10	86	1800 736 776 | +61 2 6127 1759 (International)
OpenSans-Bold	10	89	DVA Get Support www.dva.gov.au/get-support
OpenSans	10	90	Additional support available through DVA can be found at the DVA Get Support webpage.
OpenSans	10	95	2 Australian Government Response to the Royal Commission into Defence and Veteran Suicide
RobotoSlab-Regular	21	11	Reader’s Guide
OpenSans	10	16	This is the Australian Government’s comprehensive response to the Final Report of the Royal
OpenSans	9	18	Commission into Defence and Veteran Suicide, designed to deliver sustainable systemic reform.
OpenSans	9	20	The Royal Commission’s Final Report comprised of seven volumes and made 122 recommendations.
OpenSans	9	22	This document responds to all 122 recommendations.
OpenSans	9	24	Guide to key sections of this document
OpenSans	10	27	– Foreword: Introduction to the Australian Government Response provided by the Deputy Prime
OpenSans	10	28	Minister and Minister for Defence, the Hon. Richard Marles MP and the Minister for Veterans’
OpenSans	9	30	Affairs and Minister for Defence Personnel, the Hon. Matt Keogh MP.
OpenSans	10	32	– Australian Government policy statement provides an overview of key aspects of the
OpenSans	10	34	Government’s response.
OpenSans	10	36	– Response Overview provides a table summary of the Australian Government’s Response to the
OpenSans	9	38	recommendations made in the Final Report. This section includes information on the response
OpenSans	10	39	position language and definitions.
OpenSans-Bold	10	41	– Australian Government Response to Recommendations provides detail on the Government’s
OpenSans	10	43	responses to the 122 recommendations of the Royal Commission Final Report.
OpenSans	10	45	– Annex A provides an overview of actions taken to date to improve the experience of service for
OpenSans	10	47	ADF members and veterans.
OpenSans	10	49	– Annex B provides an overview of the progress of the Government’s response to the Interim
OpenSans	10	51	recommendations.
OpenSans	10	53	The Royal Commission reported on key issues in Volumes dealing with:
OpenSans	10	55	– Volume 1: Recommendations and the fundamentals
OpenSans	10	58	– Volume 2: Serving the nation, and Defence culture and leadership
OpenSans	10	60	– Volume 3: Military sexual violence, unacceptable behaviour and military justice
OpenSans	10	62	– Volume 4: Health care for serving and ex-serving members
OpenSans	10	65	– Volume 5: Transition, DVA and support for ex-serving members
OpenSans	10	67	– Volume 6: Families, data and research, and establishing a new entity
OpenSans	10	95	Australian Government Response to the Royal Commission into Defence and Veteran Suicide 3
RobotoSlab-Regular	21	11	Contents
OpenSans-Semibold	10	17	Content Warning 1
OpenSans-Semibold	10	19	Support Services 2
OpenSans-Semibold	10	22	Reader’s Guide 3
OpenSans-Light	9	23	Abbreviations and acronyms 3
OpenSans-Semibold	10	26	About the Royal Commission into Defence and Veteran Suicide 9
OpenSans-Semibold	10	28	Foreword 10
OpenSans-Semibold	10	30	Timeline of Events 12
OpenSans-Semibold	10	33	Work already underway 14
OpenSans-Semibold	10	35	Government Response Overview 15
OpenSans-Light	9	37	Response position language and definitions 15
OpenSans-Semibold	10	39	Australian Government Response to Recommendations 22
OpenSans-Semibold	10	42	Volume 1: Recommendations and the fundamentals 23
OpenSans-Light	9	44	Recommendation 1: Improve the capacity of future royal commissions to undertake 23
OpenSans-Light	9	45	their inquiries
OpenSans-Semibold	10	48	Volume 2: Serving the nation, and Defence culture and leadership 24
OpenSans-Light	9	50	Recommendation 2: Improve outcomes and access to support for recruits in ab initio training 24
OpenSans-Light	9	51	Recommendation 3: Build the capability of career managers 25
OpenSans-Light	9	53	Recommendation 4: Mitigate the adverse impacts of the posting cycle 26
OpenSans-Light	9	55	Recommendation 5: Support all serving members to decompress, rest and reintegrate, 27
OpenSans-Light	9	56	especially after high-risk experiences
OpenSans-Light	9	58	Recommendation 6: Improve the procedural fairness of the military employment 28
OpenSans-Light	9	59	classification system
OpenSans-Light	9	61	Recommendation 7: Increase employment opportunities within the Australian Defence Force 29
OpenSans-Light	9	63	for members who cannot be deployed
OpenSans-Light	9	64	Recommendation 8: Maximise workforce retention by addressing factors that contribute to 30
OpenSans-Light	9	66	voluntary separation
OpenSans-Light	9	68	Recommendation 9: Improve organisational culture and leadership accountability to increase 31
OpenSans-Light	9	69	member wellbeing and safety
OpenSans-Light	9	71	Recommendation 10: Develop service-specific action plans to implement the Defence 32
OpenSans-Light	9	72	Respect@Work Framework
OpenSans-Light	9	74	Recommendation 11: Assess Australian Defence Force leaders based on upward feedback and 33
OpenSans-Light	9	75	performance against culture, health and wellbeing targets
OpenSans-Light	9	77	Recommendation 12: Consider emotional intelligence and performance against wellbeing 34
OpenSans-Light	9	79	targets in selecting leaders to promote
OpenSans-Light	9	80	Recommendation 13: Co-design a new doctrine recognising that operational readiness 35
OpenSans-Light	9	82	depends on a healthy workforce
OpenSans-Semibold	10	84	Volume 3: Military sexual violence, unacceptable behaviour and military justice 36
OpenSans-Light	9	86	Recommendation 14: Understand the prevalence and effects of military sexual trauma and 36
OpenSans-Light	9	88	improve responses to support victims
OpenSans-Light	9	90	Recommendation 15: Clarify definitions and processes related to sexual offences 37
OpenSans	10	95	4 Australian Government Response to the Royal Commission into Defence and Veteran Suicide
OpenSans-Light	9	10	Recommendation 16: Evaluate training on managing sexual misconduct and make it mandatory 38
OpenSans-Light	9	12	for all leaders
OpenSans-Light	9	14	Recommendation 17: Prioritise the prevention of sexual misconduct in the 39
OpenSans-Light	9	15	Australian Defence Force
OpenSans-Light	9	17	Recommendation 18: Strengthen workplace protections during sexual 40
OpenSans-Light	9	18	misconduct investigations
OpenSans-Light	9	20	Recommendation 20: Amend the legislation related to sentencing perpetrators of military 42
OpenSans-Light	9	21	sexual offences
OpenSans-Light	9	23	Recommendation 21: Implement a ‘presumption’ of discharge for Australian Defence Force 43
OpenSans-Light	9	25	members found to have engaged in certain forms of sexual misconduct
OpenSans-Light	9	26	Recommendation 22: Adopt a policy of mandatory discharge for Australian Defence Force 44
OpenSans-Light	9	28	members convicted of sexual and related offences
OpenSans-Light	9	30	Recommendation 23: Record convictions of sexual offences in Australian Defence Force 45
OpenSans-Light	9	31	records and civilian criminal records
OpenSans-Light	9	33	Recommendation 24: Annually publish anonymised data on outcomes of all incidents of 46
OpenSans-Light	9	34	sexual misconduct
OpenSans-Light	9	36	Recommendation 25: Conduct a formal inquiry into military sexual violence in the 47
OpenSans-Light	9	37	Australian Defence Force
OpenSans-Light	9	39	Recommendation 26: Foster a strong culture of reporting unacceptable behaviour 48
OpenSans-Light	9	41	Recommendation 27: Evaluate outcomes to ensure that Defence has addressed the intent 49
OpenSans-Light	9	42	behind recommendations
OpenSans-Light	9	44	Recommendation 28: Coordinate governance, assurance and policy functions of the 50
OpenSans-Light	9	45	military justice system
OpenSans-Light	9	47	Recommendation 29: Establish a new role to improve training and communication on 51
OpenSans-Light	9	49	conducting inquiries
OpenSans-Light	9	50	Recommendation 30: Prioritise the Inspector-General’s inquiry into the weaponisation of the 52
OpenSans-Light	9	52	administrative system
OpenSans-Light	9	54	Recommendation 31: Consider how mental health may contribute to poor conduct before 53
OpenSans-Light	9	55	recommending administrative termination
OpenSans-Light	9	57	Recommendation 32: When requested, conduct a merits review when a member’s service is 54
OpenSans-Light	9	58	terminated for the reason ‘retention-not-in-service-interest’
OpenSans-Light	9	60	Recommendation 33: Seek to understand whether/how involvement in military justice 55
OpenSans-Light	9	61	processes contributes to adverse outcomes
OpenSans-Light	9	63	Recommendation 34: Prioritise the review into the regulations governing court martial panels 56
OpenSans-Light	9	65	Recommendation 35: Determine whether support mechanisms for members involved with 57
OpenSans-Light	9	66	military justice processes are effective
OpenSans-Light	9	68	Recommendation 36: Trial a model outside the chain of command for supporting members 58
OpenSans-Light	9	70	involved in military justice processes
OpenSans-Light	9	71	Recommendation 37: Develop a charter of minimum standards for all members involved in 59
OpenSans-Light	9	73	military justice processes
OpenSans-Light	9	75	Recommendation 38: Improve governance processes related to accountability and 60
OpenSans-Light	9	76	continuous improvement
OpenSans-Light	9	78	Recommendation 39: Address risk factors for suicide and suicidality and report on progress as 61
OpenSans-Light	9	79	part of enterprise-level risk management
OpenSans-Light	9	81	Recommendation 40: Improve governance mechanisms from the unit level to the 62
OpenSans-Light	9	82	enterprise level
OpenSans-Light	9	84	Recommendation 41: Build project-management capability so that reform 63
OpenSans-Light	9	86	initiatives are successful
OpenSans-Light	9	87	Recommendation 42: Ensure that future Inspectors-General of the Australian Defence Force 64
OpenSans-Light	9	89	will not have served in the ADF
OpenSans-Light	9	91	Recommendation 43: Allow the Inspector-General of the Australian Defence Force to make 65
OpenSans-Light	9	92	recruitment decisions for the staffing of their office
OpenSans	10	95	Australian Government Response to the Royal Commission into Defence and Veteran Suicide 5
OpenSans-Light	9	10	Recommendation 44: Ensure that staff of the office of the Inspector-General of the Australian 66
OpenSans-Light	9	12	Defence Force have the necessary skills, expertise and qualifications
OpenSans-Light	9	14	Recommendation 45: Improve transparency and accountability of the Inspector-General of the 67
OpenSans-Light	9	15	Australian Defence Force by increasing their reporting requirements
OpenSans-Light	9	17	Recommendation 46: Ensure staff of the Inspector-General of the Australian Defence Force are 68
OpenSans-Light	9	18	trained in trauma-informed practice
OpenSans-Light	9	20	Recommendation 47: The Inspector-General to inquire into all deaths of serving members 69
OpenSans-Light	9	21	unless suicide can be excluded as the cause of death
OpenSans-Light	9	23	Recommendation 48: When a member dies by suicide, appoint a legal officer to represent the 70
OpenSans-Light	9	25	interests of the deceased and support the next of kin
OpenSans-Light	9	26	Recommendation 49: Minimise disclosure restrictions of Inspector-General inquiry reports and 71
OpenSans-Light	9	28	ensure they are fair and understood by the next of kin
OpenSans-Light	9	30	Recommendation 50: Amend the scope of the Inspector-General’s role to inquire into suicide 72
OpenSans-Light	9	31	deaths of former Australian Defence Force members
OpenSans-Light	9	33	Recommendation 51: The Inspector-General to regularly review inquiries into suicide deaths to 73
OpenSans-Light	9	34	determine common themes
OpenSans-Light	9	36	Recommendation 52: Conduct a merits review when a member’s service is involuntarily 74
OpenSans-Light	9	37	terminated and they submit a redress of grievance complaint
OpenSans-Light	9	39	Recommendation 53: Give members 21 days to make a complaint after being notified of a 75
OpenSans-Light	9	41	decision to terminate their service
OpenSans-Light	9	42	Recommendation 54: Improve the frequency of military justice-related audits conducted by the 76
OpenSans-Light	9	44	Inspector-General of the Australian Defence Force
OpenSans-Light	9	45	Recommendation 55: Conduct an audit into Defence workplace health and safety 77
OpenSans-Light	9	47	risk management
OpenSans-Light	9	49	Recommendation 56: Improve guidance and understanding of Defence’s ‘if in 78
OpenSans-Light	9	50	doubt, notify’ policy
OpenSans-Light	9	52	Recommendation 57: Comcare to regularly review Australian Defence Force determinations of 79
OpenSans-Light	9	53	‘service nexus’ for suicide attempts and suspected deaths by suicide
OpenSans-Light	9	55	Recommendation 58: Give Comcare access to the National Veterans’ Data Asset 80
OpenSans-Light	9	57	Recommendation 59: Defence to participate in Comcare’s Psychosocial Proactive 81
OpenSans-Light	9	58	Inspection Program
OpenSans-Light	9	60	Recommendation 60: Improve strategies for harm prevention and early intervention by sharing 82
OpenSans-Light	9	61	quality data with Comcare
OpenSans-Semibold	10	64	Volume 4: Health care for serving and ex-serving members 83
OpenSans-Light	9	66	Recommendation 61: Establish a brain injury program 83
OpenSans-Light	9	68	Recommendation 62: Establish a research translation centre for Defence and 84
OpenSans-Light	9	69	veteran health care
OpenSans-Light	9	71	Recommendation 63: Reduce stigma and remove structural and cultural barriers 85
OpenSans-Light	9	72	to help seeking
OpenSans-Light	9	74	Recommendation 64: Establish an enterprise-wide program to monitor and prevent physical 86
OpenSans-Light	9	76	and psychological injury
OpenSans-Light	9	77	Recommendation 65: Improve access to, timeliness and quality of mental health screening and 87
OpenSans-Light	9	79	use the data effectively
OpenSans-Light	9	80	Recommendation 66: Where possible, support injured members to be rehabilitated at work, 88
OpenSans-Light	9	82	within their home unit
OpenSans-Light	9	84	Recommendation 67: Align Defence’s clinical governance framework with the national 89
OpenSans-Light	9	85	model framework
OpenSans-Light	9	87	Recommendation 68: Strike the right balance between upholding confidentiality and disclosing 90
OpenSans-Light	9	88	information when a member is in distress
OpenSans-Light	9	90	Recommendation 69: Improve suicide-prevention training so it is practical, tailored, informed 91
OpenSans-Light	9	92	by lived experience and delivered in person
OpenSans	10	95	6 Australian Government Response to the Royal Commission into Defence and Veteran Suicide
OpenSans-Light	9	10	Recommendation 70: Revise protocols for responding to suicidal crisis to be in line with 92
OpenSans-Light	9	12	clinical best practice
OpenSans-Light	9	14	Recommendation 71: Increase the Department of Veterans’ Affairs fee schedule so it is aligned 93
OpenSans-Light	9	15	with that of the National Disability Insurance Scheme
OpenSans-Light	9	17	Recommendation 72: Expand and strengthen healthcare services for veterans 94
OpenSans-Light	9	19	Recommendation 73: Improve military cultural competency in health professions 95
OpenSans-Light	9	20	working with veterans
OpenSans-Light	9	22	Recommendation 74: Clarify the application of the Privacy Act to veterans to determine 96
OpenSans-Light	9	23	whether amendments are necessary
OpenSans-Light	9	25	Recommendation 75: Conduct an independent review of Open Arms and publish the report 97
OpenSans-Light	9	27	Recommendation 76: Develop a postvention framework with experts and those with lived 98
OpenSans-Light	9	28	experience of suicide bereavement
OpenSans-Light	9	30	Recommendation 77: Develop a suite of postvention resources in collaboration 99
OpenSans-Light	9	31	with stakeholders
OpenSans-Light	9	33	Recommendation 78: Prevent, minimise and treat moral injury 100
OpenSans-Semibold	10	36	Volume 5: Transition, DVA and support for ex-serving members 101
OpenSans-Light	9	38	Recommendation 79: Ensure that respect for and recognition of service are embedded 101
OpenSans-Light	9	39	throughout Defence and the Department of Veterans’ Affairs
OpenSans-Light	9	41	Recommendation 80: The Department of Veterans’ Affairs to take responsibility for supporting 102
OpenSans-Light	9	42	members to transition out of the Australian Defence Force
OpenSans-Light	9	44	Recommendation 81: The Department of Veterans’ Affairs to fund a program to support 103
OpenSans-Light	9	45	members’ wellbeing during transition to civilian life
OpenSans-Light	9	47	Recommendation 82: Establish a consistent, locally responsive policy on ex-serving members’ 104
OpenSans-Light	9	49	access to bases
OpenSans-Light	9	50	Recommendation 83: Increase opportunities for members to gain civilian qualifications from 105
OpenSans-Light	9	52	Defence training and education
OpenSans-Light	9	54	Recommendation 84: Issue separating members with a reference that states their skills, 106
OpenSans-Light	9	55	experience and capabilities
OpenSans-Light	9	57	Recommendation 85: Develop employment pathways for ex-serving members in public 107
OpenSans-Light	9	58	sector agencies
OpenSans-Light	9	60	Recommendation 86: Ongoing funding for Veterans’ and Families’ Hubs 108
OpenSans-Light	9	62	Recommendation 87: Establish a new agency to focus on veteran wellbeing 109
OpenSans-Light	9	63	Recommendation 88: Develop a national funding agreement on veterans’ wellbeing 110
OpenSans-Light	9	65	Recommendation 89: Establish a national peak body for ex-service organisations 111
OpenSans-Light	9	67	Recommendation 90: Remove the service differential for permanent impairment compensation 112
OpenSans-Light	9	68	and expand mental health support to all reserve personnel
OpenSans-Light	9	70	Recommendation 91: Implement combined benefits processing for all initial liability and 113
OpenSans-Light	9	72	permanent impairment claims
OpenSans-Light	9	73	Recommendation 92: Review claims to the Department of Veterans’ Affairs associated with 114
OpenSans-Light	9	75	physical and sexual abuse
OpenSans-Light	9	77	Recommendation 93: Fund the Transition Medical Assessment Pilot Program on an ongoing 115
OpenSans-Light	9	78	and national basis
OpenSans-Light	9	80	Recommendation 94: Improve timeliness and reporting on information-sharing between 116
OpenSans-Light	9	81	Defence and the Department of Veterans’ Affairs for claims processing
OpenSans-Light	9	83	Recommendation 95: Support the expanded application of ‘presumptive liability’ 117
OpenSans-Light	9	85	Recommendation 96: Ongoing funding for Provisional Access to Medical Treatment 118
OpenSans-Light	9	86	Recommendation 97: Consider giving the Veteran Payment to more veterans with physical 119
OpenSans-Light	9	88	health conditions
OpenSans-Light	9	90	Recommendation 98: Strengthen Department of Veterans’ Affairs performance targets for 120
OpenSans-Light	9	91	claims processing timeframes, and improve transparency
OpenSans	10	95	Australian Government Response to the Royal Commission into Defence and Veteran Suicide 7
OpenSans-Light	9	10	Recommendation 99: Improve compensation advocacy by funding professional, paid advocates 121
OpenSans-Light	9	12	Recommendation 100: Improve the transparency, accountability and effectiveness of the 122
OpenSans-Light	9	14	Department of Veterans’ Affairs rehabilitation program
OpenSans-Light	9	15	Recommendation 101: Give Department of Veterans’ Affairs clients more choice and autonomy 123
OpenSans-Semibold	10	18	Volume 6: Families, data and research, and establishing a new entity 124
OpenSans-Light	9	20	Recommendation 102: Implement and improve upon the Defence Strategy for Preventing and 124
OpenSans-Light	9	21	Responding to Family and Domestic Violence
OpenSans-Light	9	23	Recommendation 103: Improve the support, communication and services provided to 125
OpenSans-Light	9	24	Defence families
OpenSans-Light	9	26	Recommendation 104: Improve the profile, resourcing and impact of the Defence 127
OpenSans-Light	9	28	Family Advocate
OpenSans-Light	9	29	Recommendation 105: Improve coordination with coroners and the National Coronial 128
OpenSans-Light	9	31	Information System
OpenSans-Light	9	33	Recommendation 106: Establish a suicide database of serving and ex-serving members 129
OpenSans-Light	9	34	Recommendation 107: Establish the National Veterans’ Data Asset 130
OpenSans-Light	9	36	Recommendation 108: Ensure that all relevant jurisdictions and entities regularly provide data 131
OpenSans-Light	9	38	to the National Veterans’ Data Asset
OpenSans-Light	9	39	Recommendation 109: Defence to report annually on its progress towards data maturity 132
OpenSans-Light	9	41	Recommendation 110: Review Defence’s data assets and address issues with their quality, 133
OpenSans-Light	9	43	management, integration and use
OpenSans-Light	9	44	Recommendation 111: Achieve a ‘gold standard’ rating for Defence datasets related to 134
OpenSans-Light	9	46	suicidality and suicide
OpenSans-Light	9	47	Recommendation 112: Include data on suicide and suicidality in the enterprise-wide 135
OpenSans-Light	9	49	Defence data catalogue
OpenSans-Light	9	51	Recommendation 113: Ensure commanding officers access and use quality data for continuous 136
OpenSans-Light	9	52	improvement of wellbeing metrics
OpenSans-Light	9	54	Recommendation 114: Defence and the Department of Veterans’ Affairs to prioritise research 137
OpenSans-Light	9	55	into veteran health and wellbeing, and publish their workplans
OpenSans-Light	9	57	Recommendation 115: Defence and the Department of Veterans’ Affairs to publish their 138
OpenSans-Light	9	58	research into veteran health and wellbeing
OpenSans-Light	9	60	Recommendation 116: Improve the quality, evaluation, translation and sharing of 139
OpenSans-Light	9	62	research findings
OpenSans-Light	9	63	Recommendation 117: Establish an expert committee on veteran research 140
OpenSans-Light	9	65	Recommendation 118: Use the Census to collect information on ex-serving members 141
OpenSans-Light	9	67	as a population
OpenSans-Light	9	68	Recommendation 119: Improve understanding of veteran health by adding questions to 142
OpenSans-Light	9	70	Australian Bureau of Statistics surveys
OpenSans-Light	9	72	Recommendation 120: Increase funding for research into veteran health and wellbeing 143
OpenSans-Light	9	73	Recommendation 121: Enable research into the health and wellbeing of Defence families 144
OpenSans-Light	9	75	Recommendation 122: Establish a new statutory entity to oversee system reform across the 145
OpenSans-Light	9	77	whole Defence ecosystem
OpenSans-Semibold	10	79	Annex A - Actions taken by Defence and DVA to improve the experience of service 146
OpenSans-Semibold	10	81	for ADF members and veterans
OpenSans-Semibold	10	83	Annex B - Progress of the Government’s Response to the Interim recommendations 158
OpenSans	10	95	8 Australian Government Response to the Royal Commission into Defence and Veteran Suicide
RobotoSlab-Regular	21	10	About the Royal Commission into
RobotoSlab-Regular	21	13	Defence and Veteran Suicide
OpenSans	9	19	On 8 July 2021, then Governor-General, His Excellency General the Honourable David Hurley AC DSC
OpenSans	10	20	(Retd), established the Royal Commission into Defence and Veteran Suicide. The Royal Commission was
OpenSans	9	22	to inquire into the systemic issues and risk factors relevant to suicide and suicide behaviours of current
OpenSans	10	23	and former serving ADF members.
OpenSans	10	26	The Government appointed Mr Nick Kaldas APM, the Hon James Douglas KC, and Dr Peggy Brown AO as
OpenSans	9	27	the Royal Commissioners.
OpenSans	9	30	Over more than three years, the Royal Commissioners undertook the most significant and
OpenSans	10	31	comprehensive inquiry conducted into suicide and suicidality in the Defence and veteran
OpenSans	9	33	communities including:
OpenSans	9	35	– 12 public hearings over more than 100 days, hearing evidence from more than 340 witnesses;
OpenSans	9	37	– 897 private one-on-one sessions with people with lived experience of suicide, suicidality or military
OpenSans	10	39	service; and
OpenSans	10	41	– 5,865 submissions from current and former serving ADF members, and their family members,
OpenSans	10	43	advocates, ex-service organisations and service providers, and other organisations.
OpenSans	10	45	The Royal Commissioners delivered an Interim Report on 11 August 2022. The Government responded
OpenSans	10	47	to the Interim Report on 26 September 2022, agreeing to nine recommendations, agreeing-in-principle
OpenSans	10	48	to one, noting two and indicating one had already been implemented by removing the Average Staffing
OpenSans	10	50	Level Cap for all agencies. The Government has also introduced into Parliament legislation which
OpenSans	10	51	simplifies entitlements for veterans and their families, implementing all the agreed recommendations
OpenSans	10	53	of the Interim Report.
OpenSans	10	55	The Royal Commission delivered its Final Report on 9 September 2024, which the Government tabled in
OpenSans	10	57	Parliament on the same day.
OpenSans	10	59	Since the start of the Royal Commission in July 2021, the Government has supported and advanced the
OpenSans	10	61	work of the Royal Commission, including by:
OpenSans	10	63	– responding to 1,220 notices to give or produce issued to 23 Commonwealth agencies:
OpenSans	10	65	• 584 notices to produce, providing 256,761 documents.
OpenSans	10	68	• 636 notices to give, including notices to give statements.
OpenSans	10	70	– supporting over 206 Commonwealth witness appearances
OpenSans	10	72	– assisting the Royal Commissioners with visits to 27 Defence bases
OpenSans	10	75	– facilitated meetings with personnel in roundtables and informal sessions.
OpenSans	10	95	Australian Government Response to the Royal Commission into Defence and Veteran Suicide 9
OpenSans	10	10	In August 2022, the Interim Report of the Royal Commission was delivered to the Government,
RobotoSlab-Regular	21	11	Foreword
OpenSans	9	12	and we took swift action on all of its recommendations. We have also resourced more than 500
OpenSans	10	13	additional DVA staff to help eliminate the backlog of unallocated cases identified by the Royal
OpenSans	9	15	Commission and improve the timeliness of claims decision making and access to supports.
OpenSans	10	16	The death by suicide of any Australian, including our veterans and current serving Australian
OpenSans	9	17	The implementation of the Government’s response will see the most comprehensive reform to
OpenSans	9	18	Defence Force (ADF) members, is a tragedy.
OpenSans	10	19	the systems, processes and culture supporting Defence personnel and veterans ever undertaken
OpenSans	9	20	Australia has lost more serving and former serving personnel to suicide over the last 20 years than
OpenSans	9	20	in Australia.
OpenSans	10	22	through operations in Afghanistan and Iraq over the same period.
OpenSans	9	23	Whilst this is a large and complex task, these reforms will ensure that those who pursue a career in
OpenSans	10	24	The Royal Commission into Defence and Veteran Suicide (the Royal Commission) was the most
OpenSans	10	24	the ADF have a safe and inclusive workplace and are supported from the time they join, throughout
OpenSans	9	26	significant and comprehensive inquiry conducted into suicide and suicidality in the Defence and
OpenSans	9	26	transition and in life after service.
OpenSans	10	27	veteran communities.
OpenSans	9	28	We called for the Royal Commission in Opposition and we supported it in Government.
OpenSans	10	29	We thank all those who bravely told their story and came forward to give evidence to the Royal
OpenSans	9	30	Now is the time to deliver lasting reform.
OpenSans	9	31	Commission. Their courage has made an enormous difference.
OpenSans	9	33	We also thank the Commissioners for their work.
OpenSans	9	36	Harrowing evidence given before the Royal Commission laid bare cultural problems within the
OpenSans	10	37	ADF, Department of Defence (Defence) and identified deficiencies in the administration of support
OpenSans	9	39	schemes within the Department of Veterans’ Affairs (DVA). It was clear there was an urgent need
OpenSans-Bold	10	40	The Hon. Richard Marles MP The Hon. Matt Keogh MP
OpenSans	10	40	for change.
OpenSans	10	41	Deputy Prime Minister Minister for Veterans’ Affairs
OpenSans	10	43	The evidence heard throughout the Royals Commission and its Final Report highlight the need for Minister for Defence Minister for Defence Personnel
OpenSans	10	44	systemic reform. This will not be a simple task.
OpenSans	10	47	This Australian Government Response to the Final Report of the Royal Commission sets out real,
OpenSans	10	48	meaningful and enduring reform.
OpenSans	10	50	The Government has agreed or agreed-in-principle to the overwhelming majority of the Royal
OpenSans	10	52	Commission’s recommendations: agreeing or agreeing-in-principle to 104 recommendations, noting
OpenSans	10	54	17 recommendations for further consideration and one recommendation is not supported in part.
OpenSans	10	56	Consistent with a key recommendation of the Royal Commission, the Government will establish
OpenSans	10	58	a new statutory entity to oversee enduring and systemic reform. It will provide independent
OpenSans	10	59	oversight and evidence-based advice to improve suicide prevention and drive better outcomes for
OpenSans	10	61	serving and ex-serving ADF personnel. As an independent statutory body, its work will be ongoing.
OpenSans	10	62	An interim head will be appointed to work across government towards the establishment of a
OpenSans	10	64	legislated oversight body by September 2025.
OpenSans	10	66	The Government has also directed DVA to co-design, alongside the veteran community, a new
OpenSans	10	68	DVA agency focused on wellbeing and Ex-Service Organisation peak body. The Government has
OpenSans	10	69	committed the necessary funding to ensure that these are consulted and co-designed with Defence
OpenSans	10	71	and veteran communities and families to ensure they meet their needs.
OpenSans	10	73	The work to implement some of the other agreed recommendations has already begun. These
OpenSans	10	75	reforms will be rolled out together with the implementation of the National Defence Strategy
OpenSans	10	77	to ensure that Defence’s most important asset – its people – receive the support and services
OpenSans	10	78	they deserve.
OpenSans	10	80	To ensure this reform package is implemented in the most effective and efficient manner, the
OpenSans	10	82	Government will establish a Taskforce in the Department of the Prime Minister and Cabinet, which
OpenSans	10	84	will draw in expertise from across Government as well as external experts to consider detailed
OpenSans	10	85	implementation for agree-in-principle and noted recommendations.
OpenSans	10	95	10 Australian Government Response to the Royal Commission into Defence and Veteran Suicide Australian Government Response to the Royal Commission into Defence and Veteran Suicide 11
OpenSans	10	10	IInn AAuugguusstt 22002222,, tthhee IInntteerriimm RReeppoorrtt ooff tthhee RRooyyaall CCoommmmiissssiioonn wwaass ddeelliivveerreedd ttoo tthhee GGoovveerrnnmmeenntt,,
OpenSans	9	12	aanndd wwee ttooookk sswwiifftt aaccttiioonn oonn aallll ooff iittss rreeccoommmmeennddaattiioonnss.. WWee hhaavvee aallssoo rreessoouurrcceedd mmoorree tthhaann 550000
OpenSans	10	13	aaddddiittiioonnaall DDVVAA ssttaaffff ttoo hheellpp eelliimmiinnaattee tthhee bbaacckklloogg ooff uunnaallllooccaatteedd ccaasseess iiddeennttiififieedd bbyy tthhee RRooyyaall
OpenSans	9	15	CCoommmmiissssiioonn aanndd iimmpprroovvee tthhee ttiimmeelliinneessss ooff ccllaaiimmss ddeecciissiioonn mmaakkiinngg aanndd aacccceessss ttoo ssuuppppoorrttss..
OpenSans	9	17	TThhee iimmpplleemmeennttaattiioonn ooff tthhee GGoovveerrnnmmeenntt’’ss rreessppoonnssee wwiillll sseeee tthhee mmoosstt ccoommpprreehheennssiivvee rreeffoorrmm ttoo
OpenSans	10	19	tthhee ssyysstteemmss,, pprroocceesssseess aanndd ccuullttuurree ssuuppppoorrttiinngg DDeeffeennccee ppeerrssoonnnneell aanndd vveetteerraannss eevveerr uunnddeerrttaakkeenn
OpenSans	9	20	iinn AAuussttrraalliiaa..
OpenSans	9	23	WWhhiillsstt tthhiiss iiss aa llaarrggee aanndd ccoommpplleexx ttaasskk,, tthheessee rreeffoorrmmss wwiillll eennssuurree tthhaatt tthhoossee wwhhoo ppuurrssuuee aa ccaarreeeerr iinn
OpenSans	10	24	tthhee AADDFF hhaavvee aa ssaaffee aanndd iinncclluussiivvee wwoorrkkppllaaccee aanndd aarree ssuuppppoorrtteedd ffrroomm tthhee ttiimmee tthheeyy jjooiinn,, tthhrroouugghhoouutt
OpenSans	9	26	ttrraannssiittiioonn aanndd iinn lliiffee aafftteerr sseerrvviiccee..
OpenSans	9	28	WWee ccaalllleedd ffoorr tthhee RRooyyaall CCoommmmiissssiioonn iinn OOppppoossiittiioonn aanndd wwee ssuuppppoorrtteedd iitt iinn GGoovveerrnnmmeenntt..
OpenSans	9	30	NNooww iiss tthhee ttiimmee ttoo ddeelliivveerr llaassttiinngg rreeffoorrmm..
OpenSans-Bold	10	40	TThhee HHoonn.. RRiicchhaarrdd MMaarrlleess MMPP TThhee HHoonn.. MMaatttt KKeeoogghh MMPP
OpenSans	10	41	DDeeppuuttyy PPrriimmee MMiinniisstteerr MMiinniisstteerr ffoorr VVeetteerraannss’’ AAffffaaiirrss
OpenSans	10	43	MMiinniisstteerr ffoorr DDeeffeennccee MMiinniisstteerr ffoorr DDeeffeennccee PPeerrssoonnnneell
OpenSans	10	95	AAuussttrraalliiaann GGoovveerrnnmmeenntt RReessppoonnssee ttoo tthhee RRooyyaall CCoommmmiissssiioonn iinnttoo DDeeffeennccee aanndd VVeetteerraann SSuuiicciiddee 1111
RobotoSlab-Regular	21	5	Timeline of Events
RobotoSlab-Regular	21	10	2021 2022 2023
OpenSans	8	16	July - Governor-General announced February - Hearing Block 2 - Sydney February - Minister for Veterans’
OpenSans-Bold	8	17	the establishment of the Royal Affairs VA announced the
OpenSans	8	18	Commission into Defence and March - Hearing Block 3 - Sydney commencement of the public
OpenSans	8	20	Veteran Suicide consultation on the Veterans’
OpenSans	8	21	legislation reform pathway
OpenSans	8	22	April - Hearing Block 4 - Canberra
OpenSans	8	23	July - Defence established the
OpenSans	8	24	Defence Taskforce to support March - Expanded Veterans’ and
OpenSans	8	25	June - Hearing Block 5 - Townsville
OpenSans	8	25	the Royal Commission into Families Hubs network across
OpenSans	8	27	Defence and Veteran Suicide Australia – enhanced Launceston RSL
OpenSans	8	28	August - Hearing Block 6 - Hobart facility Hub officially opened
OpenSans	8	30	November - Ceremonial Hearing and
OpenSans	8	31	Hearing Block 1 - Brisbane August - Release of the Royal April - Defence implemented Stop
OpenSans	8	32	Commission’s Interim Report Sexual Harassment (SSH) directions
OpenSans	8	35	September - Government May - Expanded Veterans’ and
OpenSans-Bold	8	36	responded to the Interim Report of Families Hubs network across
OpenSans	8	38	the Royal Commission Australia – opened the Darwin Hub
OpenSans	8	41	September - Defence introduced the May - Hearing Block 9 - Perth
OpenSans	8	42	fit and proper person test
OpenSans	8	44	June - Established the Chief of
OpenSans	8	45	September - DVA commenced Personnel to centralise ADF personnel
OpenSans	8	46	publishing claims processing statistics management into a single integrated
OpenSans	8	48	to improve transparency system. Major General Natasha Fox,
OpenSans	8	49	AM, CSC, appointed as the inaugural
OpenSans	8	50	October - Hearing Block 7 - Darwin Chief of Personnel
OpenSans	8	53	October - Fulfilling Interim July - Defence established the Mental
OpenSans	8	55	Recommendations 2 and 4, the Health and Wellbeing Branch
OpenSans	8	56	Government’s first Budget included
OpenSans	8	57	$233.9 million to engage 500 new July - Hearing Block 10 - Adelaide
OpenSans	8	59	frontline staff at DVA to eliminate
OpenSans	8	60	the compensation claims backlog,
OpenSans	8	61	July - Released the first Veteran
OpenSans	8	61	delivering a key election commitment
OpenSans	8	62	Transition Strategy
OpenSans-Bold	8	64	October - Re recommendation 1
OpenSans	8	65	August - Hearing Block 11 - Melbourne
OpenSans-Bold	8	66	of the Interim report: Minister for
OpenSans	8	67	Veterans’ Affairs commenced initial
OpenSans	8	68	October - Expanded Veterans’ and
OpenSans	8	68	consultation on reforming veterans
OpenSans	8	69	Families Hubs network across
OpenSans	8	70	legislation
OpenSans	8	71	Australia – opened the Caboolture
OpenSans	8	72	Hub
OpenSans	8	73	October - $9.5m budget investment to
OpenSans	8	74	the development of legislation reform
OpenSans	8	75	October - Released the Defence Work
OpenSans	8	75	pathway and implementation of
OpenSans	8	76	Health and Safety Strategy 2023-2028
OpenSans	8	77	interim report recommendations
OpenSans	8	79	November - Released the Defence
OpenSans	8	80	November - Hearing Block 8 - Wagga
OpenSans	8	80	Culture Strategy: Defence Culture
OpenSans	8	81	Wagga
OpenSans-Italic	8	82	Blueprint Program 2023
OpenSans	10	95	12 Australian Government Response to the Royal Commission into Defence and Veteran Suicide
RobotoSlab-Regular	21	10	2024 2025
OpenSans	8	16	January - DVA established the Aged and Community Care Establish an interim oversight entity to provide advice
OpenSans	8	17	Taskforce on the establishment of a new oversight entity, including
OpenSans	8	18	legislation required
OpenSans	8	20	February - Delivering Interim Report Recommendation 2,
OpenSans	8	21	DVA cleared the backlog of unallocated Initial Liability (IL), Consult and co-design a wellbeing agency for veterans and
OpenSans	8	23	Incapacity, and Permanent Impairment claims identified by the national peak body for ex-service organisations
OpenSans	8	24	the Royal Commission ahead of schedule
OpenSans	8	26	Defence and DVA commence plans of action to start
OpenSans	8	27	February - DVA commenced the new Claims Lodgement implementation of recommendations
OpenSans	8	28	Assistance Program in Perth
OpenSans	8	30	Establish a new statutory oversight entity by September
OpenSans	8	31	March - Hearing Block 12 - Sydney 2025
OpenSans	8	34	June - Expanded Veterans’ and Families Hubs network
OpenSans	8	36	across Australia – opened the Burnie Hub
OpenSans-Bold	8	39	June - Royal Commission released the Lived Experience
OpenSans-BoldItalic	8	40	report ‘Shining a Light – Stories of Trauma and Tragedy,
OpenSans-BoldItalic	8	41	Hope and Healing’
OpenSans	8	44	July - Defence renewed its collaboration with the Australian
OpenSans	8	46	Human Rights Commission for another 5 years
OpenSans	8	48	July - Delivering Interim Recommendation 1, Minister for
OpenSans	8	50	Veterans’ Affairs introduced the Veterans’ Entitlements,
OpenSans-Italic	8	51	Treatment and Support (Simplification and Harmonisation) Bill
OpenSans	8	52	2024 to Parliament
OpenSans	8	55	July - Provisional Access to Medical Treatment Program
OpenSans	8	57	extended for two years to pay for veterans’ medical
OpenSans	8	58	treatment while their claim is being processed
OpenSans	8	61	August - Veteran, Family and Stakeholder Engagement
OpenSans	8	62	Strategy launched
OpenSans-Bold	8	65	August - Ceremonial Closing of the Royal Commission
OpenSans-Bold	8	68	September - Released the Final Report of the Royal
OpenSans-Bold	8	70	Commission
OpenSans	8	73	November - Released the Defence Workforce Plan
OpenSans	8	74	2024-2034
OpenSans	8	77	December - Release of the Defence and Veteran Mental
OpenSans	8	78	Health and Wellbeing Strategy for public consultation
OpenSans	8	81	December - Release of the Defence and Veterans Family
OpenSans	8	82	Wellbeing Strategy and Action Plan
OpenSans-Bold	8	86	December - Government responds to the Final Report of
OpenSans-Bold	8	87	the Royal Commission
OpenSans	10	95	Australian Government Response to the Royal Commission into Defence and Veteran Suicide 13
RobotoSlab-Regular	21	11	Work already underway
OpenSans	10	16	The Government has acted to table the report and release a full response as quickly as possible. The
OpenSans	9	18	implementation of this response is a significant body of work that will take time to fully achieve the
OpenSans	10	19	institutional reform the Royal Commission calls for and that the families of those lost to suicide have
OpenSans	9	21	consistently sought. This reform package will build on the work already completed in response to the
OpenSans	10	23	Interim Report, and work underway to respond to what we have heard through the three years of the
OpenSans	9	24	Royal Commission.
OpenSans	9	26	As the Royal Commission progressed, the Government began implementing substantive change in
OpenSans	10	28	Defence and DVA. It was clear from the lived experience of those heard from that the challenges faced
OpenSans	9	30	were current, as well as historic. There was no time to waste.
OpenSans	9	32	The Government is working to improve the experience of ADF members and veterans. This includes:
OpenSans	9	34	– Fully funding the Government’s response to the Royal Commission’s Interim Report, including
OpenSans	10	36	$233.9 million to engage 500 new frontline staff at DVA to eliminate the compensation claims
OpenSans	9	37	backlog, delivering on a key election commitment made by the Government.
OpenSans	10	40	– Investing $254.1 million over four years to modernise and sustain DVA’s ageing IT systems to
OpenSans	10	41	ensure more timely payments and better access to services for veterans and families.
OpenSans	10	44	– Appointing in June 2023 the first three star Chief of Personnel who reports directly to the Chief of
OpenSans	10	45	the Defence Force to drive systemic reform across the ADF.
OpenSans	10	47	Ensuring positive mental health and wellbeing outcomes for all Defence people, including current and
OpenSans	10	49	former serving ADF personnel, their families and communities, is the right thing to do. It will enhance
OpenSans	10	51	performance and support Defence in achieving its workforce growth and optimisation priorities.
OpenSans	10	53	The Government recognises Defence and veteran families make enormous sacrifices to support their
OpenSans	10	55	loved ones’ service, seen through the distressing testimony given by family members at the Royal
OpenSans	10	56	Commission. Significant work is underway to ensure Defence communicates with members and their
OpenSans	10	58	families in a trauma-informed way, and that families have access to the right information at the right
OpenSans	10	59	time in their family’s service journey.
OpenSans	10	62	Defence has also commenced a range of work to build a strong data literate workforce, and adopt a
OpenSans	10	63	more disciplined and deliberate approach to how data is collected, stored, analysed and applied in
OpenSans	10	65	decision-making processes.
OpenSans	10	67	The Government introduced amendments to the Fair Work Act to strengthen protections for employees
OpenSans	10	69	who have been, or are being, subjected to family and domestic violence from discrimination in
OpenSans	10	70	the workplace.
OpenSans	10	73	Defence has placed a greater focus on psychosocial risks on personnel. Defence has specifically
OpenSans	10	74	developed adequate resources and training to effectively identify and manage psychosocial hazards
OpenSans	10	76	aimed at both employees and supervisors.
OpenSans	10	78	The full span of reforms already delivered to the systems, policies and processes of Defence and DVA is
OpenSans	10	80	detailed in Annex A to this Response.
OpenSans	10	95	14 Australian Government Response to the Royal Commission into Defence and Veteran Suicide
RobotoSlab-Regular	21	11	Government Response Overview
RobotoSlab-Regular	15	16	Response position language and definitions
OpenSans-Bold	10	20	Response Position Definition
OpenSans	10	23	Agree Support the recommendation.
OpenSans	10	25	Agreed-in-principle Support the overarching policy intent, with the approach to
OpenSans	9	26	implementation to be further considered.
OpenSans	10	29	Note Used for recommendations where additional work and consideration is
OpenSans	10	30	needed to respond. This may be due to a need to consider the outcome
OpenSans	9	32	of related inquiries or to enable further consultation and engagement
OpenSans	10	33	to inform a response.
OpenSans	10	36	Does not support Used for recommendations the Australian Government has considered
OpenSans	9	37	and decided not to implement at this time.
OpenSans-Semibold	10	42	Volume 1: Recommendations and the fundamentals
OpenSans	10	45	Recommendation 1: Improve the capacity of future royal commissions to Note
OpenSans	10	46	undertake their inquiries
OpenSans-Semibold	10	48	Volume 2: Serving the nation, and Defence culture and leadership
OpenSans	10	51	Recommendation 2: Improve outcomes and access to support for recruits in Agree
OpenSans-Italic	10	52	ab initio training
OpenSans	10	55	Recommendation 3: Build the capability of career managers Agree
OpenSans	10	57	Recommendation 4: Mitigate the adverse impacts of the posting cycle Agree
OpenSans	10	59	Recommendation 5: Support all serving members to decompress, rest and Agree
OpenSans	10	61	reintegrate, especially after high-risk experiences
OpenSans	10	63	Recommendation 6: Improve the procedural fairness of the military Agree
OpenSans	10	64	employment classification system
OpenSans	10	67	Recommendation 7: Increase employment opportunities within the ADF for Agree
OpenSans	10	68	members who cannot be deployed
OpenSans	10	70	Recommendation 8: Maximise workforce retention by addressing factors that Agree
OpenSans	10	72	contribute to voluntary separation
OpenSans	10	74	Recommendation 9: Improve organisational culture and leadership Agree
OpenSans	10	76	accountability to increase member wellbeing and safety
OpenSans	10	78	Recommendation 10: Develop service-specific action plans to implement Agree-in-principle
OpenSans	10	80	Defence Respect@Work Framework
OpenSans	10	82	Recommendation 11: Assess ADF leaders based on upward feedback and Agree
OpenSans	10	83	performance against culture, health and wellbeing targets
OpenSans	10	86	Recommendation 12: Consider emotional intelligence and performance against Agree
OpenSans	10	87	wellbeing targets in selecting leaders to promote
OpenSans	10	89	Recommendation 13: Co-design a new doctrine recognising that operational Agree
OpenSans	10	91	readiness depends on a healthy workforce
OpenSans	10	95	Australian Government Response to the Royal Commission into Defence and Veteran Suicide 15
OpenSans-Semibold	10	11	Volume 3: Military sexual violence, unacceptable behaviour and military
OpenSans-Semibold	10	12	justice
OpenSans	10	15	Recommendation 14: Understand the prevalence and effects of military sexual Agree
OpenSans	10	16	trauma and improve responses to support victims
OpenSans	10	18	Recommendation 15: Clarify definitions and processes related to Agree
OpenSans	9	20	sexual offences
OpenSans	10	22	Recommendation 16: Evaluate training on managing sexual misconduct and Agree
OpenSans	10	24	make it mandatory for all leaders
OpenSans	10	26	Recommendation 17: Prioritise the prevention of sexual misconduct in the ADF Agree
OpenSans	10	28	Recommendation 18: Strengthen workplace protections during sexual Agree
OpenSans	9	30	misconduct investigations
OpenSans	10	32	Recommendation 19: Protect victims of sexual misconduct from disadvantage Agree
OpenSans	10	34	over the course of their careers
OpenSans	10	36	Recommendation 20: Amend the legislation related to sentencing perpetrators Agree
OpenSans	9	38	of military sexual offences
OpenSans	10	40	Recommendation 21: Implement a ‘presumption’ of discharge for ADF Agree
OpenSans	10	41	members found to have engaged in certain forms of sexual misconduct
OpenSans	10	44	Recommendation 22: Adopt a policy of mandatory discharge for ADF members Agree
OpenSans	10	45	convicted of sexual and related offences
OpenSans	10	47	Recommendation 23: Record convictions of sexual offences in ADF records and Agree
OpenSans	10	49	civilian criminal records
OpenSans	10	51	Recommendation 24: Annually publish anonymised data on outcomes of all Agree
OpenSans	10	53	incidents of sexual misconduct
OpenSans	10	55	Recommendation 25: Conduct a formal inquiry into military sexual Agree
OpenSans	10	57	violence in the ADF
OpenSans	10	59	Recommendation 26: Foster a strong culture of reporting Agree
OpenSans	10	60	unacceptable behaviour
OpenSans	10	63	Recommendation 27: Evaluate outcomes to ensure that Defence has Agree
OpenSans	10	64	addressed the intent behind recommendations
OpenSans	10	66	Recommendation 28: Coordinate governance, assurance and policy functions Agree
OpenSans	10	68	of the military justice system
OpenSans	10	70	Recommendation 29: Establish a new role to improve training and Agree
OpenSans	10	72	communication on conducting inquiries
OpenSans	10	74	Recommendation 30: Prioritise the Inspector-General’s inquiry into the Agree
OpenSans	10	76	weaponisation of the administrative system
OpenSans	10	78	Recommendation 31: Consider how mental health may contribute to poor Agree
OpenSans	10	79	conduct before recommending administrative termination
OpenSans	10	82	Recommendation 32: When requested, conduct a merits review when a Agree
OpenSans	10	83	member’s service is terminated for the reason ‘retention-not-in-service-interest’
OpenSans	10	86	Recommendation 33: Seek to understand whether/how involvement in military Agree
OpenSans	10	87	justice processes contributes to adverse outcomes
OpenSans	10	89	Recommendation 34: Prioritise the review into the regulations governing court Agree
OpenSans	10	91	martial panels
OpenSans	10	95	16 Australian Government Response to the Royal Commission into Defence and Veteran Suicide
OpenSans	10	11	Recommendation 35: Determine whether support mechanisms for members Agree
OpenSans	9	12	involved with military justice processes are effective
OpenSans	10	15	Recommendation 36: Trial a model outside the chain of command for Agree
OpenSans	10	16	supporting members involved in military justice processes
OpenSans	10	18	Recommendation 37: Develop a charter of minimum standards for all Agree
OpenSans	9	20	members involved in military justice processes
OpenSans	10	22	Recommendation 38: Improve governance processes related to accountability Agree
OpenSans	10	24	and continuous improvement
OpenSans	10	26	Recommendation 39: Address risk factors for suicide and suicidality and report Agree
OpenSans	9	28	on progress as part of enterprise-level risk management
OpenSans	10	30	Recommendation 40: Improve governance mechanisms from the unit level to Agree
OpenSans	10	32	the enterprise level
OpenSans	10	34	Recommendation 41: Build project-management capability so that reform Agree
OpenSans	9	35	initiatives are successful
OpenSans	10	38	Recommendation 42: Ensure that future Inspectors-General of the ADF will not Note
OpenSans	10	39	have served in the ADF
OpenSans	10	41	Recommendation 43: Allow the IGADF to make recruitment decisions for the Agree
OpenSans	10	43	staffing of their office
OpenSans	10	45	Recommendation 44: Ensure that staff of the office of the IGADF have the Agree
OpenSans	10	47	necessary skills, expertise and qualifications
OpenSans	10	49	Recommendation 45: Improve transparency and accountability of the IGADF by Agree
OpenSans	10	51	increasing their reporting requirements
OpenSans	10	53	Recommendation 46: Ensure staff of the IGADF are trained in trauma- Agree
OpenSans	10	54	informed practice
OpenSans	10	57	Recommendation 47: The IGADF to inquire into all deaths of serving members Agree
OpenSans	10	58	unless suicide can be excluded as the cause of death
OpenSans	10	60	Recommendation 48: When a member dies by suicide, appoint a legal officer to Agree
OpenSans	10	62	represent the interests of the deceased and support the next of kin
OpenSans	10	64	Recommendation 49: Minimise disclosure restrictions of IGADF inquiry reports Agree
OpenSans	10	66	and ensure they are fair and understood by the next of kin
OpenSans	10	68	Recommendation 50: Amend the scope of the IGADF’s role to inquire into Agree
OpenSans	10	70	suicide deaths of former ADF members
OpenSans	10	72	Recommendation 51: The IGADF to regularly review inquiries into suicide Agree
OpenSans	10	73	deaths to determine common themes
OpenSans	10	76	Recommendation 52: Conduct a merits review when a member’s service is Agree
OpenSans	10	77	involuntarily terminated and they submit a redress of grievance complaint
OpenSans	10	79	Recommendation 53: Give members 21 days to make a complaint after being Agree
OpenSans	10	81	notified of a decision to terminate their service
OpenSans	10	83	Recommendation 54: Improve the frequency of military justice-related audits Agree
OpenSans	10	85	conducted by the IGADF
OpenSans	10	87	Recommendation 55: Conduct an audit into Defence workplace health and Agree
OpenSans	10	89	safety risk management
OpenSans	10	95	Australian Government Response to the Royal Commission into Defence and Veteran Suicide 17
OpenSans	10	11	Recommendation 56: Improve guidance and understanding of Defence’s ‘if in Note
OpenSans	9	12	doubt, notify’ policy
OpenSans	10	15	Recommendation 57: Comcare to regularly review ADF determinations of Note
OpenSans	10	16	‘service nexus’ for suicide attempts and suspected deaths by suicide
OpenSans	10	18	Recommendation 58: Give Comcare access to the National Veterans’ Data Asset Note
OpenSans	10	21	Recommendation 59: Defence to participate in Comcare’s Psychosocial Note
OpenSans	9	22	Proactive Inspection Program
OpenSans	10	24	Recommendation 60: Improve strategies for harm prevention and early Agree
OpenSans	10	26	intervention by sharing quality data with Comcare
OpenSans-Semibold	10	28	Volume 4: Health care for serving and ex-serving members
OpenSans-Semibold	10	31	Recommendation 61: Establish a brain injury program Agree-in-principle
OpenSans	10	33	Recommendation 62: Establish a research translation centre for Defence and Agree-in-principle
OpenSans	10	34	veteran health care
OpenSans	10	37	Recommendation 63: Reduce stigma and remove structural and cultural Agree
OpenSans	9	38	barriers to help seeking
OpenSans	10	40	Recommendation 64: Establish an enterprise-wide program to monitor and Agree
OpenSans	10	42	prevent physical and psychological injury
OpenSans	10	44	Recommendation 65: Improve access to, timeliness and quality of mental Agree
OpenSans	10	46	health screening and use the data effectively
OpenSans	10	48	Recommendation 66: Where possible, support injured members to be Agree
OpenSans	10	50	rehabilitated at work, within their home unit
OpenSans	10	52	Recommendation 67: Align Defence’s clinical governance framework with the Agree
OpenSans	10	53	national model framework
OpenSans	10	56	Recommendation 68: Strike the right balance between upholding Agree
OpenSans	10	57	confidentiality and disclosing information when a member is in distress
OpenSans	10	59	Recommendation 69: Improve suicide-prevention training so it is practical, Agree
OpenSans	10	61	tailored, informed by lived experience and delivered in person
OpenSans	10	63	Recommendation 70: Revise protocols for responding to suicidal crisis to be in Agree
OpenSans	10	65	line with clinical best practice
OpenSans	10	67	Recommendation 71: Increase DVA fee schedule so it is aligned with that of the Note
OpenSans	10	69	National Disability Insurance Scheme
OpenSans	10	71	Recommendation 72: Expand and strengthen healthcare services for veterans Note
OpenSans	10	73	Recommendation 73: Improve military cultural competency in health Agree
OpenSans	10	75	professions working with veterans
OpenSans	10	77	Recommendation 74: Clarify the application of the Privacy Act to veterans to Agree
OpenSans	10	79	determine whether amendments are necessary
OpenSans	10	81	Recommendation 75: Conduct an independent review of Open Arms and Agree
OpenSans	10	82	publish the report
OpenSans	10	85	Recommendation 76: Develop a postvention framework with experts and those Agree
OpenSans	10	86	with lived experience of suicide bereavement
OpenSans	10	88	Recommendation 77: Develop a suite of postvention resources in collaboration Agree
OpenSans	10	90	with stakeholders
OpenSans	10	95	18 Australian Government Response to the Royal Commission into Defence and Veteran Suicide
OpenSans-Semibold	10	11	Recommendation 78: Prevent, minimise and treat moral injury Agree-in-principle
OpenSans-Semibold	10	13	Volume 5: Transition, DVA and support for ex-serving members
OpenSans	10	15	Recommendation 79: Ensure that respect for and recognition of service are Agree
OpenSans	10	17	embedded throughout Defence and DVA
OpenSans	10	19	Recommendation 80: DVA to take responsibility for supporting members to Agree-in-principle
OpenSans	9	21	transition out of the ADF
OpenSans	10	23	Recommendation 81: DVA to fund a program to support members’ wellbeing Agree-in-principle
OpenSans	10	25	during transition to civilian life
OpenSans	10	27	Recommendation 82: Establish a consistent, locally responsive policy on Agree
OpenSans	9	28	ex-serving members’ access to bases
OpenSans	10	31	Recommendation 83 (a) and (b): Increase opportunities for members to gain Agree
OpenSans	10	32	civilian qualifications from Defence training and education
OpenSans	10	34	Recommendation 83 (c): ‘fill the gap’ between Defence and civilian training Agree-in-principle
OpenSans	10	37	Recommendation 84: Issue separating members with a reference that states Agree
OpenSans	9	38	their skills, experience and capabilities
OpenSans	10	40	Recommendation 85: Develop employment pathways for ex-serving members Agree
OpenSans	10	42	in public sector agencies
OpenSans	10	44	Recommendation 86: Ongoing funding for Veterans’ and Families’ Hubs Agree-in-principle
OpenSans	10	46	Recommendation 87: Establish a new agency to focus on veteran wellbeing Agree-in-principle
OpenSans	10	49	Recommendation 88: Develop a national funding agreement on Note
OpenSans	10	50	veterans’ wellbeing
OpenSans	10	52	Recommendation 89: Establish a national peak body for ex-service Agree-in-principle
OpenSans	10	54	organisations
OpenSans	10	56	Recommendation 90 (a): Remove the service differential for permanent Does not support
OpenSans	10	58	impairment compensation
OpenSans-Semibold	10	60	Recommendation 90 (b): Expand mental health support to all Agree-in-principle
OpenSans	10	62	reserve personnel
OpenSans	10	64	Recommendation 91: Implement combined benefits processing for all initial Agree
OpenSans	10	66	liability and permanent impairment claims
OpenSans	10	68	Recommendation 92: Review claims to DVA associated with physical and Agree
OpenSans	10	69	sexual abuse
OpenSans	10	72	Recommendation 93: Fund the Transition Medical Assessment Pilot Program Agree-in-principle
OpenSans	10	73	on an ongoing and national basis
OpenSans	10	75	Recommendation 94: Improve timeliness and reporting on information-sharing Agree
OpenSans	10	77	between Defence and DVA for claims processing
OpenSans	10	79	Recommendation 95: Support the expanded application of Agree
OpenSans	10	81	‘presumptive liability’
OpenSans	10	83	Recommendation 96: Ongoing funding for Provisional Access to Agree-in-principle
OpenSans	9	85	Medical Treatment
OpenSans	10	87	Recommendation 97: Consider giving the Veteran Payment to more veterans Agree-in-principle
OpenSans	10	88	with physical health conditions
OpenSans	10	95	Australian Government Response to the Royal Commission into Defence and Veteran Suicide 19
OpenSans	10	11	Recommendation 98: Strengthen DVA performance targets for claims Agree-in-principle
OpenSans	9	12	processing timeframes, and improve transparency
OpenSans	10	15	Recommendation 99: Improve compensation advocacy by funding Agree-in-principle
OpenSans	10	16	professional, paid advocates
OpenSans	10	18	Recommendation 100: Improve the transparency, accountability and Agree-in-principle
OpenSans	9	20	effectiveness of the Department of Veterans’ Affairs rehabilitation program
OpenSans	10	22	Recommendation 101 (a): Enable veterans to choose their rehabilitation Note
OpenSans	10	24	provider and to self-manage their budget for approved household assistance
OpenSans	9	25	on an opt-in basis
OpenSans	10	28	Recommendation 101 (b): Reimburse veterans for travel costs to see their Agree
OpenSans	10	29	preferred healthcare providers
OpenSans-Semibold	10	32	Volume 6: Families, data and research, and establishing a new entity
OpenSans	10	34	Recommendation 102: Implement and improve upon the Defence Strategy for Agree
OpenSans	10	35	Preventing and Responding to Family and Domestic Violence
OpenSans	10	38	Recommendation 103: Improve the support, communication and services Agree
OpenSans	10	39	provided to Defence families
OpenSans	10	41	Recommendation 104: Improve the profile, resourcing and impact of the Agree
OpenSans	10	43	Defence Family Advocate
OpenSans	10	45	Recommendation 105: Improve coordination with coroners and the National Note
OpenSans	10	47	Coronial Information System
OpenSans	10	49	Recommendation 106: Establish a suicide database of serving and Agree-in-principle
OpenSans	10	51	ex-serving members
OpenSans	10	53	Recommendation 107: Establish the National Veterans’ Data Asset Note
OpenSans	10	55	Recommendation 108: Ensure that all relevant jurisdictions and entities Note
OpenSans	10	57	regularly provide data to the National Veterans’ Data Asset
OpenSans	10	59	Recommendation 109: Defence to report annually on its progress towards Agree
OpenSans	10	60	data maturity
OpenSans	10	63	Recommendation 110: Review Defence’s data assets and address issues with Note
OpenSans	10	64	their quality, management, integration and use
OpenSans	10	66	Recommendation 111: Achieve a ‘gold standard’ rating for Defence datasets Note
OpenSans	10	68	related to suicidality and suicide
OpenSans	10	70	Recommendation 112: Include data on suicide and suicidality in the Agree
OpenSans	10	72	enterprise-wide Defence data catalogue
OpenSans	10	74	Recommendation 113: Ensure commanding officers access and use quality Note
OpenSans	10	76	data for continuous improvement of wellbeing metrics
OpenSans	10	78	Recommendation 114: Defence and DVA to prioritise research into veteran Agree
OpenSans	10	80	health and wellbeing, and publish their workplans
OpenSans	10	82	Recommendation 115: Defence and DVA to publish their research into veteran Agree
OpenSans	10	83	health and wellbeing
OpenSans	10	86	Recommendation 116: Improve the quality, evaluation, translation and sharing Agree-in-principle
OpenSans	10	87	of research findings
OpenSans	10	89	Recommendation 117: Establish an expert committee on veteran research Agree
OpenSans	10	95	20 Australian Government Response to the Royal Commission into Defence and Veteran Suicide
OpenSans	10	11	Recommendation 118 (a): Continue the existing Census question on ADF Agree
OpenSans	9	12	service in 2026 and in future censuses
OpenSans	10	15	Recommendation 118 (b): Direct the ABS to include an additional question on Note
OpenSans	10	16	year of separation for ex-serving members in the Census
OpenSans	10	18	Recommendation 119: Improve understanding of veteran health by adding Agree-in-principle
OpenSans	9	20	questions to Australian Bureau of Statistics surveys
OpenSans	10	22	Recommendation 120: Increase funding for research into veteran health Note
OpenSans	10	24	and wellbeing
OpenSans	10	26	Recommendation 121: Enable research into the health and wellbeing of Note
OpenSans	9	28	Defence families
OpenSans	10	30	Recommendation 122: Establish a new statutory entity to oversee system Agree
OpenSans	10	32	reform across the whole Defence ecosystem
OpenSans	10	95	Australian Government Response to the Royal Commission into Defence and Veteran Suicide 21
RobotoSlab-Regular	21	24	Australian Government Response
RobotoSlab-Regular	21	27	to Recommendations
OpenSans	10	95	22 Australian Government Response to the Royal Commission into Defence and Veteran Suicide
RobotoSlab-Regular	15	12	Volume 1: Recommendations and the fundamentals
OpenSans-Semibold	14	18	Recommendation 1: Improve the capacity of future royal
OpenSans-Semibold	14	20	commissions to undertake their inquiries
OpenSans	9	24	To enable the efficient operation of future royal commissions:
OpenSans	10	26	(a) the Australian Government should amend the Royal Commissions Act 1902 (Cth) so there are
OpenSans	10	28	meaningful consequences for non-compliance with a compulsory notice
OpenSans	10	30	(b) the Australian Government should undertake measures to ensure that royal commissions
OpenSans	9	32	benefit from more independent representation in government, either by:
OpenSans	10	34	(i) setting up protocols that limit the engagement of the Royal Commissions Branch of the
OpenSans	10	35	Attorney-General’s Department with the Australian Government Solicitor (AGS), or
OpenSans	10	38	(ii) moving the Royal Commissions Branch to a separate agency, for example to the
OpenSans	10	39	Department of Prime Minister and Cabinet, or:
OpenSans	10	42	(iii) setting up a liaison person or team in the Attorney-General’s Department, whose role is
OpenSans	10	43	to deal with royal commissions only
OpenSans	10	45	(c) the Australian Government should apply consistent and transparent arrangements to
OpenSans	10	47	allow royal commissions timely access to material covered by public interest immunity, and
OpenSans	10	49	consider legislative amendment to facilitate royal commissions’ access to this material
OpenSans	10	51	(d) The Attorney-General’s Department should provide settled advice and options on the
OpenSans	10	53	operation of public interest immunity, Parliamentary privilege and procedural fairness in the
OpenSans	10	54	operation of royal commissions.
RobotoSlab-Regular	15	59	Australian Government Response
OpenSans	10	63	The Government notes this recommendation.
OpenSans	10	65	This recommendation concerns the operation of the Royal Commissions Act 1902 and establishing
OpenSans	10	67	royal commissions. As there is no royal commission currently operational, the position of ‘note’
OpenSans	10	68	reflects acknowledgement of the recommendation for consideration by Government in the future,
OpenSans	10	70	should further royal commissions be established.
OpenSans	10	95	Australian Government Response to the Royal Commission into Defence and Veteran Suicide 23
RobotoSlab-Regular	15	12	Volume 2: Serving the nation, and Defence culture and
RobotoSlab-Regular	15	14	leadership
OpenSans-Semibold	14	20	Recommendation 2: Improve outcomes and access to support for
OpenSans-Semibold	14	23	recruits in ab initio training
OpenSans	10	26	Defence should improve support for all recruits in ab initio training to build resilience and embed
OpenSans	10	28	help-seeking behaviours. Developed in partnership with people with lived experience of service, the
OpenSans	9	29	model of support should:
OpenSans	10	31	(a) utilise mental health screening conducted during ab initio training (Recommendation 65) to
OpenSans	10	33	identify and provide support to proactively meet recruits’ needs
OpenSans	10	35	(b) reduce barriers to accessing timely and appropriate care, including physical health, mental
OpenSans	9	37	health, spiritual health, pastoral care and peer supports
OpenSans	10	39	(c) ensure that changes to ‘recruitment risk appetite’ do not jeopardise members’ mental and
OpenSans	10	41	physical health, including for those who enter under reduced physical fitness standards, as
OpenSans	10	42	waiver recipients or with higher psychological risk, including by:
OpenSans	10	45	(i) longitudinal tracking of health, wellbeing and safety outcomes for members from initial
OpenSans	10	46	training and throughout their Australian Defence Force career
OpenSans	10	49	(ii) with members’ consent, sharing insights about recruits’ support needs obtained
OpenSans	10	50	through recruitment processes to enable ab initio training institutions to offer relevant
OpenSans	10	52	supports proactively
OpenSans	10	54	(d) prioritise and promote postings at ab initio training institutions and ensure that instructors
OpenSans	10	56	have the resourcing, capabilities and personal attributes necessary to lead and educate
OpenSans	10	57	young people, including vulnerable individuals.
RobotoSlab-Regular	15	62	Australian Government Response
OpenSans	10	66	The Government agrees to develop a model of support to be provided to all recruits in ab
OpenSans	10	68	initio training. The model will be informed by principles of resilience, help-seeking and lived
OpenSans	10	69	experience of service.
OpenSans	10	71	The Government recognises new recruits are first exposed to Defence culture and develop their ethos
OpenSans	10	73	and future behaviours at its initial training establishments, including Duntroon and the Australian
OpenSans	10	75	Defence Force Academy. Defence needs to do the work to ensure they are safe environments for our
OpenSans	10	76	Defence recruits.
OpenSans	10	79	Defence undertakes education and training tailored to the Australian Defence Force Academy,
OpenSans	10	80	including on sexual misconduct prevention, response, reporting and support services available to
OpenSans	10	82	Trainee Officers. Defence will commence a planned trial of Squadron Support Officers who will provide
OpenSans	10	83	mentoring and support to junior Trainee Officers. Defence will design and develop a specific program
OpenSans	10	85	on healthy relationships.
OpenSans	10	95	24 Australian Government Response to the Royal Commission into Defence and Veteran Suicide
OpenSans-Semibold	14	12	Recommendation 3: Build the capability of career managers
OpenSans	10	15	Defence should build the capability of career managers to engage with and respond to member
OpenSans	9	17	needs and preferences when making posting decisions, including by:
OpenSans	10	19	(a) improving the ratio of career managers to members
OpenSans	10	21	(b) upskilling career managers to engage with vulnerable individuals through training in
OpenSans	10	23	trauma-informed approaches
OpenSans	10	25	(c) providing the training, resourcing, data and guidance for career managers to identify and
OpenSans	9	27	mitigate cumulative stressors experienced by members, including psychosocial risk such as
OpenSans	10	28	exposure to unacceptable behaviour, when making posting decisions.
RobotoSlab-Regular	15	33	Australian Government Response
OpenSans	10	37	The Government agrees to build the capability of ADF career managers and acknowledges the
OpenSans	10	39	importance of supportive and trauma-informed career managers in relation to the careers of
OpenSans	10	40	ADF personnel.
OpenSans	10	43	The Government appointed the first three star Chief of Personnel in June 2023 with responsibility
OpenSans	10	44	for increasing the effectiveness, efficiency and cohesiveness of personnel management to achieve a
OpenSans	10	46	more integrated ADF.
OpenSans	10	48	Additionally, through future improvements of the Defence Human Resources Information System,
OpenSans	10	50	career managers will have better access to a broader range of information for the selection and
OpenSans	10	51	appointment of ADF personnel.
OpenSans	10	95	Australian Government Response to the Royal Commission into Defence and Veteran Suicide 25
OpenSans-Semibold	14	11	Recommendation 4: Mitigate the adverse impacts of the posting
OpenSans-Semibold	14	13	cycle
OpenSans	10	17	Defence should take steps to mitigate the adverse impacts of the posting cycle on members and
OpenSans	9	18	their families, including:
OpenSans	10	21	(a) measures to reduce the frequency of relocation
OpenSans	10	23	(b) improved supports for members and their families moving to a new location that target
OpenSans	10	24	known stressors, such as housing, childcare and children’s education, partner/spouse
OpenSans	9	26	employment and community ties
OpenSans	10	28	(c) measures to implement greater mobility across the Australian Defence Force and flexible
OpenSans	10	30	working options
OpenSans	10	32	(d) working with state and territory governments to ensure that children of Defence personnel
OpenSans	9	34	can enrol in educational institutions without having a fixed address as a result of
OpenSans	10	35	Defence-required relocations of the family.
RobotoSlab-Regular	15	40	Australian Government Response
OpenSans	10	44	The Government agrees Defence should mitigate the adverse impacts of posting cycles on
OpenSans	10	46	members and their families as a priority.
OpenSans	10	48	The Government will consider options to trial additional measures to reduce the adverse impacts
OpenSans	10	50	of the posting cycle. This will build on the changes Defence has made in recent years to support
OpenSans	10	51	members and families including enhancements to study and education assistance, family health
OpenSans	10	53	benefits and leave arrangements including remote locality leave.
OpenSans	10	55	Examples of these recent initiatives include implementation of a five-year posting outlook which
OpenSans	10	57	provides members and their families the confidence in finding suitable education, childcare and
OpenSans	10	58	employment opportunities at their designated home base. In September 2024, Defence also began
OpenSans	10	60	a trial to allow early confirmation of rental allowance which provides more certainty and housing
OpenSans	10	62	options for personnel. Defence will continue this trial and subject to its assessment, look to roll it
OpenSans	10	63	out on an ongoing basis.
OpenSans	10	65	Additionally, the Government will make necessary changes to ensure ADF personnel who are posted
OpenSans	10	67	or deployed overseas (temporarily absent for up to three years), and their accompanying spouses,
OpenSans	10	69	have consistent access to the Government’s paid parental leave (PPL) scheme.
OpenSans	10	95	26 Australian Government Response to the Royal Commission into Defence and Veteran Suicide
OpenSans-Semibold	14	11	Recommendation 5: Support all serving members to decompress,
OpenSans-Semibold	14	13	rest and reintegrate, especially after high-risk experiences
OpenSans	10	17	Defence should:
OpenSans	10	19	(a) implement a clear and consistent framework for post-deployment supports for members
OpenSans	9	21	and their families that addresses the psychosocial aspects of reintegration. This should
OpenSans	10	22	include:
OpenSans	10	24	(i) an evidence-based approach to decompression and reintegration that allows for
OpenSans	9	26	individual needs, informed by experience in comparable industries such as emergency
OpenSans	10	28	services
OpenSans	10	30	(ii) training that addresses common issues that arise on entering and exiting operational
OpenSans	9	31	activities, which may include grief, hypervigilance, sleep issues, excess alcohol use and
OpenSans	10	33	aggression
OpenSans	10	35	(iii) with members’ consent, a handover from their commanding officer on deployment to
OpenSans	9	37	their commanding officer at home that identifies stressors experienced by the member
OpenSans	10	39	on deployment
OpenSans	10	41	(b) implement a structured and comprehensive approach to respite across the Australian
OpenSans	10	42	Defence Force (ADF) that is not limited to ‘arduous deployments’ and that addresses fatigue
OpenSans	10	44	across the workforce
OpenSans	10	46	(c) analyse data collected on high-risk experiences, including deployments, to derive lessons
OpenSans	10	48	for improved risk and fatigue management across the organisation and build a better
OpenSans	10	50	understanding of the future physical and mental health needs of ADF members and
OpenSans	10	51	veterans.
RobotoSlab-Regular	15	56	Australian Government Response
OpenSans	10	60	The Government agrees all members should be supported to decompress, rest and reintegrate,
OpenSans	10	62	especially after high-risk experiences.
OpenSans	10	64	Defence established a Mental Health and Wellbeing Branch in July 2023 to focus and strengthen
OpenSans	10	65	Defence’s approach to preventative mental health and wellbeing in response to issues being
OpenSans	10	67	identified through the Royal Commission. The Branch is focused on supporting and optimising
OpenSans	10	69	the capability of ADF personnel both pre and post deployment. The Branch will review and update
OpenSans	10	70	Defence’s Respite Policy to ensure it addresses the issues raised.
OpenSans	10	95	Australian Government Response to the Royal Commission into Defence and Veteran Suicide 27
OpenSans-Semibold	14	11	Recommendation 6: Improve the procedural fairness of the military
OpenSans-Semibold	14	13	employment classification system
OpenSans	10	17	Defence should ensure members are treated fairly when making decisions about their fitness to be
OpenSans	9	18	employed or deployed by the Australian Defence Force. To achieve this, Defence should:
OpenSans	10	21	(a) publish a guidance direction for decision-makers in the military employment classification
OpenSans	10	22	system on the requirements of procedural fairness
OpenSans	10	24	(b) ensure members may review all relevant documents before a decision is made about their
OpenSans	9	26	military employment classification and have an opportunity to make direct representations
OpenSans	10	28	to the decision-maker, including at Military Employment Classification Review Board
OpenSans	9	29	meetings.
RobotoSlab-Regular	15	34	Australian Government Response
OpenSans	10	38	The Government agrees to improve procedural fairness of the military employment classification
OpenSans	10	40	scheme by publishing guidance for decision-makers and providing members with appropriate
OpenSans	10	41	opportunities to review relevant documents.
OpenSans	10	43	The Government is committed to making the Military Employment Classification system simpler,
OpenSans	10	45	more transparent and easier to navigate, and work is already underway. The outcomes of a recent
OpenSans	10	47	internal examination of processes for the Military Employment Classification Review Board system,
OpenSans	10	48	including improving the transparency of decision-making, will be implemented to provide greater
OpenSans	10	50	procedural fairness for ADF personnel.
OpenSans	10	95	28 Australian Government Response to the Royal Commission into Defence and Veteran Suicide
OpenSans-Semibold	14	11	Recommendation 7: Increase employment opportunities within the
OpenSans-Semibold	14	13	Australian Defence Force for members who cannot be deployed
OpenSans	10	17	Defence should implement measures to increase employment opportunities within the Australian
OpenSans	9	18	Defence Force (ADF) for members who are no longer able to be deployed due to illness or injury.
OpenSans	10	20	Measures should include:
OpenSans	10	22	(a) systematic identification, within Defence workforce planning and other policies, of roles that
OpenSans	9	24	may be suitable and should be considered for members who cannot deploy
OpenSans	10	26	(b) a commitment to maximising opportunities for continuing employment of ADF members
OpenSans	10	28	who are no longer able to be deployed due to illness or injury, including by minimising
OpenSans	9	29	reliance on external service providers and contractors
OpenSans	10	31	(c) processes to measure and monitor the number of members who can and cannot be
OpenSans	10	33	deployed, and how changes in this ratio impact on, and are illustrative of, the wellbeing of
OpenSans	9	35	members.
RobotoSlab-Regular	15	40	Australian Government Response
OpenSans	10	43	The Government agrees to increase employment opportunities for members who are
OpenSans	10	45	unable to deploy.
OpenSans	10	47	ADF personnel may be unable to deploy during the course of their career for a variety of reasons.
OpenSans	10	49	Although some roles in the ADF do require deployment, many do not. Defence will maximise
OpenSans	10	51	opportunities for ADF members who are no longer able to be deployed, including systematically
OpenSans	10	52	identifying suitable roles for these members to continue their careers in the ADF.
OpenSans	10	95	Australian Government Response to the Royal Commission into Defence and Veteran Suicide 29
OpenSans-Semibold	14	11	Recommendation 8: Maximise workforce retention by addressing
OpenSans-Semibold	14	13	factors that contribute to voluntary separation
OpenSans	10	17	In the next iteration of the Defence Strategic Workforce Plan (or its equivalent), Defence should
OpenSans	9	18	specifically focus on outcomes-based retention initiatives. The plan should:
OpenSans	10	21	(a) draw on service-specific workforce experience data, monthly workforce reporting and
OpenSans	10	22	analysis of factors driving voluntary separation
OpenSans	10	24	(b) address contributors to voluntary separation, including burnout, fatigue and psychosocial
OpenSans	9	26	stress
OpenSans	10	28	(c) establish targets, with accompanying performance measures, to enable evaluation of the
OpenSans	10	30	effectiveness of retention initiatives.
OpenSans	10	32	The plan should inform the evolution of Defence’s Employee Value Proposition and be implemented
OpenSans	9	34	in alignment with the Defence Work Health and Safety Strategy.
RobotoSlab-Regular	15	39	Australian Government Response
OpenSans	10	43	The Government agrees the next iteration of the Workforce Plan, due to be released in 2026
OpenSans	10	44	alongside the National Defence Strategy, will focus on outcomes-based retention initiatives.
OpenSans	10	46	The Government recently announced the 2024 Defence Workforce Plan, which drew on a range of
OpenSans	10	48	Defence workforce experience data to understand the reasons people choose to stay and leave the
OpenSans	10	50	ADF. The Workforce Plan included measures to address Defence’s organisational culture, wellbeing
OpenSans	10	51	and support to ADF members and their families. As part of this Plan, the Government committed
OpenSans	10	53	to ensure that benefits to support member and family wellbeing are fit for purpose, and meet both
OpenSans	10	54	member and capability needs.
OpenSans	10	57	The Government also committed to short-term measures to grow the ADF and reduce workforce
OpenSans	10	58	concurrency pressures, including hollowness in the Defence Force. The Workforce Plan also
OpenSans	10	60	included the expansion of the Continuation Bonus pilot to two separate bonus offerings to ADF
OpenSans	10	62	personnel at two separate career decision points during their career. The first will be offered
OpenSans	10	63	to eligible, permanent members at the end of their initial service obligation who have served
OpenSans	10	65	a minimum of four years. The second will be offered to eligible, permanent members after a
OpenSans	10	66	minimum of seven years of service. This expansion will encourage continuation of service and
OpenSans	10	68	career progression to middle ranks in the Defence Force.
OpenSans	10	95	30 Australian Government Response to the Royal Commission into Defence and Veteran Suicide
OpenSans-Semibold	14	11	Recommendation 9: Improve organisational culture and leadership
OpenSans-Semibold	14	13	accountability to increase member wellbeing and safety
OpenSans	10	17	The Chief of the Defence Force, Australian Defence Force (ADF) service chiefs and the Chief of
OpenSans	9	18	Personnel should agree on a suite of ADF culture targets, supported by data-driven metrics. Targets
OpenSans	10	20	should be outcomes-based and time-bound. At a minimum, targets should be developed for the
OpenSans	9	21	following cultural priorities:
OpenSans	10	24	(a) safety, health and wellbeing, with a focus on psychosocial safety
OpenSans	10	26	(b) unacceptable behaviour and sexual misconduct, with a focus on removing barriers to
OpenSans	10	28	reporting and improving complaints management
OpenSans	10	30	(c) senior leadership accountability.
OpenSans	10	32	The annual culture report should be publicly available and report on each service’s progress against
OpenSans	9	34	culture targets, as well as ADF-wide results.
RobotoSlab-Regular	15	39	Australian Government Response
OpenSans	10	43	The Government agrees to improve Defence’s organisational culture and leadership accountability
OpenSans	10	44	to increase member wellbeing and safety.
OpenSans	10	46	The National Defence Strategy recognises that culture is fundamental to achieving the Defence
OpenSans	10	48	mission and implementing the strategy. In addition to the overarching responsibility of the Chief of
OpenSans	10	50	the Defence Force and the Secretary of Defence, each Service Chief and Group Head is accountable
OpenSans	10	51	for the culture of their organisations. The Government will improve Defence’s surveys and ensure it
OpenSans	10	53	uses them to produce actionable insights, including an annual culture report.
OpenSans	10	55	The Government amended the Defence Act 1903 so that it now includes provisions similar to those
OpenSans	10	57	in the Fair Work Act 2009 and to implement recommendations of the Respect@Work Report. These
OpenSans	10	58	amendments will allow ADF personnel and APS employees to make reports outside of their chain of
OpenSans	10	60	command to stop sexual harassment. This was an unprecedented amendment to include Defence
OpenSans	10	62	Personnel as a group of people who have access to Fair Work provisions.
OpenSans	10	64	The Government remains committed to implementing recommendations from this report, to
OpenSans	10	65	improve organisational culture and leadership accountability to increase member wellbeing and
OpenSans	10	67	safety. This work will continue with urgency.
OpenSans	10	95	Australian Government Response to the Royal Commission into Defence and Veteran Suicide 31
OpenSans-Semibold	14	11	Recommendation 10: Develop service-specific action plans to
OpenSans-Semibold	14	13	implement the Defence Respect@Work Framework
OpenSans	10	17	The Australian Human Rights Commission should undertake an independent assessment of the
OpenSans	9	18	extent to which underlying drivers, risk and protective factors in the Defence Respect@Work
OpenSans	10	20	Framework are present in each service, and recommend actions to address gaps and known risks.
OpenSans	10	22	Following these recommendations, Navy, Army and Air Force should develop service-specific action
OpenSans	9	24	plans for the Defence Respect@Work Framework, including implementation timeframes, to be
OpenSans	10	25	approved by the Minister for Defence and the Minister for Defence Personnel.
RobotoSlab-Regular	15	30	Australian Government Response
OpenSans	10	34	The Government agrees-in-principle to this recommendation. The Australian Human Rights
OpenSans	9	36	Commission (AHRC) will work with Defence to assess the extent to which underlying drivers, risk and
OpenSans	10	37	protective factors in the Defence Respect@Work Framework are present in each Service, allowing
OpenSans	9	39	Defence to develop service-specific action plans for the Framework.
OpenSans	10	41	These new action plans will extend beyond the three Services to include all Groups in Defence
OpenSans	10	43	and is an important next step to making this overarching Framework relevant to each Service.
OpenSans	10	44	The Government is committed to AHRC independently assessing Defence’s application of
OpenSans	10	46	the Framework.
OpenSans	10	95	32 Australian Government Response to the Royal Commission into Defence and Veteran Suicide
OpenSans-Semibold	14	11	Recommendation 11: Assess Australian Defence Force leaders
OpenSans-Semibold	14	13	based on upward feedback and performance against culture, health
OpenSans-Semibold	14	15	and wellbeing targets
OpenSans	10	19	Defence should amend the annual performance appraisals of Australian Defence Force (ADF)
OpenSans	9	20	leaders (from the rank of Colonel to the rank of General, and equivalents) to include upward
OpenSans	10	22	feedback from their direct reports, and assessment against outcomes-based targets related to
OpenSans	9	24	culture, health and wellbeing.
OpenSans	9	26	At a minimum, Defence should develop outcomes-based targets for leaders for the following
OpenSans	10	27	domains and metrics:
OpenSans	10	30	(a) safety, health and wellbeing
OpenSans	10	32	(i) psychological safety climate, based on the new Values and Behaviours Survey metrics
OpenSans	9	34	related to managers and commanders
OpenSans	10	36	(b) gender equality
OpenSans	9	38	(i) difference in cultural reporting between men and women (KPI 11 metrics, Women in the
OpenSans-Italic	10	40	ADF Report)
OpenSans	10	42	(ii) women feel equally included (KPI 13 Metrics, Women in the ADF Report)
OpenSans	10	44	(c) reporting and management of unacceptable behaviour
OpenSans	10	47	(i) level of under-reporting of unacceptable behaviour and sexual misconduct (reported
OpenSans	10	48	separately and disaggregated by gender)
OpenSans	10	51	(ii) satisfaction with management of unacceptable behaviour and sexual misconduct
OpenSans	10	52	(reported separately and disaggregated by gender).
RobotoSlab-Regular	15	57	Australian Government Response
OpenSans	10	61	The Government agrees Defence will assess its ADF leaders based on upwards feedback and
OpenSans	10	63	performance against culture, health and wellbeing targets.
OpenSans	10	65	Defence is developing an integrated workplace behaviours, culture and integrity reporting capability
OpenSans	10	66	to be tested in early 2025. The integrated reporting capability will include reporting on sexual
OpenSans	10	68	misconduct and unacceptable behaviour. The capability will draw on wider government integrity
OpenSans	10	70	measures from the Australian Public Service Commission and will expand to include workplace
OpenSans	10	71	surveys data.
OpenSans	10	95	Australian Government Response to the Royal Commission into Defence and Veteran Suicide 33
OpenSans-Semibold	14	11	Recommendation 12: Consider emotional intelligence and
OpenSans-Semibold	14	13	performance against wellbeing targets in selecting leaders to
OpenSans-Semibold	14	15	promote
OpenSans	10	19	The Australian Defence Force should strengthen its leadership selection and promotion process by:
OpenSans	10	21	(a) assessing a candidate’s performance against culture, health and wellbeing targets (see
OpenSans	9	23	Recommendation 11) as part of the ‘fit and proper person’ check for leadership and
OpenSans	10	24	command selection and promotion
OpenSans	10	27	(b) including psychometric testing, particularly emotional intelligence measurement, as part of
OpenSans	9	28	the command selection framework, based on command-assessment programs in the United
OpenSans	10	30	Kingdom and the United States.
RobotoSlab-Regular	15	35	Australian Government Response
OpenSans	10	39	The Government agrees to consider emotional intelligence and performance against wellbeing
OpenSans	10	40	targets in selecting leaders to promote.
OpenSans	10	42	The Government will continue to strengthen the selection of ADF leaders. The introduction of the fit
OpenSans	10	44	and proper person test has contributed to a greater focus on the culture of Defence’s leaders when
OpenSans	10	46	assessing their suitability for promotion and selection for command positions.
OpenSans	10	95	34 Australian Government Response to the Royal Commission into Defence and Veteran Suicide
OpenSans-Semibold	14	11	Recommendation 13: Co-design a new doctrine recognising that
OpenSans-Semibold	14	13	operational readiness depends on a healthy workforce
OpenSans	10	17	Defence should convene a select panel to co-design a new doctrine on ‘people, capability and
OpenSans	9	18	service’ with Australian Defence Force (ADF) members.
OpenSans	9	21	The doctrine should make it clear that Australia’s military capability and operational readiness
OpenSans	10	22	depend on having a physically and mentally healthy workforce, where prevention, early intervention
OpenSans	9	24	and recovery are not in opposition to values of service and sacrifice, but are essential for these
OpenSans	10	25	values to be expressed in a sustainable way that serves our nation’s interest.
OpenSans	10	28	The select panel should:
OpenSans	10	30	(a) consist of ex-serving members and represent experience at both the commissioned and
OpenSans	9	31	non-commissioned officer ranks, across Navy, Army and Air Force
OpenSans	10	34	(b) undertake a co-design process including representation from a broad range of age groups,
OpenSans	10	35	ranks, bases and services, and maximise involvement of members who have experienced
OpenSans	9	37	physical and mental health issues
OpenSans	10	39	(c) present the new doctrine on ‘people, capability and service’ to the Chief of Personnel and the
OpenSans	10	41	Chief of the Defence Force for endorsement by no later than December 2026
OpenSans	10	43	(d) identify any other single-service or ADF cultural norms, symbols, systems, policies or
OpenSans	10	45	processes identified by members or commanding officers as barriers to the prioritisation of
OpenSans	10	46	member health and wellbeing, and suggest changes in a report to the Minister for Defence
OpenSans	10	48	and the Minister for Defence Personnel.
RobotoSlab-Regular	15	53	Australian Government Response
OpenSans	10	57	The Government agrees to co-design a new doctrine recognising that operational readiness
OpenSans	10	58	depends on a healthy workforce. The new doctrine will be released in 2026 alongside the next
OpenSans	10	60	iteration of the Workforce Plan and the National Defence Strategy.
OpenSans	10	62	The Government recognises that people are Defence’s most important asset. Defence must evolve
OpenSans	10	64	its culture to underpin the significant reform required to deliver the National Defence Strategy,
OpenSans	10	65	including supporting the physical and mental health and wellbeing of its workforce. Defence has
OpenSans	10	67	continued to improve health services and support by expanding funds and services available under
OpenSans	10	69	the ADF Family Health Benefit program from 1 July 2023. This included doubling the allowances per
OpenSans	10	70	dependent per year, and expanding the services eligible for reimbursements to ADF personnel, to
OpenSans	10	72	include improved access and support for healthy diets, physical activity and cancer screening.
OpenSans	10	95	Australian Government Response to the Royal Commission into Defence and Veteran Suicide 35
RobotoSlab-Regular	15	12	Volume 3: Military sexual violence, unacceptable behaviour
RobotoSlab-Regular	15	14	and military justice
OpenSans-Semibold	14	20	Recommendation 14: Understand the prevalence and effects of
OpenSans-Semibold	14	23	military sexual trauma and improve responses to support victims
OpenSans	9	26	The Australian Government should commission independent research on the prevalence of military
OpenSans	10	28	sexual trauma among serving and ex-serving Australian Defence Force (ADF) members. This
OpenSans	9	29	research should examine:
OpenSans	10	31	(a) the link between sexual misconduct and suicide and suicidality, other impacts experienced
OpenSans	10	33	during service, and specific needs of victims at the time of transition, and benchmark the ADF
OpenSans	9	35	response with best practice approaches to inform recommendations for improvements
OpenSans	10	37	(b) the terminology ‘sexual misconduct’ used by the ADF, compared to ‘military sexual trauma
OpenSans	10	38	and violence’, and the impact of terminology on victims.
RobotoSlab-Regular	15	43	Australian Government Response
OpenSans	10	47	The Government agrees to research the prevalence and effects of military sexual trauma and
OpenSans	10	49	improve responses to support victims, including use of appropriate terminology.
OpenSans	10	95	36 Australian Government Response to the Royal Commission into Defence and Veteran Suicide
OpenSans-Semibold	14	11	Recommendation 15: Clarify definitions and processes related to
OpenSans-Semibold	14	13	sexual offences
OpenSans	10	17	Defence should amend its Complaints and Resolutions Manual to:
OpenSans	10	19	(a) include definitions of sexual offences aligned with the Crimes Act 1900 (ACT) sexual offence
OpenSans	9	21	provisions, that clearly describe the types of behaviours and actions that constitute each
OpenSans	10	22	offence
OpenSans	10	24	(b) provide clear and explicit instructions that managers and commanders who receive a report
OpenSans	9	26	of sexual misconduct should consult with the Joint Military Police Unit to determine whether
OpenSans	10	28	the conduct constitutes an offence, before taking any further action.
RobotoSlab-Regular	15	33	Australian Government Response
OpenSans	10	36	The Government agrees to clarify definitions and processes related to sexual offences.
OpenSans	10	39	Proactive initiatives to prevent sexual misconduct create workplaces that are safer and more
OpenSans	10	40	productive. All Defence personnel receive training to raise awareness of the issue of sexual
OpenSans	10	42	misconduct and to help commanders, managers and teams to manage an incident if it should occur.
OpenSans	10	43	In October 2024, Defence updated its guidance to clarify the need for Joint Military Police Unit to be
OpenSans	10	45	consulted to determine whether an incident constitutes an offence. Defence will update its guidance
OpenSans	10	47	to include definitions of sexual offences aligned with the Crimes Act 1900.
OpenSans	10	95	Australian Government Response to the Royal Commission into Defence and Veteran Suicide 37
OpenSans-Semibold	14	11	Recommendation 16: Evaluate training on managing sexual
OpenSans-Semibold	14	13	misconduct and make it mandatory for all leaders
OpenSans	10	17	Defence should commission an independent evaluation of the Sexual Misconduct Incident
OpenSans	9	18	Management Workshop as a matter of priority. Following any required improvements identified
OpenSans	10	20	by this evaluation, sexual misconduct incident management training should be mandatory for all
OpenSans	9	21	commanders and managers.
RobotoSlab-Regular	15	26	Australian Government Response
OpenSans	10	30	The Government agrees to evaluate training on managing sexual misconduct and make the training
OpenSans	9	32	mandatory for all leaders.
OpenSans	9	34	There is no place for sexual misconduct in Defence. Mandatory sexual misconduct education seeks
OpenSans	10	36	to equip Defence personnel with the understanding they need to prevent, respond to and report
OpenSans	9	37	incidents of sexual misconduct.
OpenSans	10	40	Defence will evaluate its Sexual Misconduct Workshops and continue to develop its mandatory
OpenSans	10	41	education on sexual misconduct for all Defence employees. Defence’s mandatory training currently
OpenSans	10	43	includes modules on which unacceptable behaviours constitute sexual misconduct, pathways for
OpenSans	10	44	disclosing or reporting sexual misconduct, consent, and how to respond to disclosures. Enhancing
OpenSans	10	46	and modernising Defence’s established sexual misconduct education program ensures an
OpenSans	10	48	enterprise-wide approach to sexual misconduct education.
OpenSans	10	95	38 Australian Government Response to the Royal Commission into Defence and Veteran Suicide
OpenSans-Semibold	14	11	Recommendation 17: Prioritise the prevention of sexual
OpenSans-Semibold	14	13	misconduct in the Australian Defence Force
OpenSans	10	17	The Australian Defence Force should develop a comprehensive sexual misconduct prevention
OpenSans	9	18	strategy that includes primary prevention and early intervention, as well as targeted behaviour
OpenSans	10	20	change programs for perpetrators of sexual misconduct.
OpenSans	10	22	The strategy should be:
OpenSans	10	24	(a) developed in partnership with the Australian Human Rights Commission and Our Watch,
OpenSans	9	26	include specific actions for implementation, including timeframes, and be tailored to the ADF
OpenSans	10	28	context
OpenSans	10	30	(b) submitted to the Minister for Defence and the Minister for Defence Personnel for
OpenSans	9	31	endorsement, and published on the Defence website.
RobotoSlab-Regular	15	37	Australian Government Response
OpenSans	10	40	The Government agrees to prioritise the prevention of sexual misconduct in the ADF which will
OpenSans	10	42	include the development of a comprehensive sexual misconduct prevention strategy.
OpenSans	10	44	The Government will invest in efforts aimed at sexual misconduct prevention in the ADF. A
OpenSans	10	46	comprehensive sexual misconduct prevention strategy will unify Defence’s approach to prevention,
OpenSans	10	47	detection and response to sexual misconduct. The strategy will include a commitment from
OpenSans	10	49	leadership to build awareness and seek to prevent sexual misconduct through early intervention
OpenSans	10	51	and the management of complaints. Defence will develop the strategy and its policy on
OpenSans	10	52	prevention of sexual misconduct to align with the National Plan to End Violence against Women and
OpenSans-Italic	10	54	Children (2022-32).
OpenSans	10	95	Australian Government Response to the Royal Commission into Defence and Veteran Suicide 39
OpenSans-Semibold	14	11	Recommendation 18: Strengthen workplace protections during
OpenSans-Semibold	14	13	sexual misconduct investigations
OpenSans	10	17	The Australian Defence Force should develop a dedicated policy that applies when sexual
OpenSans	9	18	misconduct incident investigations are underway in the administrative, disciplinary or civilian justice
OpenSans	10	20	systems.
OpenSans	10	22	The policy should:
OpenSans	10	24	(a) provide that the commanding officer must immediately apply one of the following interim
OpenSans	9	26	actions to the alleged perpetrator, neither of which imply any finding of guilt or wrongdoing:
OpenSans	10	28	(i) amend their work arrangements to ensure no contact between the victim and
OpenSans	10	30	the alleged perpetrator (depending on the nature of the work, this may require
OpenSans	9	31	re-assignment to a different location), noting that the arrangement must not restrict
OpenSans	10	33	the victim from accessing any common areas
OpenSans	10	35	(ii) allow suspension with pay
OpenSans	10	38	(b) ensure that the commanding officer’s decision must be informed by a comprehensive risk
OpenSans	10	39	assessment of the safety, health and wellbeing of the victim, the alleged perpetrator and the
OpenSans	10	41	broader workplace, with the reasons for the decision being recorded
OpenSans	10	43	(c) ensure that interim actions are reviewed on a regular basis until the matter has been
OpenSans	10	45	resolved through both the disciplinary (or criminal) and administrative systems.
OpenSans	10	47	The policy should not preclude the commanding officer from:
OpenSans	10	49	(d) suspending an alleged perpetrator without pay (either in full or part), in accordance with the
OpenSans	10	51	Defence Force Discipline Act 1982 (Cth) and the Defence Force Regulation 2016
OpenSans	10	53	(e) taking any additional interim actions as necessary.
RobotoSlab-Regular	15	58	Australian Government Response
OpenSans	10	62	The Government agrees to prioritise strengthening workplace protections during sexual misconduct
OpenSans	10	64	investigations, including through a dedicated policy for when investigations are underway in the
OpenSans	10	65	administrative, disciplinary or civilian justice systems.
OpenSans	10	67	This policy on workplace protections during sexual misconduct investigations will provide for
OpenSans	10	69	the immediate amendment of work arrangements to ensure no contact between the victim and
OpenSans	10	71	alleged perpetrator. The Government will make necessary legislative amendments to enable ADF
OpenSans	10	72	members to be suspended with pay (while not precluding suspension without pay) with appropriate
OpenSans	10	74	safeguards, when they are subject to an investigation or inquiry.
OpenSans	10	76	All workplaces should be safe, inclusive and free from harassment, discrimination and other
OpenSans	10	78	unlawful behaviours. Defence has implemented Stop Sexual Harassment directions, which mirror
OpenSans	10	79	those introduced by the Government’s Respect@Work legislation. The Government also expanded
OpenSans	10	81	the jurisdiction of the Fair Work commission to receive stop work applications from defence
OpenSans	10	83	personnel if they have exhausted internal processes.
OpenSans	10	85	As an interim measure in November 2024, the Chief of the Defence Force issued an interim Directive
OpenSans-Italic	10	86	‘Consideration of Suspension from Duty and Involuntary Separation of ADF Members Alleged to have
OpenSans	10	88	Engaged in Serious Misconduct’ aimed at ensuring more consistent decision-making by setting out a
OpenSans	10	90	process and providing guidance for the management of certain offences including sexual offences.
OpenSans	10	95	40 Australian Government Response to the Royal Commission into Defence and Veteran Suicide
OpenSans-Semibold	14	11	Recommendation 19: Protect victims of sexual misconduct from
OpenSans-Semibold	14	13	disadvantage over the course of their careers
OpenSans	10	17	To ensure there are no inadvertent career consequences for victims of sexual misconduct and to
OpenSans	9	18	support the safety of victims over the course of their careers, Defence should:
OpenSans	10	21	(a) develop a neutral label to signify where a change in working hours, or a short-notice or
OpenSans	10	22	out-of-cycle posting, has occurred to protect a member’s health and wellbeing, in a way that
OpenSans	9	24	protects individual privacy and clearly signals that no career penalty should apply. Similar
OpenSans	10	25	amendments should be made to the military employment classification system and in
OpenSans	9	27	guidance to promotions boards
OpenSans	10	29	(b) report to the Minister for Defence Personnel by no later than 30 June 2025 on whether
OpenSans	10	31	career management, human resources and Defence housing systems have been updated to
OpenSans	9	32	ensure victims of sexual misconduct are not posted with their perpetrator/s over the course
OpenSans	10	34	of their career.
RobotoSlab-Regular	15	39	Australian Government Response
OpenSans	10	43	The Government agrees victims of sexual misconduct should be protected from disadvantage over
OpenSans	10	44	the course of their careers.
OpenSans	10	47	The Government strengthened protections for employees who have been, or are being, subjected to
OpenSans	10	48	family and domestic violence from discrimination in the workplace through amendments to the Fair
OpenSans	10	50	Work Act 2009 in 2023 and 2024. These were applied to Defence and the ADF.
OpenSans	10	52	The Government agrees that victims of sexual misconduct should not be posted with their
OpenSans	10	54	perpetrator/s over the course of their career in the ADF where possible and appropriate. Defence
OpenSans	10	55	will report to the Minister for Defence Personnel on how career management, human resources and
OpenSans	10	57	Defence housing systems have been updated to ensure this.
OpenSans	10	95	Australian Government Response to the Royal Commission into Defence and Veteran Suicide 41
OpenSans-Semibold	14	11	Recommendation 20: Amend the legislation related to sentencing
OpenSans-Semibold	14	13	perpetrators of military sexual offences
OpenSans	10	17	The Australian Government should amend Section 70 of the Defence Force Discipline Act 1982 (Cth)
OpenSans	9	18	to:
OpenSans	10	21	(a) expressly require service tribunals to consider the impact of a sexual offence on the victim
OpenSans	10	22	as a factor during sentencing, including a victim impact statement if one has been made, and
OpenSans	9	24	allow the victim to read their statement aloud if they choose to do so, in a closed or open
OpenSans	10	25	court
OpenSans	10	28	(b) make it clear that if an offender is of higher rank than a victim, this should be considered an
OpenSans	9	29	aggravating factor for the purpose of sentencing.
OpenSans	9	31	The Australian Defence Force Chief Judge Advocate should amend Practice Note 6 – Part IV
OpenSans	10	33	Sentencing to require the prosecution counsel to invite victims to make a victim impact statement
OpenSans	9	35	for consideration by the service tribunal during sentencing.
RobotoSlab-Regular	15	40	Australian Government Response
OpenSans	10	43	The Government agrees the impact of a sexual offence on the victim, and the comparative ranks of
OpenSans	10	45	the offender and victim, should be considered in sentencing.
OpenSans	10	47	The Government will seek to make necessary legislative amendments to achieve this, including to
OpenSans	10	49	the Defence Force Discipline Act 1982 (Cth). In September 2024, the Australian Defence Force Chief
OpenSans	10	51	Judge Advocate amended Practice Note 6 – Part IV Sentencing to require the prosecution counsel
OpenSans	10	52	to invite victims to make a victim impact statement for consideration by the service tribunal
OpenSans	10	54	during sentencing.
OpenSans	10	95	42 Australian Government Response to the Royal Commission into Defence and Veteran Suicide
OpenSans-Semibold	14	11	Recommendation 21: Implement a ‘presumption’ of discharge
OpenSans-Semibold	14	13	for Australian Defence Force members found to have engaged in
OpenSans-Semibold	14	15	certain forms of sexual misconduct
OpenSans	10	19	The Chief of the Defence Force should issue a directive providing for a presumption that anyone
OpenSans	9	20	in the Australian Defence Force (ADF) who is found to have engaged in certain forms of sexual
OpenSans	10	22	misconduct will be discharged.
OpenSans	10	24	(a) The directive should apply to specified forms of sexual misconduct including, but not limited
OpenSans	9	26	to, sexual harassment, sexual offences, related offences including intimate image abuse,
OpenSans	10	27	stalking, and any other offence involving conduct of a sexual nature against an ADF member
OpenSans	9	29	including prejudicial conduct, assault and obscene conduct.
OpenSans	10	31	(b) The standard of proof is the balance of probabilities. For the directive to apply, there needs
OpenSans	10	33	to be a finding, either by a criminal/disciplinary tribunal or administratively by command,
OpenSans	9	35	substantiating that sexual misconduct has occurred. Where a sexual offence allegation has
OpenSans	10	36	been made but has not proceeded to prosecution, or has been prosecuted but has not
OpenSans	9	38	resulted in a conviction, the behaviour must be assessed on the balance of probabilities to
OpenSans	10	39	determine whether the directive applies.
OpenSans	10	42	(c) Procedural fairness should be afforded to the member before a decision on whether to
OpenSans	10	43	retain or discharge them is made. The directive should provide guidance on factors to be
OpenSans	10	45	taken into account by the decision-maker. The decision must be approved by the relevant
OpenSans	10	46	service chief.
OpenSans	10	49	(d) Discharge statistics related to decisions made under the directive should be provided
OpenSans	10	50	annually to the Minister for Defence and the Minister for Defence Personnel. Statistics should
OpenSans	10	52	be disaggregated by service and be accompanied by an analysis of common themes, lessons
OpenSans	10	54	learnt, and actions taken in response.
RobotoSlab-Regular	15	59	Australian Government Response
OpenSans	10	62	The Government agrees that subject to fair process the ADF will implement a presumption of
OpenSans	10	64	discharge for members found to have engaged in serious sexual misconduct.
OpenSans	10	66	All Defence personnel have a responsibility to help create a safe and respectful workplace
OpenSans	10	68	environment and culture free from sexual misconduct. This includes an understanding of what
OpenSans	10	69	constitutes sexual misconduct, prompt and sensitive actioning of reports and managing incidents
OpenSans	10	71	well when they occur.
OpenSans	10	73	Further work will be done to understand the legislative reform required to give effect to this
OpenSans	10	75	recommendation.
OpenSans	10	95	Australian Government Response to the Royal Commission into Defence and Veteran Suicide 43
OpenSans-Semibold	14	11	Recommendation 22: Adopt a policy of mandatory discharge for
OpenSans-Semibold	14	13	Australian Defence Force members convicted of sexual and related
OpenSans-Semibold	14	15	offences
OpenSans	10	19	Defence should adopt a policy of mandatory discharge for Australian Defence Force members
OpenSans	9	20	convicted of sexual and related offences (including stalking and intimate image abuse) in the
OpenSans	10	22	military and civilian criminal justice systems, subject to further legal advice on the legislative
OpenSans	9	24	barriers, if any.
RobotoSlab-Regular	15	29	Australian Government Response
OpenSans	10	32	The Government agrees that the ADF will adopt a policy of mandatory discharge for ADF members
OpenSans	9	34	convicted of sexual and related offences.
OpenSans	9	36	All Defence personnel have a responsibility to help create a safe and respectful workplace
OpenSans	10	38	environment and culture free from sexual misconduct. This includes an understanding of what
OpenSans	10	39	constitutes sexual misconduct, prompt and sensitive actioning of reports and managing incidents
OpenSans	10	41	well when they occur.
OpenSans	10	43	Further work will be done to understand the legislative reform required to give effect to this
OpenSans	10	45	recommendation.
OpenSans	10	95	44 Australian Government Response to the Royal Commission into Defence and Veteran Suicide
OpenSans-Semibold	14	11	Recommendation 23: Record convictions of sexual offences in
OpenSans-Semibold	14	13	Australian Defence Force records and civilian criminal records
OpenSans	10	17	As a matter of urgency, the Australian Government should:
OpenSans	10	19	(a) ensure the Australian Defence Force has a complete and reliable record of all serving
OpenSans	9	21	members who have been convicted of sexual offences and related offences (including
OpenSans	10	22	stalking and intimate image abuse) in civilian courts
OpenSans	10	24	(b) work with state and territory governments to ensure that civilian criminal records include
OpenSans	9	26	convictions of sexual offences and related offences (including stalking and intimate image
OpenSans-Italic	10	28	abuse) made under the Defence Force Discipline Act 1982 (Cth).
RobotoSlab-Regular	15	33	Australian Government Response
OpenSans	10	36	The Government agrees that the ADF will ensure it has a complete and reliable record of all
OpenSans	9	38	serving members’ convictions of serious crimes in civilian courts, and will record convictions of
OpenSans	10	40	sexual offences and related offences made under the Defence Force Discipline Act 1982 in civilian
OpenSans	10	41	criminal records.
OpenSans	10	43	The Government notes that the Minister for Defence has recently agreed to the policy for reporting
OpenSans	10	45	certain Service Convictions to an authority of the Commonwealth, or of a State or a Territory, for
OpenSans	10	47	purposes connected with investigating, prosecuting or keeping records in relation to offences
OpenSans	10	48	against laws of the Commonwealth, the State or the Territory. This policy ensures that Service
OpenSans	10	50	Convictions that society would expect to appear on a criminal history record apply to members of
OpenSans	10	52	the ADF, even once they leave the Defence Force.
OpenSans	10	54	The Attorney-General’s Department and the Australian Criminal Intelligence Commission have
OpenSans	10	55	been working closely with Defence to integrate Service Convictions for serious offences into the
OpenSans	10	57	National Police Reference System. This will enable Defence data to be made available for police
OpenSans	10	59	reference checks.
OpenSans	10	95	Australian Government Response to the Royal Commission into Defence and Veteran Suicide 45
OpenSans-Semibold	14	11	Recommendation 24: Annually publish anonymised data on
OpenSans-Semibold	14	13	outcomes of all incidents of sexual misconduct
OpenSans	10	17	Defence should publish data on administrative and disciplinary outcomes for all forms of sexual
OpenSans	9	18	misconduct incidents. At a minimum, this data should:
OpenSans	10	21	(a) be published on an annual basis, disaggregated by service
OpenSans	10	23	(b) identify the nature and type of all sexual misconduct incidents, including:
OpenSans	10	25	(i) the nature and type of sexual offences and related offences, including intimate image
OpenSans	10	27	abuse, stalking and relevant service offences that include sexual misconduct as an
OpenSans	9	28	element
OpenSans	10	31	(ii) other forms of sexual misconduct, including sexual harassment and sex discrimination
OpenSans	10	33	(c) include demographic information of victims and perpetrators, including age, rank and
OpenSans	10	34	gender.
RobotoSlab-Regular	15	39	Australian Government Response
OpenSans	10	43	The Government agrees to annually publish anonymised data on the administrative and disciplinary
OpenSans	10	45	outcomes of all incidents and forms of sexual misconduct, which will be disaggregated by service
OpenSans	10	46	and include the demographic information of victims and perpetrators.
OpenSans	10	95	46 Australian Government Response to the Royal Commission into Defence and Veteran Suicide
OpenSans-Semibold	14	11	Recommendation 25: Conduct a formal inquiry into military sexual
OpenSans-Semibold	14	13	violence in the Australian Defence Force
OpenSans	10	17	The Australian Government should commission an external, independent, expert inquiry into
OpenSans	9	18	military sexual violence in the Australian Defence Force (ADF), with a report that includes
OpenSans	10	20	recommendations provided to the Minister for Defence, the Minister for Defence Personnel and the
OpenSans	9	21	Attorney General, and made public.
OpenSans	9	24	The terms of reference for this inquiry should be developed in consultation with victims of sexual
OpenSans	10	25	violence in the ADF (serving and ex-serving), and at a minimum should include:
OpenSans	10	28	(a) the effectiveness of the military justice system compared to the civilian justice system in
OpenSans	9	29	receiving, investigating and adjudicating on sexual and related offences. This should include
OpenSans	10	31	an examination of the Joint Military Police Unit’s investigative powers and capability to
OpenSans	9	32	conduct sexual offence investigations; the referral of matters to civilian police; any barriers
OpenSans	10	34	faced by civilian police investigating sexual offences on ADF bases; sentencing outcomes;
OpenSans	9	36	recidivism rates; decisions not to prosecute and conviction rates
OpenSans	10	38	(b) the underlying reasons for the reduction in actions (including making a report, and agreeing
OpenSans	10	40	to reported matters being investigated) taken by victims of sexual violence, including the role
OpenSans	10	41	of alcohol and other barriers, and the adequacy of ADF policies in addressing these
OpenSans	10	43	(c) the effectiveness of anonymous reporting options including awareness, uptake and impact
OpenSans	10	45	compared to alternative approaches (including but not limited to the approach taken in the
OpenSans	10	47	United States).
OpenSans	10	49	The inquiry should have regard to all lived-experience testimony, statements, exhibits and published
OpenSans	10	50	submissions made to this Royal Commission that are related to sexual violence in the ADF.
RobotoSlab-Regular	15	56	Australian Government Response
OpenSans	10	59	The Government agrees to commission an independent inquiry into military sexual violence
OpenSans	10	61	in the ADF.
OpenSans	10	63	Sexual misconduct and unacceptable behaviour have no place in Defence. The rates of sexual
OpenSans	10	65	violence being reported in the ADF are completely unacceptable.
OpenSans	10	67	Defence will support and participate in any formal inquiries conducted into military sexual
OpenSans	10	69	violence in the ADF.
OpenSans	10	95	Australian Government Response to the Royal Commission into Defence and Veteran Suicide 47
OpenSans-Semibold	14	11	Recommendation 26: Foster a strong culture of reporting
OpenSans-Semibold	14	13	unacceptable behaviour
OpenSans	10	17	Defence should foster a strong reporting culture to:
OpenSans	10	19	(a) proactively identify at-risk locations, cohorts, ranks or roles where toxic subcultures are
OpenSans	9	21	flourishing
OpenSans	10	23	(b) implement risk mitigation strategies to address unacceptable behaviour directly in the
OpenSans	10	24	locations, cohorts, ranks or roles identified
OpenSans	10	27	(c) report publicly on identified hot spots of unacceptable behaviour and what actions have
OpenSans	9	28	been taken to address unacceptable behaviour.
RobotoSlab-Regular	15	33	Australian Government Response
OpenSans	10	37	The Government agrees that Defence will develop a stronger culture of reporting unacceptable
OpenSans	10	39	behaviour, including taking action to identify where those behaviours are occurring, and implement
OpenSans	10	40	risk mitigation strategies.
OpenSans	10	43	In addition to fostering a stronger reporting culture, Defence will improve its reporting capability
OpenSans	10	44	in consultation with the APS Commission. This reporting capability will enable the integration of
OpenSans	10	46	multiple sources of data, including complaints, to prevent, detect and respond to unacceptable
OpenSans	10	47	behaviour. The first version of this capability will be available in late 2024.
OpenSans	10	95	48 Australian Government Response to the Royal Commission into Defence and Veteran Suicide
OpenSans-Semibold	14	11	Recommendation 27: Evaluate outcomes to ensure that Defence
OpenSans-Semibold	14	13	has addressed the intent behind recommendations
OpenSans	10	17	Defence should evaluate the outcomes of actions taken to implement the recommendations made
OpenSans-Italic	10	18	by the Commonwealth Ombudsman in its review Does Defence handle unacceptable behaviour
OpenSans	10	20	complaints effectively? Defending Fairness, to ensure that the intent of the recommendations is
OpenSans	9	21	achieved.
RobotoSlab-Regular	15	26	Australian Government Response
OpenSans	10	30	The Government agrees to evaluate Defence’s implementation of the Commonwealth
OpenSans	9	32	Ombudsman’s 2023 review into its handling of unacceptable behaviour complaints.
OpenSans	9	34	In 2023, Defence accepted all the recommendations of the Commonwealth Ombudsman’s review
OpenSans-Italic	10	36	‘Defending Fairness - Does Defence handle unacceptable complaints effectively?’ A key recommendation
OpenSans	9	37	of that report was to establish a specialised, centralised trained complaints unit with quality
OpenSans	10	39	assurance at its core to ensure Defence’s policies and procedures are applied consistently and to
OpenSans	10	41	facilitate continuous improvement.
OpenSans	10	43	Defence will evaluate and report to the Government on the status of the implementation of the
OpenSans	10	44	review’s recommendations. Defence will prioritise the achievement of its intent, including the
OpenSans	10	46	establishment of a specialised, centralised trained complaints unit.
OpenSans	10	95	Australian Government Response to the Royal Commission into Defence and Veteran Suicide 49
OpenSans-Semibold	14	11	Recommendation 28: Coordinate governance, assurance and policy
OpenSans-Semibold	14	13	functions of the military justice system
OpenSans	10	17	Defence should establish a home for military justice governance, assurance and policy and provide
OpenSans	9	18	sufficient resourcing to achieve the following functions:
OpenSans	10	21	(a) monitor qualitative and quantitative data and analyse trends across the range of military
OpenSans	10	22	justice processes and outcomes
OpenSans	10	24	(b) prioritising strategies to improve military justice record-keeping and data input issues to
OpenSans	9	26	remediate data quality and facilitate analysis
OpenSans	10	28	(c) monitoring the effectiveness of implementation of recommendations from various military
OpenSans	10	30	justice reviews (including Inspector-General of the Australian Defence Force), including
OpenSans	9	31	activity and impact evaluation
OpenSans	10	34	(d) continue to define military justice metrics and align them with health and wellbeing metrics,
OpenSans	10	35	and in so doing, to:
OpenSans	10	38	(i) identify and monitor risks of misuse and abuse of military justice processes
OpenSans	10	40	(ii) track complaints and trends related to termination, offence type and investigation
OpenSans	10	42	outcomes
OpenSans	10	44	(iii) identify members who are repeatedly subject to military justice processes
OpenSans	10	46	(iv) identify officers who apply disproportionately high numbers of administrative sanctions
OpenSans	10	48	(e) establish and implement effectiveness measures for military justice reforms / key actions on
OpenSans	10	50	the Military Justice Steering Group action plan
OpenSans	10	52	(f) review current-status reporting on initiatives in line with good-practice governance principles.
RobotoSlab-Regular	15	57	Australian Government Response
OpenSans	10	61	The Government agrees to effectively coordinate the governance, assurance and policy functions of
OpenSans	10	63	the military justice system.
OpenSans	10	65	Defence will establish a new Military Justice System Assurance Branch in December 2024 to
OpenSans	10	67	coordinate these functions.
OpenSans	10	95	50 Australian Government Response to the Royal Commission into Defence and Veteran Suicide
OpenSans-Semibold	14	11	Recommendation 29: Establish a new role to improve training and
OpenSans-Semibold	14	13	communication on conducting inquiries
OpenSans	10	17	Defence should establish the Joint Workforce Capability Employment Manager as a priority, whose
OpenSans	9	18	scope of work should include:
OpenSans	10	21	(a) reviewing the effectiveness of training in how to conduct ‘fact finds’ and inquiries and
OpenSans	10	22	ensuring that trauma-informed principles are embedded throughout the training
OpenSans	10	24	(b) reviewing the effectiveness of policies and communication material related to ‘fact finds’ and
OpenSans	9	26	inquiries.
RobotoSlab-Regular	15	31	Australian Government Response
OpenSans	10	35	The Government agrees ‘fact finds’ and inquiries should be conducted in a trauma-informed
OpenSans	9	36	manner, and agrees to review the effectiveness of existing approaches to training, policies and
OpenSans	10	38	communication material accordingly.
OpenSans	10	40	The new Military Justice System Assurance Branch will include a Joint Workforce Capability
OpenSans	10	42	Employment Manager to undertake these reviews.
OpenSans	10	95	Australian Government Response to the Royal Commission into Defence and Veteran Suicide 51
OpenSans-Semibold	14	11	Recommendation 30: Prioritise the Inspector-General’s inquiry into
OpenSans-Semibold	14	13	the weaponisation of the administrative system
OpenSans	10	17	The Inspector-General of the Australian Defence Force should initiate an own-initiative inquiry into
OpenSans	9	18	the weaponisation of the military justice administrative system by the end of 2024.
OpenSans	9	21	The inquiry should consider how to improve accountability of commanders who are found to
OpenSans	10	22	misuse and abuse military justice processes. Measures to identify misuse and abuse may include
OpenSans	9	24	monitoring trends in administrative sanctions and locations, cohorts, roles or ranks found to be
OpenSans	10	25	associated with disproportionately high rates of sanctions.
RobotoSlab-Regular	15	30	Australian Government Response
OpenSans	10	34	The Government agrees the Inspector-General of the Australian Defence Force should prioritise its
OpenSans	9	36	own-initiative inquiry into the weaponisation of the administrative system.
OpenSans	10	95	52 Australian Government Response to the Royal Commission into Defence and Veteran Suicide
OpenSans-Semibold	14	11	Recommendation 31: Consider how mental health may contribute
OpenSans-Semibold	14	13	to poor conduct before recommending administrative termination
OpenSans	10	17	That it be mandatory for Defence, when recommending administrative termination of a member
OpenSans	9	18	under Section 24 (1) (c) of the Defence Regulation 2016 (Cth) ‘retention-not-in-service-interest’, to
OpenSans	10	20	consider the member’s current mental health and/or the role that mental health may have played in
OpenSans	9	21	the behaviour that attracted administrative action.
RobotoSlab-Regular	15	26	Australian Government Response
OpenSans	10	30	The Government agrees that Defence should consider how mental health may have contributed to
OpenSans	9	32	poor conduct, including when considering viable alternatives to administrative termination.
OpenSans	9	34	As an interim measure in November 2024, the Chief of the Defence Force issued an interim Directive
OpenSans-Italic	10	36	‘Consideration of Suspension from Duty and Involuntary Separation of ADF Members Alleged to have
OpenSans	10	37	Engaged in Serious Misconduct’ that includes a requirement to consider the member’s mental health
OpenSans	10	39	and impact of that condition on their conduct.
OpenSans	10	95	Australian Government Response to the Royal Commission into Defence and Veteran Suicide 53
OpenSans-Semibold	14	11	Recommendation 32: When requested, conduct a merits
OpenSans-Semibold	14	13	review when a member’s service is terminated for the reason
OpenSans-Semibold	14	15	‘retention-not-in-service-interest’
OpenSans	10	19	Defence should implement a merits-review process for involuntary separation under Section 24
OpenSans	9	20	(1) (c) of the Defence Regulation 2016 (Cth) ‘retention-not-in-service-interest’ through consultation
OpenSans	10	22	and collaboration with the Inspector-General of the Australian Defence Force (ADF) and the
OpenSans	9	24	Administrative Appeals Tribunal/ Administrative Review Tribunal.
OpenSans	10	26	(a) Defence should introduce an enhanced merits-review process in the Redress of Grievance
OpenSans	10	27	Directorate of the Inspector-General of the ADF.
OpenSans	10	30	(b) The Australian Government should consider giving jurisdiction to a specialist division of
OpenSans	9	31	the Administrative Appeals Tribunal/Administrative Review Tribunal to manage a fast-track
OpenSans	10	33	method for conducting external merits reviews. It is proposed that an external merits
OpenSans	9	35	review would only be considered after the independent merits review process of the
OpenSans	10	36	Inspector-General of the ADF had been completed.
RobotoSlab-Regular	15	41	Australian Government Response
OpenSans	10	45	The Government agrees to introduce an enhanced merits review process, and to consider a
OpenSans	10	47	‘fast-track’ method for conducting external merits reviews.
OpenSans	10	49	Defence will work closely with the Inspector-General of the Australian Defence Force and the
OpenSans	10	50	Attorney-General’s Department to consider how this recommendation can be implemented.
OpenSans	10	95	54 Australian Government Response to the Royal Commission into Defence and Veteran Suicide
OpenSans-Semibold	14	11	Recommendation 33: Seek to understand whether/how
OpenSans-Semibold	14	13	involvement in military justice processes contributes to adverse
OpenSans-Semibold	14	15	outcomes
OpenSans	10	19	Defence should undertake further research to better understand the stressors that are both
OpenSans	9	20	associated with, and lead to, involvement in administrative and disciplinary processes, including:
OpenSans	10	23	(a) identifying prevalence rates of suicide and suicidality for serving and ex-serving members
OpenSans	10	24	who have been exposed to military justice administrative and disciplinary processes
OpenSans	10	27	(b) exploring the connection between members’ use of alcohol and other drugs as a numbing
OpenSans	9	28	strategy to help them cope with trauma and service-related stressors, and involvement in
OpenSans	10	30	administrative or disciplinary processes
OpenSans	10	32	(c) identifying opportunities to intervene when members are engaging in maladaptive coping
OpenSans	9	34	strategies before their behaviour leads to administrative or disciplinary action.
OpenSans	9	36	Based on the outcomes of this research, Defence should implement policies to support members
OpenSans	10	38	involved with military justice processes and minimise the risk of adverse outcomes, including suicide
OpenSans	9	39	and suicidality.
RobotoSlab-Regular	15	44	Australian Government Response
OpenSans	10	48	The Government agrees to undertake further research to understand how involvement in military
OpenSans	10	50	justice processes may contribute to adverse outcomes, and, if they are found to contribute to
OpenSans	10	51	adverse outcomes, to implement policies to appropriately support members.
OpenSans	10	53	This research will consider and build on a previous review by Defence of its health policies relating
OpenSans	10	55	to members involved in the military justice system. That review resulted in updated guidance in June
OpenSans	10	57	2024 for Defence health staff in advising commanders and managers, and supporting members
OpenSans	10	58	who are involved in the military justice process.
OpenSans	10	95	Australian Government Response to the Royal Commission into Defence and Veteran Suicide 55
OpenSans-Semibold	14	11	Recommendation 34: Prioritise the review into the regulations
OpenSans-Semibold	14	13	governing court martial panels
OpenSans	10	17	Defence should prioritise the review of current provisions relating to court martial panels not being
OpenSans	9	18	required to provide reasons for punishments being imposed.
OpenSans	9	21	Defence should document this in the 2024/25 Military Justice Steering Group workplan.
RobotoSlab-Regular	15	26	Australian Government Response
OpenSans	10	29	The Government agrees Defence will prioritise the review of current regulations governing court
OpenSans	9	31	martial panels and document them in the 2024/25 Military Justice Steering Group workplan.
OpenSans	10	95	56 Australian Government Response to the Royal Commission into Defence and Veteran Suicide
OpenSans-Semibold	14	11	Recommendation 35: Determine whether support mechanisms for
OpenSans-Semibold	14	13	members involved with military justice processes are effective
OpenSans	10	17	Defence should evaluate the effectiveness of the key support mechanisms for those involved in
OpenSans	9	18	military justice proceedings, including but not limited to:
OpenSans	10	21	(a) support officers
OpenSans	10	23	(b) individual welfare boards.
OpenSans	9	25	In its evaluation, Defence should consider members’ experiences of the supports provided.
RobotoSlab-Regular	15	30	Australian Government Response
OpenSans	10	34	The Government agrees to evaluate the effectiveness of support mechanisms for members
OpenSans	10	35	involved in military justice processes.
OpenSans	10	95	Australian Government Response to the Royal Commission into Defence and Veteran Suicide 57
OpenSans-Semibold	14	11	Recommendation 36: Trial a model outside the chain of command
OpenSans-Semibold	14	13	for supporting members involved in military justice processes
OpenSans	10	17	The Australian Defence Force (ADF) should fund and pilot a model for automatic, opt-out referral to
OpenSans	9	18	both legal and welfare support services for members engaged in certain military justice processes
OpenSans	10	20	that is separate from the chain of command (for example, the Workplace Behaviour Adviser
OpenSans	9	21	Network, the Sexual Misconduct Prevention and Response Office, and the Employee Assistance
OpenSans	10	23	Program).
OpenSans	10	25	In developing the pilot, the ADF should:
OpenSans	10	28	(a) consider the role of individual welfare boards in the process
OpenSans	10	30	(b) make it clear that once the referral is received, the relevant service would be responsible for
OpenSans	9	31	initiating contact
OpenSans	10	34	(c) consider thresholds for referral, and focus on increasing support for members exposed to
OpenSans	10	35	factors known to contribute to higher risk of psychosocial harm, suicide and suicidality for
OpenSans	9	37	example:
OpenSans	10	39	(i) those involved (both as victims and accused) in unacceptable behaviour complaints,
OpenSans	10	41	sexual misconduct incidents, and disciplinary proceedings for offences under the
OpenSans-Italic	10	42	Defence Force Discipline Act 1982 (Cth)
OpenSans	10	45	(ii) those who are being considered for administrative termination.
OpenSans	10	47	The ADF should evaluate the pilot at its conclusion to assess the demand impacts and benefits in
OpenSans	10	49	order to inform the decision for a broader roll-out.
RobotoSlab-Regular	15	54	Australian Government Response
OpenSans	10	57	The Government agrees to trial a model outside the chain of command for supporting members
OpenSans	10	59	involved in military justice processes.
OpenSans	10	61	The ADF should fund and pilot a model for automatic, opt-out referral to both legal and welfare
OpenSans	10	63	support services for members engaged in certain military justice processes that is separate from the
OpenSans	10	65	chain of command (for example, the Workplace Behaviour Adviser Network, the Sexual Misconduct
OpenSans	10	66	Prevention and Response Office, and the Employee Assistance Program).
OpenSans	10	95	58 Australian Government Response to the Royal Commission into Defence and Veteran Suicide
OpenSans-Semibold	14	11	Recommendation 37: Develop a charter of minimum standards for
OpenSans-Semibold	14	13	all members involved in military justice processes
OpenSans	10	17	The Australian Defence Force (ADF) should develop a charter of minimum standards for all
OpenSans	9	18	members involved with or subject to disciplinary processes, or involved in matters handled by the
OpenSans	10	20	Inspector-General of the ADF. It should include commitments to:
OpenSans	10	22	(a) treating members with courtesy, compassion, dignity and respect, and consideration of their
OpenSans	9	24	welfare needs
OpenSans	10	26	(b) providing members with information that is clear and understandable about:
OpenSans	10	28	(i) the relevant military justice processes
OpenSans	10	31	(ii) the legal, welfare and victim-support services available to them
OpenSans	10	33	(c) referring members to relevant support services
OpenSans	10	35	(d) providing updates at key stages of the process, including explaining the outcomes at its
OpenSans	10	37	conclusion
OpenSans	10	39	(e) giving victims of unacceptable behaviour the opportunity to provide a victim impact
OpenSans	10	41	statement to inform sentencing, where the accused has been found guilty.
OpenSans	10	43	The charter should also contain defined roles and responsibilities for meeting the minimum
OpenSans	10	44	standards.
OpenSans	10	47	The charter should be publicly available and members may refer to these minimum standards
OpenSans	10	48	via the existing appeals and complaints processes where they feel these standards have not been
OpenSans	10	50	upheld.
RobotoSlab-Regular	15	55	Australian Government Response
OpenSans	10	59	The Government agrees to develop a charter of minimum standards for all members involved in
OpenSans	10	60	military justice processes.
OpenSans	10	63	Defence has commenced development of this charter.
OpenSans	10	65	The charter will set minimum standards for all members involved with or subject to disciplinary
OpenSans	10	67	processes, or involved in matters handled by the Inspector-General of the Australian Defence Force.
OpenSans	10	95	Australian Government Response to the Royal Commission into Defence and Veteran Suicide 59
OpenSans-Semibold	14	11	Recommendation 38: Improve governance processes related to
OpenSans-Semibold	14	13	accountability and continuous improvement
OpenSans	10	17	To improve accountability and continuous improvement regarding mental health and wellbeing
OpenSans	9	18	outcomes, Defence should:
OpenSans	10	21	(a) continue to work towards including health, wellbeing and safety measures in its Budget
OpenSans	10	22	Paper performance measure, and ensure these measures cascade into future corporate
OpenSans	9	24	plans
OpenSans	10	26	(b) prioritise the development of the Monitoring and Evaluation Framework in partnership
OpenSans	10	28	with the Department of Veterans’ Affairs, for the joint Mental Health and Wellbeing Strategy
OpenSans	9	29	2024-2028, and set out what success would look like for that strategy in terms of outcomes in
OpenSans	10	31	the short, medium and long term, against the wellbeing domains
OpenSans	10	33	(c) continue to develop a clear performance logic, including the translation of performance
OpenSans	9	35	measures from budget papers, the corporate plan, and the joint strategy into clear
OpenSans	10	36	accountability measures for senior leaders in Defence
OpenSans	10	39	(d) once the Enterprise Reform Program has been implemented, assess how improvements in
OpenSans	10	40	the collection, sharing and use of data may better support performance measurement, in
OpenSans	10	42	line with the Defence performance logic model.
OpenSans	10	44	Acknowledging the challenges in improving performance measurement, and the risk of
OpenSans	10	46	unintended consequences, the Australian Government should assist Defence to build performance
OpenSans	10	47	management experience and expertise at the unit, service and enterprise level by:
OpenSans	10	50	(e) prioritising Defence in the broader Australian Public Service performance management
OpenSans	10	51	capability uplift
OpenSans	10	53	(f) prioritising Defence in the Australian Public Service Commission Capability Review program
OpenSans	10	56	(g) supporting a coaching and mentoring program in areas (identified by Defence) that have
OpenSans	10	57	responsibility for developing and implementing reforms in performance measurement.
RobotoSlab-Regular	15	62	Australian Government Response
OpenSans	10	66	The Government agrees Defence should improve its governance processes related to accountability
OpenSans	10	68	and continuous improvement regarding mental health and wellbeing outcomes.
OpenSans	10	70	Defence and DVA have commenced work on a Monitoring and Evaluation Framework for the
OpenSans	10	72	Defence and Veteran Mental Health and Wellbeing.
OpenSans	10	95	60 Australian Government Response to the Royal Commission into Defence and Veteran Suicide
OpenSans-Semibold	14	11	Recommendation 39: Address risk factors for suicide and suicidality
OpenSans-Semibold	14	13	and report on progress as part of enterprise-level risk management
OpenSans	10	17	Defence should address in-service risk factors for suicide and suicidality as part of the reporting
OpenSans	9	18	processes related to enterprise risk management and the development of mental health and
OpenSans	10	20	wellbeing strategy by:
OpenSans	10	22	(a) identifying in-service risk factors to be reported (including, but not limited to, the risk factors
OpenSans	9	24	for suicide and suicidality related to Australian Defence Force service identified in Chapter 1,
OpenSans	10	25	Understanding suicide)
OpenSans	10	28	(b) developing outcomes-based measures against these risk factors
OpenSans	10	30	(c) developing risk controls and measures of control effectiveness.
OpenSans	10	32	Enterprise risk management must be informed by a contemporary assessment of hazards related
OpenSans	9	34	to the health and wellbeing of Defence personnel and should inform delivery of the joint Mental
OpenSans	10	35	Health and Wellbeing Strategy 2024-2028.
RobotoSlab-Regular	15	40	Australian Government Response
OpenSans	10	44	The Government agrees that Defence will continue to address risk factors for suicide and suicidality,
OpenSans	10	46	and report on progress as part of enterprise-level risk management and development of the mental
OpenSans	10	47	health and wellbeing strategy, supported by two Action Plans.
OpenSans	10	50	Defence has created a dedicated Mental Health and Wellbeing Branch to focus and strengthen
OpenSans	10	51	Defence’s approach to preventive mental health and wellbeing in the workplace, which will be
OpenSans	10	53	responsible for the implementation of this recommendation.
OpenSans	10	55	Defence and DVA are prioritising suicide prevention programs, including through the release of
OpenSans	10	57	the draft Defence and Veteran Mental Health and Wellbeing Strategy for consultation by the end of
OpenSans	10	58	2024. The strategy will be reviewed by the Taskforce before finalisation in 2025.
OpenSans	10	95	Australian Government Response to the Royal Commission into Defence and Veteran Suicide 61
OpenSans-Semibold	14	11	Recommendation 40: Improve governance mechanisms from the
OpenSans-Semibold	14	13	unit level to the enterprise level
OpenSans	10	17	In order to identify and address barriers to effective governance from the unit level to the enterprise
OpenSans	9	18	level, Defence should:
OpenSans	10	21	(a) review all internal and external governance reporting mechanisms
OpenSans	10	23	(b) identify root causes of non-compliance with required reporting
OpenSans	10	25	(c) identify duplicative reporting information and processes
OpenSans	10	27	(d) draw on process-improvement methodologies (for example, Lean Thinking) to reduce the
OpenSans	10	29	administrative burden of reporting and governance compliance across Defence
OpenSans	10	31	(e) improve governance, performance-reporting and data literacy at the unit, service and
OpenSans	9	33	enterprise level via training and/or embedding coaching.
RobotoSlab-Regular	15	38	Australian Government Response
OpenSans	10	42	The Government agrees that Defence will improve its governance mechanisms, including identifying
OpenSans	10	43	and addressing barriers to effective governance.
OpenSans	10	95	62 Australian Government Response to the Royal Commission into Defence and Veteran Suicide
OpenSans-Semibold	14	11	Recommendation 41: Build project-management capability so that
OpenSans-Semibold	14	13	reform initiatives are successful
OpenSans	10	17	To build sustained capability to implement lasting policy changes, Defence should:
OpenSans	10	19	(a) engage independent expertise to undertake a project management maturity assessment of
OpenSans	9	21	the areas in Defence that will be responsible for implementing the recommendations of this
OpenSans	10	22	Royal Commission
OpenSans	10	24	(b) upon completion of the maturity assessment, develop a blueprint and implementation plan
OpenSans	9	26	to deliver the improvements to those areas of project management capability that require an
OpenSans	10	28	uplift
OpenSans	10	30	(c) monitor the implementation of the capability uplift through to completion via a Tier 1
OpenSans	9	31	Committee.
RobotoSlab-Regular	15	37	Australian Government Response
OpenSans	10	40	The Government agrees that Defence will assess and build its project management capacity,
OpenSans	10	42	with a focus on areas directly responsible for implementing recommendations made by the
OpenSans	10	43	Royal Commission.
OpenSans	10	95	Australian Government Response to the Royal Commission into Defence and Veteran Suicide 63
OpenSans-Semibold	14	11	Recommendation 42: Ensure that future Inspectors-General of the
OpenSans-Semibold	14	13	Australian Defence Force will not have served in the ADF
OpenSans	10	17	The Australian Government should amend Part VIIIB Division 2, sections 110E to 110P of the Defence
OpenSans-Italic	10	18	Act 1903 so that:
OpenSans	10	21	(a) a person appointed as the Inspector-General of the ADF must not have served in the ADF
OpenSans	10	23	(b) the Inspector-General should be supported by two Deputy Inspectors-General with
OpenSans	10	24	appropriate skills and experience, for example, having served in the ADF or having
OpenSans	9	26	experience and understanding of the justice system, including military justice
OpenSans	10	28	(c) the Deputy Inspector-General positions are to be statutory appointments.
RobotoSlab-Regular	15	33	Australian Government Response
OpenSans	10	37	The Government notes this recommendation.
OpenSans	10	39	The Government agrees the Inspector-General of the Australian Defence Force should be
OpenSans	10	41	appropriately qualified, independent, supported and consistent with comparable Inspectors-General.
OpenSans-Italic	10	43	All recommendations related to the Inspector-General of the Australian Defence Force will be implemented
OpenSans-Italic	10	45	with regard to the recommendations of the Twenty-Year Review of the Office of the Inspector-General of
OpenSans-Italic	10	46	the Australian Defence Force.
OpenSans	10	95	64 Australian Government Response to the Royal Commission into Defence and Veteran Suicide
OpenSans-Semibold	14	11	Recommendation 43: Allow the Inspector-General of the Australian
OpenSans-Semibold	14	13	Defence Force to make recruitment decisions for the staffing of
OpenSans-Semibold	14	15	their office
OpenSans	10	19	The Inspector-General of the Australian Defence Force (ADF) should have the responsibility and
OpenSans	9	20	authority for the selection of staff in their office, including as to whether staff are drawn from the
OpenSans	10	22	ADF, the Australian Public Service, or from other sources.
OpenSans	10	24	The Inspector-General should have the power to select and recruit freely from the ADF without
OpenSans	9	26	being constrained by whom the Chief of the Defence Force, the service chiefs or the Director of
OpenSans	10	27	Military Legal Capability select or recommend.
RobotoSlab-Regular	15	33	Australian Government Response
OpenSans	10	36	The Government agrees the Inspector-General of the Australian Defence Force should make
OpenSans	9	38	recruitment decisions for the staffing of their office.
OpenSans-Italic	10	40	All recommendations related to the Inspector-General of the Australian Defence Force will be implemented
OpenSans-Italic	10	42	with regard to the recommendations of the Twenty-Year Review of the Office of the Inspector-General of
OpenSans-Italic	10	43	the Australian Defence Force.
OpenSans	10	95	Australian Government Response to the Royal Commission into Defence and Veteran Suicide 65
OpenSans-Semibold	14	11	Recommendation 44: Ensure that staff of the office of the
OpenSans-Semibold	14	13	Inspector-General of the Australian Defence Force have the
OpenSans-Semibold	14	15	necessary skills, expertise and qualifications
OpenSans	10	19	The Inspector-General of the Australian Defence Force (ADF) should develop a workforce plan that
OpenSans	9	20	includes:
OpenSans	10	23	(a) a review of the skills, expertise and professional qualifications required to discharge
OpenSans	10	24	effectively the Inspector-General’s complete functions
OpenSans	10	27	(b) an assessment of the current workforce in the office of the Inspector-General in which any
OpenSans	9	28	competency gaps are identified
OpenSans	10	30	(c) a strategic plan to attract and deliver the required capability profile to the office of the
OpenSans	10	32	Inspector-General.
RobotoSlab-Regular	15	37	Australian Government Response
OpenSans	10	41	The Government agrees staff of the office of the Inspector-General of the Australian Defence Force
OpenSans	10	42	should have the necessary skills, expertise and qualifications to perform their duties, informed by
OpenSans	10	44	an appropriate assessment.
OpenSans-Italic	10	46	All recommendations related to the Inspector-General of the Australian Defence Force will be implemented
OpenSans-Italic	10	48	with regard to the recommendations of the Twenty-Year Review of the Office of the Inspector-General of
OpenSans-Italic	10	50	the Australian Defence Force.
OpenSans	10	95	66 Australian Government Response to the Royal Commission into Defence and Veteran Suicide
OpenSans-Semibold	14	11	Recommendation 45: Improve transparency and accountability of
OpenSans-Semibold	14	13	the Inspector-General of the Australian Defence Force by increasing
OpenSans-Semibold	14	15	their reporting requirements
OpenSans	10	19	The Inspector-General of the Australian Defence Force (ADF) should improve the transparency and
OpenSans	9	20	accountability of their office by:
OpenSans	10	23	(a) updating and publishing comprehensive guidance or other standard operating procedures
OpenSans	10	24	on its website, including quality-assurance measures, related to the discharge of the
OpenSans	9	26	Inspector-General’s functions in each directorate of the office of the Inspector-General
OpenSans	10	28	(b) establishing and including in this guidance specific performance measures related to
OpenSans	10	30	timeliness in the completion of assessments and inquiries and the consideration of redress
OpenSans	9	31	of grievance complaints, and reporting annually on performance against these measures.
RobotoSlab-Regular	15	36	Australian Government Response
OpenSans	10	40	The Government agrees to improve transparency and accountability of the Inspector-General of
OpenSans	10	42	the Australian Defence Force through the publication of the guidance or other Standard Operating
OpenSans	10	43	Procedures, to include quality assurance and, where feasible, performance measures.
OpenSans-Italic	10	46	All recommendations related to the Inspector-General of the Australian Defence Force will be implemented
OpenSans-Italic	10	47	with regard to the recommendations of the Twenty-Year Review of the Office of the Inspector-General of
OpenSans-Italic	10	49	the Australian Defence Force.
OpenSans	10	95	Australian Government Response to the Royal Commission into Defence and Veteran Suicide 67
OpenSans-Semibold	14	11	Recommendation 46: Ensure staff of the Inspector-General of the
OpenSans-Semibold	14	13	Australian Defence Force are trained in trauma-informed practice
OpenSans	10	17	The Inspector-General of the Australian Defence Force should ensure that all staff in the office of
OpenSans	9	18	the Inspector-General (including consultants) who engage with members’ next of kin and family
OpenSans	10	20	members; are communicating with complainants, respondents or witnesses for the purpose of an
OpenSans	9	21	inquiry; or who are charged with considering a redress-of-grievance complaint have completed the
OpenSans	10	23	Compassionate Foundations course or equivalent training in trauma-informed practice before doing
OpenSans	9	25	so, and complete refresher training every two years.
RobotoSlab-Regular	15	30	Australian Government Response
OpenSans	10	33	The Government agrees staff of the Inspector-General of the Australian Defence Force will continue
OpenSans	9	35	to be appropriately trained in trauma-informed practice.
OpenSans-Italic	10	37	All recommendations related to the Inspector-General of the Australian Defence Force will be implemented
OpenSans-Italic	9	39	with regard to the recommendations of the Twenty-Year Review of the Office of the Inspector-General of
OpenSans-Italic	10	41	the Australian Defence Force.
OpenSans	10	95	68 Australian Government Response to the Royal Commission into Defence and Veteran Suicide
OpenSans-Semibold	14	11	Recommendation 47: The Inspector-General to inquire into all
OpenSans-Semibold	14	13	deaths of serving members unless suicide can be excluded as the
OpenSans-Semibold	14	15	cause of death
OpenSans	10	19	The Inspector-General of the Australian Defence Force (ADF) should ensure that where suicide
OpenSans	9	20	cannot be categorically excluded as the cause of death of an ADF member, a formal inquiry under
OpenSans	10	22	written directions is conducted.
OpenSans	10	24	When undertaking such an inquiry, the Inspector-General should obtain input from a qualified
OpenSans	9	26	mental health expert, such as a psychologist, when determining:
OpenSans	10	28	(a) whether suicide may have been the cause of death
OpenSans	10	30	(b) where suicide cannot be excluded, what the contributing factors may have been and whether
OpenSans	10	32	there was a ‘service nexus’
OpenSans	10	34	(c) what recommendations should be made.
RobotoSlab-Regular	15	39	Australian Government Response
OpenSans	10	43	The Government agrees that inquiries into deaths of ADF members should be presumed where
OpenSans	10	45	suicide cannot be excluded and there is a plausible service nexus.
OpenSans-Italic	10	47	All recommendations related to the Inspector-General of the Australian Defence Force will be implemented
OpenSans-Italic	10	49	with regard to the recommendations of the Twenty-Year Review of the Office of the Inspector-General of
OpenSans-Italic	10	50	the Australian Defence Force.
OpenSans	10	95	Australian Government Response to the Royal Commission into Defence and Veteran Suicide 69
OpenSans-Semibold	14	11	Recommendation 48: When a member dies by suicide, appoint a
OpenSans-Semibold	14	13	legal officer to represent the interests of the deceased and support
OpenSans-Semibold	14	15	the next of kin
OpenSans	10	19	When a serving member dies by suicide, or is suspected to have died by suicide, the
OpenSans	9	20	Inspector-General of the Australian Defence Force should ensure that a legal officer from Defence
OpenSans	10	22	Counsel Services has been appointed to represent the interests of the deceased upon written
OpenSans	9	24	directions for a formal inquiry being issued.
OpenSans	9	26	The Inspector-General should ensure that interviews with the member’s next of kin are conducted
OpenSans	10	27	after the legal officer has been appointed and made contact with them.
RobotoSlab-Regular	15	33	Australian Government Response
OpenSans	10	36	The Government agrees that the Inspector-General of the Australian Defence Force should continue
OpenSans	9	38	to ensure a legal officer represents the interests of the deceased, where the next of kin consents.
OpenSans	10	40	When a serving member dies by suicide, or is suspected to have died by suicide, the
OpenSans	10	42	Inspector-General of the Australian Defence Force should ensure that a legal officer from Defence
OpenSans	10	43	Counsel Services has been appointed to represent the interests of the deceased upon written
OpenSans	10	45	directions for a formal inquiry being issued.
OpenSans	10	47	The Inspector-General should ensure that interviews with the member’s next of kin are conducted
OpenSans	10	49	after the legal officer has been appointed and made contact with them.
OpenSans-Italic	10	51	All recommendations related to the Inspector-General of the Australian Defence Force will be implemented
OpenSans-Italic	10	53	with regard to the recommendations of the Twenty-Year Review of the Office of the Inspector-General of
OpenSans-Italic	10	54	the Australian Defence Force.
OpenSans	10	95	70 Australian Government Response to the Royal Commission into Defence and Veteran Suicide
OpenSans-Semibold	14	11	Recommendation 49: Minimise disclosure restrictions of
OpenSans-Semibold	14	13	Inspector-General inquiry reports and ensure they are fair and
OpenSans-Semibold	14	15	understood by the next of kin
OpenSans	10	19	In relation to non-disclosure directions made pursuant to section 21 of the Inspector General of the
OpenSans-Italic	10	20	Australian Defence Force Regulations 2016:
OpenSans	10	23	(a) staff from the office of the Inspector-General must explain the scope of the directions to next
OpenSans	10	24	of kin and family members before they are made
OpenSans	10	27	(b) the directions should not apply to information that next of kin themselves provide to an
OpenSans	9	28	inquiry, and which next of kin may know independently of anything contained in a draft,
OpenSans	10	30	unredacted or redacted report
OpenSans	10	32	(c) next of kin should be consulted directly about the persons that are to be included in the
OpenSans	9	34	carve-outs to the directions permitting disclosure, and persons nominated by the next of kin
OpenSans	10	35	should be included unless there is a good reason not to include them
OpenSans	10	38	(d) restrictions on disclosure in respect of unredacted and redacted final reports should only
OpenSans	9	39	extend to those parts of the reports that need to have disclosure restricted in the interests
OpenSans	10	41	of the defence of the Commonwealth, or for reasons of fairness to a person who the
OpenSans	10	42	Inspector-General considers may be affected by the inquiry
OpenSans	10	45	(e) the Inspector-General should establish a mechanism by which next of kin may have the
OpenSans	10	46	directions that are made reviewed by a legal officer of the office of the Inspector-General
OpenSans	10	48	who was not involved in the relevant inquiry or in the decision to make the directions. The
OpenSans	10	49	Inspector-General must have regard to the issues or concerns raised by the legal officer
OpenSans	10	52	(f) there should be comprehensive guidance in relation to the making and terms of Section
OpenSans	10	53	21 directions included in the updated comprehensive guidance on the Inspector-General’s
OpenSans	10	55	website.
RobotoSlab-Regular	15	60	Australian Government Response
OpenSans	10	64	The Government agrees the Inspector-General of the Australian Defence Force will continue to
OpenSans	10	65	minimise disclosure restrictions of the reports and ensure they are understood by next of kin.
OpenSans-Italic	10	68	All recommendations related to the Inspector-General of the Australian Defence Force will be implemented
OpenSans-Italic	10	69	with regard to the recommendations of the Twenty-Year Review of the Office of the Inspector-General of
OpenSans-Italic	10	71	the Australian Defence Force.
OpenSans	10	95	Australian Government Response to the Royal Commission into Defence and Veteran Suicide 71
OpenSans-Semibold	14	11	Recommendation 50: Amend the scope of the Inspector-General’s
OpenSans-Semibold	14	13	role to inquire into suicide deaths of former Australian Defence
OpenSans-Semibold	14	15	Force members
OpenSans	10	19	The Inspector-General should be required and empowered to inquire into the death of a former
OpenSans	9	20	Australian Defence Force (ADF) member where the death may have been by suicide, and where:
OpenSans	10	23	(a) the death occurs:
OpenSans	10	25	(i) after 30 September 2024; and
OpenSans	10	27	(ii) within two years of the former member ceasing to be an ADF member; and
OpenSans	10	29	(b) the Inspector-General is notified or otherwise learns of the death within three months of the
OpenSans	10	31	date of death.
RobotoSlab-Regular	15	36	Australian Government Response
OpenSans	10	40	The Government agrees the Inspector-General of the Australian Defence Force should conduct
OpenSans	10	41	inquiries into the deaths of former serving ADF members.
OpenSans-Italic	10	44	All recommendations related to the Inspector-General of the Australian Defence Force will be implemented
OpenSans-Italic	10	45	with regard to the recommendations of the Twenty-Year Review of the Office of the Inspector-General of
OpenSans-Italic	10	47	the Australian Defence Force.
OpenSans	10	95	72 Australian Government Response to the Royal Commission into Defence and Veteran Suicide
OpenSans-Semibold	14	11	Recommendation 51: The Inspector-General to regularly review
OpenSans-Semibold	14	13	inquiries into suicide deaths to determine common themes
OpenSans	10	17	The Inspector-General of the Australian Defence Force should conduct a review of all inquiries and
OpenSans	9	18	reports into suicide or suspected suicide every three years to determine whether there are any
OpenSans	10	20	common themes and contributing factors, and report the findings to the Chief of the Defence Force,
OpenSans	9	21	the Minister for Defence and the Minister for Defence Personnel.
RobotoSlab-Regular	15	26	Australian Government Response
OpenSans	10	30	The Government agrees the Inspector-General of the Australian Defence Force should conduct
OpenSans	9	32	triennial inquiries and reports into ADF member deaths by suicide or suspected suicide.
OpenSans-Italic	10	34	All recommendations related to the Inspector-General of the Australian Defence Force will be implemented
OpenSans-Italic	10	36	with regard to the recommendations of the Twenty-Year Review of the Office of the Inspector-General of
OpenSans-Italic	10	37	the Australian Defence Force.
OpenSans	10	95	Australian Government Response to the Royal Commission into Defence and Veteran Suicide 73
OpenSans-Semibold	14	11	Recommendation 52: Conduct a merits review when a member’s
OpenSans-Semibold	14	13	service is involuntarily terminated and they submit a redress of
OpenSans-Semibold	14	15	grievance complaint
OpenSans	10	19	When a member makes a redress of grievance complaint concerning a decision to terminate their
OpenSans	9	20	service, the Inspector-General of the Australian Defence Force should:
OpenSans	10	23	(a) (in addition to Recommendation 32) conduct a review in the nature of a merits review and
OpenSans	10	24	determine, in their view, the correct or preferable decision
OpenSans	10	27	(b) conclude their consideration of the complaint within 60 days of referral
OpenSans	10	29	(c) give the member the opportunity to provide any further information or submissions prior to
OpenSans	9	30	concluding their consideration of the complaint, in person, if practicable to do so, when the
OpenSans	10	32	proposed outcome will not be favourable to the member.
RobotoSlab-Regular	15	37	Australian Government Response
OpenSans	10	41	The Government agrees the Inspector-General of the Australian Defence Force will continue to
OpenSans	10	42	conduct a merits review and seek member engagement in the resolution of their complaint.
OpenSans-Italic	10	45	All recommendations related to the Inspector-General of the Australian Defence Force will be implemented
OpenSans-Italic	10	46	with regard to the recommendations of the Twenty-Year Review of the Office of the Inspector-General of
OpenSans-Italic	10	48	the Australian Defence Force.
OpenSans	10	95	74 Australian Government Response to the Royal Commission into Defence and Veteran Suicide
OpenSans-Semibold	14	11	Recommendation 53: Give members 21 days to make a complaint
OpenSans-Semibold	14	13	after being notified of a decision to terminate their service
OpenSans	10	17	Defence should amend Section 41(2) of the Defence Regulations 2016 to allow a member to make a
OpenSans	9	18	complaint up to 21 days after they are notified of a decision to terminate their service.
RobotoSlab-Regular	15	23	Australian Government Response
OpenSans	10	27	The Government agrees to amend policy to enable members to make a complaint up to 21 days
OpenSans	9	29	after being notified of a decision to terminate their service.
OpenSans	10	95	Australian Government Response to the Royal Commission into Defence and Veteran Suicide 75
OpenSans-Semibold	14	11	Recommendation 54: Improve the frequency of military justice-
OpenSans-Semibold	14	13	related audits conducted by the Inspector-General of the Australian
OpenSans-Semibold	14	15	Defence Force
OpenSans	10	19	The Inspector-General of the Australian Defence Force (ADF) should:
OpenSans	10	21	(a) conduct a routine military justice performance audit of every major ADF unit every three
OpenSans	10	23	years, and of every ab initio training establishment every two years
OpenSans	10	25	(b) conduct a longitudinal study of all audit reports every two years to determine trends, themes
OpenSans	10	27	and issues of concern, and provide the outcomes of this analysis to the Chief of the Defence
OpenSans	9	28	Force, the Minister for Defence and the Minister for Defence Personnel
OpenSans	10	30	(c) audit at least three non-major units each year that are not part of the Directorate of Military
OpenSans	10	32	Justice Performance Audit routine audit cycle.
RobotoSlab-Regular	15	37	Australian Government Response
OpenSans	10	41	The Government agrees the Inspector-General of the Australian Defence Force will conduct the
OpenSans	10	42	audits and studies as recommended by the Royal Commission.
OpenSans-Italic	10	45	All recommendations related to the Inspector-General of the Australian Defence Force will be implemented
OpenSans-Italic	10	46	with regard to the recommendations of the Twenty-Year Review of the Office of the Inspector-General of
OpenSans-Italic	10	48	the Australian Defence Force.
OpenSans	10	95	76 Australian Government Response to the Royal Commission into Defence and Veteran Suicide
OpenSans-Semibold	14	11	Recommendation 55: Conduct an audit into Defence workplace
OpenSans-Semibold	14	13	health and safety risk management
OpenSans	10	17	The Defence Audit and Risk Committee should commission an audit into Defence workplace health
OpenSans	9	18	and safety (WHS) risk management within the next 12 months. The audit should include, but not be
OpenSans	10	20	limited to:
OpenSans	10	22	(a) reviewing WHS hazard trends with a focus on psychosocial health and compliance with
OpenSans-Italic	10	24	requirements of the Work Health and Safety Act 2011 (Cth)
OpenSans	10	26	(b) reviewing the accuracy of existing WHS enterprise risk reporting, including the WHS
OpenSans	10	28	dashboard
OpenSans	10	30	(c) assessing WHS risk-assessment methodology, and the accuracy of categorisations of
OpenSans	9	31	‘likelihood’ and ‘impact’ of hazards within the ‘WHS’ enterprise risk category
OpenSans	10	34	(d) assessing the suitability and effectiveness of WHS hazard controls, including their ability to
OpenSans	10	35	be measured for impact.
OpenSans	10	38	The findings of the audit must be reflected in the delivery of the Defence WHS Strategy and WHS
OpenSans	10	39	risk reporting going forward.
RobotoSlab-Regular	15	44	Australian Government Response
OpenSans	10	48	The Government agrees to conduct an audit in 2025 into Defence workplace health and safety
OpenSans	10	50	risk management.
OpenSans	10	95	Australian Government Response to the Royal Commission into Defence and Veteran Suicide 77
OpenSans-Semibold	14	11	Recommendation 56: Improve guidance and understanding of
OpenSans-Semibold	14	13	Defence’s ‘if in doubt, notify’ policy
OpenSans	10	17	Comcare and Defence should work together to improve guidance and understanding of the ‘if
OpenSans	9	18	in doubt, notify’ policy in relation to determinations about when to report notifiable incidents to
OpenSans	10	20	Comcare.
RobotoSlab-Regular	15	25	Australian Government Response
OpenSans	10	29	The Government notes this recommendation.
OpenSans	10	31	Comcare will work with Defence to improve understanding and guidance concerning the ‘if in doubt,
OpenSans	9	33	notify’ policy about when to report a notifiable incident to Comcare.
OpenSans	10	95	78 Australian Government Response to the Royal Commission into Defence and Veteran Suicide
OpenSans-Semibold	14	11	Recommendation 57: Comcare to regularly review Australian
OpenSans-Semibold	14	13	Defence Force determinations of ‘service nexus’ for suicide attempts
OpenSans-Semibold	14	15	and suspected deaths by suicide
OpenSans	10	19	Comcare should improve its quality assurance of Australian Defence Force (ADF) ‘service nexus’
OpenSans	9	20	determinations made by the ADF by:
OpenSans	10	23	(a) undertaking a periodic review of service nexus determinations made by the ADF for incidents
OpenSans	10	24	of suicide, suspected suicide, attempted suicide, and non-fatal self-harm by ADF members,
OpenSans	9	26	where the ADF has concluded that the incident did not arise out of the conduct of the ADF’s
OpenSans	10	27	business or undertaking, under section 38(1) of the Work Health and Safety Act 2011 (Cth)
OpenSans	10	30	(b) evaluating the results of these periodic reviews after three years to determine whether there
OpenSans	9	31	is a continued need for them. The timeframe of three years will enable Comcare to test a
OpenSans	10	33	sufficient sample size to inform a decision about whether to continue periodic reviews.
OpenSans	10	35	Defence should fund any additional resourcing required by Comcare to undertake these periodic
OpenSans	9	37	reviews over the three-year period and conduct its evaluation at the end of that period.
RobotoSlab-Regular	15	42	Australian Government Response
OpenSans	10	46	The Government notes this recommendation.
OpenSans	10	48	Comcare will conduct a periodic review of matters that Defence has determined as ‘not notifiable’,
OpenSans	10	50	and evaluate the results.
OpenSans	10	95	Australian Government Response to the Royal Commission into Defence and Veteran Suicide 79
OpenSans-Semibold	14	11	Recommendation 58: Give Comcare access to the National
OpenSans-Semibold	14	13	Veterans’ Data Asset
OpenSans	10	17	Comcare should have access to the National Veterans’ Data Asset (Recommendation 107), to inform
OpenSans	9	18	Comcare’s regulatory approach to preventing psychosocial harm including latent harm.
RobotoSlab-Regular	15	23	Australian Government Response
OpenSans	10	27	The Government notes this recommendation for further consideration by the Taskforce.
OpenSans	10	29	The Government acknowledges the essential need for high quality data and research to support
OpenSans	9	31	better health, wellbeing and safety outcomes for veterans and their families.
OpenSans	9	33	The Government will continue to improve the understanding of veterans’ data in order to better
OpenSans	10	35	support veterans and families.
OpenSans	10	37	Comcare will work with relevant agencies to facilitate access to a National Veterans’ Data Asset (or
OpenSans	9	39	equivalent) to inform Comcare’s regulatory approach to preventing psychosocial harm including
OpenSans	10	40	latent harm.
OpenSans	10	95	80 Australian Government Response to the Royal Commission into Defence and Veteran Suicide
OpenSans-Semibold	14	11	Recommendation 59: Defence to participate in Comcare’s
OpenSans-Semibold	14	13	Psychosocial Proactive Inspection Program
OpenSans	10	17	Defence should participate in Comcare’s Psychosocial Proactive Inspection Program, once the
OpenSans	9	18	evaluation has established that it is effective.
OpenSans	9	21	Either:
OpenSans	10	23	(a) Defence should fund its participation in that program, or
OpenSans	10	25	(b) a Commonwealth appropriation should be made to Comcare for the purpose of Defence’s
OpenSans	10	27	participation in the program.
RobotoSlab-Regular	15	32	Australian Government Response
OpenSans	10	35	The Government notes this recommendation for further consideration by the Taskforce.
OpenSans	9	38	In 2023-24, Comcare piloted a psychosocial proactive inspection program. An independent
OpenSans	10	39	evaluation of the pilot found it was perceived as a positive experience by workers, persons
OpenSans	10	41	conducting a business or other stakeholders. The program methodology is currently being refined
OpenSans	10	43	in order to effectively scale-up and support ongoing implementation.
OpenSans	10	45	Comcare will commence a Psychosocial Proactive Inspection Program in respect of Defence.
OpenSans	10	95	Australian Government Response to the Royal Commission into Defence and Veteran Suicide 81
OpenSans-Semibold	14	11	Recommendation 60: Improve strategies for harm prevention and
OpenSans-Semibold	14	13	early intervention by sharing quality data with Comcare
OpenSans	10	17	To improve Comcare’s ability to inform prevention and early intervention strategies for suicide and
OpenSans	9	18	latent harm arising from Australian Defence Force service, Defence should:
OpenSans	10	21	(a) share with Comcare on a quarterly basis through the Suicide and Self-Harm Working Group
OpenSans	10	22	meeting:
OpenSans	10	24	(i) data on psychosocial harm (including data related to notifiable and non-notifiable
OpenSans	9	26	incidents)
OpenSans	10	28	(ii) Defence’s analysis of this data to identify systemic issues related to psychosocial harm
OpenSans	10	31	(b) share with Comcare through the Defence-Liaison Forum meeting what actions it has taken to
OpenSans	10	32	document and implement controls to address systemic hazards, risks and issues relating to
OpenSans	9	34	psychosocial harm.
RobotoSlab-Regular	15	39	Australian Government Response
OpenSans	10	43	The Government agrees to this recommendation.
OpenSans	10	45	Defence will improve strategies in relation to data sharing with Comcare, including seeking to share
OpenSans	10	46	data and subsequent analysis on psychosocial harm.
OpenSans	10	95	82 Australian Government Response to the Royal Commission into Defence and Veteran Suicide
RobotoSlab-Regular	15	12	Volume 4: Health care for serving and ex-serving members
OpenSans-Semibold	14	18	Recommendation 61: Establish a brain injury program
OpenSans	9	22	Defence and the Department of Veterans’ Affairs should establish a brain injury program that
OpenSans	10	23	covers, at a minimum, relevant Army corps, special forces, Navy clearance divers, Air Force combat
OpenSans	9	25	controllers, and serving and ex-serving members exposed to mefloquine and/or tafenoquine. The
OpenSans	10	26	program should:
OpenSans	10	29	(a) aim to better understand, and mitigate, the impact of repetitive low-level blast exposure on
OpenSans	9	30	brain processes
OpenSans	10	33	(b) assess and treat neurocognitive issues affecting serving and ex-serving members, whatever
OpenSans	10	34	their cause.
OpenSans	10	36	To do this, it should:
OpenSans	10	39	(c) monitor and assess environmental exposure to blast overpressure
OpenSans	10	41	(d) record members’ exposure to traumatic brain injury and minor traumatic brain injury,
OpenSans	10	43	including in medical records
OpenSans	10	45	(e) establish a neurocognitive program suitable for serving and ex-serving members
OpenSans	10	47	experiencing a range of neurocognitive issues, whatever their cause. This could be adapted
OpenSans	10	48	from the former Mending Military Minds program
OpenSans	10	50	(f) provide referral pathways for further medical assessment, when required.
RobotoSlab-Regular	15	55	Australian Government Response
OpenSans	10	59	The Government agrees-in-principle to this recommendation, for further consideration by
OpenSans	10	61	the Taskforce.
OpenSans	10	63	Noting the complex nature of brain injury and their evolving understanding, particularly in military
OpenSans	10	65	settings, the Taskforce will provide advice on the establishment of a brain injury program.
OpenSans	10	67	Current and former full time serving ADF members can already receive treatment of all mental
OpenSans	10	69	health conditions, including those which may be linked to brain injuries. Under DVA’s Non-Liability
OpenSans	10	70	Health Care mental health arrangements, members can be seen without the need to prove the
OpenSans	10	72	condition is related to their service. This includes reservists who have at least one day of continuous
OpenSans	10	73	full-time service.
OpenSans	10	76	Defence and DVA are leveraging research of the Five Eyes community, including through regular
OpenSans	10	77	engagement with the United States’ Department of Veterans Affairs.
OpenSans	10	80	The Repatriation Commission will continue to engage with the Repatriation Medical Authority on
OpenSans	10	81	emerging research evidence.
OpenSans	10	95	Australian Government Response to the Royal Commission into Defence and Veteran Suicide 83
OpenSans-Semibold	14	11	Recommendation 62: Establish a research translation centre for
OpenSans-Semibold	14	13	defence and veteran health care
OpenSans	10	17	The Australian Government should support the development of a research translation centre for
OpenSans	9	18	Defence and veteran health care, or a similar body with an explicit research translation focus.
OpenSans	10	21	(a) Defence and the Department of Veterans’ Affairs (DVA) should work with relevant
OpenSans	10	22	stakeholders, including researchers and health providers with expertise and experience in
OpenSans	9	24	defence and veteran health care, to develop a model for the establishment of the research
OpenSans	10	25	translation centre and priority initiatives for funding.
OpenSans	10	28	(b) The model should be informed by the National Health and Medical Research Council criteria
OpenSans	9	29	for accreditation of a research translation centre, and include the following aims:
OpenSans	10	31	(i) promoting and increasing research on Defence and veteran health care in Australia
OpenSans	10	34	(ii) translating research into improvements to the health system and better outcomes for
OpenSans	10	35	patients
OpenSans	10	38	(iii) facilitating collaboration among and between researchers and clinicians
OpenSans	10	40	(iv) supporting research-infused education and training.
OpenSans	10	42	(c) Defence and DVA should jointly develop a business case for the research translation centre
OpenSans	10	44	for consideration by the Australian Government.
RobotoSlab-Regular	15	49	Australian Government Response
OpenSans	10	53	The Government agrees-in-principle to this recommendation.
OpenSans	10	55	The Government recognises the unique healthcare needs of the Defence and veteran community.
OpenSans	10	57	It is also important that research that relates to Defence members and veterans is translated into
OpenSans	10	59	actionable health care support for the community.
OpenSans	10	61	The Government notes the work underway in DVA to establish a new research and evaluation
OpenSans	10	63	partnership model known as the Veteran and Family – Learning and Innovation Network of
OpenSans	10	64	Knowledge. This will enhance the impact of research and evaluation, promote evidence based
OpenSans	10	66	practices and contribute to better outcomes for veteran health and wellbeing. This is expected to
OpenSans	10	67	commence early 2025.
OpenSans	10	95	84 Australian Government Response to the Royal Commission into Defence and Veteran Suicide
OpenSans-Semibold	14	11	Recommendation 63: Reduce stigma and remove structural and
OpenSans-Semibold	14	13	cultural barriers to help seeking
OpenSans	10	17	The Australian Defence Force (ADF) should identify and remove cultural and structural barriers to
OpenSans	9	18	help seeking and make a greater concerted effort to reduce stigma. This should include:
OpenSans	10	21	(a) the Australian Government should remove reference to the word ‘malingering’ at Section 38
OpenSans-Italic	10	22	of the Defence Force Discipline Act 1982 (Cth)
OpenSans	10	24	(b) Defence should review all its policies and procedures and amend or remove those that are
OpenSans	9	26	stigmatising
OpenSans	10	28	(c) the ADF should develop a dedicated training program and a communications campaign to
OpenSans	10	30	reduce stigma and promote help seeking.
RobotoSlab-Regular	15	35	Australian Government Response
OpenSans	10	39	The Government agrees to remove structural and cultural barriers in order to remove stigma to
OpenSans	10	40	help-seeking.
OpenSans	10	43	ADF culture places significant value on sacrifice and self-sufficiency, in some cases inhibiting
OpenSans	10	44	members from asking for help and seeking appropriate treatment.
OpenSans	10	95	Australian Government Response to the Royal Commission into Defence and Veteran Suicide 85
OpenSans-Semibold	14	11	Recommendation 64: Establish an enterprise-wide program to
OpenSans-Semibold	14	13	monitor and prevent physical and psychological injury
OpenSans	10	17	The Australian Defence Force should establish a comprehensive, enterprise-wide injury surveillance
OpenSans	9	18	and prevention program. The program should encompass physical and psychosocial risks and
OpenSans	10	20	hazards, and:
OpenSans	10	22	(a) be adequately resourced, including by engaging staff with appropriate expertise in injury
OpenSans	9	24	prevention, including physical and psychosocial injury and illness
OpenSans	10	26	(b) identify the most common injury risks and hazards and implement strategies for preventing
OpenSans	10	28	or minimising them
OpenSans	10	30	(c) include functionality within the reporting system to identify root causes or contributing
OpenSans	9	31	factors including location, time, and activity being undertaken at the time of injury
OpenSans	10	34	(d) actively monitor where injuries and psychological risks and hazards occur and generate
OpenSans	10	35	quarterly reports on injury rates and clusters with actionable recommendations for
OpenSans	9	37	commanding officers.
RobotoSlab-Regular	15	42	Australian Government Response
OpenSans	10	46	The Government agrees that there would be benefit in establishing an enterprise-wide program
OpenSans	10	47	to monitor and prevent physical and psychological injury, consistent with the new Work Health and
OpenSans-Italic	10	49	Safety Act 2011 obligations.
OpenSans	10	51	Defence will build on initial work already underway, including improving its Work Health Safety
OpenSans	10	53	Management Information System and the establishment of a dedicated Mental Health and
OpenSans	10	54	Wellbeing Branch.
OpenSans	10	95	86 Australian Government Response to the Royal Commission into Defence and Veteran Suicide
OpenSans-Semibold	14	11	Recommendation 65: Improve access to, timeliness and quality of
OpenSans-Semibold	14	13	mental health screening and use the data effectively
OpenSans	10	17	The Australian Defence Force should ensure that its mental health screening continuum effectively
OpenSans	9	18	identifies members who require additional support and/or who are at heightened risk of suicide,
OpenSans	10	20	and that these individuals receive support, by:
OpenSans	10	22	(a) ensuring that members have access to screening and are offered referrals for further
OpenSans	10	24	support at all known points of vulnerability, including: during ab initio training, when their
OpenSans	10	25	military employment classification is downgraded, and accessing rehabilitation
OpenSans	10	28	(b) ensuring that a sufficient and appropriately trained workforce is available to administer the
OpenSans	9	29	mental health screening continuum and conduct the required follow-ups, including:
OpenSans	10	31	(i) ensuring screening is done in such a way that encourages disclosure, including
OpenSans	10	33	face-to-face screening wherever possible
OpenSans	10	35	(ii) ensuring members receive timely and appropriate referrals following screenings where
OpenSans	9	37	required
OpenSans	10	39	(iii) monitoring the uptake of referrals and following up with members who do not action
OpenSans	10	41	these referrals
OpenSans	10	43	(iv) monitoring members who are overdue for screenings and following up with them
OpenSans	10	45	(c) introducing tools that screen for known risk factors for suicide and suicidality that are not
OpenSans	10	47	currently screened for, including problematic anger, sleeping difficulties and military sexual
OpenSans	10	49	trauma
OpenSans	10	51	(d) using the data collected during screenings for longitudinal surveillance.
RobotoSlab-Regular	15	56	Australian Government Response
OpenSans	10	60	The Government agrees that Defence will use data effectively to improve access to, timeliness and
OpenSans	10	61	quality of mental health screening.
OpenSans	10	64	The Government will commit to improving mental health screening. Defence will build on the work
OpenSans	10	65	underway including mental health research underway and efforts to improve health assessments.
OpenSans	10	95	Australian Government Response to the Royal Commission into Defence and Veteran Suicide 87
OpenSans-Semibold	14	11	Recommendation 66: Where possible, support injured members to
OpenSans-Semibold	14	13	be rehabilitated at work, within their home unit
OpenSans	10	17	The Australian Defence Force (ADF) should support and resource rehabilitation services within the
OpenSans	9	18	ADF to adopt a tailored approach, from members rehabilitating within their home unit, either with
OpenSans	10	20	or without the support of a specialist rehabilitation service working in conjunction with the chain
OpenSans	9	21	of command when required, to coordination of rehabilitation and recovery through a specialist
OpenSans	10	23	rehabilitation unit only in exceptional circumstances and when necessary to optimise functioning
OpenSans	9	25	and return to work.
OpenSans	9	27	Consistent with this approach:
OpenSans	10	29	(a) Defence policies and procedures related to rehabilitation should adopt the principle of
OpenSans	10	31	recovering at work, where safe to do so. This principle should be embedded in the Defence
OpenSans	9	32	Health Manual, Military Personnel Manual, ADF Rehabilitation Program Procedures Manual,
OpenSans	10	34	and other relevant policies and guidelines.
OpenSans	10	36	(b) rehabilitation at home or in a designated rehabilitation unit should be reserved for
OpenSans	9	38	exceptional circumstances, and even in these instances, home units must maintain
OpenSans	10	40	connection with the member undergoing rehabilitation, whether that be at home or assigned
OpenSans	10	41	to a designated rehabilitation unit
OpenSans	10	43	(c) rehabilitation outcomes should be publicly reported on a regular basis.
RobotoSlab-Regular	15	48	Australian Government Response
OpenSans	10	52	The Government agrees that Defence will enhance its support for injured members to be
OpenSans	10	54	rehabilitated at work, within their home unit, where possible.
OpenSans	10	95	88 Australian Government Response to the Royal Commission into Defence and Veteran Suicide
OpenSans-Semibold	14	11	Recommendation 67: Align Defence’s clinical governance
OpenSans-Semibold	14	13	framework with the national model framework
OpenSans	10	17	Defence should work with relevant bodies, including the Australian Commission on Safety and
OpenSans	9	18	Quality in Health Care and the Royal Australian College of General Practitioners, and in consultation
OpenSans	10	20	with Bupa, the Department of Veterans’ Affairs (DVA) and relevant civilian health services to
OpenSans	9	21	review its clinical governance framework, with a view to aligning it with the National Model Clinical
OpenSans	10	23	Governance Framework.
OpenSans	10	25	Defence should give particular attention to:
OpenSans	10	28	(a) strengthening its quality improvement systems to actively manage and improve the safety
OpenSans	9	29	and quality of its health care
OpenSans	10	31	(b) ensuring that performance monitoring systems are in place to monitor clinical effectiveness
OpenSans	10	34	(c) establishing partnerships across DVA, civilian healthcare services and specialist facilities for
OpenSans	10	35	serving and ex-serving members, and leveraging these partnerships to respond optimally to
OpenSans	9	37	the unique needs of each patient
OpenSans	10	39	(d) ensuring that serving members are a partner in the design, delivery and evaluation of
OpenSans	10	41	Australian Defence Force healthcare services.
RobotoSlab-Regular	15	46	Australian Government Response
OpenSans	10	50	The Government agrees that Defence should align its clinical governance framework with the
OpenSans	10	51	national model framework.
OpenSans	10	54	Defence will implement this recommendation, building on the work it has initiated including an
OpenSans	10	55	expert review into clinical governance, led by the Force Health Protection Principal Consultant to the
OpenSans	10	57	Surgeon General of the ADF.
OpenSans	10	95	Australian Government Response to the Royal Commission into Defence and Veteran Suicide 89
OpenSans-Semibold	14	11	Recommendation 68: Strike the right balance between upholding
OpenSans-Semibold	14	13	confidentiality and disclosing information when a member is in
OpenSans-Semibold	14	15	distress
OpenSans	10	19	Defence should ensure that members and commanding officers understand how the Privacy
OpenSans	10	20	Act 1988 (Cth) operates and the importance of members’ consenting to their health information
OpenSans	10	22	being shared with those able to facilitate appropriate care and support, in the event members are
OpenSans	9	24	distressed or experiencing mental health challenges.
OpenSans	9	26	To this end, Defence should:
OpenSans	10	28	(a) continue its proactive approach to consent and provide regular training on the Privacy Act
OpenSans	10	30	(b) regularly evaluate members’ understanding of the importance of consent and how Defence
OpenSans	10	32	will use their personal information
OpenSans	10	34	(c) by the end of 2025 and regularly thereafter (no less frequently than every three years),
OpenSans	9	36	review its privacy policy and amend it as appropriate to ensure that it is clear, particularly
OpenSans	10	38	with respect to:
OpenSans	10	40	(i) what it means to provide consent, and why consent is important, particularly for
OpenSans	10	41	ensuring that family members are equipped with relevant information to support a
OpenSans	10	43	members’ mental health and wellbeing
OpenSans	10	45	(ii) how members’ health information is reasonably necessary for, or directly related
OpenSans	10	47	to, the functions and activities of the Australian Defence Force (ADF), including what
OpenSans	10	48	‘suitability for service from a health perspective’ means
OpenSans	10	51	(iii) when a ‘general permitted situation’ (as defined in section 16A of the Privacy Act 1988
OpenSans	10	52	(Cth)) exists in the context of the ADF, particularly when a member is experiencing
OpenSans	10	54	distress or mental health challenges that puts them at risk of suicidality
OpenSans	10	56	(iv) when members’ mental health information will be disclosed to their commander
OpenSans	10	58	or manager to facilitate their wellbeing; when, in the context of the ADF, disclosure
OpenSans	10	59	is necessary to lessen or prevent a serious threat to the life, health or safety of any
OpenSans	10	61	individual or to public health or safety, and to whom the information can be disclosed.
OpenSans	10	63	If barriers remain following review and amendment of the Defence privacy policy, then
OpenSans	10	65	consideration could be given to subsequent legislative change, as part of the process set out in
OpenSans	10	67	Recommendation 74.
RobotoSlab-Regular	15	72	Australian Government Response
OpenSans	10	75	The Government agrees to ensure Defence appropriately adheres to confidentiality requirements,
OpenSans	10	77	while disclosing necessary information where necessary.
OpenSans	10	79	The Government will work through any legislative reform changes required to give effect to this
OpenSans	10	81	recommendation.
OpenSans	10	95	90 Australian Government Response to the Royal Commission into Defence and Veteran Suicide
OpenSans-Semibold	14	11	Recommendation 69: Improve suicide-prevention training so it is
OpenSans-Semibold	14	13	practical, tailored, informed by lived experience and delivered in
OpenSans-Semibold	14	15	person
OpenSans	10	19	The Australian Defence Force should revise and improve its suicide-prevention training so it:
OpenSans	10	21	(a) focuses on practical rather than theory-based learning, and ensures members are familiar
OpenSans	9	23	with what support is available
OpenSans	10	25	(b) is scaled, to emphasise different levels of responsibility, from junior ranks to commanders.
OpenSans	10	27	Specific training should be offered to senior leaders, which sets out how they can support
OpenSans	9	28	those under their command
OpenSans	10	30	(c) is informed by, and involves, members with lived experience of suicide, suicidality or mental
OpenSans	10	32	health
OpenSans	10	34	(d) delivers all suicide prevention training in-person by no later than 31 December 2025.
RobotoSlab-Regular	15	39	Australian Government Response
OpenSans	10	43	The Government agrees that Defence will improve its suicide prevention training.
OpenSans	10	45	In addition to updating annual training and awareness initiatives, Defence and DVA have
OpenSans	10	47	commenced suicide prevention programs. Defence is also exploring a Lived Experience Framework
OpenSans	10	49	to understand how it can safely and formally incorporate lived experience in programs and
OpenSans	10	50	activities.
OpenSans	10	95	Australian Government Response to the Royal Commission into Defence and Veteran Suicide 91
OpenSans-Semibold	14	11	Recommendation 70: Revise protocols for responding to suicidal
OpenSans-Semibold	14	13	crisis to be in line with clinical best practice
OpenSans	10	17	By no later than 31 December 2025, Defence should revise its protocols for responding to suicidal
OpenSans	9	18	crisis so they are applied consistently, in line with clinical best practice.
OpenSans	10	21	(a) The protocols should, among other things, specify:
OpenSans	10	23	(i) the availability of, and arrangements for accessing, culturally appropriate crisis care
OpenSans	10	24	facilities
OpenSans	10	27	(ii) a minimum standard for aftercare
OpenSans	10	29	(iii) how monitoring and follow-up support should occur following a suicide-related incident
OpenSans	10	31	(iv) approaches to reintegration following a suicidal crisis.
OpenSans	10	34	(b) The revised protocols should be developed in partnership with an external body with
OpenSans	9	35	expertise in managing suicidal crisis and aftercare.
OpenSans	10	37	(c) The revised protocols and their application across the three services should be subject to
OpenSans	10	39	independent evaluation after five years.
RobotoSlab-Regular	15	44	Australian Government Response
OpenSans	10	48	The Government agrees that Defence will review and revise its protocols for responding to suicidal
OpenSans	10	49	crises in line with clinical best practice.
OpenSans	10	95	92 Australian Government Response to the Royal Commission into Defence and Veteran Suicide
OpenSans-Semibold	14	11	Recommendation 71: Increase the Department of Veterans’ Affairs
OpenSans-Semibold	14	13	fee schedule so it is aligned with that of the National Disability
OpenSans-Semibold	14	15	Insurance Scheme
OpenSans	10	19	The Australian Government should amend the Department of Veterans’ Affairs (DVA) fee schedule
OpenSans	9	20	to mitigate the challenges faced by veterans in accessing health care, ensuring that:
OpenSans	10	23	(a) at a minimum, the revised fee schedule aligns with that of the National Disability Insurance
OpenSans	10	24	Scheme
OpenSans	10	27	(b) efforts to mitigate supply constraints are prioritised, such as non-fee-for-service components,
OpenSans	9	28	additional loading, and/or incentive payments, including in areas with few health services for
OpenSans	10	30	the populations being served.
OpenSans	10	32	DVA should reduce the time taken to pay healthcare providers, and track and publicly report on the
OpenSans	9	34	time taken to provide these payments.
RobotoSlab-Regular	15	39	Australian Government Response
OpenSans	10	42	The Government notes this recommendation for further consideration by the Taskforce.
OpenSans	10	45	The Government acknowledges the relativity of DVA fees to comparable fees in the health, aged
OpenSans	10	46	care and disability sectors can have a negative impact on access for veterans.
OpenSans	10	49	The Government is progressing elements of this recommendation relating to DVA’s Veterans’ Home
OpenSans	10	50	Care, Household Services and Community Nursing Programs. This has been conjunction with the
OpenSans	10	52	Independent Health and Aged Care Pricing Authority, and the broader work on the care and support
OpenSans	10	53	economy, including the intended alignment of pricing over time.
OpenSans	10	56	The Government agrees there is a need to consider veteran health care pricing arrangements and
OpenSans	10	57	system design. This will help better incentivise providers, simplify administrative arrangements,
OpenSans	10	59	ensure greater fiscal sustainability of veteran healthcare arrangements, and promote better veteran
OpenSans	10	60	health outcomes.
OpenSans	10	63	Aligning the DVA fee schedule with that of the National Disability Insurance Scheme, which does not
OpenSans	10	64	fund medical care, is unlikely to incentivise the proliferation of military-informed veteran friendly
OpenSans	10	66	general practices that deliver multidisciplinary care and coordinate access within a specialised
OpenSans	10	68	veteran local care network, including to secondary and tertiary services.
OpenSans	10	70	Progressing the competitiveness of fees in the context of the wider care and support economy
OpenSans	10	71	including independent price setting mechanisms consistent with other Commonwealth funded
OpenSans	10	73	health, aged care and disability services will address parity.
OpenSans	10	95	Australian Government Response to the Royal Commission into Defence and Veteran Suicide 93
OpenSans-Semibold	14	11	Recommendation 72: Expand and strengthen healthcare services
OpenSans-Semibold	14	13	for veterans
OpenSans	10	17	The Australian Government and state and territory governments should prioritise networks of care
OpenSans	9	18	in the National Funding Agreement on Veterans’ Wellbeing (Recommendation 88).
OpenSans	9	21	To enable this, the Department of Veterans’ Affairs (DVA) should develop a plan to expand and
OpenSans	10	22	strengthen specialised health care for veterans. It should set out how to bring together the different
OpenSans	9	24	components of the health system to meet the health needs of veterans. DVA should complete the
OpenSans	10	25	plan by September 2026 and submit it to the Veterans’ Ministerial Council for endorsement as part
OpenSans	9	27	of the funding agreement.
OpenSans	9	29	The plan must set out measures to improve the coverage of specialised veterans’ care, including by:
OpenSans	10	31	(a) providing support for primary and allied care providers whose services focus on veterans’
OpenSans	10	33	health needs
OpenSans	10	35	(b) expanding veteran-specific secondary and tertiary health services
OpenSans	10	38	(c) developing additional partnership agreements between DVA and primary health networks.
OpenSans	10	40	It must also support the integration of veterans’ health services at a local and national level,
OpenSans	10	42	including by:
OpenSans	10	44	(d) better informing veterans about available services
OpenSans	10	46	(e) using existing health infrastructure, such as primary health networks
OpenSans	10	48	(f) developing local exchanges to tighten relationships between medical and allied health care
OpenSans	10	50	practitioners.
OpenSans	10	52	The plan should be guided by current and future needs and informed by data on Australia’s veteran
OpenSans	10	54	population showing the size of veteran communities in different areas, where specialised services
OpenSans	10	55	currently exist or are lacking, and how and where veterans access health services.
RobotoSlab-Regular	15	60	Australian Government Response
OpenSans	10	64	The Government notes this recommendation for further consideration by the Taskforce.
OpenSans	10	67	DVA will continue to work with states and territories to improve health services for veterans. Over
OpenSans	10	68	the last three financial years, the Australian Government has invested $6.84 million in the National
OpenSans	10	70	Centre for Veterans’ Healthcare at Concord Hospital in NSW. In addition to this, in 2023-24, the
OpenSans	10	71	Government has spent more than $1 billion on public and private hospital services for veterans and
OpenSans	10	73	more than $1.4 billion on primary, specialist and allied healthcare.
OpenSans	10	75	The Government acknowledges that coordinated, multidisciplinary and military informed care is
OpenSans	10	77	needed for veterans with more complex conditions. Some veterans experience difficulties accessing
OpenSans	10	78	a health care provider due to a range of factors, including broader workforce issues within the
OpenSans	10	80	health care sector in certain locations and business decisions by some health providers.
OpenSans	10	95	94 Australian Government Response to the Royal Commission into Defence and Veteran Suicide
OpenSans-Semibold	14	11	Recommendation 73: Improve military cultural competency in
OpenSans-Semibold	14	13	health professions working with veterans
OpenSans	10	17	The Department of Veterans’ Affairs (DVA) should complement the work outlined in
OpenSans	9	18	Recommendation 72 by expanding its efforts to build cultural competency relating to veterans
OpenSans	10	20	among health workers who operate in mainstream health settings. DVA should expand its training
OpenSans	9	21	modules and enable health professionals working with veterans to complete them. It should
OpenSans	10	23	promote this work, including through partnerships with professional bodies.
RobotoSlab-Regular	15	28	Australian Government Response
OpenSans	10	32	The Australian agrees to this recommendation.
OpenSans	10	34	The Government acknowledges the value of building the cultural competency and military
OpenSans	9	36	awareness of health care providers working with veterans. The Government has extended the
OpenSans	10	37	Military Veterans’ Psychiatry Training program for a further one year, which aims to improve access
OpenSans	9	39	to psychiatrists with training in military and veteran mental health by funding military and veteran
OpenSans	10	41	psychiatry registrar training placements.
OpenSans	10	43	DVA has collaborated with Medcast Pty Ltd, a health professional education provider, to implement
OpenSans	10	44	the dedicated Veterans Healthcare eLearning Platform (VETs HeLP), launched on 1 July 2024.
OpenSans	10	46	The platform provides health professionals access to a range of evidence-based educational
OpenSans	10	48	resources central to delivering health care to veterans and their families. While the training is
OpenSans	10	49	primarily aimed at GPs, some of the training resources will also be applicable to a broader range of
OpenSans	10	51	healthcare providers.
OpenSans	10	53	DVA recognises the general practice landscape continues to evolve and it needs to be better
OpenSans	10	55	positioned to understand the needs of providers. To support this, a General Practitioner Advisory
OpenSans	10	56	Group was established in June 2023, with representation from all key primary healthcare colleges
OpenSans	10	58	and associations. In the 2023-24 budget the Government tripled the Veteran Access Payment for
OpenSans	10	60	GPs to provide higher fees for face to face and telehealth GP consultations including home visits.
OpenSans	10	61	These payments are equivalent to the Medicare Bulk Billing incentive.
OpenSans	10	95	Australian Government Response to the Royal Commission into Defence and Veteran Suicide 95
OpenSans-Semibold	14	11	Recommendation 74: Clarify the application of the Privacy Act to
OpenSans-Semibold	14	13	veterans to determine whether amendments are necessary
OpenSans	10	17	The Department of Veterans’ Affairs (DVA) should seek legal advice clarifying the application of the
OpenSans	10	18	Privacy Act 1988 (Cth) (and any other relevant legislation) to veterans and their families in the context
OpenSans	10	20	of sharing data and information related to health, wellbeing and safety.
OpenSans	10	22	DVA should use this advice to inform consideration of whether legislative amendments are required
OpenSans	9	24	to optimise the management of the health and wellbeing of veterans. Consideration may be given to
OpenSans	10	25	extending the scope of any changes to encompass serving members, if this is needed following the
OpenSans	9	27	review of the Defence privacy policy proposed at Recommendation 68.
RobotoSlab-Regular	15	32	Australian Government Response
OpenSans	10	36	The Government agrees there is a need for enhanced information and data sharing to improve
OpenSans	9	37	health, wellbeing and safety outcomes for veterans and their families, and will consider the need for
OpenSans	10	39	legislative changes to better support these outcomes.
OpenSans	10	41	DVA should seek legal advice clarifying the application of the Privacy Act 1988 (Cth) (and any other
OpenSans	10	43	relevant legislation) to veterans and their families in the context of sharing data and information
OpenSans	10	44	related to health, wellbeing and safety.
OpenSans	10	95	96 Australian Government Response to the Royal Commission into Defence and Veteran Suicide
OpenSans-Semibold	14	11	Recommendation 75: Conduct an independent review of Open
OpenSans-Semibold	14	13	Arms and publish the report
OpenSans	10	17	The Australian Government should commission an independent review of Open Arms, to commence
OpenSans	9	18	in 2027, following the implementation of the new Model of Care and led by a qualified entity outside
OpenSans	10	20	of the Defence portfolio.
OpenSans	10	22	The scope of the review should be wide-ranging and it should examine:
OpenSans	10	24	(a) how Open Arms is discharging its functions, including its compliance with clinical standards
OpenSans	9	26	and its management of at-risk clients
OpenSans	10	28	(b) issues that could affect Open Arms’ ability to discharge its functions, including workforce,
OpenSans	10	30	culture and funding
OpenSans	10	32	(c) what functions Open Arms should perform within the wider network of services accessible to
OpenSans	9	34	serving and ex-serving members
OpenSans	10	36	(d) the appropriateness of Open Arms’ delivery model, and whether another model is
OpenSans	10	38	preferable.
OpenSans	10	40	The Australian Government should make the review’s report public.
RobotoSlab-Regular	15	45	Australian Government Response
OpenSans	10	49	The Government agrees to commission an independent review of Open Arms. The Government
OpenSans	10	50	acknowledges Open Arms’ commitment to ongoing service improvement, and compliance with
OpenSans	10	52	clinical standards and governance in their current work.
OpenSans	10	95	Australian Government Response to the Royal Commission into Defence and Veteran Suicide 97
OpenSans-Semibold	14	11	Recommendation 76: Develop a postvention framework with
OpenSans-Semibold	14	13	experts and those with lived experience of suicide bereavement
OpenSans	10	17	The Australian Defence Force should develop a postvention framework that must be implemented
OpenSans	9	18	following a serving member’s death by suicide (or suspected suicide) for the purposes of supporting
OpenSans	10	20	the member’s family members and colleagues, as well as first responders. It should involve:
OpenSans	10	22	(a) collaborating with and seeking input from peak postvention organisations and those with
OpenSans	9	24	lived experience of suicide bereavement
OpenSans	10	26	(b) developing communication materials and training modules for commanders and key
OpenSans	10	28	decision-makers about trauma-informed postvention support for Defence personnel
OpenSans	10	30	(c) the use of a systematic process for identifying and referring those at highest risk following a
OpenSans	9	31	suicide death
OpenSans	10	34	(d) consideration of the unique circumstances of each posting or cultural circumstances of the
OpenSans	10	35	bereaved
OpenSans	10	38	(e) greater surveillance and evaluation of the broader impact of suicide on personnel and their
OpenSans	10	39	functioning for the purposes of improving interventions.
RobotoSlab-Regular	15	44	Australian Government Response
OpenSans	10	48	The Government agrees to continue the work currently underway to develop a postvention
OpenSans	10	50	framework with experts and those with lived experience of suicide bereavement.
OpenSans	10	52	Initial work to implement postvention support across DVA and Defence includes improving DVA’s
OpenSans	10	54	Adverse Events Analysis and Defence training modules that seek to focus on suicide postvention
OpenSans	10	55	practices and increased access to postvention bereavement services support.
OpenSans	10	95	98 Australian Government Response to the Royal Commission into Defence and Veteran Suicide
OpenSans-Semibold	14	11	Recommendation 77: Develop a suite of postvention resources in
OpenSans-Semibold	14	13	collaboration with stakeholders
OpenSans	10	17	Defence and the Department of Veterans’ Affairs should fund and facilitate the development
OpenSans	9	18	of a postvention network of suicide-bereavement resources in collaboration with ex-service
OpenSans	10	20	organisations, states and territories, lived experience peers, and civilian support organisations to
OpenSans	9	21	augment current postvention offerings, which can be inclusively accessed by and are tailored for the
OpenSans	10	23	military community and all those affected by veteran suicide.
RobotoSlab-Regular	15	28	Australian Government Response
OpenSans	10	32	The Government agrees to develop a suite of postvention resources, in collaboration with
OpenSans	9	33	stakeholders, to support those affected by defence and veteran suicide.
OpenSans	9	36	DVA’s Suicide Postvention Framework will continue to be developed and will describe the range of
OpenSans	10	37	postvention activities to be undertaken by DVA and other bodies.
OpenSans	10	95	Australian Government Response to the Royal Commission into Defence and Veteran Suicide 99
OpenSans-Semibold	14	11	Recommendation 78: Prevent, minimise and treat moral injury
OpenSans	10	15	Defence and the Department of Veterans’ Affairs should work collaboratively to develop an agreed
OpenSans	9	16	approach to minimising the negative impacts of moral injury, including the risk of suicide and
OpenSans	10	18	suicidality for serving and ex-serving members. The approach should evolve in line with emerging
OpenSans	9	19	research and best practice, and at a minimum include:
OpenSans	10	22	(a) implementing education, training and support programs with the explicit objectives of
OpenSans	10	23	preventing, minimising and treating moral injury
OpenSans	10	25	(b) considering using the Moral Injury Outcome Scale or other tools, as the evidence base
OpenSans	9	27	evolves, to support the early identification and treatment of moral injury
OpenSans	10	29	(c) conducting or commissioning further research to better understand moral injury in the
OpenSans	10	31	Australian military population.
RobotoSlab-Regular	15	36	Australian Government Response
OpenSans	10	40	The Government agrees-in-principle to this recommendation.
OpenSans	10	42	The Government acknowledges the negative impacts that moral injury can have on members of the
OpenSans	10	44	ADF. Defence and DVA will build on existing work, for example, including moral injury considerations
OpenSans	10	45	in the Defence and Veteran Mental Health and Wellbeing Strategy.
OpenSans	10	48	The Government will continue to explore moral injury in the Australian military population, including
OpenSans	10	49	conducting and commissioning further research where necessary.
OpenSans	10	95	100 Australian Government Response to the Royal Commission into Defence and Veteran Suicide
RobotoSlab-Regular	15	12	Volume 5: Transition, DVA and support for ex-serving
RobotoSlab-Regular	15	14	members
OpenSans-Semibold	14	20	Recommendation 79: Ensure that respect for and recognition of
OpenSans-Semibold	14	23	service are embedded throughout Defence and the Department of
OpenSans-Semibold	14	25	Veterans’ Affairs
OpenSans	9	28	Respect and recognition should be a key element of separation and transition processes; they must
OpenSans	10	30	also be the foundation for all interactions with members and former members of the Australian
OpenSans	9	31	Defence Force during service and civilian life.
OpenSans	9	34	Defence and the Department of Veterans’ Affairs should:
OpenSans	10	36	(a) examine their processes to identify ways in which respect in interactions with serving and
OpenSans	10	37	ex-serving members can be increased
OpenSans	10	40	(b) create a survey to benchmark the levels of respect shown to current and ex-serving members
OpenSans	10	41	prior to 30 June 2025
OpenSans	10	44	(c) conduct this survey every two years to identify areas for improvement, and introduce
OpenSans	10	45	improvements no later than the following year
OpenSans	10	47	(d) support the Joint Transition Authority to review its policy on recognition and farewells on a
OpenSans	10	49	regular basis (at least every three years) to identify areas for improvement, and introduce
OpenSans	10	51	these improvements by the following year.
RobotoSlab-Regular	15	56	Australian Government Response
OpenSans	10	59	The Government agrees that respect for and recognition of service should be embedded
OpenSans	10	61	throughout Defence and DVA. Defence and DVA will continue to identify and entrench practices that
OpenSans	10	63	demonstrate respect and recognition for veterans and their families.
OpenSans	10	65	Defence is examining options to identify ways to better recognise the service of ADF personnel who
OpenSans	10	67	are transitioning from service.
OpenSans	10	95	Australian Government Response to the Royal Commission into Defence and Veteran Suicide 101
OpenSans-Semibold	14	11	Recommendation 80: The Department of Veterans’ Affairs to take
OpenSans-Semibold	14	13	responsibility for supporting members to transition out of the
OpenSans-Semibold	14	15	Australian Defence Force
OpenSans	10	19	Defence should continue to be responsible for supporting members to prepare for and complete
OpenSans	9	20	separation from the Australian Defence Force (ADF). The new executive agency to be established
OpenSans	10	22	in the Department of Veterans’ Affairs (DVA) (Recommendation 87) should take responsibility for
OpenSans	9	24	supporting members to transition into civilian life.
OpenSans	9	26	Through the new agency, DVA should:
OpenSans	10	28	(a) establish a meaningful relationship with serving members as soon as they begin a pathway
OpenSans	10	30	towards transition
OpenSans	10	32	(b) conduct a transition readiness review prior to separation, which includes the member, their
OpenSans	9	34	commanding officer and DVA support person
OpenSans	10	36	(c) lead transition screening and expand it to assess members’ psychosocial readiness for
OpenSans	10	38	transition, including purpose and connection, help-seeking, beliefs about civilians, and
OpenSans	9	39	regimentation and adaptability
OpenSans	10	41	(d) with the consent of the member, share transition screening results (wholly or partially) with
OpenSans	10	43	the member’s commanding officer and key transition support people within Defence and
OpenSans	10	45	DVA (with Defence and DVA implementing a proactive process to obtain members’ consent
OpenSans	10	46	to share this information)
OpenSans	10	48	(e) proactively reach out to ex-serving members in the 12 months after they leave the ADF to
OpenSans	10	50	understand their experience of transition, how they are adjusting to civilian life, and connect
OpenSans	10	52	them with supports delivered by Australian Government agencies, states and territories, and
OpenSans	10	53	ex-service organisations.
RobotoSlab-Regular	15	58	Australian Government Response
OpenSans	10	62	The Government agrees-in-principle to this recommendation.
OpenSans	10	64	The Government is committed to supporting serving members to have a proactive and meaningful
OpenSans	10	66	transition journey.
OpenSans	10	68	The Government has provided additional funding to DVA to commence consultation on
OpenSans	10	70	transition and wellbeing supports, including the co-design of a new agency focused on wellbeing
OpenSans	10	71	(Recommendation 87). Consultation will include ways to encourage participation, including in
OpenSans	10	73	line with the recommendations of the Senate Inquiry into Adaptive Sport Programs for Australian
OpenSans	10	75	Defence Force Veterans.
OpenSans	10	95	102 Australian Government Response to the Royal Commission into Defence and Veteran Suicide
OpenSans-Semibold	14	11	Recommendation 81: The Department of Veterans’ Affairs to fund a
OpenSans-Semibold	14	13	program to support members’ wellbeing during transition to civilian
OpenSans-Semibold	14	15	life
OpenSans	10	19	The Department of Veterans’ Affairs (DVA) should fund and commission a cultural transition
OpenSans	9	20	program to support members to build and maintain wellbeing during the transition from military
OpenSans	10	22	to civilian life. The purpose of the program should be to empower members to develop the skills to
OpenSans	9	24	adjust and integrate into civilian culture successfully and sustain social connections.
OpenSans	9	26	The program should:
OpenSans	10	28	(a) be designed by an expert panel independent from DVA, including people with lived
OpenSans	10	30	experience of service and transition (both serving and ex-serving Australian Defence Force
OpenSans	9	31	members) and expertise in cultural adjustment and trauma-informed approaches
OpenSans	10	34	(b) be delivered in two parts, the first prior to separation and the second within six months of
OpenSans	10	35	separation
OpenSans	10	38	(c) be evaluated three years after the commencement of the program to assess its outcomes
OpenSans	9	39	and effectiveness, with adjustments made accordingly.
RobotoSlab-Regular	15	44	Australian Government Response
OpenSans	10	48	The Government agrees-in-principle to this recommendation.
OpenSans	10	50	The Government is committed to supporting serving members to ensure their transition beyond
OpenSans	10	52	military life is proactive and meaningful, noting the range of views across the Defence and veteran
OpenSans	10	53	community relating to transition.
OpenSans	10	56	The Government has provided additional funding to DVA to commence consultation on transition
OpenSans	10	57	and wellbeing supports, including the co-design of a new wellbeing agency (Recommendation 87).
OpenSans	10	59	Consultation will include ways to encourage wellbeing and participation, including
OpenSans	10	60	recommendations of the Senate Inquiry into Adaptive Sport Programs for Australian Defence
OpenSans	10	62	Force Veterans.
OpenSans	10	95	Australian Government Response to the Royal Commission into Defence and Veteran Suicide 103
OpenSans-Semibold	14	11	Recommendation 82: Establish a consistent, locally responsive
OpenSans-Semibold	14	13	policy on ex-serving members’ access to bases
OpenSans	10	17	Defence should establish a consistent policy on access to military bases that includes the objective
OpenSans	9	18	of supporting ex-serving members and their families to maintain social connections following
OpenSans	10	20	separation from the Australian Defence Force. The policy should allow for local decision-making
OpenSans	9	21	that balances the benefits of maintaining social connection with former colleagues in the 12 months
OpenSans	10	23	following separation, with the need to maintain base security.
RobotoSlab-Regular	15	28	Australian Government Response
OpenSans	10	32	The Government agrees that a consistent, locally responsive policy on former serving ADF
OpenSans	9	33	members’ access to bases will be established.
OpenSans	9	36	Defence is examining its existing base access policies to determine how to best implement this
OpenSans	10	37	recommendation.
OpenSans	10	95	104 Australian Government Response to the Royal Commission into Defence and Veteran Suicide
OpenSans-Semibold	14	11	Recommendation 83: Increase opportunities for members to gain
OpenSans-Semibold	14	13	civilian qualifications from Defence training and education
OpenSans	10	17	Defence should expand the objective of its education and training policies and programs from a
OpenSans	9	18	sole focus on Defence capability requirements to include member lifetime wellbeing. Specifically,
OpenSans	10	20	Defence should:
OpenSans	10	22	(a) commencing 1 July 2025, issue all civilian accreditations for Defence training at the point of
OpenSans	9	24	completion of the requisite training, rather than at the point of transition from service
OpenSans	10	26	(b) remove arbitrary limits on the number of civilian qualifications that may be awarded to a
OpenSans	10	28	member in recognition of Defence training they have completed
OpenSans	10	30	(c) ‘fill the gap’ between Defence and civilian training (where an equivalent civilian qualification
OpenSans	9	31	exists), either by expanding the content of the Defence training course or by funding bridging
OpenSans	10	33	training for members prior to separation.
RobotoSlab-Regular	15	38	Australian Government Response
OpenSans	10	42	The Government agrees to part (a) and (b) of this recommendation.
OpenSans	10	44	The Government agrees-in-principle to part (c) of this recommendation.
OpenSans	10	46	The Government recognises the benefits of increasing opportunities for members to gain civilian
OpenSans	10	48	qualifications from Defence training and education.
OpenSans	10	95	Australian Government Response to the Royal Commission into Defence and Veteran Suicide 105
OpenSans-Semibold	14	11	Recommendation 84: Issue separating members with a reference
OpenSans-Semibold	14	13	that states their skills, experience and capabilities
OpenSans	10	17	To support ex-serving members to promote their skills and experience in the civilian job market,
OpenSans	9	18	the Australian Defence Force should issue a reference to each member at separation. The reference
OpenSans	10	20	should reflect the individual skills and experience of the member and include a personalised
OpenSans	9	21	statement on the capabilities they demonstrated in their most recent role/s. Contact details of the
OpenSans	10	23	member’s commanding officer approximate to, or at, the point of transition should be provided
OpenSans	9	25	wherever possible.
RobotoSlab-Regular	15	30	Australian Government Response
OpenSans	10	33	The Government agrees that Defence will issue separating members with a reference that states
OpenSans	9	35	their skills, experience and capabilities.
OpenSans	9	37	Testimonials that detail an individual’s period of service and are intended for use as a reference
OpenSans	10	39	for prospective employers are a valuable tool for members’ transition. Defence will strengthen its
OpenSans	10	41	approach to achieve consistency across all Groups and Services when providing testimonials to ADF
OpenSans	10	42	personnel who are transitioning from permanent service.
OpenSans	10	95	106 Australian Government Response to the Royal Commission into Defence and Veteran Suicide
OpenSans-Semibold	14	11	Recommendation 85: Develop employment pathways for ex-serving
OpenSans-Semibold	14	13	members in public sector agencies
OpenSans	10	17	The Australian Public Service Commission and its state and territory equivalents should work with
OpenSans	9	18	public sector agencies to develop and prioritise employment pathways for ex-serving members.
OpenSans	10	20	They should prioritise agencies in portfolios where military capabilities and lived experience of
OpenSans	9	21	service are especially relevant, including health, justice, corrections, police, veterans’ affairs and
OpenSans	10	23	defence.
RobotoSlab-Regular	15	28	Australian Government Response
OpenSans	10	32	The Government agrees that DVA will continue to work with the Australian Public Service
OpenSans	9	33	Commission and other public sector agencies on improving employment pathways for former
OpenSans	10	35	serving ADF members, including the VetPaths program.
OpenSans	10	37	VetPaths provides an employment pathway for veterans into the Australian Public Service to
OpenSans	9	39	support transitioning, and recently transitioned, veterans to establish an ongoing and meaningful
OpenSans	10	41	career in the public service. It will be expanded in 2025 with the focus being on increasing agency
OpenSans	10	42	participation and subsequently participant numbers.
OpenSans	10	95	Australian Government Response to the Royal Commission into Defence and Veteran Suicide 107
OpenSans-Semibold	14	11	Recommendation 86: Ongoing funding for Veterans’ and Families’
OpenSans-Semibold	14	13	Hubs
OpenSans	10	17	The Australian Government should develop a recurrent funding model for Veterans’ and Families’
OpenSans	9	18	Hubs to support their financial sustainability and ongoing operations. In particular, the funding
OpenSans	10	20	model should ensure that the operating costs of hubs can be met (that is, separate from the
OpenSans	9	21	costs associated with the services delivered by various providers). The funding model should be
OpenSans	10	23	developed in consultation with lead organisations of Veterans’ and Families’ Hubs, as bespoke
OpenSans	9	25	arrangements are likely to be needed.
OpenSans	9	27	Funding agreements should include standardised, de-identified data collection and reporting
OpenSans	10	29	requirements to inform ongoing service delivery improvements and help to identify service gaps.
OpenSans	9	30	Data should be shared with state and territory governments.
RobotoSlab-Regular	15	35	Australian Government Response
OpenSans	10	39	The Government agrees-in-principle to this recommendation.
OpenSans	10	41	The Government agrees that ongoing funding options for Veterans’ and Families’ Hubs should be
OpenSans	10	43	developed including DVA tenancy opportunities in Hubs, with the planning for the establishment of
OpenSans	10	44	a new agency in DVA focused on wellbeing (Recommendation 87) and the supports and programs
OpenSans	10	46	intended in Recommendations 79, 80 and 81.
OpenSans	10	95	108 Australian Government Response to the Royal Commission into Defence and Veteran Suicide
OpenSans-Semibold	14	11	Recommendation 87: Establish a new agency to focus on veteran
OpenSans-Semibold	14	13	wellbeing
OpenSans	10	17	The Australian Government should establish a new executive agency focused on veteran wellbeing.
OpenSans	9	18	The new agency should have distinctive branding, but be administratively nested within the
OpenSans	10	20	Department of Veterans’ Affairs (DVA) to ensure seamless information sharing and referrals.
OpenSans	10	22	The new veteran wellbeing agency should have the following functions:
OpenSans	10	24	(a) Transition – to play a key role in supporting veterans to transition from military to civilian
OpenSans	9	26	life (Recommendation 80), build relationships and encourage veterans to access early
OpenSans	10	28	interventions and supports
OpenSans	10	30	(b) System navigation and connection to wellbeing supports at the individual level – to help
OpenSans	9	31	veterans to navigate the wellbeing ecosystem by providing clear information online about
OpenSans	10	33	available services, and by working in partnership with Veterans’ and Families’ Hubs and
OpenSans	9	35	expanding engagement with veterans through state and territory shopfronts
OpenSans	10	37	(c) Improve referral pathways and service integration at the systems level by:
OpenSans	10	39	(i) managing relationships between Veterans’ and Families’ Hubs, ex-service
OpenSans	10	41	organisations (ESOs), DVA, Australian and state and territory government agencies and
OpenSans	10	42	non-government service providers
OpenSans	10	45	(ii) ensuring referral pathways are in place and services are integrated to the greatest
OpenSans	10	46	extent possible
OpenSans	10	49	(iii) advising DVA and state and territory governments on service gaps
OpenSans	10	51	(d) Co-designing wellbeing supports – to work with veterans and ESOs to co-design new
OpenSans	10	53	prevention and early intervention wellbeing programs and services at the local level,
OpenSans	10	54	supported by a dedicated funding stream under the redesigned grants program for ESOs.
OpenSans	10	56	The new veteran wellbeing agency should have an ongoing operating budget, and the following
OpenSans	10	58	capabilities and features:
OpenSans	10	60	(e) staff who have lived experience of military service
OpenSans	10	63	(f) offices established in area/s where large numbers of veterans live
OpenSans	10	65	(g) customer service expertise, including in digital-led solutions
OpenSans	10	67	(h) a trauma-informed communications and service-delivery approach
OpenSans	10	69	(i) led by a CEO who reports to the Secretary of DVA
OpenSans	10	72	(j) adhering to a service charter and associated key performance indicators, supported by
OpenSans	10	73	regular and transparent reporting requirements.
RobotoSlab-Regular	15	78	Australian Government Response
OpenSans	10	82	The Government agrees-in-principle to this recommendation, as part of its commitment to
OpenSans	10	84	ensuring service members are supported through their transition out of the ADF.
OpenSans	10	86	The Government has provided additional funding to DVA to commence consultation on transition
OpenSans	10	88	and wellbeing supports, including the co-design of a new agency focused on wellbeing.
OpenSans	10	95	Australian Government Response to the Royal Commission into Defence and Veteran Suicide 109
OpenSans-Semibold	14	11	Recommendation 88: Develop a national funding agreement on
OpenSans-Semibold	14	13	veterans’ wellbeing
OpenSans	10	17	A national funding agreement on veterans’ wellbeing should be developed, with immediate focus on
OpenSans	9	18	the following priorities:
OpenSans	10	21	(a) improving outcomes for veterans who are experiencing homelessness, including a long-term
OpenSans	10	22	investment framework that supports capital and operational expenditure for veteran-specific
OpenSans	9	24	housing and the provision of wraparound services
OpenSans	10	26	(b) supporting veterans who are incarcerated, both during and after their incarceration
OpenSans	10	28	(c) facilitating school enrolments for children of serving members, without requiring a confirmed
OpenSans	10	30	address
OpenSans	10	32	(d) developing networks of health care for veterans (see Recommendation 72)
OpenSans	10	34	(e) obtaining individual consent from veterans who separate involuntarily for medical or other
OpenSans	9	36	reasons (and other cohorts at higher risk of suicide and suicidality) to provide their personal
OpenSans	10	38	data to state and territory governments to ensure they can receive tailored support and
OpenSans	10	39	referrals to veteran-specific services, including Veterans’ and Families’ Hubs.
RobotoSlab-Regular	15	44	Australian Government Response
OpenSans	10	48	The Government notes this recommendation.
OpenSans	10	50	The Government acknowledges the important contribution states and territories make to veteran
OpenSans	10	52	wellbeing, including through the Federal Financial Relations system.
OpenSans	10	54	DVA and Defence will continue to work collaboratively with jurisdictions to improve supports
OpenSans	10	56	for current and former serving ADF members, including supports relating to homelessness,
OpenSans	10	57	incarceration, schooling and health.
OpenSans	10	95	110 Australian Government Response to the Royal Commission into Defence and Veteran Suicide
OpenSans-Semibold	14	11	Recommendation 89: Establish a national peak body for ex-service
OpenSans-Semibold	14	13	organisations
OpenSans	10	17	The Australian Government, in consultation with ex-service organisations (ESOs), should establish a
OpenSans	9	18	national peak body for ESOs following a co-design process.
OpenSans	9	21	The role, functions, membership, governance and funding model of the peak body should be
OpenSans	10	22	informed by the outcomes of the business case, and agreed between the Department of Veterans’
OpenSans	9	24	Affairs and the ESO sector. The funding model should not exclude participation of any eligible ESOs,
OpenSans	10	25	particularly those who operate on a not-for-profit basis.
RobotoSlab-Regular	15	30	Australian Government Response
OpenSans	10	34	The Government agrees-in-principle to this recommendation.
OpenSans	10	36	The Government has provided additional funding to DVA to continue consultation with ex-service
OpenSans	9	38	organisations on the development of a national peak body.
OpenSans	10	95	Australian Government Response to the Royal Commission into Defence and Veteran Suicide 111
OpenSans-Semibold	14	11	Recommendation 90: Remove the service differential for
OpenSans-Semibold	14	13	permanent impairment compensation and expand mental health
OpenSans-Semibold	14	15	support to all reserve personnel
OpenSans	10	19	The Australian Government should:
OpenSans	10	21	(a) remove the service differential as it relates to permanent impairment compensation
OpenSans	10	23	(b) extend non-liability health care for mental health conditions to all reserve personnel.
RobotoSlab-Regular	15	28	Australian Government Response
OpenSans	10	32	The Government does not support the removal of the service differential as it relates to permanent
OpenSans	9	34	impairment compensation.
OpenSans	9	36	The Government acknowledges there are differing views in the veteran community about the
OpenSans	10	38	service differential. It notes that while all veterans, including reservists, are able to access support
OpenSans	10	39	and assistance for all conditions linked to their service through DVA, the service differential is a
OpenSans	10	41	long-standing feature of Australia’s support for veterans which sees higher levels of compensation
OpenSans	10	42	provided for injuries or illness incurred in operational type service.
OpenSans	10	45	The Government agrees-in-principle to further expanding non-liability health care for mental health
OpenSans	10	46	conditions to all reserve personnel.
OpenSans	10	95	112 Australian Government Response to the Royal Commission into Defence and Veteran Suicide
OpenSans-Semibold	14	11	Recommendation 91: Implement combined benefits processing for
OpenSans-Semibold	14	13	all initial liability and permanent impairment claims
OpenSans	10	17	The Department of Veterans’ Affairs (DVA) should implement combined benefits processing for all
OpenSans	10	18	initial liability and permanent impairment claims under the Military Rehabilitation and Compensation
OpenSans	10	20	Act 2004 (Cth) (the new single Act) for veterans’ entitlements, noting that some limited exceptions
OpenSans	9	21	will apply.
OpenSans	9	24	The Australian Government should ensure that DVA has sufficient additional funding to implement
OpenSans	10	25	this new approach to claims processing.
RobotoSlab-Regular	15	30	Australian Government Response
OpenSans	10	34	The Government agrees to DVA implementing combined benefits processing for liability and
OpenSans	9	36	permanent impairment claims where possible.
OpenSans	10	95	Australian Government Response to the Royal Commission into Defence and Veteran Suicide 113
OpenSans-Semibold	14	11	Recommendation 92: Review claims to the Department of Veterans’
OpenSans-Semibold	14	13	Affairs associated with physical and sexual abuse
OpenSans	10	17	The Department of Veterans’ Affairs (DVA) should commission an independent review of claims
OpenSans	9	18	made between 2015 and 2024 that are associated with physical and sexual abuse during service.
OpenSans	10	20	The review should:
OpenSans	10	22	(a) determine if there is any material difference in the acceptance or correctness rates for these
OpenSans	9	24	claims compared to other claim types and, if so, identify why and any required changes
OpenSans	10	25	to veterans’ entitlements legislation, DVA policy, and/or training and support provided to
OpenSans	9	27	delegates
OpenSans	10	29	(b) recommend any necessary improvements that will ensure delegates deliver services in a
OpenSans	10	31	trauma-informed way and understand the dynamics of military sexual violence and other
OpenSans	9	32	forms of abuse during service
OpenSans	10	35	(c) examine the supports in place for victims who have submitted a claim of this kind and
OpenSans	10	36	recommend any necessary improvements to align with best practice.
RobotoSlab-Regular	15	41	Australian Government Response
OpenSans	10	45	The Government agrees to commission an independent review of claims associated with physical
OpenSans	10	47	and sexual abuse and will continue to ensure processes support best practice in the management
OpenSans	10	48	of cases related to physical and sexual abuse.
OpenSans	10	95	114 Australian Government Response to the Royal Commission into Defence and Veteran Suicide
OpenSans-Semibold	14	11	Recommendation 93: Fund the Transition Medical Assessment Pilot
OpenSans-Semibold	14	13	Program on an ongoing and national basis
OpenSans	10	17	The Australian Government should provide funding to the Department of Veterans’ Affairs and
OpenSans	9	18	Defence to support:
OpenSans	10	21	(a) expanding the Transition Medical Assessment Pilot Program to North Queensland in 2025–26
OpenSans	10	23	(b) rolling out the program nationally to serve all Australian Defence Force members who are
OpenSans	10	24	medically separating with complex needs from 2026–27 onwards.
RobotoSlab-Regular	15	29	Australian Government Response
OpenSans	10	33	The Government agrees-in-principle to fund the Transition Medical Assessment Pilot Program,
OpenSans	9	35	subject to an evaluation of the pilot to ensure its effectiveness. DVA has commenced work on
OpenSans	10	36	the pilot program, which is supported by Defence who provide referrals for medical imaging and
OpenSans	9	38	specialist reviews, ongoing provision of office space and Defence IT systems, and assistance with
OpenSans	10	40	data requests.
OpenSans	10	42	The model seeks to have Defence and DVA case management staff working together within Defence
OpenSans	10	43	health facilities to manage the medical transition requirements of members with complex medical
OpenSans	10	45	conditions in the lead up to their transition date.
OpenSans	10	95	Australian Government Response to the Royal Commission into Defence and Veteran Suicide 115
OpenSans-Semibold	14	11	Recommendation 94: Improve timeliness and reporting on
OpenSans-Semibold	14	13	information-sharing between Defence and the Department of
OpenSans-Semibold	14	15	Veterans’ Affairs for claims processing
OpenSans	10	19	To ensure timely information-sharing between the Department of Veterans’ Affairs (DVA) and
OpenSans	9	20	Defence for the purpose of claims processing:
OpenSans	10	23	(a) DVA and Defence should establish a key performance indicator for the timeliness of
OpenSans	10	24	information provided by Defence through the Single Access Mechanism, and report on
OpenSans	9	26	performance in annual reports
OpenSans	10	28	(b) Defence should report annually on the progress of records digitisation until all records are
OpenSans	10	30	fully digitised.
RobotoSlab-Regular	15	35	Australian Government Response
OpenSans	10	39	The Government agrees to improve the timeliness and reporting of information-sharing between
OpenSans	10	40	Defence and DVA for claims processing.
OpenSans	10	42	This work is underway and will be delivered through the Health Knowledge Management System.
OpenSans	10	95	116 Australian Government Response to the Royal Commission into Defence and Veteran Suicide
OpenSans-Semibold	14	11	Recommendation 95: Support the expanded application of
OpenSans-Semibold	14	13	‘presumptive liability’
OpenSans	10	17	The Department of Veterans’ Affairs (DVA) should
OpenSans	10	19	(a) establish a dedicated ongoing workstream to support the expanded use of presumptive
OpenSans	9	21	liability as part of its research and evaluation model, informed by the views of the expert
OpenSans	10	22	committee on veteran health research (Recommendation 117)
OpenSans	10	24	(b) follow developments in civilian workers’ compensation schemes, and consider where they
OpenSans	9	26	are relevant to Australian Defence Force (ADF) contexts. As an immediate priority, DVA
OpenSans	10	28	should consider whether a presumption related to liability for post-traumatic stress disorder
OpenSans	9	29	should apply to certain roles within the ADF.
RobotoSlab-Regular	15	34	Australian Government Response
OpenSans	10	38	The Government agrees to expand the application of ‘presumptive liability’, noting the Veterans’
OpenSans-Italic	10	40	Entitlements Treatment and Support (Simplification and Harmonisation) Bill 2024 has been introduced
OpenSans	10	41	into Parliament.
OpenSans	10	95	Australian Government Response to the Royal Commission into Defence and Veteran Suicide 117
OpenSans-Semibold	14	11	Recommendation 96: Ongoing funding for Provisional Access to
OpenSans-Semibold	14	13	Medical Treatment
OpenSans	10	17	The Australian Government should fund Provisional Access to Medical Treatment beyond June 2026
OpenSans	9	18	on an ongoing basis.
RobotoSlab-Regular	15	23	Australian Government Response
OpenSans	10	27	The Australian Government agrees-in-principle to continuing the Provisional Access to Medical
OpenSans	9	29	Treatment program beyond June 2026.
OpenSans	9	31	Through this program, eligible veterans who are waiting for their claims to be considered by DVA
OpenSans	10	33	can continue to receive medical and allied health treatment on a provisional basis for one or more
OpenSans	9	34	of the 20 most commonly accepted conditions, such as hearing loss.
OpenSans	9	36	In 2024, the Government extended the program until 30 June 2026, with funding for treatment
OpenSans	10	38	under the program continuing until 31 December 2026.
OpenSans	10	95	118 Australian Government Response to the Royal Commission into Defence and Veteran Suicide
OpenSans-Semibold	14	11	Recommendation 97: Consider giving the Veteran Payment to more
OpenSans-Semibold	14	13	veterans with physical health conditions
OpenSans	10	17	The Department of Veterans’ Affairs (DVA), in conjunction with the Repatriation Commission, should
OpenSans	9	18	examine whether there are specific cohorts of veterans with physical health conditions who are at
OpenSans	10	20	higher risk of suicide and may therefore benefit from receiving the Veteran Payment.
OpenSans	10	22	If such cohorts are identified, DVA should seek the appropriate authority from the Australian
OpenSans	9	24	Government to extend the Veteran Payment to those cohorts.
RobotoSlab-Regular	15	29	Australian Government Response
OpenSans	10	33	The Government agrees-in-principle to consider expansion of the eligibility for the Veteran
OpenSans	9	34	Payment to further support the financial security of veterans and their families.
OpenSans	9	36	Veterans claiming physical health conditions already benefit from potential eligibility for the Veteran
OpenSans	10	38	Payment where they are also claiming a mental health condition at the same time.
OpenSans	10	95	Australian Government Response to the Royal Commission into Defence and Veteran Suicide 119
OpenSans-Semibold	14	11	Recommendation 98: Strengthen Department of Veterans’ Affairs
OpenSans-Semibold	14	13	performance targets for claims processing timeframes, and improve
OpenSans-Semibold	14	15	transparency
OpenSans	10	19	Department of Veterans’ Affairs (DVA) performance targets for the timeliness of liability and
OpenSans-Italic	10	20	permanent impairment claims under the Military Rehabilitation and Compensation Act 2004 (Cth) (the
OpenSans	10	22	new single Act) should be reset so that:
OpenSans	10	24	(a) by 1 July 2026, at least 65% of claims are determined within 90 days
OpenSans	10	27	(b) by 1 July 2028, at least 80% of claims are determined within 90 days.
OpenSans	10	29	Starting in 2024–25, DVA should include in its annual reports:
OpenSans	10	31	(c) data-driven measures of DVA’s compliance with its customer service standards
OpenSans	10	33	(d) the percentage of claims for which DVA requested an independent medical examination
OpenSans	10	36	(e) the number of additional conditions and sequelae covered by presumptive liability
OpenSans	9	37	compared with the previous year, as well as the number and percentage of initial liability
OpenSans	10	39	determinations that were made pursuant to presumptive liability provisions.
RobotoSlab-Regular	15	44	Australian Government Response
OpenSans	10	48	The Government agrees-in-principle to the recommendation.
OpenSans	10	50	The Government has made significant investments to ensure DVA is better funded and resourced
OpenSans	10	52	than it has been in three decades. As a result of those investments, DVA has cleared the backlog of
OpenSans	10	53	unallocated claims identified in the Royal Commission’s Interim Report.
OpenSans	10	55	The Government has undertaken significant legislative reforms to simplify the legislative basis of
OpenSans-Italic	10	57	support for veterans through the Veterans’ Entitlements Treatment and Support (Simplification and
OpenSans-Italic	10	59	Harmonisation) Bill 2024.
OpenSans	10	61	The Government will continue to progress improvements to DVA’s performance reporting, noting
OpenSans	10	63	DVA now publishes its claims processing times information on its website.
OpenSans	10	65	A range of business improvement activities are underway aimed at streamlining claims processing
OpenSans	10	66	activities and improving DVA’s engagement with veterans and the broader veteran community.
OpenSans	10	95	120 Australian Government Response to the Royal Commission into Defence and Veteran Suicide
OpenSans-Semibold	14	11	Recommendation 99: Improve compensation advocacy by funding
OpenSans-Semibold	14	13	professional, paid advocates
OpenSans	10	17	The Australian Government should replace the Building Excellence in Support and Training (BEST)
OpenSans	9	18	grant program with an ongoing, demand-driven funding program for professional, paid veteran
OpenSans	10	20	compensation advocates. At a minimum, the amount of funding should be increased to provide
OpenSans	9	21	compensation advocacy for:
OpenSans	10	24	(a) all veterans who need support to submit a liability and/or compensation claim with the
OpenSans	10	25	Department of Veterans’ Affairs
OpenSans	10	28	(b) all veterans seeking an internal or external review of a claims decision.
OpenSans	10	30	Funding allocations should be for a minimum of three years to provide employment stability.
OpenSans	9	31	They should be designed to ensure equitable geographic service coverage and meet the diverse
OpenSans	10	33	demographic needs of the veteran population, including female veterans and LGBTIQ+ veterans.
RobotoSlab-Regular	15	38	Australian Government Response
OpenSans	10	42	The Government agrees-in-principle to improving compensation and wellbeing advocacy, including
OpenSans	10	43	funding compensation advocacy services that are provided at no cost to veterans.
OpenSans	10	46	DVA has been working with ex-service organisations to consider how advocacy services could be
OpenSans	10	47	strengthened to benefit veterans and families, including consultation on a national professional
OpenSans	10	49	association for veterans’ advocates.
OpenSans	10	51	DVA is currently piloting the Claims Lodgement Assistance program in Western Australia. This
OpenSans	10	53	pilot embeds experienced compensation staff within Ex-Service Organisation offices (ESOs) to
OpenSans	10	54	work alongside ESO advocates to provide advice to veterans on DVA entitlements and supports,
OpenSans	10	56	information to support a claim, and what to expect during the claim process. This program will
OpenSans	10	58	also assist veterans to lodge compensation claims and facilitate referrals to rehabilitation support
OpenSans	10	59	through DVA where needed.
OpenSans	10	95	Australian Government Response to the Royal Commission into Defence and Veteran Suicide 121
OpenSans-Semibold	14	11	Recommendation 100: Improve the transparency, accountability
OpenSans-Semibold	14	13	and effectiveness of the Department of Veterans’ Affairs
OpenSans-Semibold	14	15	rehabilitation program
OpenSans	10	19	The Department of Veterans’ Affairs (DVA) should improve the transparency of the DVA
OpenSans	9	20	Rehabilitation Program and how its effectiveness is measured. At a minimum, this should include:
OpenSans	10	23	(a) reinstating the program performance indicator that measures the percentage of clients for
OpenSans	10	24	whom rehabilitation goals were met or exceeded, with a target of 75%, and including this
OpenSans	9	26	measure in annual public reporting
OpenSans	10	28	(b) expanding key performance indicators for rehabilitation program providers to measure the
OpenSans	10	30	percentage of clients who meet or exceed their rehabilitation goals, disaggregated by goal
OpenSans	9	31	type (for example, medical management, vocational and psychosocial). This information
OpenSans	10	33	should be shared with DVA rehabilitation clients so they can make an informed choice of
OpenSans	9	35	provider (as related to Recommendation 101 on choice and autonomy).
RobotoSlab-Regular	15	40	Australian Government Response
OpenSans	10	43	The Government agrees-in-principle to improve the transparency, accountability and effectiveness
OpenSans	10	45	of DVA’s rehabilitation program by expanding and publishing its performance indicators.
OpenSans	10	47	This will be supported by the improved data reporting arrangements recently implemented with
OpenSans	10	49	national rehabilitation providers.
OpenSans	10	95	122 Australian Government Response to the Royal Commission into Defence and Veteran Suicide
OpenSans-Semibold	14	11	Recommendation 101: Give Department of Veterans’ Affairs clients
OpenSans-Semibold	14	13	more choice and autonomy
OpenSans	10	17	Veterans supported by the Department of Veterans’ Affairs should be afforded similar levels of
OpenSans	9	18	choice and autonomy to National Disability Insurance Scheme (NDIS) participants, to the greatest
OpenSans	10	20	extent possible. At a minimum, this should include:
OpenSans	10	22	(a) enabling veterans to:
OpenSans	10	24	(i) choose their rehabilitation provider, supported by clear information about provider
OpenSans	9	26	quality and service characteristics (including information specified in Recommendation
OpenSans	10	28	100)
OpenSans	10	30	(ii) self-manage their budget for approved household assistance on an opt-in basis,
OpenSans	9	31	to align with the autonomy and payment conditions afforded to NDIS clients and
OpenSans	10	33	providers
OpenSans	10	35	(b) reimbursing veterans for travel costs to see their preferred healthcare providers (noting that
OpenSans	9	37	some constraints will apply), supported by legislative reform developed in consultation with
OpenSans	10	39	veterans.
RobotoSlab-Regular	15	44	Australian Government Response
OpenSans	10	47	The Government notes the recommendation to enable veterans to choose their rehabilitation
OpenSans	10	49	provider and to self-manage their budget for approved household assistance on an opt-in basis.
OpenSans	10	51	This recommendation will be further considered by the Taskforce.
OpenSans	10	53	The Government notes that changes were introduced in June 2024 that enabled veterans to have
OpenSans	10	54	more choice and agency to tailor their rehabilitation plans. Under existing programs, veterans are
OpenSans	10	56	able to choose their household service providers, general practitioner, specialist and allied health
OpenSans	10	58	provider, as well as access public hospitals, and choose from over 500 DVA-contracted private
OpenSans	10	59	hospitals and day procedure centres.
OpenSans	10	62	The Government agrees to legislative reform to reimburse veterans for travel costs to see their
OpenSans	10	63	preferred healthcare providers. Changes proposed in the Veterans’ Entitlements, Treatment and
OpenSans-Italic	10	65	Support (Simplification and Harmonisation) Bill 2024 will harmonise access to, and funding for,
OpenSans	10	66	expenses incurred in undertaking travel for treatment.
OpenSans	10	95	Australian Government Response to the Royal Commission into Defence and Veteran Suicide 123
RobotoSlab-Regular	15	12	Volume 6: Families, data and research, and establishing a new
RobotoSlab-Regular	15	14	entity
OpenSans-Semibold	14	20	Recommendation 102: Implement and improve upon the Defence
OpenSans-Semibold	14	23	Strategy for Preventing and Responding to Family and Domestic
OpenSans-Semibold	14	25	Violence
OpenSans	9	28	In addition to, and as part of the implementation of the Defence Strategy for Preventing and
OpenSans	10	30	Responding to Family and Domestic Violence 2023–2028, Defence should:
OpenSans	10	32	(a) recognise the nexus between family violence and suicide, including the inclusion of family
OpenSans	9	34	violence indicators within approaches to suicide prevention, and consideration of suicide risk
OpenSans	10	35	within responses to family violence
OpenSans	10	37	(b) implement all recommendations made by Defence Families of Australia (DFA) in its issues
OpenSans	9	39	paper on Australian Defence Force families and domestic violence and work collaboratively in
OpenSans	10	41	an enduring fashion with the DFA to deliver ongoing reforms to prevent family and domestic
OpenSans	10	42	violence and support victims of family and domestic violence
OpenSans	10	44	(c) establish and communicate a set of minimum standards to guide its approach to family and
OpenSans	10	46	domestic violence that are publicly available and:
OpenSans	10	48	(i) clearly articulate victim safety (including that of children) as the primary consideration
OpenSans	10	50	in decision-making
OpenSans	10	52	(ii) define how Defence will ensure that any protection orders that may be in place can
OpenSans	10	54	be upheld in the workplace, including how it will ensure that postings and workplace
OpenSans	10	55	arrangements prioritise the safety of the victim
OpenSans	10	58	(iii) include clear expectations regarding disclosure by Defence members who are the
OpenSans	10	59	respondent on a protection order relating to family violence
OpenSans	10	62	(d) take steps to ensure that Defence property, equipment and resources are not used to
OpenSans	10	63	perpetrate family and domestic violence, including that Defence housing stability is not used
OpenSans	10	65	as a means to exercise coercive control or to create barriers to safe separation
OpenSans	10	67	(e) ensure that there are no impediments to Defence personnel accessing emergency services
OpenSans	10	69	responses while on base, in relation to family and domestic violence. All materials regarding
OpenSans	10	70	family and domestic violence should include emergency services response information and
OpenSans	10	72	be regularly reviewed for currency.
RobotoSlab-Regular	15	77	Australian Government Response
OpenSans	10	81	The Government agrees with this recommendation. Defence will continue to improve the extant
OpenSans	10	82	Defence Strategy for Preventing and Responding to Family and Domestic Violence.
OpenSans	10	85	Elements of this recommendation have commenced.
OpenSans	10	87	Defence will release its Action Plan supporting the Defence Strategy for Preventing and
OpenSans	10	88	Responding to Family and Domestic Violence by the end of 2024, incorporating elements of this
OpenSans	10	90	recommendation.
OpenSans	10	95	124 Australian Government Response to the Royal Commission into Defence and Veteran Suicide
OpenSans-Semibold	14	11	Recommendation 103: Improve the support, communication and
OpenSans-Semibold	14	13	services provided to Defence families
OpenSans	10	17	In recognition of the critical role that Defence families play in Defence capability, and the stressors
OpenSans	9	18	that service life places on the member and their family unit, Defence should:
OpenSans	10	21	(a) increase and enhance the suite of family support programs and initiatives available to
OpenSans	10	22	Defence families, informed by co-design with members, families and Advocates. This should
OpenSans	9	24	include:
OpenSans	10	26	(i) systematically analysing data from the Defence Member and Family Helpline to better
OpenSans	10	28	understand issues and trends, and create opportunities to better assist members and
OpenSans	9	29	their families
OpenSans	10	31	(ii) removing barriers to families directly accessing information and services provided by
OpenSans	10	33	Defence Member and Family Support (DMFS)
OpenSans	10	35	(iii) providing an evidence-based suite of information and resources to support families,
OpenSans	9	37	especially at times of peak stress including postings, return from deployment and
OpenSans	10	39	member transition
OpenSans	10	41	(iv) facilitating greater access to or provision of family therapy, and services that support
OpenSans	10	42	partners and children of Defence members
OpenSans	10	45	(v) an enhanced DMFS communications strategy
OpenSans	10	47	(b) ensure that systems are in place to communicate directly with families on an ‘opt out’ basis
OpenSans	10	49	to provide information on available services and supports, assisted by a refreshed DMFS
OpenSans	10	50	communications strategy and greater efforts to publicise the supports available
OpenSans	10	53	(c) develop and implement a framework to evaluate outcomes, including the efficiency and
OpenSans	10	54	effectiveness of all current and future DMFS initiatives, with this material to be made public
OpenSans	10	56	to demonstrate transparency and accountability for the performance of DMFS
OpenSans	10	58	(d) work with the Australian, state and territory governments to investigate and improve
OpenSans	10	60	arrangements for facilitating employment opportunities for partners of Defence members
OpenSans	10	61	as well as opportunities for remote working, or preferential employment of this cohort in
OpenSans	10	63	appropriate roles
OpenSans	10	65	(e) work with the Australian Government, following the completion of the Defence Childcare
OpenSans	10	67	Review and the Productivity Commission Review into Early Childhood Education and Care, to
OpenSans	10	68	identify and realise opportunities to improve the provision of child care services to Defence
OpenSans	10	70	members.
RobotoSlab-Regular	15	75	Australian Government Response
OpenSans	10	79	The Government agrees that Defence will continue to improve the support, communication and
OpenSans	10	80	services provided to Defence families.
OpenSans	10	83	Defence will continue to review its suite of family support programs and initiatives available to
OpenSans	9	84	Defence families, including services that support partners and children of ADF personnel. Defence is
OpenSans	10	86	reviewing the Defence Member and Family Helpline data to better understand issues and trends.
OpenSans	10	88	Defence has designed a framework to evaluate outcomes, including the efficiency and effectiveness
OpenSans	10	90	of all current and future Defence Member and Family Support initiatives. Defence is evaluating and
OpenSans	10	91	re-designing program data collection methods to align with outcomes.
OpenSans	10	95	Australian Government Response to the Royal Commission into Defence and Veteran Suicide 125
OpenSans	9	11	Significant work is underway to ensure Defence communicates with members and their families in
OpenSans	10	13	a trauma-informed way, and that families have access to the right information at the right time in
OpenSans	9	14	their family’s service journey.
OpenSans	9	17	Defence Member and Family Support is developing a new public facing portal to increase
OpenSans	10	18	communication and access to information for families. Defence will seek consent from registered
OpenSans	9	20	family members to communicate with them directly on supports and services tailored to their
OpenSans	10	21	military lifecycle needs and interests, further reducing barriers to information access in a timely and
OpenSans	9	23	efficient manner.
OpenSans	10	95	126 Australian Government Response to the Royal Commission into Defence and Veteran Suicide
OpenSans-Semibold	14	11	Recommendation 104: Improve the profile, resourcing and impact
OpenSans-Semibold	14	13	of the Defence Family Advocate
OpenSans	10	17	To achieve the best possible representation of serving and ex-serving members and their families,
OpenSans	9	18	the Australian Government should:
OpenSans	10	21	(a) improve the profile, resourcing and impact of the Defence Family Advocate, by:
OpenSans	10	23	(i) providing the Defence Family Advocate with appropriate staffing, budget and
OpenSans	10	24	remuneration, with a salary and employment conditions at an equivalent rate
OpenSans	9	26	to comparable executive positions, supported by full-time staff with the same
OpenSans	10	28	employment conditions as their counterparts in Defence and the public service
OpenSans	10	30	(ii) formalising the relationship between the Defence Family Advocate and the Veteran
OpenSans	9	31	Family Advocate Commissioner
OpenSans	10	34	(iii) working with the new Defence Family Advocate to implement the recommendations
OpenSans	10	35	made in the ‘Our Community’ and the PricewaterhouseCoopers reviews to refine and
OpenSans	9	37	improve the governance and outcomes of the Defence Family Advocate
OpenSans	10	39	(b) appropriately staff and resource the Veteran Family Advocate Commissioner and their office
OpenSans	10	41	to improve outcomes and ensure that veteran families are represented in policy design,
OpenSans	10	42	decision-making and advocacy
OpenSans	10	45	(c) investigate whether shared administrative support for both office holders may further assist
OpenSans	10	46	collaboration and support the efficiency of their operations.
RobotoSlab-Regular	15	51	Australian Government Response
OpenSans	10	55	The Government agrees to consider the profile, resourcing and impact of the Defence Family
OpenSans	10	57	Advocate. This will be informed by further detailed analysis of administrative processes and support
OpenSans	10	58	required for the Defence Family Advocate to fulfil its responsibilities effectively and efficiently.
OpenSans	10	95	Australian Government Response to the Royal Commission into Defence and Veteran Suicide 127
OpenSans-Semibold	14	11	Recommendation 105: Improve coordination with coroners and the
OpenSans-Semibold	14	13	National Coronial Information System
OpenSans	10	17	The Australian Government Attorney-General’s Department should work with its state and
OpenSans	9	18	territory counterparts to establish mechanisms that improve coordination between coroners, the
OpenSans	10	20	Department of Veterans’ Affairs (DVA), the Australian Bureau of Statistics and the National Coronial
OpenSans	9	21	Information System and work towards:
OpenSans	10	24	(a) aligning coronial practices related to making determinations of intentional self-harm to
OpenSans	10	25	improve the consistency and timeliness of national suicide reporting
OpenSans	10	28	(b) implementing communication strategies between Defence, the Inspector-General of the
OpenSans	9	29	Australian Defence Force, DVA and coroners to support the streamlined provision of
OpenSans	10	31	information and reduce the risk of stress on families
OpenSans	10	33	(c) sharing good-practice support regarding trauma-informed care.
RobotoSlab-Regular	15	38	Australian Government Response
OpenSans	10	42	The Government notes this recommendation, which the Taskforce will consider further in
OpenSans	10	43	consultation with other relevant stakeholders.
OpenSans	10	46	The Government supports greater cooperation between coroners and improved coronial data
OpenSans	10	47	sharing, but notes the complexity to implementing this recommendation, including that states
OpenSans	10	49	and territories are responsible for coronial matters. The Government will engage with states and
OpenSans	10	51	territories on practical solutions to improve coordination with coroners and the National Coronial
OpenSans	10	52	Information System.
OpenSans	10	95	128 Australian Government Response to the Royal Commission into Defence and Veteran Suicide
OpenSans-Semibold	14	11	Recommendation 106: Establish a suicide database of serving and
OpenSans-Semibold	14	13	ex-serving members
OpenSans	10	17	Defence should design and develop a new suicide database that is appropriate for the purpose
OpenSans	9	18	of suicide monitoring and reporting of all relevant data of permanent, reserve and ex-serving
OpenSans	10	20	members. The design and development of the database should:
OpenSans	10	22	(a) leverage data collected throughout the service journey from recruitment to discharge and
OpenSans	9	24	beyond
OpenSans	10	26	(b) capture a broader range of risk and protective factors, including but not limited to
OpenSans	10	28	recording incidents of unacceptable behaviour and injuries, which is necessary to improve
OpenSans	9	29	understanding of suicide, suicidality and self-harm
OpenSans	10	31	(c) be informed by best-practice approaches from other countries, including the United States.
RobotoSlab-Regular	15	37	Australian Government Response
OpenSans	10	40	The Government agrees-in-principle to establish an appropriate database for the purpose of
OpenSans	10	42	suicide monitoring and reporting, with the Taskforce to consider options for implementation. This
OpenSans	10	43	will include considerations with respect to the collection, management and sharing of data.
OpenSans	10	46	Defence and DVA are working closely with the Australian Institute of Health and Welfare to develop
OpenSans	10	47	an approach to collect data relating to suicide monitoring and reporting.
OpenSans	10	50	The Government notes the Australian Institute of Health and Welfare will continue to collect
OpenSans	10	51	Defence and veteran suicide data, and publish annually.
OpenSans	10	95	Australian Government Response to the Royal Commission into Defence and Veteran Suicide 129
OpenSans-Semibold	14	11	Recommendation 107: Establish the National Veterans’ Data Asset
OpenSans	10	15	To improve understanding of deaths by suicide and provide better support to veterans and their
OpenSans	9	16	families, the Australian Government should:
OpenSans	10	18	(a) provide appropriation funding to the Australian Institute of Health and Welfare and the
OpenSans	10	20	National Suicide Prevention Office (or any subsequent body assuming its functions) to
OpenSans	9	22	establish and maintain a National Veterans’ Data Asset that brings together data from
OpenSans	10	23	Defence, the Department of Veterans’ Affairs, and states and territories, to enable timely
OpenSans	9	25	monitoring and surveillance of suicide and suicidality of serving and ex-serving Australian
OpenSans	10	26	Defence Force (ADF) members
OpenSans	10	29	(b) provide appropriation funding to the Australian Institute of Health and Welfare and the
OpenSans	9	30	National Suicide Prevention Office to:
OpenSans	10	33	(i) use the National Veterans’ Data Asset to produce discrete annual public reports and
OpenSans	10	34	other research to monitor and improve understanding of suicidality and deaths by
OpenSans	9	36	suicide, and the associated risk factors for serving and ex-serving ADF members and
OpenSans	10	37	their families
OpenSans	10	40	(ii) commission an independent program of evaluation of the implementation and
OpenSans	10	41	functioning of the National Veterans’ Data Asset, including an interim evaluation and a
OpenSans	10	43	post-implementation evaluation.
OpenSans	10	45	The Australian Government and state and territory governments, through their relevant agencies,
OpenSans	10	47	should use the National Veterans’ Data Asset for the purposes of:
OpenSans	10	49	(c) furthering their understanding of suicide, suicidality, and health and wellbeing among
OpenSans	10	51	serving and ex-serving members and their families; and
OpenSans	10	53	(d) preventing deaths by suicide and improving postvention for serving and ex-serving members
OpenSans	10	55	and their families.
RobotoSlab-Regular	15	60	Australian Government Response
OpenSans	10	63	The Government notes this recommendation for further consideration by the Taskforce.
OpenSans	10	66	The Taskforce will consider and develop options for Government consideration on ways to
OpenSans	10	67	efficiently and effectively improve veterans’ data collection and management to improve
OpenSans	10	69	understanding of deaths by suicide and provide better support to veterans and their families.
OpenSans	10	95	130 Australian Government Response to the Royal Commission into Defence and Veteran Suicide
OpenSans-Semibold	14	11	Recommendation 108: Ensure that all relevant jurisdictions and
OpenSans-Semibold	14	13	entities regularly provide data to the National Veterans’ Data Asset
OpenSans	10	17	So that all jurisdictions provide data regularly to the National Veterans’ Data Asset:
OpenSans	10	19	(a) the Australian Government, and state and territory governments, through their relevant
OpenSans	9	21	agencies, should provide relevant data at quarterly intervals to the National Veterans’ Data
OpenSans	10	22	Asset (Recommendation 107)
OpenSans	10	24	(b) Defence and the Department of Veterans’ Affairs should prioritise data governance
OpenSans	9	26	arrangements in order to provide data for the National Veterans’ Data Asset to support its
OpenSans	10	28	development and ongoing use.
RobotoSlab-Regular	15	33	Australian Government Response
OpenSans	10	36	The Government notes this recommendation for further consideration by the Taskforce.
OpenSans	10	39	The Government acknowledges the important role of states and territories in supporting veterans’
OpenSans	10	40	health and wellbeing, and will continue to work collaboratively across jurisdictions including on data
OpenSans	10	42	use and sharing and associated governance arrangements.
OpenSans	10	95	Australian Government Response to the Royal Commission into Defence and Veteran Suicide 131
OpenSans-Semibold	14	11	Recommendation 109: Defence to report annually on its progress
OpenSans-Semibold	14	13	towards data maturity
OpenSans	10	17	Defence should report on its progress to improve data maturity, each year, to the Minister for
OpenSans	9	18	Defence, using the 2021 Defence Enterprise Data Maturity Assessment as a baseline. Reports
OpenSans	10	20	should be supported by surveys of Defence staff every three years in addition to the data capability
OpenSans	9	21	maturity assessment tool.
RobotoSlab-Regular	15	26	Australian Government Response
OpenSans	10	30	The Government agrees that Defence will report annually to the Minister for Defence on its
OpenSans	9	32	progress toward data maturity.
OpenSans	9	34	Defence will leverage the whole-of-government Data Maturity Assessment Tool to monitor and
OpenSans	10	36	manage its maturity uplift.
OpenSans	10	95	132 Australian Government Response to the Royal Commission into Defence and Veteran Suicide
OpenSans-Semibold	14	11	Recommendation 110: Review Defence’s data assets and address
OpenSans-Semibold	14	13	issues with their quality, management, integration and use
OpenSans	10	17	The Defence Chief Data Integration Officer (CDIO) and Defence Data and Analytics Board should
OpenSans	9	18	establish a program of review of Defence’s data assets. As part of this program:
OpenSans	10	21	(a) the reviews should be conducted by Defence’s Data Division and focus on the quality,
OpenSans	10	22	awareness, management, access, integration and use of the dataset
OpenSans	10	24	(b) the CDIO should designate actions required of data custodians to address any issues
OpenSans	9	26	identified by each review and be provided with follow-up reports from Enterprise Data
OpenSans	10	28	Custodians on the progress of actions following completion of Data Division reviews.
RobotoSlab-Regular	15	33	Australian Government Response
OpenSans	10	36	The Government notes this recommendation.
OpenSans	10	39	Defence will review its data assets and address issues with their quality, management, integration
OpenSans	10	40	and use. Defence will consider how to best implement this recommendation taking into account
OpenSans	10	42	reform already underway with Defence’s Enterprise Resource Planning Program.
OpenSans	10	95	Australian Government Response to the Royal Commission into Defence and Veteran Suicide 133
OpenSans-Semibold	14	11	Recommendation 111: Achieve a ‘gold standard’ rating for Defence
OpenSans-Semibold	14	13	datasets related to suicidality and suicide
OpenSans	10	17	The Defence Chief Data Integration Officer should direct data custodians to improve the data quality
OpenSans	9	18	of datasets related to suicide, self-harm and suicidality so they achieve a ‘gold standard’ rating. This
OpenSans	10	20	will ensure the data is reliable and supports accurate decision-making. The remediation should
OpenSans	9	21	focus on addressing issues of duplicated, missing, incomplete and non-standardised data, and
OpenSans	10	23	ensuring datasets can be integrated.
RobotoSlab-Regular	15	28	Australian Government Response
OpenSans	10	32	The Government notes this recommendation.
OpenSans	10	34	The Government agrees Defence should manage its datasets in accordance with best practice and
OpenSans	9	36	seek to set the highest standard for data management. Given the complexity of Defence’s data sets,
OpenSans	10	37	further work will be required to improve the quality, management and integration of data consistent
OpenSans	9	39	and effectively across the Defence enterprise.
OpenSans	10	95	134 Australian Government Response to the Royal Commission into Defence and Veteran Suicide
OpenSans-Semibold	14	11	Recommendation 112: Include data on suicide and suicidality in the
OpenSans-Semibold	14	13	enterprise-wide Defence data catalogue
OpenSans	10	17	Defence should prioritise the inclusion of datasets related to suicide and suicidality in its
OpenSans	9	18	enterprise-wide data catalogue. Defence should also make its data catalogue publicly available and
OpenSans	10	20	include the quality rating of each dataset.
RobotoSlab-Regular	15	25	Australian Government Response
OpenSans	10	29	The Government agrees that Defence should include data on suicide and suicidality in the
OpenSans	9	30	enterprise-wide Defence data catalogue.
OpenSans	9	33	This work will be prioritised under the Defence Data Strategy 2.0.
OpenSans	10	95	Australian Government Response to the Royal Commission into Defence and Veteran Suicide 135
OpenSans-Semibold	14	11	Recommendation 113: Ensure commanding officers access and use
OpenSans-Semibold	14	13	quality data for continuous improvement of wellbeing metrics
OpenSans	10	17	To better support Defence commanders and personnel, Defence should:
OpenSans	10	19	(a) use data from the following sources to provide Australian Defence Force commanders with
OpenSans	9	21	data for their units and teams, as well as relevant comparison points:
OpenSans	10	23	(i) the new Defence suicide database (Recommendation 106)
OpenSans	10	25	(ii) the National Veterans’ Data Asset (Recommendation 107)
OpenSans	10	27	(iii) internal surveys
OpenSans	10	30	(iv) unacceptable behaviour reporting and injury reporting.
OpenSans	10	32	(b) ensure the data is provided in a timely manner, in an accessible format and with necessary
OpenSans	10	34	context, and provide training that supports commanders to use the data to inform
OpenSans	9	35	decision-making.
OpenSans	9	37	Commanders should use this data for continuous improvement and to better understand the
OpenSans	10	39	wellbeing of the members under their command.
RobotoSlab-Regular	15	44	Australian Government Response
OpenSans	10	48	The Government notes this recommendation for consideration by the Taskforce.
OpenSans	10	50	The Government agrees Defence should ensure commanding officers have access to, and use of,
OpenSans	10	52	available quality data for continuous improvement of wellbeing metrics. This recommendation
OpenSans	10	53	will be considered by the Taskforce, including existing Privacy Act obligations and in the context of
OpenSans	10	55	further work required to respond to recommendations 19, 26, 68, 106 and 107 of this report.
OpenSans	10	95	136 Australian Government Response to the Royal Commission into Defence and Veteran Suicide
OpenSans-Semibold	14	11	Recommendation 114: Defence and the Department of Veterans’
OpenSans-Semibold	14	13	Affairs to prioritise research into veteran health and wellbeing, and
OpenSans-Semibold	14	15	publish their workplans
OpenSans	10	19	Defence and the Department of Veterans’ Affairs should publish research workplans showing
OpenSans	9	20	research priorities on issues affecting the health and wellbeing of current and ex-serving members.
OpenSans	10	22	These workplans should be updated annually and include information on planned research and the
OpenSans	9	24	progress of research that is underway.
RobotoSlab-Regular	15	29	Australian Government Response
OpenSans	10	32	The Government agrees to prioritise research into veteran health and wellbeing, and publish
OpenSans	9	34	relevant Defence and DVA research workplans.
OpenSans	9	36	Defence is developing a framework and proposal in collaboration with Monash University to deliver
OpenSans	10	38	a list of published evidence on the health of serving ADF personnel over the last twenty years. This
OpenSans	10	39	will improve access to, and use of, current and previous research relating to ADF and veteran health
OpenSans	10	41	and wellbeing.
OpenSans	10	43	DVA is developing a new research and evaluation partnership model (Veteran and Family –
OpenSans	10	45	Learning and Innovation Network of Knowledge (VF-LINK)) to enhance the impact of research and
OpenSans	10	47	evaluation, promote evidence-based practices and contribute to better outcomes for veteran health
OpenSans	10	48	and wellbeing.
OpenSans	10	95	Australian Government Response to the Royal Commission into Defence and Veteran Suicide 137
OpenSans-Semibold	14	11	Recommendation 115: Defence and the Department of Veterans’
OpenSans-Semibold	14	13	Affairs to publish their research into veteran health and wellbeing
OpenSans	10	17	Defence and the Department of Veterans’ Affairs should conduct and, as a matter of course, publish
OpenSans	9	18	research that includes information on the health and wellbeing of serving and ex-serving members.
OpenSans	9	21	Prior to publication, research outputs should be subject to review from independent researchers,
OpenSans	10	22	including from the new expert committee on veteran health research (see Recommendation 117).
RobotoSlab-Regular	15	27	Australian Government Response
OpenSans	10	31	The Government agrees that Defence and DVA should, subject to appropriate review, publish their
OpenSans	9	33	research conducted into veteran health and wellbeing.
OpenSans	9	35	Based on the work related to Recommendation 114, Defence will publish the synthesis and
OpenSans	10	36	catalogue of this research to also enable the identification of research gaps.
OpenSans	10	95	138 Australian Government Response to the Royal Commission into Defence and Veteran Suicide
OpenSans-Semibold	14	11	Recommendation 116: Improve the quality, evaluation, translation
OpenSans-Semibold	14	13	and sharing of research findings
OpenSans	10	17	Defence and the Department of Veterans’ Affairs (DVA) should create evaluation and research
OpenSans	9	18	teams in a central area of their respective departments to improve the quality and coordination of
OpenSans	10	20	research and evaluation practices. These central research and evaluation teams should be given the
OpenSans	9	21	following responsibilities:
OpenSans	10	24	(a) take the lead on improving the research and evaluation culture
OpenSans	10	26	(b) manage the evaluation of programs and policies within their respective departments, and
OpenSans	10	28	ensure evaluations are appropriate and effective
OpenSans	10	30	(c) develop and maintain the evaluation schedule of all mental health and suicide prevention
OpenSans	9	31	programs
OpenSans	10	34	(d) develop and maintain a central library of program evaluations and relevant research,
OpenSans	10	35	ensuring that evaluation findings are used and incorporated into future programs and
OpenSans	9	37	policies
OpenSans	10	39	(e) monitor the integration of research outputs into policy, programs and practices, thus
OpenSans	10	41	ensuring that research outputs are translated effectively
OpenSans	10	43	(f) use data and research to provide timely, targeted and effective advice to improve suicide
OpenSans	10	45	prevention, intervention and postvention support
OpenSans	10	47	(g) implement the continuing joint Defence and DVA research agenda
OpenSans	10	49	(h) in the case of the Defence evaluation and research team, develop a revised survey research
OpenSans	10	51	program with surveys that:
OpenSans	10	53	(i) collect information that can be used to evaluate Defence programs and policies effectively
OpenSans	10	55	(ii) capture data on the health and wellbeing of Australian Defence Force members
OpenSans	10	58	(iii) capture data not otherwise included in Defence administrative datasets and the National
OpenSans	10	59	Veterans’ Data Asset.
RobotoSlab-Regular	15	64	Australian Government Response
OpenSans	10	68	The Government agrees-in-principle to this recommendation.
OpenSans	10	70	The Taskforce will consider and present options to implement the recommendations related
OpenSans	10	72	to research and data, including to improve the quality, management and sharing of research
OpenSans	10	74	findings to enhance the impact of research and evaluation, promote evidence-based practices and
OpenSans	10	75	contribute to better outcomes for defence and veteran health and wellbeing.
OpenSans	10	77	DVA centralised its research and evaluation functions into a Research Evaluation and Data Division
OpenSans	10	79	in April 2024.
OpenSans	10	95	Australian Government Response to the Royal Commission into Defence and Veteran Suicide 139
OpenSans-Semibold	14	11	Recommendation 117: Establish an expert committee on veteran
OpenSans-Semibold	14	13	research
OpenSans	10	17	Defence and the Department of Veterans’ Affairs (DVA) should establish an expert committee on
OpenSans	9	18	veteran research, comprising experts from government, academia and the private sector who have
OpenSans	10	20	skills and experience in military and veterans’ affairs, health care, rehabilitation and family support.
OpenSans	10	22	The committee should:
OpenSans	10	24	(a) be informed by international examples of success from Five Eyes partners and other nations
OpenSans	10	27	(b) include representatives with lived experience of service life, suicidality and mental health
OpenSans	10	29	(c) fulfil the functions described in Chapter 29, Use of data and research by Defence and DVA,
OpenSans	9	31	and provide advice to Defence and DVA on research and evaluation matters relevant to
OpenSans	10	32	improving the wellbeing of serving and ex-serving members.
RobotoSlab-Regular	15	37	Australian Government Response
OpenSans	10	41	The Government agrees to establish an expert committee on veteran research, comprising
OpenSans	10	43	experts with specialised knowledge in military and veterans’ affairs, health care, rehabilitation,
OpenSans	10	44	and family support and lived experience. The Committee will support the efficient and effective
OpenSans	10	46	implementation of the Government response to the Royal Commission’s recommendations related
OpenSans	10	47	to research and data.
OpenSans	10	95	140 Australian Government Response to the Royal Commission into Defence and Veteran Suicide
OpenSans-Semibold	14	11	Recommendation 118: Use the Census to collect information on
OpenSans-Semibold	14	13	ex-serving members as a population
OpenSans	10	17	To ensure there is ongoing collection of reliable statistics and information on ex-serving Australian
OpenSans	9	18	Defence Force (ADF) members in the Australian community, the Australian Government should:
OpenSans	10	21	(a) direct the Australian Bureau of Statistics (ABS) to continue the existing Census question on
OpenSans	10	22	ADF service in 2026 and in future censuses
OpenSans	10	24	(b) direct the ABS to include an additional question on year of separation for ex-serving
OpenSans	9	26	members in the 2026 Census and in future censuses, with the ABS undertaking any testing
OpenSans	10	28	required to include this question on the 2026 Census.
RobotoSlab-Regular	15	33	Australian Government Response
OpenSans	10	36	The Government agrees to ask the ABS to continue the existing Census question on ADF service in
OpenSans	9	38	2026 and in future censuses.
OpenSans	10	40	The Government notes part (b) of the recommendation. While the ABS has finalised the topic
OpenSans	10	42	recommendations for the 2026 census – and the Government has accepted those recommendations
OpenSans	10	43	– Government will work with the ABS to explore the use of existing data sources that could meet the
OpenSans	10	45	intent of this recommendation. The Government will make representations to the ABS to emphasise
OpenSans	10	47	the value of rich data on the veteran population for its consideration in future Census rounds.
OpenSans	10	95	Australian Government Response to the Royal Commission into Defence and Veteran Suicide 141
OpenSans-Semibold	14	11	Recommendation 119: Improve understanding of veteran health by
OpenSans-Semibold	14	13	adding questions to Australian Bureau of Statistics surveys
OpenSans	10	17	The Australian Government should fund the Australian Bureau of Statistics to:
OpenSans	10	19	(a) include additional questions on Australian Defence Force (ADF) service in any future
OpenSans	9	21	iterations of the National Health Study, the National Study of Mental Health and Wellbeing,
OpenSans	10	22	the General Social Survey and the Personal Safety Survey, prompting respondents to state
OpenSans	9	24	whether they are a current or ex-serving ADF member and if so, whether they served in the
OpenSans	10	25	permanent forces or solely in the reserve forces
OpenSans	10	28	(b) increase the sample of serving and ex-serving members in any future iterations of these
OpenSans	9	29	surveys to allow for robust reporting on serving and ex-serving members.
RobotoSlab-Regular	15	34	Australian Government Response
OpenSans	10	38	The Government agrees-in-principle to this recommendation.
OpenSans	10	40	The Government agrees to direct the Treasury and the ABS to improve the understanding of veteran
OpenSans	10	42	health by adding questions and changing the samples of ABS surveys.
OpenSans	10	95	142 Australian Government Response to the Royal Commission into Defence and Veteran Suicide
OpenSans-Semibold	14	11	Recommendation 120: Increase funding for research into veteran
OpenSans-Semibold	14	13	health and wellbeing
OpenSans	10	17	The Australian Government should provide increased funding for research into the health and
OpenSans	9	18	wellbeing of serving and ex-serving Australian Defence Force members by:
OpenSans	10	21	(a) providing $10 million through the National Health and Medical Research Council to support a
OpenSans	10	22	Special Initiative research grant program focused on veteran health and wellbeing
OpenSans	10	24	(b) considering opportunities to fund veteran health and wellbeing research through the Medical
OpenSans	9	26	Research Future Fund and Million Minds Mental Health Research Mission.
RobotoSlab-Regular	15	31	Australian Government Response
OpenSans	10	35	The Government notes this recommendation for further consideration by the Taskforce.
OpenSans	10	37	The Department of Health and Aged Care and the National Health and Medical Research Council will
OpenSans	9	39	consider priority-driven research grant opportunities focused on veteran health and wellbeing. The
OpenSans	10	40	Taskforce will consider and present options to enhance research into the health and wellbeing of
OpenSans	10	42	serving and ex-serving ADF personnel, including in the context of other recommendations on data
OpenSans	10	43	and research.
OpenSans	10	95	Australian Government Response to the Royal Commission into Defence and Veteran Suicide 143
OpenSans-Semibold	14	11	Recommendation 121: Enable research into the health and
OpenSans-Semibold	14	13	wellbeing of Defence families
OpenSans	10	17	The Australian Government should enable research on the health and wellbeing of families of
OpenSans	9	18	current and ex-serving members through:
OpenSans	10	21	(a) expanded National Health and Medical Research Council funding for veteran health and
OpenSans	10	22	wellbeing research
OpenSans	10	24	(b) Defence and the Department of Veterans’ Affairs leading research in conjunction with lived
OpenSans	9	26	experience individuals (see Recommendation 117)
OpenSans	10	28	(c) the Australian Institute of Health and Welfare, the Australian Bureau of Statistics and the
OpenSans	10	30	Australian Institute of Family Studies being funded to collaborate and leverage existing
OpenSans	9	31	datasets and the National Veterans’ Data Asset (see Recommendation 107), to develop
OpenSans	10	33	a better understanding of veteran families through research on wellbeing and risk and
OpenSans	9	35	protective factors.
RobotoSlab-Regular	15	40	Australian Government Response
OpenSans	10	43	The Government notes this recommendation for further consideration by the Taskforce.
OpenSans	10	45	The Taskforce will consider options to enhance research, including in the context of other
OpenSans	10	47	recommendations on data and research.
OpenSans	10	95	144 Australian Government Response to the Royal Commission into Defence and Veteran Suicide
OpenSans-Semibold	14	11	Recommendation 122: Establish a new statutory entity to oversee
OpenSans-Semibold	14	13	system reform across the whole Defence ecosystem
OpenSans	10	17	The Australian Government should establish a new statutory entity with the purpose of providing
OpenSans	9	18	independent oversight and evidence-based advice in order to drive system reform to improve
OpenSans	10	20	suicide prevention and wellbeing outcomes for serving and ex-serving Australian Defence Force
OpenSans	9	21	members.
RobotoSlab-Regular	15	26	Australian Government Response
OpenSans	10	30	The Government agrees to establish a new statutory entity to oversee system reform across the
OpenSans	9	32	whole Defence ecosystem as a priority.
OpenSans	9	34	The Government will appoint an interim head of the oversight body to work across government
OpenSans	10	36	and provide advice on the establishment of the permanent oversight entity, including legislation
OpenSans	9	37	required, to enable its establishment by September 2025.
OpenSans	10	95	Australian Government Response to the Royal Commission into Defence and Veteran Suicide 145
RobotoSlab-Regular	21	18	Annex A - Actions taken by
RobotoSlab-Regular	21	21	Defence and DVA to improve
RobotoSlab-Regular	21	24	the experience of service for
RobotoSlab-Regular	21	27	ADF members and veterans
OpenSans	10	95	146 Australian Government Response to the Royal Commission into Defence and Veteran Suicide
RobotoSlab-Regular	15	11	How Defence and DVA have sought to improve the experience of
RobotoSlab-Regular	15	13	service for ADF personnel and veterans.
OpenSans	10	17	The Royal Commission shone a light on the tragedy that is veteran suicide and the actions needed
OpenSans	9	18	to improve the experience of ADF members and veterans. The recommendations have now been
OpenSans	10	20	considered and recommendations will be implemented.
OpenSans-Semibold	10	23	Focus on Defence Personnel
OpenSans	9	25	In June 2023, the Government appointed the first Chief of Personnel, a three star appointment
OpenSans	10	27	equivalent to the Chiefs of Service who reports directly to the Chief of the Defence Force. This reform
OpenSans	9	28	brings personnel management from across the five warfighting domains of the Defence Force into a
OpenSans	10	30	single integrated system, which is essential to drive change across the ADF. Key reforms include:
OpenSans	10	32	– Recent updates to the Military Employment Classification System to provide more options for
OpenSans	9	34	members who are unable to deploy for medical reasons to continue to serve within the ADF.
OpenSans	9	36	– Performance appraisal and promotion systems across the ADF are putting a greater focus on the
OpenSans	10	38	culture of Defence’s leaders when assessing their suitability for command. Since September 2022,
OpenSans	9	39	any person considered for command is now subject to a fit and proper person test. Defence has
OpenSans	10	41	also implemented a number of immediate measures to improve the preparation provided to ADF
OpenSans	10	42	personnel for, and selection to, leadership positions. This includes social dimensions, including
OpenSans	10	44	those in leadership positions being included in the new Performance Appraisal Report (AF195) for
OpenSans	10	46	ranks up to LTCOL (E).
OpenSans	10	48	For example, recent reforms have been made to the Military Employment Classification System to
OpenSans	10	49	provide more options for members who are unable to deploy for medical reasons to continue to serve
OpenSans	10	51	within the ADF.
OpenSans	10	53	Risk assessment in the ADF now places greater focus on the psychosocial risks on our personnel of the
OpenSans	10	55	activities our Defence force undertakes.
OpenSans-Semibold	10	58	Supporting Families
OpenSans	10	60	Significant work is underway to ensure Defence communicates with members and their families in a
OpenSans	10	62	trauma-informed way, and that families have access to the right information at the right time in their
OpenSans	10	63	family’s service journey.
OpenSans	10	66	The Veteran Transition Strategy, launched in 2023, is a joint initiative between Defence, DVA, and the
OpenSans	10	67	Commonwealth Superannuation Corporation with a focus on empowering veterans and their families
OpenSans	10	69	to plan and prepare for transition early, access a range of needs-based support programs across the
OpenSans	10	70	ecosystem, and engage family and other significant support people in the transition process.
OpenSans-Semibold	10	74	Defence Cultural change
OpenSans	10	76	The National Defence Strategy recognises that culture is fundamental to achieving the Defence mission
OpenSans	10	77	and implementing the strategy. Defence’s culture must be values-based, address current cultural
OpenSans	10	79	challenges and promote a positive, inclusive and psychologically safe workplace.
OpenSans	10	81	Significant reforms have been made to achieve cultural change, such as:
OpenSans	10	95	Australian Government Response to the Royal Commission into Defence and Veteran Suicide 147
OpenSans	10	10	– In November 2023, the Secretary of Defence and the Chief of the Defence Force jointly launched
OpenSans	10	12	the Defence Culture Strategy: Defence Culture Blueprint Program 20231. Informed by research and
OpenSans	9	13	consultation, the Defence Culture Blueprint Program provides clear direction on how culture will
OpenSans	10	15	evolve within Defence, with strategic objectives and a Defence Culture Framework;
OpenSans	10	17	– Enterprise and Service specific Defence Culture Blueprint Action Plans are focusing and prioritising
OpenSans	9	19	culture change actions;
OpenSans	9	21	– Each Defence Service Chief and Group Head has issued their own Culture Commitment Statement
OpenSans	10	23	making it clear to the workforce that culture change is a priority;
OpenSans	10	25	– Defence has introduced a Respect@Work Framework, including the delivery of Respect@Work
OpenSans	9	27	seminars, to ensure managers and commanders are equipped to prevent and manage instances of
OpenSans	10	28	sexual misconduct;
OpenSans	10	30	– Stop Sexual Harassment Directions have also been introduced, providing a complaints process
OpenSans	9	32	independent of the member’s chain of command;
OpenSans	9	34	– The Commonwealth Ombudsman published its Action Speak Report (Defence’s implementation
OpenSans	10	36	of recommendations from our inquiry into behaviour training for Defence recruits) on
OpenSans	9	38	21 November 2024. In this report, the Commonwealth Ombudsman found that Defence had
OpenSans	10	39	completed the required evaluation of its mandatory sexual misconduct training packages;
OpenSans	10	41	– Defence will continue to review and evaluate all courses on a regular basis to ensure training is
OpenSans	10	43	effectively achieving the intended learning outcomes and addressing the risks associated with
OpenSans	10	45	unacceptable behaviour;
OpenSans	10	47	– Specific interventions have been implemented, including at the Australian Defence Force Academy
OpenSans	10	49	where additional training and education is now provided and new support officer roles have been
OpenSans	10	50	introduced;
OpenSans	10	52	– Wellbeing and family support have been strengthened through the extension of the SafeSide
OpenSans	10	54	Project, the establishment of the Mental Health and Wellbeing Branch, and the introduction of a
OpenSans	10	56	suicide review pilot program; and
OpenSans	10	58	– Support to ADF families has been enhanced through the expansion of the ADF Family Health
OpenSans	10	59	Program and remote locality leave travel with the purpose of providing ADF personnel and
OpenSans	10	61	their families access to facilities not available at their remote location and relief from isolated
OpenSans	10	63	conditions.
OpenSans-Semibold	10	66	Mental Health and Wellbeing
OpenSans	10	68	Defence has created a dedicated Mental Health and Wellbeing Branch to focus and strengthen
OpenSans	10	69	Defence’s approach to preventive mental health and wellbeing in the workplace.
OpenSans	10	72	Defence and DVA are prioritising suicide prevention programs, including through the development
OpenSans	10	73	of the first joint Defence and Veteran Mental Health and Wellbeing Strategy.2 The Strategy will be
OpenSans	10	75	supported by two Action Plans: Suicide Prevention, and Mental Health and Wellbeing.
OpenSans	10	77	There is also work currently underway in Defence to deliver the ‘SafeSide’ Project which will provide a
OpenSans	10	79	system-wide approach to suicide prevention. Ensuring positive mental health and wellbeing outcomes
OpenSans	10	80	for all Defence people, including current and former serving ADF personnel, their families and
OpenSans	10	82	communities, will enhance performance and support Defence in achieving its workforce growth and
OpenSans	10	84	optimisation priorities.
OpenSans	8	90	1 Defence Culture Strategy: Defence Culture Blueprint Program 2023 | Defence
OpenSans	8	91	2 Development of the Defence and Veteran Mental Health and Wellbeing Strategy | Department of Veterans' Affairs (dva.
OpenSans	8	93	gov.au)
OpenSans	10	95	148 Australian Government Response to the Royal Commission into Defence and Veteran Suicide
OpenSans	10	10	The Project has a shared vision, goals and a roadmap to bind Defence and DVA together, to ensure
OpenSans	9	12	every member of our Defence and veteran community has access to the support they need to lead
OpenSans	10	13	healthy, fulfilling lives, right from the moment they sign up to life after Defence.
OpenSans	10	16	Additionally, Defence conducts a number of mental health and wellbeing promotion, prevention and
OpenSans	9	17	early intervention activities, including:
OpenSans	9	20	– Annual awareness presentations such as Suicide Prevention and Alcohol, Tobacco and other Drugs
OpenSans	10	21	(these Work Health and Safety presentations contribute to wellbeing);
OpenSans	10	23	– On request education training courses such as Fundamental of Mental Health: Stress and Self-care,
OpenSans	9	25	Sleep and Stress and Trauma in the ADF for High Risk Groups;
OpenSans	9	27	– Skills–based training such as Keep Your Mates Safe – KYMS five modules - Mental Health
OpenSans	10	29	Awareness, Suicide Prevention, Low Risk Drinking, Mental Health First Aid, BattleSMART and
OpenSans	9	30	operational BattleSMART;
OpenSans	9	33	– Early intervention programs designed for members who require additional support and do not
OpenSans	10	34	meet the threshold for clinical intervention, such as the RESET program and the On Target Harm
OpenSans	9	36	Minimisation Program; and
OpenSans	9	38	– Resources such as fact sheets, toolkits and online information for clinicians, leaders, members and
OpenSans	10	40	supervisors.
OpenSans-Semibold	10	43	Improvements to Health Support
OpenSans	10	45	Defence has implemented the Individual Health Assessment to replace the Periodic Health Examination.
OpenSans	10	47	The Individual Health Assessment provides members the opportunity to undertake routine and
OpenSans	10	48	preventative health screening in accordance with their individual health needs. It also provides routine
OpenSans	10	50	assurance of medical individual readiness to commanders and managers.
OpenSans	10	52	Defence updated its policy in relation to the support offered to members during pregnancy and in
OpenSans	10	54	the post-partum period in June 2023. Defence has expanded the models of care and eligibility for
OpenSans	10	55	support services during pregnancy and the post-partum period, with the intent of providing equity and
OpenSans	10	57	alignment to what is best practice and available to the civilian community.
OpenSans	10	59	Defence has updated its Suicide Prevention Program to incorporate the SafeSide Project. Defence has
OpenSans	10	61	implemented a targeted approach to training on SafeSide with specific training packages provided for
OpenSans	10	62	medical officers, mental health professionals and nurse practitioners, for other health professionals,
OpenSans	10	64	chaplains and wellbeing support personnel, and for commanders and managers. New health policy
OpenSans	10	66	on assessing and supporting members at risk of suicide, self-harm or harm to others has also been
OpenSans	10	67	rolled out in addition to a new Military Personnel Policy Manual (MILPERSMAN) chapter on Support and
OpenSans-Italic	10	69	management of members at risk of suicide, self-harm or harm to others.
OpenSans	10	71	In 2024, Defence updated health policy on the management of mental health disorders and shifted
OpenSans	10	73	from a prescriptive, conservative approach to a principles-based approach. In doing so, Defence has
OpenSans	10	74	moved from a mandatory period of non-deployable military employment classification for members
OpenSans	10	76	diagnosed with mental health disorders to a progressive return to full capacity through a series of less
OpenSans	10	77	restrictive deployable military employment classifications.
OpenSans	10	95	Australian Government Response to the Royal Commission into Defence and Veteran Suicide 149
OpenSans	9	10	Defence has an ongoing body of work to optimise the delivery of health care to ADF members under
OpenSans	10	11	the Smarter Service Delivery Program. The Program aims to optimise health care delivery across the
OpenSans	9	13	country, ensuring sustainability to current and future service demand, while remaining responsive
OpenSans	10	14	to current and evolving expectations of ADF members and their families. Since inception in 2021, the
OpenSans	9	16	Program has delivered a number of improvements to health care delivery. These include improvements
OpenSans	10	18	to wait times through the expansion of the on-base medical officer workforce and the use of other
OpenSans	9	19	health professionals, growth of the on-base mental health workforce to improve both treatment options
OpenSans	10	21	and wait times, and optimisation of the physiotherapy workforce as primary contact practitioners
OpenSans	9	22	to enable direct presentation by members without having to first see a medical officer. As part of
OpenSans	10	24	Defence’s continuous improvement approach to health support, Defence introduced video-enabled
OpenSans	9	26	telepsychiatry and telepsychology options. These service options are available nationally for members
OpenSans	10	27	referred for off-base psychiatry and psychology services.
OpenSans	10	29	Defence has initiated an expert review into clinical governance, led by the Force Health Protection
OpenSans	9	31	Principal Consultant to the Surgeon General of the ADF and one of Australia’s experts in the field.
OpenSans	10	33	The ultimate aim of the review is to ensure the delivery of safe, effective and resilient health services
OpenSans	9	34	to enable high quality integrated care and patient safety. The review is occurring during the 2024-
OpenSans	10	36	25 Financial Year. Defence is also undertaking work to develop more sophisticated health assurance
OpenSans	9	37	systems across the business, capability and clinical domains of the health enterprise.
OpenSans-Semibold	10	41	Health and the Defence Force Discipline Act 1982
OpenSans	10	43	In December 2023, Defence published the updated Defence Health Manual chapter Health support
OpenSans	10	44	for members navigating the military justice process. This updated policy provides guidance for Defence
OpenSans	10	46	health staff in advising commanders and managers, and supporting members who are involved in the
OpenSans	10	47	military justice process.
OpenSans	10	50	In June 2024, updated guidance was published to Defence health staff who are advising the
OpenSans	10	51	commanders and managers of personnel who are involved in the military justice process.
OpenSans-Semibold	10	55	Preparing ADF members for transition
OpenSans	10	57	Defence has a Transition Program that provides support programs to ADF members to assist with
OpenSans	10	58	their transition. Certain programs can be accessed at any time in an ADF member’s career, with further
OpenSans	10	60	programs available once transition commences, and for up to 24 months after transition. Transition
OpenSans	10	61	Coaches are trained to assist ADF members to develop an individual Transition Plan, including post-
OpenSans	10	63	transition goals, to support them completing administrative requirements of transition from military
OpenSans	10	65	service. Members are encouraged to complete a Transition Preparedness Questionnaire when they
OpenSans	10	66	decide to transition. Responses provide insights into circumstances, needs and post-transition goals.
OpenSans	10	68	Subsequent questionnaires are completed approximately two weeks prior to, and six months following
OpenSans	10	69	transition. Engagement with a Transition Coach is now mandatory when transitioning from Defence.
OpenSans-Semibold	10	73	Defence Transition Support Improvements
OpenSans	10	75	Defence is partnered with DVA in the Transition Medical Assessment Pilot Program. Defence supports
OpenSans	10	76	this pilot by providing medical referral support for medical imaging and specialist reviews, ongoing
OpenSans	10	78	provision of office space and Defence IT systems, and assistance with data requests.
OpenSans	10	80	The model seeks to have Joint Health Command and DVA case management staff working together
OpenSans	10	82	within Joint Health Command facilities to manage the medical transition requirements of members with
OpenSans	10	83	complex medical conditions in the lead up to their transition date.
OpenSans	10	85	To facilitate continuity of health care for transitioning members, Defence will book and fund a once-
OpenSans	10	87	off civilian general practitioner appointment, preferably within three to four weeks either side of the
OpenSans	10	89	member’s transition date, for each transitioning member to facilitate clinical handover of care.
OpenSans	10	95	150 Australian Government Response to the Royal Commission into Defence and Veteran Suicide
OpenSans-Semibold	10	10	Work Health and Safety
OpenSans	10	12	The Defence Work Health and Safety Strategy 2023-2028 (the Strategy 2023-2028) supports the
OpenSans	9	13	ever-changing demands of Defence and aligns with Defence priorities.
OpenSans	9	15	Defence has placed a greater focus on psychosocial risks on personnel and particularly to support
OpenSans	10	17	effective psychosocial risk management in the workplace.
OpenSans	10	19	Defence has also made systematic improvements to its Work Health and Safety Management
OpenSans	9	21	Information System (Sentinel) to improve data capture, reflect changes to the organisational structure
OpenSans	10	23	and enhance security and the user experience.
OpenSans-Semibold	10	26	Complaints Management
OpenSans	9	28	In April 2023, Defence implemented Stop Sexual Harassment (SSH) directions, a complaints process
OpenSans	10	29	independent from Defence’s chain of command.
OpenSans	10	32	Recognising the importance of keeping all parties informed of what is happening, and what actions have
OpenSans	9	33	been taken, both throughout the complaints process and when it is complete, in February 2024 Defence
OpenSans	10	35	released a new chapter in the Complaints and Alternative Resolutions Manual - Chapter 4 Notification of
OpenSans	9	36	Outcomes. This Chapter outlines who is to be notified of information during the complaint process and
OpenSans	10	38	following the complaint process has been concluded; what information is to be provided, and how that
OpenSans	10	40	information is to be provided.
OpenSans	10	42	Defence has also accepted all nine of the Commonwealth Ombudsman’s recommendations in its late
OpenSans-Italic	10	43	2023 report ‘Defending Fairness: Does Defence handle unacceptable behaviour complaints effectively?’ The
OpenSans	10	45	key recommendation was ‘the establishment of a specialised, centralised trained complaints unit with
OpenSans	10	47	quality assurance at its core, operating across all components of the ADF and Defence’. Defence has
OpenSans	10	48	commenced work to implement these recommendations.
OpenSans-Semibold	10	51	Enhancing Defence Data Capability
OpenSans	10	53	The inaugural Defence Data Strategy 2021-2023 was launched on 4 August 2021. The Strategy
OpenSans	10	55	highlighted the need to prioritise building a strong data literate workforce. It identified a requirement to
OpenSans	10	57	adopt a more disciplined and deliberate approach to how data is collected, stored, analysed and applied
OpenSans	10	58	in decision-making processes across Defence. Defence continues to work on improved data sharing
OpenSans	10	60	and analytics between Defence and DVA through the Data Sharing and Analytics Solution to deliver
OpenSans	10	61	actionable insights, which are designed to improve health, safety and wellness outcomes.
OpenSans	10	64	The second Defence Data Strategy 2023-2026 (DDS 2.0) was released in August 2024, and
OpenSans	10	65	implementation work is already underway to strengthen data integrity and maturity, and helping
OpenSans	10	67	Defence to realise enhanced decision advantage.
OpenSans	10	69	The One Defence Data Platform is the tangible vehicle driving the realisation of data strategies in
OpenSans	10	71	Defence. It is increasing the quality and speed of Defence decision making by transforming the way
OpenSans	10	72	Defence integrates and uses its data. It will provide better access to insights and identify trends and
OpenSans	10	74	lead indicators that, will improve mental Health and Wellbeing outcomes for Defence members.
OpenSans-Semibold	10	77	DVA is continuing to change for the better
OpenSans	10	79	The Royal Commission into Defence and Veteran Suicide has documented the challenges faced
OpenSans	10	81	by veterans and their families, and the impact and tragedy of veteran suicide. Critically, the Royal
OpenSans	10	82	Commission has found that there is a lack of trust between DVA and veterans and families.
OpenSans	10	85	DVA acknowledges the findings of the Final Report and recognises the fundamental need to:
OpenSans	10	87	– simplify and improve access to services and benefits for veterans and families;
OpenSans	10	89	– embed a client-focused culture throughout DVA’s service delivery and engagement;
OpenSans	10	90	– invest in and deliver more targeted and effective programs and support; and
OpenSans	10	92	– build a more connected and coordinated veteran support ecosystem.
OpenSans	10	95	Australian Government Response to the Royal Commission into Defence and Veteran Suicide 151
OpenSans	10	10	Implementation of the recommendations will ensure that DVA is able to deliver a better client
OpenSans	9	11	experience, build trust across the veteran community and, in partnership with Defence, support
OpenSans	10	13	veterans and families to transition to purposeful and productive civilian lives.
OpenSans	10	15	Change on this scale requires significant time, planning and resourcing. DVA has made, and continues
OpenSans	9	17	to make, significant inroads. This includes the substantial response to the Royal Commission’s Interim
OpenSans	10	19	Report (see Annex B), which identified legislative complexity, improving claims processing and the
OpenSans	9	20	claims system, and information access as urgent issues that needed to be addressed in relation to
OpenSans	10	22	veteran suicide.
OpenSans-Semibold	10	25	Claims Processing
OpenSans	9	27	DVA recognises that many veterans have been waiting too long for their claims to be processed. DVA is
OpenSans	10	29	focused on reducing the time taken to process claims by employing more claims processing staff and
OpenSans	9	30	making the application process easier for veterans and their families.
OpenSans	9	32	DVA initiatives are improving the claims processing system, both in terms of processing efficiency and
OpenSans	10	34	client experience. The Government’s previous commitment to an additional 500 ongoing staff, has
OpenSans	9	36	enabled DVA to clear the backlog and operate in a new business-as-usual environment. This investment
OpenSans	10	37	will help meet the continuing increase in demand for DVA’s services and assist veterans and their
OpenSans	9	39	families to access the support they need faster.
OpenSans	10	41	This commitment has been extended in the 2024-25 Budget, with the Government investing $186
OpenSans	10	43	million over four years from 2024-25 and $20.6 million ongoing from 2028-29. This will fund an
OpenSans	10	44	additional 141 ongoing claims processing staff to increase determinations and reduce time taken to
OpenSans	10	46	process claims.
OpenSans	10	48	Since the Interim Report the increase rate of DVA decision-making enabled by additional departmental
OpenSans	10	50	resourcing has seen a significant increase in entitlements paid to veterans and their families. The 2024-
OpenSans	10	51	25 budget included an additional $6.5 billion for income support and compensation over five years from
OpenSans	10	53	2023-24 through to 2027-28, of which $2.2 billion was paid in 2023-24.
OpenSans	10	55	Despite record numbers of claims continuing to be lodged by the veteran community, and an increase
OpenSans	10	57	in the complexity of the claims lodged, the number and proportion of claims being actively processed
OpenSans	10	59	continues to rise. In the 2022-23 Financial Year DVA received over 72,000 claims and completed almost
OpenSans	10	60	68,000 determinations. In the 2023-24 Financial Year DVA received over 89,000 claims and completed
OpenSans	10	62	over 100,000 determinations.
OpenSans	10	64	A range of business improvements are advancing service delivery, such as the review of medical
OpenSans	10	66	forms, which make it simpler and easier for veterans and their families to lodge claims and quicker for
OpenSans	10	67	decision makers to assess claims. The Client Support Officer (CSO) model has delivered reduced claims
OpenSans	10	69	processing times for veterans, and DVA’s new Claims Lodgement Assistance Program is improving
OpenSans	10	70	veterans’ experience of the claims process.
OpenSans-Semibold	10	74	Mental Health and Wellbeing
OpenSans	10	76	DVA has placed the health and wellbeing of veterans and families at the core of its work through the
OpenSans	10	77	DVA Wellbeing Framework. In 2024, DVA established a new Chief Psychiatrist role, to provide DVA
OpenSans	10	79	and clients with dedicated psychiatric expertise and to support clinical governance across programs
OpenSans	10	80	and policies, in particular mental and social health programs. Dr Don Lane, a veteran, commenced
OpenSans	10	82	acting in the role from June 2024. DVA continues to innovate and explore ways to improve services
OpenSans	10	84	and outcomes across different wellbeing domains, through programs such as the GP Veteran Health
OpenSans	10	85	Training, Veteran’s Chaplaincy Pilot and the Tasmanian Mental Health Program—which is being
OpenSans	10	87	expanded across Australia. DVA is exploring a redesign of its grants programs, including co-design and
OpenSans	10	88	co-funding opportunities with ESOs, to deliver grants that better support veteran needs and support a
OpenSans	10	90	wider cohort.
OpenSans	10	95	152 Australian Government Response to the Royal Commission into Defence and Veteran Suicide
OpenSans	10	10	Following extensive consultation, DVA and Defence have developed two crucial joint strategies: the
OpenSans	9	11	Defence and Veteran Mental Health and Wellbeing Strategy 2024-29 and the Defence and Veteran
OpenSans	10	13	Family Wellbeing Strategy. These strategies will help align actions with whole-of-government priorities
OpenSans	9	15	to improve mental health outcomes and reduce suicide and guide engagement with veteran families
OpenSans	10	16	and further improvements. Defence and DVA are developing two interdepartmental Action Plans to
OpenSans	9	18	support implementation of the Mental Health and Wellbeing Strategy: the first focused on actions to
OpenSans	10	20	empower and support Mental Health and Wellbeing and the second focused on Suicide Prevention.
OpenSans	10	22	DVA continues to develop initiatives where there are gaps in available supports, such as veteran
OpenSans	9	23	homelessness, and to expand and consolidate the Veterans’ and Families’ Hubs network. DVA is
OpenSans	10	25	exploring the integration of some DVA services in Hubs and is undertaking research to address
OpenSans	9	27	knowledge gaps and identify other opportunities.
OpenSans	9	29	DVA also continue to invest in Open Arms, Australia’s leading provider of mental health support and
OpenSans	10	30	clinical counselling services for Australian veterans and their families. Open Arms has seen a year on
OpenSans	9	32	year increase in demand for its services, including a 10 per cent increase in services from 2020–21 to
OpenSans	10	34	2021–22, a three per cent increase in services from 2021–22 to 2022–23, and a four per cent increase
OpenSans	9	35	in services from 2022-23 to 2023–24. Open Arms offers face-to-face, telephone and online counselling,
OpenSans	10	37	as well as self-help tools on the website to enable clients to have timely access to high quality mental
OpenSans	9	38	health care and family and relationship counselling.
OpenSans-Semibold	10	42	DVA Transition Support Improvements
OpenSans	10	44	Transition is a strategic priority and focus for DVA and requires significant collaboration and
OpenSans	10	45	coordination, as highlighted by the Veteran Transition Strategy. The Strategy released by the Australian
OpenSans	10	47	Government on 22 August 2023 is a joint initiative between Defence, DVA and the Commonwealth
OpenSans	10	48	Superannuation Corporation (CSC). The strategy seeks to align transition stakeholders with a shared
OpenSans	10	50	vision for what it means for a veteran and their family to transition well. On 2 December 2024 a cross-
OpenSans	10	52	agency Action Plan to support the Strategy was released.
OpenSans	10	54	This work is supported by the establishment of the Transition Branch in DVA and the Joint Transition
OpenSans	10	56	Oversight Panel, comprising senior executive representatives from key Commonwealth agencies,
OpenSans	10	57	including Defence, CSC, the Department of Health and Aged Care and Services Australia. DVA continues
OpenSans	10	59	to work in partnership with Defence to identify transition service duplication, service gaps and areas for
OpenSans	10	60	improvement, to assist ADF members and families to be better prepared and supported through their
OpenSans	10	62	transition journey.
OpenSans	10	64	DVA has introduced a number of initiatives to support transitioning members. The Enhanced Veteran
OpenSans	10	66	Support Officer Pilot targets support to vulnerable medically separating veterans; the Transition Medical
OpenSans	10	67	Assessment Pilot Project (known as TMAPP) has been developed in partnership with Defence. DVA has
OpenSans	10	69	evolved its rehabilitation programs which are now delivered by a smaller panel of national providers,
OpenSans	10	71	supporting a better experience and services for clients. DVA continues to progress transition-related
OpenSans	10	72	reforms to improve our systems and data, offer more proactive and tailored interventions, and refine
OpenSans	10	74	DVA’s role alongside key Commonwealth partners.
OpenSans	10	76	This is in addition to DVA’s existing service offering to support transitioning members and families,
OpenSans	10	78	including the Veteran Support Officers, through which DVA provides a national service at 14 Defence
OpenSans	10	79	bases across Australia; case management support for medically or administratively transitioning
OpenSans	10	81	veterans aged under 30 with vulnerable or complex presentations; an annual health check from
OpenSans	10	83	a general practitioner for the first five years after military separation/transfer; and the Veteran
OpenSans	9	84	Employment Program, which seeks to ensure veterans’ ADF skills and experience are recognised
OpenSans	10	86	as being transferrable to civilian employment, and provides support to organisations seeking to
OpenSans	10	87	attract, recruit and retain veteran employees. In early April 2024, an updated Veteran Employment
OpenSans	10	89	Commitment was implemented and a national veteran employment campaign launched.
OpenSans	10	95	Australian Government Response to the Royal Commission into Defence and Veteran Suicide 153
OpenSans-Semibold	10	10	Veteran Ecosystem
OpenSans	9	12	DVA has enhanced its collaboration with Defence on joint areas of responsibility, and DVA continues
OpenSans	10	14	to build its relationship with veteran organisations. This includes work to support options for the
OpenSans	9	15	establishment of an ex-service organisation peak body to improve services for veterans and families.
OpenSans	10	17	Other future priorities include better integration of veteran and stakeholder input through co-design
OpenSans	9	19	and lived experience, ensuring appropriate governance for any emerging technologies undertaken
OpenSans	10	20	by DVA, and establishing wellbeing objectives for the veteran support ecosystem across levels
OpenSans	9	22	of government.
OpenSans	9	24	DVA is improving its engagement with the veteran support ecosystem and working on initiatives to
OpenSans	10	26	strengthen the ex-service organisation community. As well as supporting efforts to establish an ex-
OpenSans	9	27	service organisation peak body, DVA is reviewing its National Consultation Framework to ensure
OpenSans	10	29	effective and representative engagement with the veteran, family and serving community. DVA has
OpenSans	9	30	been consulting on a proposed professional body for veteran advocacy and is partnering with ex-service
OpenSans	10	32	organisations to implement new ways to assist veterans with their claims.
OpenSans	10	34	DVA continues to develop and expand the Veterans’ and Families’ Hubs network to support veterans,
OpenSans	9	36	current serving ADF members, reservists and families across the country. As part of the October 2022–
OpenSans	10	38	23 Budget, the Australian Government committed $46.7 million to expand the network, bringing the
OpenSans	10	39	total number of Hubs to 17.
OpenSans-Semibold	10	42	Organisation and Culture
OpenSans	10	44	Over the past two years, DVA has realigned its organisational structure and internal governance to
OpenSans	10	46	improve accountability and performance. DVA has undergone substantial changes to improve its
OpenSans	10	48	capability, the way DVA interacts with veterans and families, and our service design and delivery. As an
OpenSans	10	49	organisation, DVA continues to focus on how to best support its people and foster a positive, veteran-
OpenSans	10	51	centric culture.
OpenSans	10	53	DVA understands the critical importance of building the trust and confidence of the community,
OpenSans	10	55	as recognised through the appointment of a Deputy Secretary responsible for Veteran, Family and
OpenSans	10	56	Stakeholder Experience and DVA’s expansion and increased use of feedback mechanisms such as
OpenSans	10	58	surveys and recently introduced ‘Town Hall’ events. DVA has implemented centralised oversight of all
OpenSans	10	59	internal and external surveys to improve coordination and consistency across DVA and to minimise
OpenSans	10	61	survey fatigue. DVA monitors the factors contributing to overall satisfaction with DVA’s service delivery
OpenSans	10	63	and works with key stakeholders across the veteran support system to improve access to services and
OpenSans	10	64	supports and inform policy and program development. In April 2024, DVA introduced online Community
OpenSans	10	66	Consultation Town Hall events led by Deputy Secretaries, which provide interested veterans and other
OpenSans	10	67	stakeholders nationally with updates on various DVA programs.
OpenSans	10	70	DVA’s employees are strongly committed to supporting and serving veterans and families. DVA
OpenSans	10	71	continues to invest in its staff, particularly through its training programs, as this is critical to supporting
OpenSans	10	73	staff to support veterans and families across all of DVA’s services and supports. DVA is expanding
OpenSans	10	75	offerings related to military culture and trauma-informed practices. DVA continues to draw on the
OpenSans	10	76	capability and ideas of its staff as part of an innovation culture, including through uptake of staff-
OpenSans	10	78	proposed initiatives to streamline DVA processes and improve the veteran and family experience.
OpenSans	10	80	Since 2016 DVA has used collaborative design to engage with veterans, families, veteran organisations
OpenSans	10	82	and staff to discover opportunities for improvement, develop innovative solutions and change
OpenSans	10	83	organisational culture. Collaborative design provides rich qualitative insights, and with this
OpenSans	10	85	understanding comes a better ability to deliver meaningful solutions that meet people’s needs. Two
OpenSans	10	86	key examples of collaborative design in DVA are the Women Veterans Policy Forum and the Veterans’
OpenSans	10	88	Families Policy Forum as well as the Understanding the Veteran Experience workshops.
OpenSans	10	95	154 Australian Government Response to the Royal Commission into Defence and Veteran Suicide
OpenSans	9	10	DVA uses the Women Veterans Policy Forum and the Veterans’ Families Policy Forum to provide
OpenSans	10	12	platforms for these communities to work in direct collaboration with DVA. The focus of these Forums is
OpenSans	9	13	leveraging lived experience to co-design future DVA policies, programs, services and products.
OpenSans	9	16	The Understanding the Veteran Experience workshops, some of which are delivered on ADF bases,
OpenSans	10	17	provide staff with a deeper understanding of the ‘lived experience’ of serving members and the unique
OpenSans	9	19	nature of military service. The full day workshops are facilitated, collaborative design style engagements
OpenSans	10	20	with staff hearing directly from currently serving personnel about their lived experience of ADF service.
OpenSans-Semibold	10	24	Research, Data and Innovation
OpenSans	10	26	DVA has undertaken significant work on its research and data investments and capability to better
OpenSans	9	27	inform and improve the development, delivery, and evaluation of DVA policies, programs and initiatives.
OpenSans	10	29	This includes efforts to establish a modern enterprise data warehouse and analytical capabilities,
OpenSans	9	30	collaborating on improved information-sharing with Defence, and a new model for governing, funding
OpenSans	10	32	and procuring research and evaluation work. DVA continues to develop its research partnerships
OpenSans	9	34	in Australia and overseas, including through Five Eyes partners. DVA is working on key data-related
OpenSans	10	35	initiatives to improve the understanding of its clients and tailor its services and programs, including the
OpenSans	9	37	Priority Investment Approach, Data-driven Client Segmentation and the Commonwealth’s Person Level
OpenSans	10	38	Integrated Data Asset. DVA is exploring ways to overcome legislative barriers to improved data-sharing
OpenSans	10	40	which is critical to facilitating improvements to the provision of services.
OpenSans	10	42	The Early Engagement Model and the Defence and DVA Electronic Information Exchange has created
OpenSans	10	44	connections between Defence and DVA through which important information and data can now flow
OpenSans	10	46	more efficiently. This has replaced a number of slow, largely manual processes that existed before
OpenSans	10	47	Veteran Centric Reform to share veterans’ information to enable service provision to them. DVA has
OpenSans	10	49	also been working with Defence to progress the Defence/DVA data sharing and analytics solution,
OpenSans	10	50	which seeks to create an enduring linked data asset to understand the drivers of wellbeing, including
OpenSans	10	52	prevention or minimisation of the impact of in-service injuries while improving whole of life health
OpenSans	10	54	and wellbeing outcomes for current and former serving veterans. DVA continues to collaborate with
OpenSans	10	55	Defence on their respective efforts to support whole of life wellbeing measurement and insights from
OpenSans	10	57	an in-service perspective.
OpenSans	10	59	DVA is implementing a new approach to the funding and procurement of its research and evaluation
OpenSans	10	61	work under a new model known as VF-LINK (the Veteran and Family – Learning and Innovation
OpenSans	10	62	Network of Knowledge). This involves a partnership approach over an extended period to deliver
OpenSans	10	64	more coordinated and innovative research and evaluation projects. The model will help to improve
OpenSans	10	65	DVA’s policy and program design, incorporate evaluation planning as policies are developed, translate
OpenSans	10	67	research and evaluation evidence into improved policy and practice, and leverage the sector to
OpenSans	10	69	maximise the capacity of DVA completed research to address identified evidence gaps.
OpenSans	10	71	DVA is also continuing to explore innovative approaches to support veterans and families, including two
OpenSans	10	73	recent innovations concerning health approvals and invoice processing, identified and led by our staff.
OpenSans	10	74	In October 2024, DVA began a six-month trial which allows radiologists to claim MRI scans for eligible
OpenSans	10	76	clients referred by GPs without needing to see prior approval from DVA. This reduces administrative
OpenSans	10	77	burdens and wait times. DVA has also significantly improved its timeliness in processing invoices from
OpenSans	10	79	service providers, following increased levels of demand and delays in processing invoice payments.
OpenSans	10	81	From 30 September 2024, DVA implemented an online provider upload portal and, as at 29 October
OpenSans	10	82	2024, over 90 per cent of invoices were being lodged by the portal and 100 per cent of all invoices were
OpenSans	10	84	processed in under 20 days.
OpenSans	10	95	Australian Government Response to the Royal Commission into Defence and Veteran Suicide 155
RobotoSlab-Regular	15	11	The Attorney-General’s Department is working closely with
RobotoSlab-Regular	15	13	Defence
OpenSans	10	17	The Attorney-General’s Department and the Australian Criminal Intelligence Commission have been
OpenSans	9	18	working closely with Defence to ensure Defence service convictions are disclosed to civilian authorities,
OpenSans	10	20	and available for the purposes of Nationally Coordinated Criminal History Checks (or police checks).
OpenSans	10	22	The Australian Human Rights Commission has worked with Defence to deliver insights,
OpenSans	9	24	recommendations and frameworks, to create a safer, more equitable, diverse and inclusive culture, with
OpenSans	10	25	a particular focus on preventing and responding to unacceptable behaviour
RobotoSlab-Regular	15	30	Australian Institute of Health and Welfare is working with
RobotoSlab-Regular	15	32	stakeholders to progress research
OpenSans	9	36	The Australian Institute of Health and Welfare (AIHW) Annual Veterans Suicide Monitoring (ASM) report
OpenSans	10	38	provides a national record that is widely referenced, including by the RCDVS in both the interim and
OpenSans	10	39	final reports.
OpenSans	10	42	The AIHW was able to leverage the data collated to produce the ASM to further support the Royal
OpenSans	10	43	Commission through the provision of additional data and analysis on request.
OpenSans	10	46	The DVA/AIHW partnership that produces the ASM represents a significant Government investment,
OpenSans	10	47	extending prior to, and continuing beyond the Royal Commission. For example, the AIHW was
OpenSans	10	49	commissioned by the interim National Commissioner into Defence and Veteran Suicide, to produce the
OpenSans	10	50	‘Final report to the Independent Review of Past Defence and Veteran Suicides’ (published 29 Sep 2021),
OpenSans	10	52	which analysed and identified risk and protective factors related to suicide among ADF members.
RobotoSlab-Regular	15	57	Comcare is helping stakeholders understand and mitigate
RobotoSlab-Regular	15	59	psychosocial risks
OpenSans	10	63	Comcare has provided a suite of educational materials, forums and events targeted to support and
OpenSans	10	65	engage stakeholders across a range of topics including psychosocial hazards, injury prevention,
OpenSans	10	66	rehabilitation and return to work. This includes Comcare’s Psychosocial Health and Safety Forum, first
OpenSans	10	68	held in October 2023 and hosted biannually, which provides an update on the regulatory landscape and
OpenSans	10	69	approaches to address psychosocial hazards. These events and educational materials regularly receive
OpenSans	10	71	positive feedback and satisfaction ratings between 85% and 100%.
OpenSans	10	73	In 2023 and 2024, Comcare piloted a psychosocial proactive inspection program. An independent
OpenSans	10	75	evaluation found the pilot was perceived as a positive experience by workers, persons conducting a
OpenSans	10	76	business or undertaking and other stakeholders. The program methodology is currently being refined in
OpenSans	10	78	anticipation of scaled-up and ongoing implementation. In addition to the proactive inspection program,
OpenSans	10	80	Comcare provides information and advice about psychosocial risks and related work health and safety
OpenSans	10	81	duties through presentations and forums.
OpenSans	10	95	156 Australian Government Response to the Royal Commission into Defence and Veteran Suicide
RobotoSlab-Regular	15	11	Inspector-General of the Australian Defence Force continues to
RobotoSlab-Regular	15	13	evolve how it supports Defence
OpenSans	10	17	Continuous improvement has always been at the heart of the Inspector-General of the Australian
OpenSans	9	18	Defence Force’s business practices. The Royal Commission’s recognition that the Inspector-General of
OpenSans	10	20	the Australian Defence Force has always acted independently and impartially demonstrate that the
OpenSans	9	21	Inspector-General of the Australian Defence Force’s extensive contributions to the Royal Commission
OpenSans	10	23	benefited from this focus. It is gratifying that the Royal Commission’s recommendations are consistent
OpenSans	9	25	with that continuous improvement journey
RobotoSlab-Regular	15	30	The Department of Employment and Workplace Relations is
RobotoSlab-Regular	15	32	promoting psychosocial literacy within Defence
OpenSans	9	36	Management of psychosocial hazards in the workplace and the promotion of psychosocial literacy
OpenSans	10	37	among ADF personnel.
OpenSans	10	39	Recommendations (recommendations 2, 3, 8 and 9) and themes in the Final Report of the Royal
OpenSans	10	41	Commission refer to promoting psychosocial literacy among defence personnel, and positive
OpenSans	10	43	psychosocial workplace culture. The Department of Employment and Workplace Relations notes
OpenSans	10	44	ongoing initiatives across the portfolio which support this objective.
OpenSans	10	46	Amendments to the Work Health and Safety Regulations to clarify the obligation to manage
OpenSans	10	48	psychosocial hazards in the workplace commenced in the Commonwealth jurisdiction on 1 April 2023.
OpenSans	10	50	Under Work Health and Safety laws, a person conducting a business or undertaking must ensure, so far
OpenSans	10	52	as is reasonably practicable, workers and other persons are not exposed to risks to their psychological
OpenSans	10	54	or physical health and safety. A person conducting a business or undertaking must eliminate
OpenSans	10	55	psychosocial risks in the workplace, or if that is not reasonably practicable, minimise these risks so far
OpenSans	10	57	as is reasonably practicable.
OpenSans	10	59	On 2 November 2024, the Work Health and Safety (Managing Psychosocial Hazards at Work) Code of
OpenSans	10	61	Practice 2024 (Psychosocial Code) commenced in the Commonwealth jurisdiction.
OpenSans	10	63	The Psychosocial Code provides practical guidance to persons conducting a business or undertaking on
OpenSans	10	65	how to identify and manage psychosocial risks in the workplace. This includes guidance on identifying
OpenSans	10	66	psychosocial hazards, assessing risks of hazards occurring, and applying control measures to eliminate
OpenSans	10	68	or minimise risks. Common psychosocial hazards include high job demands, fatigue, low job control,
OpenSans	10	69	traumatic events or material, poor physical environment, violence and aggression, bullying and
OpenSans	10	71	harassment, including sexual harassment.
OpenSans	10	95	Australian Government Response to the Royal Commission into Defence and Veteran Suicide 157
RobotoSlab-Regular	21	21	Annex B - Progress of the
RobotoSlab-Regular	21	24	Government’s Response to the
RobotoSlab-Regular	21	27	Interim recommendations
OpenSans	10	95	158 Australian Government Response to the Royal Commission into Defence and Veteran Suicide
OpenSans	10	10	On 11 August 2022 the Royal Commission released its Interim Report, which made 13
OpenSans	9	11	recommendations, which fell within three key themes: improving the claims process, Royal Commission
OpenSans	10	13	procedural matters and access to information in Defence and DVA.
OpenSans	10	15	The Government responded on 26 September 2022 and agreed to nine recommendations, agreed in
OpenSans	9	17	principle to one, noted two and indicated one (Recommendation 5) had already been implemented by
OpenSans	10	19	removing the Average Staffing Level Cap for all Australian Government agencies.
OpenSans	10	21	All of the Interim recommendations which were agreed have either been implemented, or legislation
OpenSans	9	22	has been introduced that will implement the recommendation.
OpenSans-Semibold	10	26	Recommendation 1
OpenSans	10	28	The Government agreed to simplify and harmonise the veterans’ legislation framework. To deliver on
OpenSans	10	29	the Government’s commitment, on 3 July 2024 the Government introduced the Veterans’ Entitlements,
OpenSans-Italic	10	31	Treatment and Support (Simplification and Harmonisation) Bill 2024 into Parliament, following extensive
OpenSans	9	32	public consultation throughout 2023.
OpenSans	9	35	The purpose of the Bill is to implement a single Act model for all new claims for veteran rehabilitation
OpenSans-Italic	10	36	and compensation, by way of an improved Military Rehabilitation and Compensation Act 2004 (MRCA).
OpenSans	9	38	This will create a simpler system making it easier for veterans and families to understand their
OpenSans	10	40	entitlements, and for claims advocates to assist veterans and families with their claims. It will also
OpenSans	10	41	allow for faster claims processing of claims, so veterans and families receive the support they need and
OpenSans	10	43	deserve, when they need it.
OpenSans-Semibold	10	46	Recommendation 2
OpenSans	10	48	The Government agreed this recommendation, and funded 500 additional ongoing staff enabling DVA
OpenSans	10	50	to clear the backlog of unallocated Initial Liability (IL), Incapacity, and Permanent Impairment claims
OpenSans	10	51	identified by the Royal Commission. The backlog was cleared ahead of schedule and as at 30 September
OpenSans	10	53	2024, DVA had made determinations for almost 97 per cent of the claims in the backlog identified by
OpenSans	10	54	the Royal Commission.
OpenSans	10	57	This has allowed for DVA to allocate new claims within two weeks of receipt to a delegate for processing.
OpenSans-Semibold	10	60	Recommendation 3
OpenSans	10	62	The Government agreed this recommendation. The administration of DVA’s claims systems continues
OpenSans	10	63	to improve with the introduction of significant improvements to DVA’s processes and ICT systems. This
OpenSans	10	65	includes streamlined medical forms, the introduction of claims screening teams, and improvements
OpenSans	10	67	to the MyService portal. These reforms make it simpler and easier for veterans and families to lodge
OpenSans	10	68	claims and faster for decision-makers to assess claims. As the recommendation also stated, DVA
OpenSans	10	70	reported on the status of this recommendation by public reporting via their website from June 2023
OpenSans	10	71	until June 2024.
OpenSans-Semibold	10	75	Recommendation 4
OpenSans	10	77	The Government agreed this recommendation, and allocated DVA additional funding and staff to
OpenSans	10	78	process veteran compensation claims faster, and funded improvements to the department’s internal
OpenSans	10	80	systems. This will improve the DVA Demand Driven Funding Model (DDFM) to better forecast future
OpenSans	10	81	demand for DVA services and operations into the future. This will result in a better understanding of the
OpenSans	10	83	future support needs of veterans and their families.
OpenSans-Semibold	10	86	Recommendation 5
OpenSans	10	88	The removal of DVA’s Average Staffing Level Cap was achieved through the Governments commitment
OpenSans	10	90	to remove the cap for all agencies. This enabled the employment and retention of additional ongoing
OpenSans	10	91	staff with the right skills and capabilities to deliver enduring and meaningful service to veterans.
OpenSans	10	95	Australian Government Response to the Royal Commission into Defence and Veteran Suicide 159
OpenSans-Semibold	10	10	Recommendations 6 – 8
OpenSans	10	12	The Government agreed in-principle to Recommendation 6 and noted Recommendation 7 and 8.
OpenSans-Semibold	10	15	Recommendation 9 – 13
OpenSans	10	17	The Government agreed recommendations 9-13. These recommendations were implemented,
OpenSans	10	19	delivering improvements to information access from Defence and DVA for members of the ADF,
OpenSans	9	20	veterans and their families.
OpenSans	9	23	Both Defence and DVA now provide greater clarity on the eligibility criteria to receive access to records,
OpenSans	10	24	whilst also providing more information to applicants about any redactions which may be necessary. The
OpenSans	9	26	web presence has also been simplified to ensure applications for records can be easily submitted and
OpenSans	10	27	allow for online submission wherever possible. Defence and DVA have established Information Access
OpenSans	9	29	Units that centrally manage requests and provide a single point of contact for applicants. A ‘no wrong
OpenSans	10	31	door’ approach across both departments has been embedded making it easier and faster for applicants
OpenSans	9	32	to access information. Significant training has been undertaken to ensure that complex and sensitive
OpenSans	10	34	records are released in a trauma informed manner.
OpenSans-Semibold	10	37	Outcomes
OpenSans	10	39	The implementation of the Interim Report recommendations has made a meaningful difference to the
OpenSans	10	41	experiences of veterans and their families in engaging with Government to access support, entitlements
OpenSans	10	42	and information.
OpenSans	10	44	Providing easier and faster access to services makes a significant difference to individual health and
OpenSans	10	46	wellbeing outcomes, particularly through healthcare and financial support for eligible veterans and
OpenSans	10	48	families. These improvements act to reduce the potential adverse mental health impacts. Improved
OpenSans	10	49	processes, resourcing and administration enables DVA to be better positioned to focus its efforts
OpenSans	10	51	on better supporting vulnerable veterans, and working to address the issues of veteran suicide and
OpenSans	10	52	suicidality highlighted by the Royal Commission.
OpenSans	10	95	160 Australian Government Response to the Royal Commission into Defence and Veteran Suicide
